INFO - 2024-09-20 11:34:52 --> Session: Class initialized using 'CodeIgniter\Session\Handlers\FileHandler' driver.
WARNING - 2024-09-20 11:35:20 --> [DEPRECATED] number_format(): Passing null to parameter #1 ($num) of type float is deprecated in APPPATH/Views/kd_project/dashboard_view.php on line 170.
 1 APPPATH/Views/kd_project/dashboard_view.php(170): number_format(null, 2)
 2 SYSTEMPATH/View/View.php(234): include('/home/u877349608/domains/muraridubey.com/public_html/codeigniter/app/Views/kd_project/dashboard_view.php')
 3 SYSTEMPATH/View/View.php(237): CodeIgniter\View\View->CodeIgniter\View\{closure}()
 4 SYSTEMPATH/Common.php(1171): CodeIgniter\View\View->render('kd_project/dashboard_view', [], true)
 5 APPPATH/Controllers/Dashboard_controller.php(31): view('kd_project/dashboard_view', [...])
 6 SYSTEMPATH/CodeIgniter.php(933): App\Controllers\Dashboard_controller->index()
 7 SYSTEMPATH/CodeIgniter.php(509): CodeIgniter\CodeIgniter->runController(Object(App\Controllers\Dashboard_controller))
 8 SYSTEMPATH/CodeIgniter.php(355): CodeIgniter\CodeIgniter->handleRequest(null, Object(Config\Cache), false)
 9 SYSTEMPATH/Boot.php(325): CodeIgniter\CodeIgniter->run()
10 SYSTEMPATH/Boot.php(67): CodeIgniter\Boot::runCodeIgniter(Object(CodeIgniter\CodeIgniter))
11 FCPATH/index.php(56): CodeIgniter\Boot::bootWeb(Object(Config\Paths))
WARNING - 2024-09-20 11:35:20 --> [DEPRECATED] number_format(): Passing null to parameter #1 ($num) of type float is deprecated in APPPATH/Views/kd_project/dashboard_view.php on line 178.
 1 APPPATH/Views/kd_project/dashboard_view.php(178): number_format(null, 2)
 2 SYSTEMPATH/View/View.php(234): include('/home/u877349608/domains/muraridubey.com/public_html/codeigniter/app/Views/kd_project/dashboard_view.php')
 3 SYSTEMPATH/View/View.php(237): CodeIgniter\View\View->CodeIgniter\View\{closure}()
 4 SYSTEMPATH/Common.php(1171): CodeIgniter\View\View->render('kd_project/dashboard_view', [], true)
 5 APPPATH/Controllers/Dashboard_controller.php(31): view('kd_project/dashboard_view', [...])
 6 SYSTEMPATH/CodeIgniter.php(933): App\Controllers\Dashboard_controller->index()
 7 SYSTEMPATH/CodeIgniter.php(509): CodeIgniter\CodeIgniter->runController(Object(App\Controllers\Dashboard_controller))
 8 SYSTEMPATH/CodeIgniter.php(355): CodeIgniter\CodeIgniter->handleRequest(null, Object(Config\Cache), false)
 9 SYSTEMPATH/Boot.php(325): CodeIgniter\CodeIgniter->run()
10 SYSTEMPATH/Boot.php(67): CodeIgniter\Boot::runCodeIgniter(Object(CodeIgniter\CodeIgniter))
11 FCPATH/index.php(56): CodeIgniter\Boot::bootWeb(Object(Config\Paths))
WARNING - 2024-09-20 11:35:20 --> [DEPRECATED] number_format(): Passing null to parameter #1 ($num) of type float is deprecated in APPPATH/Views/kd_project/dashboard_view.php on line 178.
 1 APPPATH/Views/kd_project/dashboard_view.php(178): number_format(null, 2)
 2 SYSTEMPATH/View/View.php(234): include('/home/u877349608/domains/muraridubey.com/public_html/codeigniter/app/Views/kd_project/dashboard_view.php')
 3 SYSTEMPATH/View/View.php(237): CodeIgniter\View\View->CodeIgniter\View\{closure}()
 4 SYSTEMPATH/Common.php(1171): CodeIgniter\View\View->render('kd_project/dashboard_view', [], true)
 5 APPPATH/Controllers/Dashboard_controller.php(31): view('kd_project/dashboard_view', [...])
 6 SYSTEMPATH/CodeIgniter.php(933): App\Controllers\Dashboard_controller->index()
 7 SYSTEMPATH/CodeIgniter.php(509): CodeIgniter\CodeIgniter->runController(Object(App\Controllers\Dashboard_controller))
 8 SYSTEMPATH/CodeIgniter.php(355): CodeIgniter\CodeIgniter->handleRequest(null, Object(Config\Cache), false)
 9 SYSTEMPATH/Boot.php(325): CodeIgniter\CodeIgniter->run()
10 SYSTEMPATH/Boot.php(67): CodeIgniter\Boot::runCodeIgniter(Object(CodeIgniter\CodeIgniter))
11 FCPATH/index.php(56): CodeIgniter\Boot::bootWeb(Object(Config\Paths))
WARNING - 2024-09-20 11:35:20 --> [DEPRECATED] number_format(): Passing null to parameter #1 ($num) of type float is deprecated in APPPATH/Views/kd_project/dashboard_view.php on line 174.
 1 APPPATH/Views/kd_project/dashboard_view.php(174): number_format(null, 2)
 2 SYSTEMPATH/View/View.php(234): include('/home/u877349608/domains/muraridubey.com/public_html/codeigniter/app/Views/kd_project/dashboard_view.php')
 3 SYSTEMPATH/View/View.php(237): CodeIgniter\View\View->CodeIgniter\View\{closure}()
 4 SYSTEMPATH/Common.php(1171): CodeIgniter\View\View->render('kd_project/dashboard_view', [], true)
 5 APPPATH/Controllers/Dashboard_controller.php(31): view('kd_project/dashboard_view', [...])
 6 SYSTEMPATH/CodeIgniter.php(933): App\Controllers\Dashboard_controller->index()
 7 SYSTEMPATH/CodeIgniter.php(509): CodeIgniter\CodeIgniter->runController(Object(App\Controllers\Dashboard_controller))
 8 SYSTEMPATH/CodeIgniter.php(355): CodeIgniter\CodeIgniter->handleRequest(null, Object(Config\Cache), false)
 9 SYSTEMPATH/Boot.php(325): CodeIgniter\CodeIgniter->run()
10 SYSTEMPATH/Boot.php(67): CodeIgniter\Boot::runCodeIgniter(Object(CodeIgniter\CodeIgniter))
11 FCPATH/index.php(56): CodeIgniter\Boot::bootWeb(Object(Config\Paths))
WARNING - 2024-09-20 11:35:20 --> [DEPRECATED] number_format(): Passing null to parameter #1 ($num) of type float is deprecated in APPPATH/Views/kd_project/dashboard_view.php on line 178.
 1 APPPATH/Views/kd_project/dashboard_view.php(178): number_format(null, 2)
 2 SYSTEMPATH/View/View.php(234): include('/home/u877349608/domains/muraridubey.com/public_html/codeigniter/app/Views/kd_project/dashboard_view.php')
 3 SYSTEMPATH/View/View.php(237): CodeIgniter\View\View->CodeIgniter\View\{closure}()
 4 SYSTEMPATH/Common.php(1171): CodeIgniter\View\View->render('kd_project/dashboard_view', [], true)
 5 APPPATH/Controllers/Dashboard_controller.php(31): view('kd_project/dashboard_view', [...])
 6 SYSTEMPATH/CodeIgniter.php(933): App\Controllers\Dashboard_controller->index()
 7 SYSTEMPATH/CodeIgniter.php(509): CodeIgniter\CodeIgniter->runController(Object(App\Controllers\Dashboard_controller))
 8 SYSTEMPATH/CodeIgniter.php(355): CodeIgniter\CodeIgniter->handleRequest(null, Object(Config\Cache), false)
 9 SYSTEMPATH/Boot.php(325): CodeIgniter\CodeIgniter->run()
10 SYSTEMPATH/Boot.php(67): CodeIgniter\Boot::runCodeIgniter(Object(CodeIgniter\CodeIgniter))
11 FCPATH/index.php(56): CodeIgniter\Boot::bootWeb(Object(Config\Paths))
WARNING - 2024-09-20 11:35:20 --> [DEPRECATED] number_format(): Passing null to parameter #1 ($num) of type float is deprecated in APPPATH/Views/kd_project/dashboard_view.php on line 171.
 1 APPPATH/Views/kd_project/dashboard_view.php(171): number_format(null, 2)
 2 SYSTEMPATH/View/View.php(234): include('/home/u877349608/domains/muraridubey.com/public_html/codeigniter/app/Views/kd_project/dashboard_view.php')
 3 SYSTEMPATH/View/View.php(237): CodeIgniter\View\View->CodeIgniter\View\{closure}()
 4 SYSTEMPATH/Common.php(1171): CodeIgniter\View\View->render('kd_project/dashboard_view', [], true)
 5 APPPATH/Controllers/Dashboard_controller.php(31): view('kd_project/dashboard_view', [...])
 6 SYSTEMPATH/CodeIgniter.php(933): App\Controllers\Dashboard_controller->index()
 7 SYSTEMPATH/CodeIgniter.php(509): CodeIgniter\CodeIgniter->runController(Object(App\Controllers\Dashboard_controller))
 8 SYSTEMPATH/CodeIgniter.php(355): CodeIgniter\CodeIgniter->handleRequest(null, Object(Config\Cache), false)
 9 SYSTEMPATH/Boot.php(325): CodeIgniter\CodeIgniter->run()
10 SYSTEMPATH/Boot.php(67): CodeIgniter\Boot::runCodeIgniter(Object(CodeIgniter\CodeIgniter))
11 FCPATH/index.php(56): CodeIgniter\Boot::bootWeb(Object(Config\Paths))
WARNING - 2024-09-20 11:35:20 --> [DEPRECATED] number_format(): Passing null to parameter #1 ($num) of type float is deprecated in APPPATH/Views/kd_project/dashboard_view.php on line 178.
 1 APPPATH/Views/kd_project/dashboard_view.php(178): number_format(null, 2)
 2 SYSTEMPATH/View/View.php(234): include('/home/u877349608/domains/muraridubey.com/public_html/codeigniter/app/Views/kd_project/dashboard_view.php')
 3 SYSTEMPATH/View/View.php(237): CodeIgniter\View\View->CodeIgniter\View\{closure}()
 4 SYSTEMPATH/Common.php(1171): CodeIgniter\View\View->render('kd_project/dashboard_view', [], true)
 5 APPPATH/Controllers/Dashboard_controller.php(31): view('kd_project/dashboard_view', [...])
 6 SYSTEMPATH/CodeIgniter.php(933): App\Controllers\Dashboard_controller->index()
 7 SYSTEMPATH/CodeIgniter.php(509): CodeIgniter\CodeIgniter->runController(Object(App\Controllers\Dashboard_controller))
 8 SYSTEMPATH/CodeIgniter.php(355): CodeIgniter\CodeIgniter->handleRequest(null, Object(Config\Cache), false)
 9 SYSTEMPATH/Boot.php(325): CodeIgniter\CodeIgniter->run()
10 SYSTEMPATH/Boot.php(67): CodeIgniter\Boot::runCodeIgniter(Object(CodeIgniter\CodeIgniter))
11 FCPATH/index.php(56): CodeIgniter\Boot::bootWeb(Object(Config\Paths))
WARNING - 2024-09-20 11:35:20 --> [DEPRECATED] number_format(): Passing null to parameter #1 ($num) of type float is deprecated in APPPATH/Views/kd_project/dashboard_view.php on line 171.
 1 APPPATH/Views/kd_project/dashboard_view.php(171): number_format(null, 2)
 2 SYSTEMPATH/View/View.php(234): include('/home/u877349608/domains/muraridubey.com/public_html/codeigniter/app/Views/kd_project/dashboard_view.php')
 3 SYSTEMPATH/View/View.php(237): CodeIgniter\View\View->CodeIgniter\View\{closure}()
 4 SYSTEMPATH/Common.php(1171): CodeIgniter\View\View->render('kd_project/dashboard_view', [], true)
 5 APPPATH/Controllers/Dashboard_controller.php(31): view('kd_project/dashboard_view', [...])
 6 SYSTEMPATH/CodeIgniter.php(933): App\Controllers\Dashboard_controller->index()
 7 SYSTEMPATH/CodeIgniter.php(509): CodeIgniter\CodeIgniter->runController(Object(App\Controllers\Dashboard_controller))
 8 SYSTEMPATH/CodeIgniter.php(355): CodeIgniter\CodeIgniter->handleRequest(null, Object(Config\Cache), false)
 9 SYSTEMPATH/Boot.php(325): CodeIgniter\CodeIgniter->run()
10 SYSTEMPATH/Boot.php(67): CodeIgniter\Boot::runCodeIgniter(Object(CodeIgniter\CodeIgniter))
11 FCPATH/index.php(56): CodeIgniter\Boot::bootWeb(Object(Config\Paths))
WARNING - 2024-09-20 11:35:20 --> [DEPRECATED] number_format(): Passing null to parameter #1 ($num) of type float is deprecated in APPPATH/Views/kd_project/dashboard_view.php on line 178.
 1 APPPATH/Views/kd_project/dashboard_view.php(178): number_format(null, 2)
 2 SYSTEMPATH/View/View.php(234): include('/home/u877349608/domains/muraridubey.com/public_html/codeigniter/app/Views/kd_project/dashboard_view.php')
 3 SYSTEMPATH/View/View.php(237): CodeIgniter\View\View->CodeIgniter\View\{closure}()
 4 SYSTEMPATH/Common.php(1171): CodeIgniter\View\View->render('kd_project/dashboard_view', [], true)
 5 APPPATH/Controllers/Dashboard_controller.php(31): view('kd_project/dashboard_view', [...])
 6 SYSTEMPATH/CodeIgniter.php(933): App\Controllers\Dashboard_controller->index()
 7 SYSTEMPATH/CodeIgniter.php(509): CodeIgniter\CodeIgniter->runController(Object(App\Controllers\Dashboard_controller))
 8 SYSTEMPATH/CodeIgniter.php(355): CodeIgniter\CodeIgniter->handleRequest(null, Object(Config\Cache), false)
 9 SYSTEMPATH/Boot.php(325): CodeIgniter\CodeIgniter->run()
10 SYSTEMPATH/Boot.php(67): CodeIgniter\Boot::runCodeIgniter(Object(CodeIgniter\CodeIgniter))
11 FCPATH/index.php(56): CodeIgniter\Boot::bootWeb(Object(Config\Paths))
WARNING - 2024-09-20 11:59:46 --> [DEPRECATED] number_format(): Passing null to parameter #1 ($num) of type float is deprecated in APPPATH/Views/kd_project/dashboard_view.php on line 170.
 1 APPPATH/Views/kd_project/dashboard_view.php(170): number_format(null, 2)
 2 SYSTEMPATH/View/View.php(234): include('/home/u877349608/domains/muraridubey.com/public_html/codeigniter/app/Views/kd_project/dashboard_view.php')
 3 SYSTEMPATH/View/View.php(237): CodeIgniter\View\View->CodeIgniter\View\{closure}()
 4 SYSTEMPATH/Common.php(1171): CodeIgniter\View\View->render('kd_project/dashboard_view', [], true)
 5 APPPATH/Controllers/Dashboard_controller.php(31): view('kd_project/dashboard_view', [...])
 6 SYSTEMPATH/CodeIgniter.php(933): App\Controllers\Dashboard_controller->index()
 7 SYSTEMPATH/CodeIgniter.php(509): CodeIgniter\CodeIgniter->runController(Object(App\Controllers\Dashboard_controller))
 8 SYSTEMPATH/CodeIgniter.php(355): CodeIgniter\CodeIgniter->handleRequest(null, Object(Config\Cache), false)
 9 SYSTEMPATH/Boot.php(325): CodeIgniter\CodeIgniter->run()
10 SYSTEMPATH/Boot.php(67): CodeIgniter\Boot::runCodeIgniter(Object(CodeIgniter\CodeIgniter))
11 FCPATH/index.php(56): CodeIgniter\Boot::bootWeb(Object(Config\Paths))
WARNING - 2024-09-20 11:59:46 --> [DEPRECATED] number_format(): Passing null to parameter #1 ($num) of type float is deprecated in APPPATH/Views/kd_project/dashboard_view.php on line 178.
 1 APPPATH/Views/kd_project/dashboard_view.php(178): number_format(null, 2)
 2 SYSTEMPATH/View/View.php(234): include('/home/u877349608/domains/muraridubey.com/public_html/codeigniter/app/Views/kd_project/dashboard_view.php')
 3 SYSTEMPATH/View/View.php(237): CodeIgniter\View\View->CodeIgniter\View\{closure}()
 4 SYSTEMPATH/Common.php(1171): CodeIgniter\View\View->render('kd_project/dashboard_view', [], true)
 5 APPPATH/Controllers/Dashboard_controller.php(31): view('kd_project/dashboard_view', [...])
 6 SYSTEMPATH/CodeIgniter.php(933): App\Controllers\Dashboard_controller->index()
 7 SYSTEMPATH/CodeIgniter.php(509): CodeIgniter\CodeIgniter->runController(Object(App\Controllers\Dashboard_controller))
 8 SYSTEMPATH/CodeIgniter.php(355): CodeIgniter\CodeIgniter->handleRequest(null, Object(Config\Cache), false)
 9 SYSTEMPATH/Boot.php(325): CodeIgniter\CodeIgniter->run()
10 SYSTEMPATH/Boot.php(67): CodeIgniter\Boot::runCodeIgniter(Object(CodeIgniter\CodeIgniter))
11 FCPATH/index.php(56): CodeIgniter\Boot::bootWeb(Object(Config\Paths))
WARNING - 2024-09-20 11:59:46 --> [DEPRECATED] number_format(): Passing null to parameter #1 ($num) of type float is deprecated in APPPATH/Views/kd_project/dashboard_view.php on line 178.
 1 APPPATH/Views/kd_project/dashboard_view.php(178): number_format(null, 2)
 2 SYSTEMPATH/View/View.php(234): include('/home/u877349608/domains/muraridubey.com/public_html/codeigniter/app/Views/kd_project/dashboard_view.php')
 3 SYSTEMPATH/View/View.php(237): CodeIgniter\View\View->CodeIgniter\View\{closure}()
 4 SYSTEMPATH/Common.php(1171): CodeIgniter\View\View->render('kd_project/dashboard_view', [], true)
 5 APPPATH/Controllers/Dashboard_controller.php(31): view('kd_project/dashboard_view', [...])
 6 SYSTEMPATH/CodeIgniter.php(933): App\Controllers\Dashboard_controller->index()
 7 SYSTEMPATH/CodeIgniter.php(509): CodeIgniter\CodeIgniter->runController(Object(App\Controllers\Dashboard_controller))
 8 SYSTEMPATH/CodeIgniter.php(355): CodeIgniter\CodeIgniter->handleRequest(null, Object(Config\Cache), false)
 9 SYSTEMPATH/Boot.php(325): CodeIgniter\CodeIgniter->run()
10 SYSTEMPATH/Boot.php(67): CodeIgniter\Boot::runCodeIgniter(Object(CodeIgniter\CodeIgniter))
11 FCPATH/index.php(56): CodeIgniter\Boot::bootWeb(Object(Config\Paths))
WARNING - 2024-09-20 11:59:46 --> [DEPRECATED] number_format(): Passing null to parameter #1 ($num) of type float is deprecated in APPPATH/Views/kd_project/dashboard_view.php on line 174.
 1 APPPATH/Views/kd_project/dashboard_view.php(174): number_format(null, 2)
 2 SYSTEMPATH/View/View.php(234): include('/home/u877349608/domains/muraridubey.com/public_html/codeigniter/app/Views/kd_project/dashboard_view.php')
 3 SYSTEMPATH/View/View.php(237): CodeIgniter\View\View->CodeIgniter\View\{closure}()
 4 SYSTEMPATH/Common.php(1171): CodeIgniter\View\View->render('kd_project/dashboard_view', [], true)
 5 APPPATH/Controllers/Dashboard_controller.php(31): view('kd_project/dashboard_view', [...])
 6 SYSTEMPATH/CodeIgniter.php(933): App\Controllers\Dashboard_controller->index()
 7 SYSTEMPATH/CodeIgniter.php(509): CodeIgniter\CodeIgniter->runController(Object(App\Controllers\Dashboard_controller))
 8 SYSTEMPATH/CodeIgniter.php(355): CodeIgniter\CodeIgniter->handleRequest(null, Object(Config\Cache), false)
 9 SYSTEMPATH/Boot.php(325): CodeIgniter\CodeIgniter->run()
10 SYSTEMPATH/Boot.php(67): CodeIgniter\Boot::runCodeIgniter(Object(CodeIgniter\CodeIgniter))
11 FCPATH/index.php(56): CodeIgniter\Boot::bootWeb(Object(Config\Paths))
WARNING - 2024-09-20 11:59:46 --> [DEPRECATED] number_format(): Passing null to parameter #1 ($num) of type float is deprecated in APPPATH/Views/kd_project/dashboard_view.php on line 178.
 1 APPPATH/Views/kd_project/dashboard_view.php(178): number_format(null, 2)
 2 SYSTEMPATH/View/View.php(234): include('/home/u877349608/domains/muraridubey.com/public_html/codeigniter/app/Views/kd_project/dashboard_view.php')
 3 SYSTEMPATH/View/View.php(237): CodeIgniter\View\View->CodeIgniter\View\{closure}()
 4 SYSTEMPATH/Common.php(1171): CodeIgniter\View\View->render('kd_project/dashboard_view', [], true)
 5 APPPATH/Controllers/Dashboard_controller.php(31): view('kd_project/dashboard_view', [...])
 6 SYSTEMPATH/CodeIgniter.php(933): App\Controllers\Dashboard_controller->index()
 7 SYSTEMPATH/CodeIgniter.php(509): CodeIgniter\CodeIgniter->runController(Object(App\Controllers\Dashboard_controller))
 8 SYSTEMPATH/CodeIgniter.php(355): CodeIgniter\CodeIgniter->handleRequest(null, Object(Config\Cache), false)
 9 SYSTEMPATH/Boot.php(325): CodeIgniter\CodeIgniter->run()
10 SYSTEMPATH/Boot.php(67): CodeIgniter\Boot::runCodeIgniter(Object(CodeIgniter\CodeIgniter))
11 FCPATH/index.php(56): CodeIgniter\Boot::bootWeb(Object(Config\Paths))
WARNING - 2024-09-20 11:59:46 --> [DEPRECATED] number_format(): Passing null to parameter #1 ($num) of type float is deprecated in APPPATH/Views/kd_project/dashboard_view.php on line 171.
 1 APPPATH/Views/kd_project/dashboard_view.php(171): number_format(null, 2)
 2 SYSTEMPATH/View/View.php(234): include('/home/u877349608/domains/muraridubey.com/public_html/codeigniter/app/Views/kd_project/dashboard_view.php')
 3 SYSTEMPATH/View/View.php(237): CodeIgniter\View\View->CodeIgniter\View\{closure}()
 4 SYSTEMPATH/Common.php(1171): CodeIgniter\View\View->render('kd_project/dashboard_view', [], true)
 5 APPPATH/Controllers/Dashboard_controller.php(31): view('kd_project/dashboard_view', [...])
 6 SYSTEMPATH/CodeIgniter.php(933): App\Controllers\Dashboard_controller->index()
 7 SYSTEMPATH/CodeIgniter.php(509): CodeIgniter\CodeIgniter->runController(Object(App\Controllers\Dashboard_controller))
 8 SYSTEMPATH/CodeIgniter.php(355): CodeIgniter\CodeIgniter->handleRequest(null, Object(Config\Cache), false)
 9 SYSTEMPATH/Boot.php(325): CodeIgniter\CodeIgniter->run()
10 SYSTEMPATH/Boot.php(67): CodeIgniter\Boot::runCodeIgniter(Object(CodeIgniter\CodeIgniter))
11 FCPATH/index.php(56): CodeIgniter\Boot::bootWeb(Object(Config\Paths))
WARNING - 2024-09-20 11:59:46 --> [DEPRECATED] number_format(): Passing null to parameter #1 ($num) of type float is deprecated in APPPATH/Views/kd_project/dashboard_view.php on line 178.
 1 APPPATH/Views/kd_project/dashboard_view.php(178): number_format(null, 2)
 2 SYSTEMPATH/View/View.php(234): include('/home/u877349608/domains/muraridubey.com/public_html/codeigniter/app/Views/kd_project/dashboard_view.php')
 3 SYSTEMPATH/View/View.php(237): CodeIgniter\View\View->CodeIgniter\View\{closure}()
 4 SYSTEMPATH/Common.php(1171): CodeIgniter\View\View->render('kd_project/dashboard_view', [], true)
 5 APPPATH/Controllers/Dashboard_controller.php(31): view('kd_project/dashboard_view', [...])
 6 SYSTEMPATH/CodeIgniter.php(933): App\Controllers\Dashboard_controller->index()
 7 SYSTEMPATH/CodeIgniter.php(509): CodeIgniter\CodeIgniter->runController(Object(App\Controllers\Dashboard_controller))
 8 SYSTEMPATH/CodeIgniter.php(355): CodeIgniter\CodeIgniter->handleRequest(null, Object(Config\Cache), false)
 9 SYSTEMPATH/Boot.php(325): CodeIgniter\CodeIgniter->run()
10 SYSTEMPATH/Boot.php(67): CodeIgniter\Boot::runCodeIgniter(Object(CodeIgniter\CodeIgniter))
11 FCPATH/index.php(56): CodeIgniter\Boot::bootWeb(Object(Config\Paths))
WARNING - 2024-09-20 11:59:46 --> [DEPRECATED] number_format(): Passing null to parameter #1 ($num) of type float is deprecated in APPPATH/Views/kd_project/dashboard_view.php on line 171.
 1 APPPATH/Views/kd_project/dashboard_view.php(171): number_format(null, 2)
 2 SYSTEMPATH/View/View.php(234): include('/home/u877349608/domains/muraridubey.com/public_html/codeigniter/app/Views/kd_project/dashboard_view.php')
 3 SYSTEMPATH/View/View.php(237): CodeIgniter\View\View->CodeIgniter\View\{closure}()
 4 SYSTEMPATH/Common.php(1171): CodeIgniter\View\View->render('kd_project/dashboard_view', [], true)
 5 APPPATH/Controllers/Dashboard_controller.php(31): view('kd_project/dashboard_view', [...])
 6 SYSTEMPATH/CodeIgniter.php(933): App\Controllers\Dashboard_controller->index()
 7 SYSTEMPATH/CodeIgniter.php(509): CodeIgniter\CodeIgniter->runController(Object(App\Controllers\Dashboard_controller))
 8 SYSTEMPATH/CodeIgniter.php(355): CodeIgniter\CodeIgniter->handleRequest(null, Object(Config\Cache), false)
 9 SYSTEMPATH/Boot.php(325): CodeIgniter\CodeIgniter->run()
10 SYSTEMPATH/Boot.php(67): CodeIgniter\Boot::runCodeIgniter(Object(CodeIgniter\CodeIgniter))
11 FCPATH/index.php(56): CodeIgniter\Boot::bootWeb(Object(Config\Paths))
WARNING - 2024-09-20 11:59:46 --> [DEPRECATED] number_format(): Passing null to parameter #1 ($num) of type float is deprecated in APPPATH/Views/kd_project/dashboard_view.php on line 178.
 1 APPPATH/Views/kd_project/dashboard_view.php(178): number_format(null, 2)
 2 SYSTEMPATH/View/View.php(234): include('/home/u877349608/domains/muraridubey.com/public_html/codeigniter/app/Views/kd_project/dashboard_view.php')
 3 SYSTEMPATH/View/View.php(237): CodeIgniter\View\View->CodeIgniter\View\{closure}()
 4 SYSTEMPATH/Common.php(1171): CodeIgniter\View\View->render('kd_project/dashboard_view', [], true)
 5 APPPATH/Controllers/Dashboard_controller.php(31): view('kd_project/dashboard_view', [...])
 6 SYSTEMPATH/CodeIgniter.php(933): App\Controllers\Dashboard_controller->index()
 7 SYSTEMPATH/CodeIgniter.php(509): CodeIgniter\CodeIgniter->runController(Object(App\Controllers\Dashboard_controller))
 8 SYSTEMPATH/CodeIgniter.php(355): CodeIgniter\CodeIgniter->handleRequest(null, Object(Config\Cache), false)
 9 SYSTEMPATH/Boot.php(325): CodeIgniter\CodeIgniter->run()
10 SYSTEMPATH/Boot.php(67): CodeIgniter\Boot::runCodeIgniter(Object(CodeIgniter\CodeIgniter))
11 FCPATH/index.php(56): CodeIgniter\Boot::bootWeb(Object(Config\Paths))
INFO - 2024-09-20 11:59:53 --> Session: Class initialized using 'CodeIgniter\Session\Handlers\FileHandler' driver.
INFO - 2024-09-20 11:59:53 --> Session: Class initialized using 'CodeIgniter\Session\Handlers\FileHandler' driver.
INFO - 2024-09-20 12:00:08 --> Session: Class initialized using 'CodeIgniter\Session\Handlers\FileHandler' driver.
INFO - 2024-09-20 12:47:11 --> Session: Class initialized using 'CodeIgniter\Session\Handlers\FileHandler' driver.
WARNING - 2024-09-20 12:47:22 --> [DEPRECATED] number_format(): Passing null to parameter #1 ($num) of type float is deprecated in APPPATH/Views/kd_project/dashboard_view.php on line 170.
 1 APPPATH/Views/kd_project/dashboard_view.php(170): number_format(null, 2)
 2 SYSTEMPATH/View/View.php(234): include('/home/u877349608/domains/muraridubey.com/public_html/codeigniter/app/Views/kd_project/dashboard_view.php')
 3 SYSTEMPATH/View/View.php(237): CodeIgniter\View\View->CodeIgniter\View\{closure}()
 4 SYSTEMPATH/Common.php(1171): CodeIgniter\View\View->render('kd_project/dashboard_view', [], true)
 5 APPPATH/Controllers/Dashboard_controller.php(31): view('kd_project/dashboard_view', [...])
 6 SYSTEMPATH/CodeIgniter.php(933): App\Controllers\Dashboard_controller->index()
 7 SYSTEMPATH/CodeIgniter.php(509): CodeIgniter\CodeIgniter->runController(Object(App\Controllers\Dashboard_controller))
 8 SYSTEMPATH/CodeIgniter.php(355): CodeIgniter\CodeIgniter->handleRequest(null, Object(Config\Cache), false)
 9 SYSTEMPATH/Boot.php(325): CodeIgniter\CodeIgniter->run()
10 SYSTEMPATH/Boot.php(67): CodeIgniter\Boot::runCodeIgniter(Object(CodeIgniter\CodeIgniter))
11 FCPATH/index.php(56): CodeIgniter\Boot::bootWeb(Object(Config\Paths))
WARNING - 2024-09-20 12:47:22 --> [DEPRECATED] number_format(): Passing null to parameter #1 ($num) of type float is deprecated in APPPATH/Views/kd_project/dashboard_view.php on line 178.
 1 APPPATH/Views/kd_project/dashboard_view.php(178): number_format(null, 2)
 2 SYSTEMPATH/View/View.php(234): include('/home/u877349608/domains/muraridubey.com/public_html/codeigniter/app/Views/kd_project/dashboard_view.php')
 3 SYSTEMPATH/View/View.php(237): CodeIgniter\View\View->CodeIgniter\View\{closure}()
 4 SYSTEMPATH/Common.php(1171): CodeIgniter\View\View->render('kd_project/dashboard_view', [], true)
 5 APPPATH/Controllers/Dashboard_controller.php(31): view('kd_project/dashboard_view', [...])
 6 SYSTEMPATH/CodeIgniter.php(933): App\Controllers\Dashboard_controller->index()
 7 SYSTEMPATH/CodeIgniter.php(509): CodeIgniter\CodeIgniter->runController(Object(App\Controllers\Dashboard_controller))
 8 SYSTEMPATH/CodeIgniter.php(355): CodeIgniter\CodeIgniter->handleRequest(null, Object(Config\Cache), false)
 9 SYSTEMPATH/Boot.php(325): CodeIgniter\CodeIgniter->run()
10 SYSTEMPATH/Boot.php(67): CodeIgniter\Boot::runCodeIgniter(Object(CodeIgniter\CodeIgniter))
11 FCPATH/index.php(56): CodeIgniter\Boot::bootWeb(Object(Config\Paths))
WARNING - 2024-09-20 12:47:22 --> [DEPRECATED] number_format(): Passing null to parameter #1 ($num) of type float is deprecated in APPPATH/Views/kd_project/dashboard_view.php on line 178.
 1 APPPATH/Views/kd_project/dashboard_view.php(178): number_format(null, 2)
 2 SYSTEMPATH/View/View.php(234): include('/home/u877349608/domains/muraridubey.com/public_html/codeigniter/app/Views/kd_project/dashboard_view.php')
 3 SYSTEMPATH/View/View.php(237): CodeIgniter\View\View->CodeIgniter\View\{closure}()
 4 SYSTEMPATH/Common.php(1171): CodeIgniter\View\View->render('kd_project/dashboard_view', [], true)
 5 APPPATH/Controllers/Dashboard_controller.php(31): view('kd_project/dashboard_view', [...])
 6 SYSTEMPATH/CodeIgniter.php(933): App\Controllers\Dashboard_controller->index()
 7 SYSTEMPATH/CodeIgniter.php(509): CodeIgniter\CodeIgniter->runController(Object(App\Controllers\Dashboard_controller))
 8 SYSTEMPATH/CodeIgniter.php(355): CodeIgniter\CodeIgniter->handleRequest(null, Object(Config\Cache), false)
 9 SYSTEMPATH/Boot.php(325): CodeIgniter\CodeIgniter->run()
10 SYSTEMPATH/Boot.php(67): CodeIgniter\Boot::runCodeIgniter(Object(CodeIgniter\CodeIgniter))
11 FCPATH/index.php(56): CodeIgniter\Boot::bootWeb(Object(Config\Paths))
WARNING - 2024-09-20 12:47:22 --> [DEPRECATED] number_format(): Passing null to parameter #1 ($num) of type float is deprecated in APPPATH/Views/kd_project/dashboard_view.php on line 174.
 1 APPPATH/Views/kd_project/dashboard_view.php(174): number_format(null, 2)
 2 SYSTEMPATH/View/View.php(234): include('/home/u877349608/domains/muraridubey.com/public_html/codeigniter/app/Views/kd_project/dashboard_view.php')
 3 SYSTEMPATH/View/View.php(237): CodeIgniter\View\View->CodeIgniter\View\{closure}()
 4 SYSTEMPATH/Common.php(1171): CodeIgniter\View\View->render('kd_project/dashboard_view', [], true)
 5 APPPATH/Controllers/Dashboard_controller.php(31): view('kd_project/dashboard_view', [...])
 6 SYSTEMPATH/CodeIgniter.php(933): App\Controllers\Dashboard_controller->index()
 7 SYSTEMPATH/CodeIgniter.php(509): CodeIgniter\CodeIgniter->runController(Object(App\Controllers\Dashboard_controller))
 8 SYSTEMPATH/CodeIgniter.php(355): CodeIgniter\CodeIgniter->handleRequest(null, Object(Config\Cache), false)
 9 SYSTEMPATH/Boot.php(325): CodeIgniter\CodeIgniter->run()
10 SYSTEMPATH/Boot.php(67): CodeIgniter\Boot::runCodeIgniter(Object(CodeIgniter\CodeIgniter))
11 FCPATH/index.php(56): CodeIgniter\Boot::bootWeb(Object(Config\Paths))
WARNING - 2024-09-20 12:47:22 --> [DEPRECATED] number_format(): Passing null to parameter #1 ($num) of type float is deprecated in APPPATH/Views/kd_project/dashboard_view.php on line 178.
 1 APPPATH/Views/kd_project/dashboard_view.php(178): number_format(null, 2)
 2 SYSTEMPATH/View/View.php(234): include('/home/u877349608/domains/muraridubey.com/public_html/codeigniter/app/Views/kd_project/dashboard_view.php')
 3 SYSTEMPATH/View/View.php(237): CodeIgniter\View\View->CodeIgniter\View\{closure}()
 4 SYSTEMPATH/Common.php(1171): CodeIgniter\View\View->render('kd_project/dashboard_view', [], true)
 5 APPPATH/Controllers/Dashboard_controller.php(31): view('kd_project/dashboard_view', [...])
 6 SYSTEMPATH/CodeIgniter.php(933): App\Controllers\Dashboard_controller->index()
 7 SYSTEMPATH/CodeIgniter.php(509): CodeIgniter\CodeIgniter->runController(Object(App\Controllers\Dashboard_controller))
 8 SYSTEMPATH/CodeIgniter.php(355): CodeIgniter\CodeIgniter->handleRequest(null, Object(Config\Cache), false)
 9 SYSTEMPATH/Boot.php(325): CodeIgniter\CodeIgniter->run()
10 SYSTEMPATH/Boot.php(67): CodeIgniter\Boot::runCodeIgniter(Object(CodeIgniter\CodeIgniter))
11 FCPATH/index.php(56): CodeIgniter\Boot::bootWeb(Object(Config\Paths))
WARNING - 2024-09-20 12:47:22 --> [DEPRECATED] number_format(): Passing null to parameter #1 ($num) of type float is deprecated in APPPATH/Views/kd_project/dashboard_view.php on line 171.
 1 APPPATH/Views/kd_project/dashboard_view.php(171): number_format(null, 2)
 2 SYSTEMPATH/View/View.php(234): include('/home/u877349608/domains/muraridubey.com/public_html/codeigniter/app/Views/kd_project/dashboard_view.php')
 3 SYSTEMPATH/View/View.php(237): CodeIgniter\View\View->CodeIgniter\View\{closure}()
 4 SYSTEMPATH/Common.php(1171): CodeIgniter\View\View->render('kd_project/dashboard_view', [], true)
 5 APPPATH/Controllers/Dashboard_controller.php(31): view('kd_project/dashboard_view', [...])
 6 SYSTEMPATH/CodeIgniter.php(933): App\Controllers\Dashboard_controller->index()
 7 SYSTEMPATH/CodeIgniter.php(509): CodeIgniter\CodeIgniter->runController(Object(App\Controllers\Dashboard_controller))
 8 SYSTEMPATH/CodeIgniter.php(355): CodeIgniter\CodeIgniter->handleRequest(null, Object(Config\Cache), false)
 9 SYSTEMPATH/Boot.php(325): CodeIgniter\CodeIgniter->run()
10 SYSTEMPATH/Boot.php(67): CodeIgniter\Boot::runCodeIgniter(Object(CodeIgniter\CodeIgniter))
11 FCPATH/index.php(56): CodeIgniter\Boot::bootWeb(Object(Config\Paths))
WARNING - 2024-09-20 12:47:22 --> [DEPRECATED] number_format(): Passing null to parameter #1 ($num) of type float is deprecated in APPPATH/Views/kd_project/dashboard_view.php on line 178.
 1 APPPATH/Views/kd_project/dashboard_view.php(178): number_format(null, 2)
 2 SYSTEMPATH/View/View.php(234): include('/home/u877349608/domains/muraridubey.com/public_html/codeigniter/app/Views/kd_project/dashboard_view.php')
 3 SYSTEMPATH/View/View.php(237): CodeIgniter\View\View->CodeIgniter\View\{closure}()
 4 SYSTEMPATH/Common.php(1171): CodeIgniter\View\View->render('kd_project/dashboard_view', [], true)
 5 APPPATH/Controllers/Dashboard_controller.php(31): view('kd_project/dashboard_view', [...])
 6 SYSTEMPATH/CodeIgniter.php(933): App\Controllers\Dashboard_controller->index()
 7 SYSTEMPATH/CodeIgniter.php(509): CodeIgniter\CodeIgniter->runController(Object(App\Controllers\Dashboard_controller))
 8 SYSTEMPATH/CodeIgniter.php(355): CodeIgniter\CodeIgniter->handleRequest(null, Object(Config\Cache), false)
 9 SYSTEMPATH/Boot.php(325): CodeIgniter\CodeIgniter->run()
10 SYSTEMPATH/Boot.php(67): CodeIgniter\Boot::runCodeIgniter(Object(CodeIgniter\CodeIgniter))
11 FCPATH/index.php(56): CodeIgniter\Boot::bootWeb(Object(Config\Paths))
WARNING - 2024-09-20 12:47:22 --> [DEPRECATED] number_format(): Passing null to parameter #1 ($num) of type float is deprecated in APPPATH/Views/kd_project/dashboard_view.php on line 171.
 1 APPPATH/Views/kd_project/dashboard_view.php(171): number_format(null, 2)
 2 SYSTEMPATH/View/View.php(234): include('/home/u877349608/domains/muraridubey.com/public_html/codeigniter/app/Views/kd_project/dashboard_view.php')
 3 SYSTEMPATH/View/View.php(237): CodeIgniter\View\View->CodeIgniter\View\{closure}()
 4 SYSTEMPATH/Common.php(1171): CodeIgniter\View\View->render('kd_project/dashboard_view', [], true)
 5 APPPATH/Controllers/Dashboard_controller.php(31): view('kd_project/dashboard_view', [...])
 6 SYSTEMPATH/CodeIgniter.php(933): App\Controllers\Dashboard_controller->index()
 7 SYSTEMPATH/CodeIgniter.php(509): CodeIgniter\CodeIgniter->runController(Object(App\Controllers\Dashboard_controller))
 8 SYSTEMPATH/CodeIgniter.php(355): CodeIgniter\CodeIgniter->handleRequest(null, Object(Config\Cache), false)
 9 SYSTEMPATH/Boot.php(325): CodeIgniter\CodeIgniter->run()
10 SYSTEMPATH/Boot.php(67): CodeIgniter\Boot::runCodeIgniter(Object(CodeIgniter\CodeIgniter))
11 FCPATH/index.php(56): CodeIgniter\Boot::bootWeb(Object(Config\Paths))
WARNING - 2024-09-20 12:47:22 --> [DEPRECATED] number_format(): Passing null to parameter #1 ($num) of type float is deprecated in APPPATH/Views/kd_project/dashboard_view.php on line 178.
 1 APPPATH/Views/kd_project/dashboard_view.php(178): number_format(null, 2)
 2 SYSTEMPATH/View/View.php(234): include('/home/u877349608/domains/muraridubey.com/public_html/codeigniter/app/Views/kd_project/dashboard_view.php')
 3 SYSTEMPATH/View/View.php(237): CodeIgniter\View\View->CodeIgniter\View\{closure}()
 4 SYSTEMPATH/Common.php(1171): CodeIgniter\View\View->render('kd_project/dashboard_view', [], true)
 5 APPPATH/Controllers/Dashboard_controller.php(31): view('kd_project/dashboard_view', [...])
 6 SYSTEMPATH/CodeIgniter.php(933): App\Controllers\Dashboard_controller->index()
 7 SYSTEMPATH/CodeIgniter.php(509): CodeIgniter\CodeIgniter->runController(Object(App\Controllers\Dashboard_controller))
 8 SYSTEMPATH/CodeIgniter.php(355): CodeIgniter\CodeIgniter->handleRequest(null, Object(Config\Cache), false)
 9 SYSTEMPATH/Boot.php(325): CodeIgniter\CodeIgniter->run()
10 SYSTEMPATH/Boot.php(67): CodeIgniter\Boot::runCodeIgniter(Object(CodeIgniter\CodeIgniter))
11 FCPATH/index.php(56): CodeIgniter\Boot::bootWeb(Object(Config\Paths))
INFO - 2024-09-20 15:26:42 --> Session: Class initialized using 'CodeIgniter\Session\Handlers\FileHandler' driver.
INFO - 2024-09-20 15:26:55 --> Session: Class initialized using 'CodeIgniter\Session\Handlers\FileHandler' driver.
INFO - 2024-09-20 15:27:22 --> Session: Class initialized using 'CodeIgniter\Session\Handlers\FileHandler' driver.
INFO - 2024-09-20 15:32:20 --> Session: Class initialized using 'CodeIgniter\Session\Handlers\FileHandler' driver.
INFO - 2024-09-20 15:32:29 --> Session: Class initialized using 'CodeIgniter\Session\Handlers\FileHandler' driver.
CRITICAL - 2024-09-20 15:47:57 --> ParseError: syntax error, unexpected string content "</td>"
[Method: GET, Route: accounts]
in APPPATH/Views/kd_project/index.php on line 72.
 1 SYSTEMPATH/View/View.php(237): CodeIgniter\View\View->CodeIgniter\View\{closure}()
 2 SYSTEMPATH/Common.php(1171): CodeIgniter\View\View->render()
 3 APPPATH/Controllers/Account_controller.php(31): view()
 4 SYSTEMPATH/CodeIgniter.php(933): App\Controllers\Account_controller->index()
 5 SYSTEMPATH/CodeIgniter.php(509): CodeIgniter\CodeIgniter->runController()
 6 SYSTEMPATH/CodeIgniter.php(355): CodeIgniter\CodeIgniter->handleRequest()
 7 SYSTEMPATH/Boot.php(325): CodeIgniter\CodeIgniter->run()
 8 SYSTEMPATH/Boot.php(67): CodeIgniter\Boot::runCodeIgniter()
 9 FCPATH/index.php(56): CodeIgniter\Boot::bootWeb()
WARNING - 2024-09-20 15:53:13 --> [DEPRECATED] number_format(): Passing null to parameter #1 ($num) of type float is deprecated in APPPATH/Views/kd_project/dashboard_view.php on line 170.
 1 APPPATH/Views/kd_project/dashboard_view.php(170): number_format(null, 2)
 2 SYSTEMPATH/View/View.php(234): include('/home/u877349608/domains/muraridubey.com/public_html/codeigniter/app/Views/kd_project/dashboard_view.php')
 3 SYSTEMPATH/View/View.php(237): CodeIgniter\View\View->CodeIgniter\View\{closure}()
 4 SYSTEMPATH/Common.php(1171): CodeIgniter\View\View->render('kd_project/dashboard_view', [], true)
 5 APPPATH/Controllers/Dashboard_controller.php(31): view('kd_project/dashboard_view', [...])
 6 SYSTEMPATH/CodeIgniter.php(933): App\Controllers\Dashboard_controller->index()
 7 SYSTEMPATH/CodeIgniter.php(509): CodeIgniter\CodeIgniter->runController(Object(App\Controllers\Dashboard_controller))
 8 SYSTEMPATH/CodeIgniter.php(355): CodeIgniter\CodeIgniter->handleRequest(null, Object(Config\Cache), false)
 9 SYSTEMPATH/Boot.php(325): CodeIgniter\CodeIgniter->run()
10 SYSTEMPATH/Boot.php(67): CodeIgniter\Boot::runCodeIgniter(Object(CodeIgniter\CodeIgniter))
11 FCPATH/index.php(56): CodeIgniter\Boot::bootWeb(Object(Config\Paths))
WARNING - 2024-09-20 15:53:13 --> [DEPRECATED] number_format(): Passing null to parameter #1 ($num) of type float is deprecated in APPPATH/Views/kd_project/dashboard_view.php on line 178.
 1 APPPATH/Views/kd_project/dashboard_view.php(178): number_format(null, 2)
 2 SYSTEMPATH/View/View.php(234): include('/home/u877349608/domains/muraridubey.com/public_html/codeigniter/app/Views/kd_project/dashboard_view.php')
 3 SYSTEMPATH/View/View.php(237): CodeIgniter\View\View->CodeIgniter\View\{closure}()
 4 SYSTEMPATH/Common.php(1171): CodeIgniter\View\View->render('kd_project/dashboard_view', [], true)
 5 APPPATH/Controllers/Dashboard_controller.php(31): view('kd_project/dashboard_view', [...])
 6 SYSTEMPATH/CodeIgniter.php(933): App\Controllers\Dashboard_controller->index()
 7 SYSTEMPATH/CodeIgniter.php(509): CodeIgniter\CodeIgniter->runController(Object(App\Controllers\Dashboard_controller))
 8 SYSTEMPATH/CodeIgniter.php(355): CodeIgniter\CodeIgniter->handleRequest(null, Object(Config\Cache), false)
 9 SYSTEMPATH/Boot.php(325): CodeIgniter\CodeIgniter->run()
10 SYSTEMPATH/Boot.php(67): CodeIgniter\Boot::runCodeIgniter(Object(CodeIgniter\CodeIgniter))
11 FCPATH/index.php(56): CodeIgniter\Boot::bootWeb(Object(Config\Paths))
WARNING - 2024-09-20 15:53:13 --> [DEPRECATED] number_format(): Passing null to parameter #1 ($num) of type float is deprecated in APPPATH/Views/kd_project/dashboard_view.php on line 178.
 1 APPPATH/Views/kd_project/dashboard_view.php(178): number_format(null, 2)
 2 SYSTEMPATH/View/View.php(234): include('/home/u877349608/domains/muraridubey.com/public_html/codeigniter/app/Views/kd_project/dashboard_view.php')
 3 SYSTEMPATH/View/View.php(237): CodeIgniter\View\View->CodeIgniter\View\{closure}()
 4 SYSTEMPATH/Common.php(1171): CodeIgniter\View\View->render('kd_project/dashboard_view', [], true)
 5 APPPATH/Controllers/Dashboard_controller.php(31): view('kd_project/dashboard_view', [...])
 6 SYSTEMPATH/CodeIgniter.php(933): App\Controllers\Dashboard_controller->index()
 7 SYSTEMPATH/CodeIgniter.php(509): CodeIgniter\CodeIgniter->runController(Object(App\Controllers\Dashboard_controller))
 8 SYSTEMPATH/CodeIgniter.php(355): CodeIgniter\CodeIgniter->handleRequest(null, Object(Config\Cache), false)
 9 SYSTEMPATH/Boot.php(325): CodeIgniter\CodeIgniter->run()
10 SYSTEMPATH/Boot.php(67): CodeIgniter\Boot::runCodeIgniter(Object(CodeIgniter\CodeIgniter))
11 FCPATH/index.php(56): CodeIgniter\Boot::bootWeb(Object(Config\Paths))
WARNING - 2024-09-20 15:53:13 --> [DEPRECATED] number_format(): Passing null to parameter #1 ($num) of type float is deprecated in APPPATH/Views/kd_project/dashboard_view.php on line 174.
 1 APPPATH/Views/kd_project/dashboard_view.php(174): number_format(null, 2)
 2 SYSTEMPATH/View/View.php(234): include('/home/u877349608/domains/muraridubey.com/public_html/codeigniter/app/Views/kd_project/dashboard_view.php')
 3 SYSTEMPATH/View/View.php(237): CodeIgniter\View\View->CodeIgniter\View\{closure}()
 4 SYSTEMPATH/Common.php(1171): CodeIgniter\View\View->render('kd_project/dashboard_view', [], true)
 5 APPPATH/Controllers/Dashboard_controller.php(31): view('kd_project/dashboard_view', [...])
 6 SYSTEMPATH/CodeIgniter.php(933): App\Controllers\Dashboard_controller->index()
 7 SYSTEMPATH/CodeIgniter.php(509): CodeIgniter\CodeIgniter->runController(Object(App\Controllers\Dashboard_controller))
 8 SYSTEMPATH/CodeIgniter.php(355): CodeIgniter\CodeIgniter->handleRequest(null, Object(Config\Cache), false)
 9 SYSTEMPATH/Boot.php(325): CodeIgniter\CodeIgniter->run()
10 SYSTEMPATH/Boot.php(67): CodeIgniter\Boot::runCodeIgniter(Object(CodeIgniter\CodeIgniter))
11 FCPATH/index.php(56): CodeIgniter\Boot::bootWeb(Object(Config\Paths))
WARNING - 2024-09-20 15:53:13 --> [DEPRECATED] number_format(): Passing null to parameter #1 ($num) of type float is deprecated in APPPATH/Views/kd_project/dashboard_view.php on line 178.
 1 APPPATH/Views/kd_project/dashboard_view.php(178): number_format(null, 2)
 2 SYSTEMPATH/View/View.php(234): include('/home/u877349608/domains/muraridubey.com/public_html/codeigniter/app/Views/kd_project/dashboard_view.php')
 3 SYSTEMPATH/View/View.php(237): CodeIgniter\View\View->CodeIgniter\View\{closure}()
 4 SYSTEMPATH/Common.php(1171): CodeIgniter\View\View->render('kd_project/dashboard_view', [], true)
 5 APPPATH/Controllers/Dashboard_controller.php(31): view('kd_project/dashboard_view', [...])
 6 SYSTEMPATH/CodeIgniter.php(933): App\Controllers\Dashboard_controller->index()
 7 SYSTEMPATH/CodeIgniter.php(509): CodeIgniter\CodeIgniter->runController(Object(App\Controllers\Dashboard_controller))
 8 SYSTEMPATH/CodeIgniter.php(355): CodeIgniter\CodeIgniter->handleRequest(null, Object(Config\Cache), false)
 9 SYSTEMPATH/Boot.php(325): CodeIgniter\CodeIgniter->run()
10 SYSTEMPATH/Boot.php(67): CodeIgniter\Boot::runCodeIgniter(Object(CodeIgniter\CodeIgniter))
11 FCPATH/index.php(56): CodeIgniter\Boot::bootWeb(Object(Config\Paths))
WARNING - 2024-09-20 15:53:13 --> [DEPRECATED] number_format(): Passing null to parameter #1 ($num) of type float is deprecated in APPPATH/Views/kd_project/dashboard_view.php on line 171.
 1 APPPATH/Views/kd_project/dashboard_view.php(171): number_format(null, 2)
 2 SYSTEMPATH/View/View.php(234): include('/home/u877349608/domains/muraridubey.com/public_html/codeigniter/app/Views/kd_project/dashboard_view.php')
 3 SYSTEMPATH/View/View.php(237): CodeIgniter\View\View->CodeIgniter\View\{closure}()
 4 SYSTEMPATH/Common.php(1171): CodeIgniter\View\View->render('kd_project/dashboard_view', [], true)
 5 APPPATH/Controllers/Dashboard_controller.php(31): view('kd_project/dashboard_view', [...])
 6 SYSTEMPATH/CodeIgniter.php(933): App\Controllers\Dashboard_controller->index()
 7 SYSTEMPATH/CodeIgniter.php(509): CodeIgniter\CodeIgniter->runController(Object(App\Controllers\Dashboard_controller))
 8 SYSTEMPATH/CodeIgniter.php(355): CodeIgniter\CodeIgniter->handleRequest(null, Object(Config\Cache), false)
 9 SYSTEMPATH/Boot.php(325): CodeIgniter\CodeIgniter->run()
10 SYSTEMPATH/Boot.php(67): CodeIgniter\Boot::runCodeIgniter(Object(CodeIgniter\CodeIgniter))
11 FCPATH/index.php(56): CodeIgniter\Boot::bootWeb(Object(Config\Paths))
WARNING - 2024-09-20 15:53:13 --> [DEPRECATED] number_format(): Passing null to parameter #1 ($num) of type float is deprecated in APPPATH/Views/kd_project/dashboard_view.php on line 178.
 1 APPPATH/Views/kd_project/dashboard_view.php(178): number_format(null, 2)
 2 SYSTEMPATH/View/View.php(234): include('/home/u877349608/domains/muraridubey.com/public_html/codeigniter/app/Views/kd_project/dashboard_view.php')
 3 SYSTEMPATH/View/View.php(237): CodeIgniter\View\View->CodeIgniter\View\{closure}()
 4 SYSTEMPATH/Common.php(1171): CodeIgniter\View\View->render('kd_project/dashboard_view', [], true)
 5 APPPATH/Controllers/Dashboard_controller.php(31): view('kd_project/dashboard_view', [...])
 6 SYSTEMPATH/CodeIgniter.php(933): App\Controllers\Dashboard_controller->index()
 7 SYSTEMPATH/CodeIgniter.php(509): CodeIgniter\CodeIgniter->runController(Object(App\Controllers\Dashboard_controller))
 8 SYSTEMPATH/CodeIgniter.php(355): CodeIgniter\CodeIgniter->handleRequest(null, Object(Config\Cache), false)
 9 SYSTEMPATH/Boot.php(325): CodeIgniter\CodeIgniter->run()
10 SYSTEMPATH/Boot.php(67): CodeIgniter\Boot::runCodeIgniter(Object(CodeIgniter\CodeIgniter))
11 FCPATH/index.php(56): CodeIgniter\Boot::bootWeb(Object(Config\Paths))
WARNING - 2024-09-20 15:53:13 --> [DEPRECATED] number_format(): Passing null to parameter #1 ($num) of type float is deprecated in APPPATH/Views/kd_project/dashboard_view.php on line 171.
 1 APPPATH/Views/kd_project/dashboard_view.php(171): number_format(null, 2)
 2 SYSTEMPATH/View/View.php(234): include('/home/u877349608/domains/muraridubey.com/public_html/codeigniter/app/Views/kd_project/dashboard_view.php')
 3 SYSTEMPATH/View/View.php(237): CodeIgniter\View\View->CodeIgniter\View\{closure}()
 4 SYSTEMPATH/Common.php(1171): CodeIgniter\View\View->render('kd_project/dashboard_view', [], true)
 5 APPPATH/Controllers/Dashboard_controller.php(31): view('kd_project/dashboard_view', [...])
 6 SYSTEMPATH/CodeIgniter.php(933): App\Controllers\Dashboard_controller->index()
 7 SYSTEMPATH/CodeIgniter.php(509): CodeIgniter\CodeIgniter->runController(Object(App\Controllers\Dashboard_controller))
 8 SYSTEMPATH/CodeIgniter.php(355): CodeIgniter\CodeIgniter->handleRequest(null, Object(Config\Cache), false)
 9 SYSTEMPATH/Boot.php(325): CodeIgniter\CodeIgniter->run()
10 SYSTEMPATH/Boot.php(67): CodeIgniter\Boot::runCodeIgniter(Object(CodeIgniter\CodeIgniter))
11 FCPATH/index.php(56): CodeIgniter\Boot::bootWeb(Object(Config\Paths))
WARNING - 2024-09-20 15:53:13 --> [DEPRECATED] number_format(): Passing null to parameter #1 ($num) of type float is deprecated in APPPATH/Views/kd_project/dashboard_view.php on line 178.
 1 APPPATH/Views/kd_project/dashboard_view.php(178): number_format(null, 2)
 2 SYSTEMPATH/View/View.php(234): include('/home/u877349608/domains/muraridubey.com/public_html/codeigniter/app/Views/kd_project/dashboard_view.php')
 3 SYSTEMPATH/View/View.php(237): CodeIgniter\View\View->CodeIgniter\View\{closure}()
 4 SYSTEMPATH/Common.php(1171): CodeIgniter\View\View->render('kd_project/dashboard_view', [], true)
 5 APPPATH/Controllers/Dashboard_controller.php(31): view('kd_project/dashboard_view', [...])
 6 SYSTEMPATH/CodeIgniter.php(933): App\Controllers\Dashboard_controller->index()
 7 SYSTEMPATH/CodeIgniter.php(509): CodeIgniter\CodeIgniter->runController(Object(App\Controllers\Dashboard_controller))
 8 SYSTEMPATH/CodeIgniter.php(355): CodeIgniter\CodeIgniter->handleRequest(null, Object(Config\Cache), false)
 9 SYSTEMPATH/Boot.php(325): CodeIgniter\CodeIgniter->run()
10 SYSTEMPATH/Boot.php(67): CodeIgniter\Boot::runCodeIgniter(Object(CodeIgniter\CodeIgniter))
11 FCPATH/index.php(56): CodeIgniter\Boot::bootWeb(Object(Config\Paths))
WARNING - 2024-09-20 16:26:48 --> [DEPRECATED] number_format(): Passing null to parameter #1 ($num) of type float is deprecated in APPPATH/Views/kd_project/dashboard_view.php on line 170.
 1 APPPATH/Views/kd_project/dashboard_view.php(170): number_format(null, 2)
 2 SYSTEMPATH/View/View.php(234): include('/home/u877349608/domains/muraridubey.com/public_html/codeigniter/app/Views/kd_project/dashboard_view.php')
 3 SYSTEMPATH/View/View.php(237): CodeIgniter\View\View->CodeIgniter\View\{closure}()
 4 SYSTEMPATH/Common.php(1171): CodeIgniter\View\View->render('kd_project/dashboard_view', [], true)
 5 APPPATH/Controllers/Dashboard_controller.php(31): view('kd_project/dashboard_view', [...])
 6 SYSTEMPATH/CodeIgniter.php(933): App\Controllers\Dashboard_controller->index()
 7 SYSTEMPATH/CodeIgniter.php(509): CodeIgniter\CodeIgniter->runController(Object(App\Controllers\Dashboard_controller))
 8 SYSTEMPATH/CodeIgniter.php(355): CodeIgniter\CodeIgniter->handleRequest(null, Object(Config\Cache), false)
 9 SYSTEMPATH/Boot.php(325): CodeIgniter\CodeIgniter->run()
10 SYSTEMPATH/Boot.php(67): CodeIgniter\Boot::runCodeIgniter(Object(CodeIgniter\CodeIgniter))
11 FCPATH/index.php(56): CodeIgniter\Boot::bootWeb(Object(Config\Paths))
WARNING - 2024-09-20 16:26:48 --> [DEPRECATED] number_format(): Passing null to parameter #1 ($num) of type float is deprecated in APPPATH/Views/kd_project/dashboard_view.php on line 178.
 1 APPPATH/Views/kd_project/dashboard_view.php(178): number_format(null, 2)
 2 SYSTEMPATH/View/View.php(234): include('/home/u877349608/domains/muraridubey.com/public_html/codeigniter/app/Views/kd_project/dashboard_view.php')
 3 SYSTEMPATH/View/View.php(237): CodeIgniter\View\View->CodeIgniter\View\{closure}()
 4 SYSTEMPATH/Common.php(1171): CodeIgniter\View\View->render('kd_project/dashboard_view', [], true)
 5 APPPATH/Controllers/Dashboard_controller.php(31): view('kd_project/dashboard_view', [...])
 6 SYSTEMPATH/CodeIgniter.php(933): App\Controllers\Dashboard_controller->index()
 7 SYSTEMPATH/CodeIgniter.php(509): CodeIgniter\CodeIgniter->runController(Object(App\Controllers\Dashboard_controller))
 8 SYSTEMPATH/CodeIgniter.php(355): CodeIgniter\CodeIgniter->handleRequest(null, Object(Config\Cache), false)
 9 SYSTEMPATH/Boot.php(325): CodeIgniter\CodeIgniter->run()
10 SYSTEMPATH/Boot.php(67): CodeIgniter\Boot::runCodeIgniter(Object(CodeIgniter\CodeIgniter))
11 FCPATH/index.php(56): CodeIgniter\Boot::bootWeb(Object(Config\Paths))
WARNING - 2024-09-20 16:26:48 --> [DEPRECATED] number_format(): Passing null to parameter #1 ($num) of type float is deprecated in APPPATH/Views/kd_project/dashboard_view.php on line 178.
 1 APPPATH/Views/kd_project/dashboard_view.php(178): number_format(null, 2)
 2 SYSTEMPATH/View/View.php(234): include('/home/u877349608/domains/muraridubey.com/public_html/codeigniter/app/Views/kd_project/dashboard_view.php')
 3 SYSTEMPATH/View/View.php(237): CodeIgniter\View\View->CodeIgniter\View\{closure}()
 4 SYSTEMPATH/Common.php(1171): CodeIgniter\View\View->render('kd_project/dashboard_view', [], true)
 5 APPPATH/Controllers/Dashboard_controller.php(31): view('kd_project/dashboard_view', [...])
 6 SYSTEMPATH/CodeIgniter.php(933): App\Controllers\Dashboard_controller->index()
 7 SYSTEMPATH/CodeIgniter.php(509): CodeIgniter\CodeIgniter->runController(Object(App\Controllers\Dashboard_controller))
 8 SYSTEMPATH/CodeIgniter.php(355): CodeIgniter\CodeIgniter->handleRequest(null, Object(Config\Cache), false)
 9 SYSTEMPATH/Boot.php(325): CodeIgniter\CodeIgniter->run()
10 SYSTEMPATH/Boot.php(67): CodeIgniter\Boot::runCodeIgniter(Object(CodeIgniter\CodeIgniter))
11 FCPATH/index.php(56): CodeIgniter\Boot::bootWeb(Object(Config\Paths))
WARNING - 2024-09-20 16:26:48 --> [DEPRECATED] number_format(): Passing null to parameter #1 ($num) of type float is deprecated in APPPATH/Views/kd_project/dashboard_view.php on line 174.
 1 APPPATH/Views/kd_project/dashboard_view.php(174): number_format(null, 2)
 2 SYSTEMPATH/View/View.php(234): include('/home/u877349608/domains/muraridubey.com/public_html/codeigniter/app/Views/kd_project/dashboard_view.php')
 3 SYSTEMPATH/View/View.php(237): CodeIgniter\View\View->CodeIgniter\View\{closure}()
 4 SYSTEMPATH/Common.php(1171): CodeIgniter\View\View->render('kd_project/dashboard_view', [], true)
 5 APPPATH/Controllers/Dashboard_controller.php(31): view('kd_project/dashboard_view', [...])
 6 SYSTEMPATH/CodeIgniter.php(933): App\Controllers\Dashboard_controller->index()
 7 SYSTEMPATH/CodeIgniter.php(509): CodeIgniter\CodeIgniter->runController(Object(App\Controllers\Dashboard_controller))
 8 SYSTEMPATH/CodeIgniter.php(355): CodeIgniter\CodeIgniter->handleRequest(null, Object(Config\Cache), false)
 9 SYSTEMPATH/Boot.php(325): CodeIgniter\CodeIgniter->run()
10 SYSTEMPATH/Boot.php(67): CodeIgniter\Boot::runCodeIgniter(Object(CodeIgniter\CodeIgniter))
11 FCPATH/index.php(56): CodeIgniter\Boot::bootWeb(Object(Config\Paths))
WARNING - 2024-09-20 16:26:48 --> [DEPRECATED] number_format(): Passing null to parameter #1 ($num) of type float is deprecated in APPPATH/Views/kd_project/dashboard_view.php on line 178.
 1 APPPATH/Views/kd_project/dashboard_view.php(178): number_format(null, 2)
 2 SYSTEMPATH/View/View.php(234): include('/home/u877349608/domains/muraridubey.com/public_html/codeigniter/app/Views/kd_project/dashboard_view.php')
 3 SYSTEMPATH/View/View.php(237): CodeIgniter\View\View->CodeIgniter\View\{closure}()
 4 SYSTEMPATH/Common.php(1171): CodeIgniter\View\View->render('kd_project/dashboard_view', [], true)
 5 APPPATH/Controllers/Dashboard_controller.php(31): view('kd_project/dashboard_view', [...])
 6 SYSTEMPATH/CodeIgniter.php(933): App\Controllers\Dashboard_controller->index()
 7 SYSTEMPATH/CodeIgniter.php(509): CodeIgniter\CodeIgniter->runController(Object(App\Controllers\Dashboard_controller))
 8 SYSTEMPATH/CodeIgniter.php(355): CodeIgniter\CodeIgniter->handleRequest(null, Object(Config\Cache), false)
 9 SYSTEMPATH/Boot.php(325): CodeIgniter\CodeIgniter->run()
10 SYSTEMPATH/Boot.php(67): CodeIgniter\Boot::runCodeIgniter(Object(CodeIgniter\CodeIgniter))
11 FCPATH/index.php(56): CodeIgniter\Boot::bootWeb(Object(Config\Paths))
WARNING - 2024-09-20 16:26:48 --> [DEPRECATED] number_format(): Passing null to parameter #1 ($num) of type float is deprecated in APPPATH/Views/kd_project/dashboard_view.php on line 171.
 1 APPPATH/Views/kd_project/dashboard_view.php(171): number_format(null, 2)
 2 SYSTEMPATH/View/View.php(234): include('/home/u877349608/domains/muraridubey.com/public_html/codeigniter/app/Views/kd_project/dashboard_view.php')
 3 SYSTEMPATH/View/View.php(237): CodeIgniter\View\View->CodeIgniter\View\{closure}()
 4 SYSTEMPATH/Common.php(1171): CodeIgniter\View\View->render('kd_project/dashboard_view', [], true)
 5 APPPATH/Controllers/Dashboard_controller.php(31): view('kd_project/dashboard_view', [...])
 6 SYSTEMPATH/CodeIgniter.php(933): App\Controllers\Dashboard_controller->index()
 7 SYSTEMPATH/CodeIgniter.php(509): CodeIgniter\CodeIgniter->runController(Object(App\Controllers\Dashboard_controller))
 8 SYSTEMPATH/CodeIgniter.php(355): CodeIgniter\CodeIgniter->handleRequest(null, Object(Config\Cache), false)
 9 SYSTEMPATH/Boot.php(325): CodeIgniter\CodeIgniter->run()
10 SYSTEMPATH/Boot.php(67): CodeIgniter\Boot::runCodeIgniter(Object(CodeIgniter\CodeIgniter))
11 FCPATH/index.php(56): CodeIgniter\Boot::bootWeb(Object(Config\Paths))
WARNING - 2024-09-20 16:26:48 --> [DEPRECATED] number_format(): Passing null to parameter #1 ($num) of type float is deprecated in APPPATH/Views/kd_project/dashboard_view.php on line 178.
 1 APPPATH/Views/kd_project/dashboard_view.php(178): number_format(null, 2)
 2 SYSTEMPATH/View/View.php(234): include('/home/u877349608/domains/muraridubey.com/public_html/codeigniter/app/Views/kd_project/dashboard_view.php')
 3 SYSTEMPATH/View/View.php(237): CodeIgniter\View\View->CodeIgniter\View\{closure}()
 4 SYSTEMPATH/Common.php(1171): CodeIgniter\View\View->render('kd_project/dashboard_view', [], true)
 5 APPPATH/Controllers/Dashboard_controller.php(31): view('kd_project/dashboard_view', [...])
 6 SYSTEMPATH/CodeIgniter.php(933): App\Controllers\Dashboard_controller->index()
 7 SYSTEMPATH/CodeIgniter.php(509): CodeIgniter\CodeIgniter->runController(Object(App\Controllers\Dashboard_controller))
 8 SYSTEMPATH/CodeIgniter.php(355): CodeIgniter\CodeIgniter->handleRequest(null, Object(Config\Cache), false)
 9 SYSTEMPATH/Boot.php(325): CodeIgniter\CodeIgniter->run()
10 SYSTEMPATH/Boot.php(67): CodeIgniter\Boot::runCodeIgniter(Object(CodeIgniter\CodeIgniter))
11 FCPATH/index.php(56): CodeIgniter\Boot::bootWeb(Object(Config\Paths))
WARNING - 2024-09-20 16:26:48 --> [DEPRECATED] number_format(): Passing null to parameter #1 ($num) of type float is deprecated in APPPATH/Views/kd_project/dashboard_view.php on line 171.
 1 APPPATH/Views/kd_project/dashboard_view.php(171): number_format(null, 2)
 2 SYSTEMPATH/View/View.php(234): include('/home/u877349608/domains/muraridubey.com/public_html/codeigniter/app/Views/kd_project/dashboard_view.php')
 3 SYSTEMPATH/View/View.php(237): CodeIgniter\View\View->CodeIgniter\View\{closure}()
 4 SYSTEMPATH/Common.php(1171): CodeIgniter\View\View->render('kd_project/dashboard_view', [], true)
 5 APPPATH/Controllers/Dashboard_controller.php(31): view('kd_project/dashboard_view', [...])
 6 SYSTEMPATH/CodeIgniter.php(933): App\Controllers\Dashboard_controller->index()
 7 SYSTEMPATH/CodeIgniter.php(509): CodeIgniter\CodeIgniter->runController(Object(App\Controllers\Dashboard_controller))
 8 SYSTEMPATH/CodeIgniter.php(355): CodeIgniter\CodeIgniter->handleRequest(null, Object(Config\Cache), false)
 9 SYSTEMPATH/Boot.php(325): CodeIgniter\CodeIgniter->run()
10 SYSTEMPATH/Boot.php(67): CodeIgniter\Boot::runCodeIgniter(Object(CodeIgniter\CodeIgniter))
11 FCPATH/index.php(56): CodeIgniter\Boot::bootWeb(Object(Config\Paths))
WARNING - 2024-09-20 16:26:48 --> [DEPRECATED] number_format(): Passing null to parameter #1 ($num) of type float is deprecated in APPPATH/Views/kd_project/dashboard_view.php on line 178.
 1 APPPATH/Views/kd_project/dashboard_view.php(178): number_format(null, 2)
 2 SYSTEMPATH/View/View.php(234): include('/home/u877349608/domains/muraridubey.com/public_html/codeigniter/app/Views/kd_project/dashboard_view.php')
 3 SYSTEMPATH/View/View.php(237): CodeIgniter\View\View->CodeIgniter\View\{closure}()
 4 SYSTEMPATH/Common.php(1171): CodeIgniter\View\View->render('kd_project/dashboard_view', [], true)
 5 APPPATH/Controllers/Dashboard_controller.php(31): view('kd_project/dashboard_view', [...])
 6 SYSTEMPATH/CodeIgniter.php(933): App\Controllers\Dashboard_controller->index()
 7 SYSTEMPATH/CodeIgniter.php(509): CodeIgniter\CodeIgniter->runController(Object(App\Controllers\Dashboard_controller))
 8 SYSTEMPATH/CodeIgniter.php(355): CodeIgniter\CodeIgniter->handleRequest(null, Object(Config\Cache), false)
 9 SYSTEMPATH/Boot.php(325): CodeIgniter\CodeIgniter->run()
10 SYSTEMPATH/Boot.php(67): CodeIgniter\Boot::runCodeIgniter(Object(CodeIgniter\CodeIgniter))
11 FCPATH/index.php(56): CodeIgniter\Boot::bootWeb(Object(Config\Paths))
WARNING - 2024-09-20 16:28:21 --> [DEPRECATED] number_format(): Passing null to parameter #1 ($num) of type float is deprecated in APPPATH/Views/kd_project/dashboard_view.php on line 170.
 1 APPPATH/Views/kd_project/dashboard_view.php(170): number_format(null, 2)
 2 SYSTEMPATH/View/View.php(234): include('/home/u877349608/domains/muraridubey.com/public_html/codeigniter/app/Views/kd_project/dashboard_view.php')
 3 SYSTEMPATH/View/View.php(237): CodeIgniter\View\View->CodeIgniter\View\{closure}()
 4 SYSTEMPATH/Common.php(1171): CodeIgniter\View\View->render('kd_project/dashboard_view', [], true)
 5 APPPATH/Controllers/Dashboard_controller.php(31): view('kd_project/dashboard_view', [...])
 6 SYSTEMPATH/CodeIgniter.php(933): App\Controllers\Dashboard_controller->index()
 7 SYSTEMPATH/CodeIgniter.php(509): CodeIgniter\CodeIgniter->runController(Object(App\Controllers\Dashboard_controller))
 8 SYSTEMPATH/CodeIgniter.php(355): CodeIgniter\CodeIgniter->handleRequest(null, Object(Config\Cache), false)
 9 SYSTEMPATH/Boot.php(325): CodeIgniter\CodeIgniter->run()
10 SYSTEMPATH/Boot.php(67): CodeIgniter\Boot::runCodeIgniter(Object(CodeIgniter\CodeIgniter))
11 FCPATH/index.php(56): CodeIgniter\Boot::bootWeb(Object(Config\Paths))
WARNING - 2024-09-20 16:28:21 --> [DEPRECATED] number_format(): Passing null to parameter #1 ($num) of type float is deprecated in APPPATH/Views/kd_project/dashboard_view.php on line 178.
 1 APPPATH/Views/kd_project/dashboard_view.php(178): number_format(null, 2)
 2 SYSTEMPATH/View/View.php(234): include('/home/u877349608/domains/muraridubey.com/public_html/codeigniter/app/Views/kd_project/dashboard_view.php')
 3 SYSTEMPATH/View/View.php(237): CodeIgniter\View\View->CodeIgniter\View\{closure}()
 4 SYSTEMPATH/Common.php(1171): CodeIgniter\View\View->render('kd_project/dashboard_view', [], true)
 5 APPPATH/Controllers/Dashboard_controller.php(31): view('kd_project/dashboard_view', [...])
 6 SYSTEMPATH/CodeIgniter.php(933): App\Controllers\Dashboard_controller->index()
 7 SYSTEMPATH/CodeIgniter.php(509): CodeIgniter\CodeIgniter->runController(Object(App\Controllers\Dashboard_controller))
 8 SYSTEMPATH/CodeIgniter.php(355): CodeIgniter\CodeIgniter->handleRequest(null, Object(Config\Cache), false)
 9 SYSTEMPATH/Boot.php(325): CodeIgniter\CodeIgniter->run()
10 SYSTEMPATH/Boot.php(67): CodeIgniter\Boot::runCodeIgniter(Object(CodeIgniter\CodeIgniter))
11 FCPATH/index.php(56): CodeIgniter\Boot::bootWeb(Object(Config\Paths))
WARNING - 2024-09-20 16:28:21 --> [DEPRECATED] number_format(): Passing null to parameter #1 ($num) of type float is deprecated in APPPATH/Views/kd_project/dashboard_view.php on line 178.
 1 APPPATH/Views/kd_project/dashboard_view.php(178): number_format(null, 2)
 2 SYSTEMPATH/View/View.php(234): include('/home/u877349608/domains/muraridubey.com/public_html/codeigniter/app/Views/kd_project/dashboard_view.php')
 3 SYSTEMPATH/View/View.php(237): CodeIgniter\View\View->CodeIgniter\View\{closure}()
 4 SYSTEMPATH/Common.php(1171): CodeIgniter\View\View->render('kd_project/dashboard_view', [], true)
 5 APPPATH/Controllers/Dashboard_controller.php(31): view('kd_project/dashboard_view', [...])
 6 SYSTEMPATH/CodeIgniter.php(933): App\Controllers\Dashboard_controller->index()
 7 SYSTEMPATH/CodeIgniter.php(509): CodeIgniter\CodeIgniter->runController(Object(App\Controllers\Dashboard_controller))
 8 SYSTEMPATH/CodeIgniter.php(355): CodeIgniter\CodeIgniter->handleRequest(null, Object(Config\Cache), false)
 9 SYSTEMPATH/Boot.php(325): CodeIgniter\CodeIgniter->run()
10 SYSTEMPATH/Boot.php(67): CodeIgniter\Boot::runCodeIgniter(Object(CodeIgniter\CodeIgniter))
11 FCPATH/index.php(56): CodeIgniter\Boot::bootWeb(Object(Config\Paths))
WARNING - 2024-09-20 16:28:21 --> [DEPRECATED] number_format(): Passing null to parameter #1 ($num) of type float is deprecated in APPPATH/Views/kd_project/dashboard_view.php on line 174.
 1 APPPATH/Views/kd_project/dashboard_view.php(174): number_format(null, 2)
 2 SYSTEMPATH/View/View.php(234): include('/home/u877349608/domains/muraridubey.com/public_html/codeigniter/app/Views/kd_project/dashboard_view.php')
 3 SYSTEMPATH/View/View.php(237): CodeIgniter\View\View->CodeIgniter\View\{closure}()
 4 SYSTEMPATH/Common.php(1171): CodeIgniter\View\View->render('kd_project/dashboard_view', [], true)
 5 APPPATH/Controllers/Dashboard_controller.php(31): view('kd_project/dashboard_view', [...])
 6 SYSTEMPATH/CodeIgniter.php(933): App\Controllers\Dashboard_controller->index()
 7 SYSTEMPATH/CodeIgniter.php(509): CodeIgniter\CodeIgniter->runController(Object(App\Controllers\Dashboard_controller))
 8 SYSTEMPATH/CodeIgniter.php(355): CodeIgniter\CodeIgniter->handleRequest(null, Object(Config\Cache), false)
 9 SYSTEMPATH/Boot.php(325): CodeIgniter\CodeIgniter->run()
10 SYSTEMPATH/Boot.php(67): CodeIgniter\Boot::runCodeIgniter(Object(CodeIgniter\CodeIgniter))
11 FCPATH/index.php(56): CodeIgniter\Boot::bootWeb(Object(Config\Paths))
WARNING - 2024-09-20 16:28:21 --> [DEPRECATED] number_format(): Passing null to parameter #1 ($num) of type float is deprecated in APPPATH/Views/kd_project/dashboard_view.php on line 178.
 1 APPPATH/Views/kd_project/dashboard_view.php(178): number_format(null, 2)
 2 SYSTEMPATH/View/View.php(234): include('/home/u877349608/domains/muraridubey.com/public_html/codeigniter/app/Views/kd_project/dashboard_view.php')
 3 SYSTEMPATH/View/View.php(237): CodeIgniter\View\View->CodeIgniter\View\{closure}()
 4 SYSTEMPATH/Common.php(1171): CodeIgniter\View\View->render('kd_project/dashboard_view', [], true)
 5 APPPATH/Controllers/Dashboard_controller.php(31): view('kd_project/dashboard_view', [...])
 6 SYSTEMPATH/CodeIgniter.php(933): App\Controllers\Dashboard_controller->index()
 7 SYSTEMPATH/CodeIgniter.php(509): CodeIgniter\CodeIgniter->runController(Object(App\Controllers\Dashboard_controller))
 8 SYSTEMPATH/CodeIgniter.php(355): CodeIgniter\CodeIgniter->handleRequest(null, Object(Config\Cache), false)
 9 SYSTEMPATH/Boot.php(325): CodeIgniter\CodeIgniter->run()
10 SYSTEMPATH/Boot.php(67): CodeIgniter\Boot::runCodeIgniter(Object(CodeIgniter\CodeIgniter))
11 FCPATH/index.php(56): CodeIgniter\Boot::bootWeb(Object(Config\Paths))
WARNING - 2024-09-20 16:28:21 --> [DEPRECATED] number_format(): Passing null to parameter #1 ($num) of type float is deprecated in APPPATH/Views/kd_project/dashboard_view.php on line 171.
 1 APPPATH/Views/kd_project/dashboard_view.php(171): number_format(null, 2)
 2 SYSTEMPATH/View/View.php(234): include('/home/u877349608/domains/muraridubey.com/public_html/codeigniter/app/Views/kd_project/dashboard_view.php')
 3 SYSTEMPATH/View/View.php(237): CodeIgniter\View\View->CodeIgniter\View\{closure}()
 4 SYSTEMPATH/Common.php(1171): CodeIgniter\View\View->render('kd_project/dashboard_view', [], true)
 5 APPPATH/Controllers/Dashboard_controller.php(31): view('kd_project/dashboard_view', [...])
 6 SYSTEMPATH/CodeIgniter.php(933): App\Controllers\Dashboard_controller->index()
 7 SYSTEMPATH/CodeIgniter.php(509): CodeIgniter\CodeIgniter->runController(Object(App\Controllers\Dashboard_controller))
 8 SYSTEMPATH/CodeIgniter.php(355): CodeIgniter\CodeIgniter->handleRequest(null, Object(Config\Cache), false)
 9 SYSTEMPATH/Boot.php(325): CodeIgniter\CodeIgniter->run()
10 SYSTEMPATH/Boot.php(67): CodeIgniter\Boot::runCodeIgniter(Object(CodeIgniter\CodeIgniter))
11 FCPATH/index.php(56): CodeIgniter\Boot::bootWeb(Object(Config\Paths))
WARNING - 2024-09-20 16:28:21 --> [DEPRECATED] number_format(): Passing null to parameter #1 ($num) of type float is deprecated in APPPATH/Views/kd_project/dashboard_view.php on line 178.
 1 APPPATH/Views/kd_project/dashboard_view.php(178): number_format(null, 2)
 2 SYSTEMPATH/View/View.php(234): include('/home/u877349608/domains/muraridubey.com/public_html/codeigniter/app/Views/kd_project/dashboard_view.php')
 3 SYSTEMPATH/View/View.php(237): CodeIgniter\View\View->CodeIgniter\View\{closure}()
 4 SYSTEMPATH/Common.php(1171): CodeIgniter\View\View->render('kd_project/dashboard_view', [], true)
 5 APPPATH/Controllers/Dashboard_controller.php(31): view('kd_project/dashboard_view', [...])
 6 SYSTEMPATH/CodeIgniter.php(933): App\Controllers\Dashboard_controller->index()
 7 SYSTEMPATH/CodeIgniter.php(509): CodeIgniter\CodeIgniter->runController(Object(App\Controllers\Dashboard_controller))
 8 SYSTEMPATH/CodeIgniter.php(355): CodeIgniter\CodeIgniter->handleRequest(null, Object(Config\Cache), false)
 9 SYSTEMPATH/Boot.php(325): CodeIgniter\CodeIgniter->run()
10 SYSTEMPATH/Boot.php(67): CodeIgniter\Boot::runCodeIgniter(Object(CodeIgniter\CodeIgniter))
11 FCPATH/index.php(56): CodeIgniter\Boot::bootWeb(Object(Config\Paths))
WARNING - 2024-09-20 16:28:21 --> [DEPRECATED] number_format(): Passing null to parameter #1 ($num) of type float is deprecated in APPPATH/Views/kd_project/dashboard_view.php on line 171.
 1 APPPATH/Views/kd_project/dashboard_view.php(171): number_format(null, 2)
 2 SYSTEMPATH/View/View.php(234): include('/home/u877349608/domains/muraridubey.com/public_html/codeigniter/app/Views/kd_project/dashboard_view.php')
 3 SYSTEMPATH/View/View.php(237): CodeIgniter\View\View->CodeIgniter\View\{closure}()
 4 SYSTEMPATH/Common.php(1171): CodeIgniter\View\View->render('kd_project/dashboard_view', [], true)
 5 APPPATH/Controllers/Dashboard_controller.php(31): view('kd_project/dashboard_view', [...])
 6 SYSTEMPATH/CodeIgniter.php(933): App\Controllers\Dashboard_controller->index()
 7 SYSTEMPATH/CodeIgniter.php(509): CodeIgniter\CodeIgniter->runController(Object(App\Controllers\Dashboard_controller))
 8 SYSTEMPATH/CodeIgniter.php(355): CodeIgniter\CodeIgniter->handleRequest(null, Object(Config\Cache), false)
 9 SYSTEMPATH/Boot.php(325): CodeIgniter\CodeIgniter->run()
10 SYSTEMPATH/Boot.php(67): CodeIgniter\Boot::runCodeIgniter(Object(CodeIgniter\CodeIgniter))
11 FCPATH/index.php(56): CodeIgniter\Boot::bootWeb(Object(Config\Paths))
WARNING - 2024-09-20 16:28:21 --> [DEPRECATED] number_format(): Passing null to parameter #1 ($num) of type float is deprecated in APPPATH/Views/kd_project/dashboard_view.php on line 178.
 1 APPPATH/Views/kd_project/dashboard_view.php(178): number_format(null, 2)
 2 SYSTEMPATH/View/View.php(234): include('/home/u877349608/domains/muraridubey.com/public_html/codeigniter/app/Views/kd_project/dashboard_view.php')
 3 SYSTEMPATH/View/View.php(237): CodeIgniter\View\View->CodeIgniter\View\{closure}()
 4 SYSTEMPATH/Common.php(1171): CodeIgniter\View\View->render('kd_project/dashboard_view', [], true)
 5 APPPATH/Controllers/Dashboard_controller.php(31): view('kd_project/dashboard_view', [...])
 6 SYSTEMPATH/CodeIgniter.php(933): App\Controllers\Dashboard_controller->index()
 7 SYSTEMPATH/CodeIgniter.php(509): CodeIgniter\CodeIgniter->runController(Object(App\Controllers\Dashboard_controller))
 8 SYSTEMPATH/CodeIgniter.php(355): CodeIgniter\CodeIgniter->handleRequest(null, Object(Config\Cache), false)
 9 SYSTEMPATH/Boot.php(325): CodeIgniter\CodeIgniter->run()
10 SYSTEMPATH/Boot.php(67): CodeIgniter\Boot::runCodeIgniter(Object(CodeIgniter\CodeIgniter))
11 FCPATH/index.php(56): CodeIgniter\Boot::bootWeb(Object(Config\Paths))
WARNING - 2024-09-20 16:28:24 --> [DEPRECATED] number_format(): Passing null to parameter #1 ($num) of type float is deprecated in APPPATH/Views/kd_project/dashboard_view.php on line 170.
 1 APPPATH/Views/kd_project/dashboard_view.php(170): number_format(null, 2)
 2 SYSTEMPATH/View/View.php(234): include('/home/u877349608/domains/muraridubey.com/public_html/codeigniter/app/Views/kd_project/dashboard_view.php')
 3 SYSTEMPATH/View/View.php(237): CodeIgniter\View\View->CodeIgniter\View\{closure}()
 4 SYSTEMPATH/Common.php(1171): CodeIgniter\View\View->render('kd_project/dashboard_view', [], true)
 5 APPPATH/Controllers/Dashboard_controller.php(31): view('kd_project/dashboard_view', [...])
 6 SYSTEMPATH/CodeIgniter.php(933): App\Controllers\Dashboard_controller->index()
 7 SYSTEMPATH/CodeIgniter.php(509): CodeIgniter\CodeIgniter->runController(Object(App\Controllers\Dashboard_controller))
 8 SYSTEMPATH/CodeIgniter.php(355): CodeIgniter\CodeIgniter->handleRequest(null, Object(Config\Cache), false)
 9 SYSTEMPATH/Boot.php(325): CodeIgniter\CodeIgniter->run()
10 SYSTEMPATH/Boot.php(67): CodeIgniter\Boot::runCodeIgniter(Object(CodeIgniter\CodeIgniter))
11 FCPATH/index.php(56): CodeIgniter\Boot::bootWeb(Object(Config\Paths))
WARNING - 2024-09-20 16:28:24 --> [DEPRECATED] number_format(): Passing null to parameter #1 ($num) of type float is deprecated in APPPATH/Views/kd_project/dashboard_view.php on line 178.
 1 APPPATH/Views/kd_project/dashboard_view.php(178): number_format(null, 2)
 2 SYSTEMPATH/View/View.php(234): include('/home/u877349608/domains/muraridubey.com/public_html/codeigniter/app/Views/kd_project/dashboard_view.php')
 3 SYSTEMPATH/View/View.php(237): CodeIgniter\View\View->CodeIgniter\View\{closure}()
 4 SYSTEMPATH/Common.php(1171): CodeIgniter\View\View->render('kd_project/dashboard_view', [], true)
 5 APPPATH/Controllers/Dashboard_controller.php(31): view('kd_project/dashboard_view', [...])
 6 SYSTEMPATH/CodeIgniter.php(933): App\Controllers\Dashboard_controller->index()
 7 SYSTEMPATH/CodeIgniter.php(509): CodeIgniter\CodeIgniter->runController(Object(App\Controllers\Dashboard_controller))
 8 SYSTEMPATH/CodeIgniter.php(355): CodeIgniter\CodeIgniter->handleRequest(null, Object(Config\Cache), false)
 9 SYSTEMPATH/Boot.php(325): CodeIgniter\CodeIgniter->run()
10 SYSTEMPATH/Boot.php(67): CodeIgniter\Boot::runCodeIgniter(Object(CodeIgniter\CodeIgniter))
11 FCPATH/index.php(56): CodeIgniter\Boot::bootWeb(Object(Config\Paths))
WARNING - 2024-09-20 16:28:24 --> [DEPRECATED] number_format(): Passing null to parameter #1 ($num) of type float is deprecated in APPPATH/Views/kd_project/dashboard_view.php on line 178.
 1 APPPATH/Views/kd_project/dashboard_view.php(178): number_format(null, 2)
 2 SYSTEMPATH/View/View.php(234): include('/home/u877349608/domains/muraridubey.com/public_html/codeigniter/app/Views/kd_project/dashboard_view.php')
 3 SYSTEMPATH/View/View.php(237): CodeIgniter\View\View->CodeIgniter\View\{closure}()
 4 SYSTEMPATH/Common.php(1171): CodeIgniter\View\View->render('kd_project/dashboard_view', [], true)
 5 APPPATH/Controllers/Dashboard_controller.php(31): view('kd_project/dashboard_view', [...])
 6 SYSTEMPATH/CodeIgniter.php(933): App\Controllers\Dashboard_controller->index()
 7 SYSTEMPATH/CodeIgniter.php(509): CodeIgniter\CodeIgniter->runController(Object(App\Controllers\Dashboard_controller))
 8 SYSTEMPATH/CodeIgniter.php(355): CodeIgniter\CodeIgniter->handleRequest(null, Object(Config\Cache), false)
 9 SYSTEMPATH/Boot.php(325): CodeIgniter\CodeIgniter->run()
10 SYSTEMPATH/Boot.php(67): CodeIgniter\Boot::runCodeIgniter(Object(CodeIgniter\CodeIgniter))
11 FCPATH/index.php(56): CodeIgniter\Boot::bootWeb(Object(Config\Paths))
WARNING - 2024-09-20 16:28:24 --> [DEPRECATED] number_format(): Passing null to parameter #1 ($num) of type float is deprecated in APPPATH/Views/kd_project/dashboard_view.php on line 174.
 1 APPPATH/Views/kd_project/dashboard_view.php(174): number_format(null, 2)
 2 SYSTEMPATH/View/View.php(234): include('/home/u877349608/domains/muraridubey.com/public_html/codeigniter/app/Views/kd_project/dashboard_view.php')
 3 SYSTEMPATH/View/View.php(237): CodeIgniter\View\View->CodeIgniter\View\{closure}()
 4 SYSTEMPATH/Common.php(1171): CodeIgniter\View\View->render('kd_project/dashboard_view', [], true)
 5 APPPATH/Controllers/Dashboard_controller.php(31): view('kd_project/dashboard_view', [...])
 6 SYSTEMPATH/CodeIgniter.php(933): App\Controllers\Dashboard_controller->index()
 7 SYSTEMPATH/CodeIgniter.php(509): CodeIgniter\CodeIgniter->runController(Object(App\Controllers\Dashboard_controller))
 8 SYSTEMPATH/CodeIgniter.php(355): CodeIgniter\CodeIgniter->handleRequest(null, Object(Config\Cache), false)
 9 SYSTEMPATH/Boot.php(325): CodeIgniter\CodeIgniter->run()
10 SYSTEMPATH/Boot.php(67): CodeIgniter\Boot::runCodeIgniter(Object(CodeIgniter\CodeIgniter))
11 FCPATH/index.php(56): CodeIgniter\Boot::bootWeb(Object(Config\Paths))
WARNING - 2024-09-20 16:28:24 --> [DEPRECATED] number_format(): Passing null to parameter #1 ($num) of type float is deprecated in APPPATH/Views/kd_project/dashboard_view.php on line 178.
 1 APPPATH/Views/kd_project/dashboard_view.php(178): number_format(null, 2)
 2 SYSTEMPATH/View/View.php(234): include('/home/u877349608/domains/muraridubey.com/public_html/codeigniter/app/Views/kd_project/dashboard_view.php')
 3 SYSTEMPATH/View/View.php(237): CodeIgniter\View\View->CodeIgniter\View\{closure}()
 4 SYSTEMPATH/Common.php(1171): CodeIgniter\View\View->render('kd_project/dashboard_view', [], true)
 5 APPPATH/Controllers/Dashboard_controller.php(31): view('kd_project/dashboard_view', [...])
 6 SYSTEMPATH/CodeIgniter.php(933): App\Controllers\Dashboard_controller->index()
 7 SYSTEMPATH/CodeIgniter.php(509): CodeIgniter\CodeIgniter->runController(Object(App\Controllers\Dashboard_controller))
 8 SYSTEMPATH/CodeIgniter.php(355): CodeIgniter\CodeIgniter->handleRequest(null, Object(Config\Cache), false)
 9 SYSTEMPATH/Boot.php(325): CodeIgniter\CodeIgniter->run()
10 SYSTEMPATH/Boot.php(67): CodeIgniter\Boot::runCodeIgniter(Object(CodeIgniter\CodeIgniter))
11 FCPATH/index.php(56): CodeIgniter\Boot::bootWeb(Object(Config\Paths))
WARNING - 2024-09-20 16:28:24 --> [DEPRECATED] number_format(): Passing null to parameter #1 ($num) of type float is deprecated in APPPATH/Views/kd_project/dashboard_view.php on line 171.
 1 APPPATH/Views/kd_project/dashboard_view.php(171): number_format(null, 2)
 2 SYSTEMPATH/View/View.php(234): include('/home/u877349608/domains/muraridubey.com/public_html/codeigniter/app/Views/kd_project/dashboard_view.php')
 3 SYSTEMPATH/View/View.php(237): CodeIgniter\View\View->CodeIgniter\View\{closure}()
 4 SYSTEMPATH/Common.php(1171): CodeIgniter\View\View->render('kd_project/dashboard_view', [], true)
 5 APPPATH/Controllers/Dashboard_controller.php(31): view('kd_project/dashboard_view', [...])
 6 SYSTEMPATH/CodeIgniter.php(933): App\Controllers\Dashboard_controller->index()
 7 SYSTEMPATH/CodeIgniter.php(509): CodeIgniter\CodeIgniter->runController(Object(App\Controllers\Dashboard_controller))
 8 SYSTEMPATH/CodeIgniter.php(355): CodeIgniter\CodeIgniter->handleRequest(null, Object(Config\Cache), false)
 9 SYSTEMPATH/Boot.php(325): CodeIgniter\CodeIgniter->run()
10 SYSTEMPATH/Boot.php(67): CodeIgniter\Boot::runCodeIgniter(Object(CodeIgniter\CodeIgniter))
11 FCPATH/index.php(56): CodeIgniter\Boot::bootWeb(Object(Config\Paths))
WARNING - 2024-09-20 16:28:24 --> [DEPRECATED] number_format(): Passing null to parameter #1 ($num) of type float is deprecated in APPPATH/Views/kd_project/dashboard_view.php on line 178.
 1 APPPATH/Views/kd_project/dashboard_view.php(178): number_format(null, 2)
 2 SYSTEMPATH/View/View.php(234): include('/home/u877349608/domains/muraridubey.com/public_html/codeigniter/app/Views/kd_project/dashboard_view.php')
 3 SYSTEMPATH/View/View.php(237): CodeIgniter\View\View->CodeIgniter\View\{closure}()
 4 SYSTEMPATH/Common.php(1171): CodeIgniter\View\View->render('kd_project/dashboard_view', [], true)
 5 APPPATH/Controllers/Dashboard_controller.php(31): view('kd_project/dashboard_view', [...])
 6 SYSTEMPATH/CodeIgniter.php(933): App\Controllers\Dashboard_controller->index()
 7 SYSTEMPATH/CodeIgniter.php(509): CodeIgniter\CodeIgniter->runController(Object(App\Controllers\Dashboard_controller))
 8 SYSTEMPATH/CodeIgniter.php(355): CodeIgniter\CodeIgniter->handleRequest(null, Object(Config\Cache), false)
 9 SYSTEMPATH/Boot.php(325): CodeIgniter\CodeIgniter->run()
10 SYSTEMPATH/Boot.php(67): CodeIgniter\Boot::runCodeIgniter(Object(CodeIgniter\CodeIgniter))
11 FCPATH/index.php(56): CodeIgniter\Boot::bootWeb(Object(Config\Paths))
WARNING - 2024-09-20 16:28:24 --> [DEPRECATED] number_format(): Passing null to parameter #1 ($num) of type float is deprecated in APPPATH/Views/kd_project/dashboard_view.php on line 171.
 1 APPPATH/Views/kd_project/dashboard_view.php(171): number_format(null, 2)
 2 SYSTEMPATH/View/View.php(234): include('/home/u877349608/domains/muraridubey.com/public_html/codeigniter/app/Views/kd_project/dashboard_view.php')
 3 SYSTEMPATH/View/View.php(237): CodeIgniter\View\View->CodeIgniter\View\{closure}()
 4 SYSTEMPATH/Common.php(1171): CodeIgniter\View\View->render('kd_project/dashboard_view', [], true)
 5 APPPATH/Controllers/Dashboard_controller.php(31): view('kd_project/dashboard_view', [...])
 6 SYSTEMPATH/CodeIgniter.php(933): App\Controllers\Dashboard_controller->index()
 7 SYSTEMPATH/CodeIgniter.php(509): CodeIgniter\CodeIgniter->runController(Object(App\Controllers\Dashboard_controller))
 8 SYSTEMPATH/CodeIgniter.php(355): CodeIgniter\CodeIgniter->handleRequest(null, Object(Config\Cache), false)
 9 SYSTEMPATH/Boot.php(325): CodeIgniter\CodeIgniter->run()
10 SYSTEMPATH/Boot.php(67): CodeIgniter\Boot::runCodeIgniter(Object(CodeIgniter\CodeIgniter))
11 FCPATH/index.php(56): CodeIgniter\Boot::bootWeb(Object(Config\Paths))
WARNING - 2024-09-20 16:28:24 --> [DEPRECATED] number_format(): Passing null to parameter #1 ($num) of type float is deprecated in APPPATH/Views/kd_project/dashboard_view.php on line 178.
 1 APPPATH/Views/kd_project/dashboard_view.php(178): number_format(null, 2)
 2 SYSTEMPATH/View/View.php(234): include('/home/u877349608/domains/muraridubey.com/public_html/codeigniter/app/Views/kd_project/dashboard_view.php')
 3 SYSTEMPATH/View/View.php(237): CodeIgniter\View\View->CodeIgniter\View\{closure}()
 4 SYSTEMPATH/Common.php(1171): CodeIgniter\View\View->render('kd_project/dashboard_view', [], true)
 5 APPPATH/Controllers/Dashboard_controller.php(31): view('kd_project/dashboard_view', [...])
 6 SYSTEMPATH/CodeIgniter.php(933): App\Controllers\Dashboard_controller->index()
 7 SYSTEMPATH/CodeIgniter.php(509): CodeIgniter\CodeIgniter->runController(Object(App\Controllers\Dashboard_controller))
 8 SYSTEMPATH/CodeIgniter.php(355): CodeIgniter\CodeIgniter->handleRequest(null, Object(Config\Cache), false)
 9 SYSTEMPATH/Boot.php(325): CodeIgniter\CodeIgniter->run()
10 SYSTEMPATH/Boot.php(67): CodeIgniter\Boot::runCodeIgniter(Object(CodeIgniter\CodeIgniter))
11 FCPATH/index.php(56): CodeIgniter\Boot::bootWeb(Object(Config\Paths))
WARNING - 2024-09-20 16:31:27 --> [DEPRECATED] number_format(): Passing null to parameter #1 ($num) of type float is deprecated in APPPATH/Views/kd_project/dashboard_view.php on line 170.
 1 APPPATH/Views/kd_project/dashboard_view.php(170): number_format(null, 2)
 2 SYSTEMPATH/View/View.php(234): include('/home/u877349608/domains/muraridubey.com/public_html/codeigniter/app/Views/kd_project/dashboard_view.php')
 3 SYSTEMPATH/View/View.php(237): CodeIgniter\View\View->CodeIgniter\View\{closure}()
 4 SYSTEMPATH/Common.php(1171): CodeIgniter\View\View->render('kd_project/dashboard_view', [], true)
 5 APPPATH/Controllers/Dashboard_controller.php(31): view('kd_project/dashboard_view', [...])
 6 SYSTEMPATH/CodeIgniter.php(933): App\Controllers\Dashboard_controller->index()
 7 SYSTEMPATH/CodeIgniter.php(509): CodeIgniter\CodeIgniter->runController(Object(App\Controllers\Dashboard_controller))
 8 SYSTEMPATH/CodeIgniter.php(355): CodeIgniter\CodeIgniter->handleRequest(null, Object(Config\Cache), false)
 9 SYSTEMPATH/Boot.php(325): CodeIgniter\CodeIgniter->run()
10 SYSTEMPATH/Boot.php(67): CodeIgniter\Boot::runCodeIgniter(Object(CodeIgniter\CodeIgniter))
11 FCPATH/index.php(56): CodeIgniter\Boot::bootWeb(Object(Config\Paths))
WARNING - 2024-09-20 16:31:27 --> [DEPRECATED] number_format(): Passing null to parameter #1 ($num) of type float is deprecated in APPPATH/Views/kd_project/dashboard_view.php on line 178.
 1 APPPATH/Views/kd_project/dashboard_view.php(178): number_format(null, 2)
 2 SYSTEMPATH/View/View.php(234): include('/home/u877349608/domains/muraridubey.com/public_html/codeigniter/app/Views/kd_project/dashboard_view.php')
 3 SYSTEMPATH/View/View.php(237): CodeIgniter\View\View->CodeIgniter\View\{closure}()
 4 SYSTEMPATH/Common.php(1171): CodeIgniter\View\View->render('kd_project/dashboard_view', [], true)
 5 APPPATH/Controllers/Dashboard_controller.php(31): view('kd_project/dashboard_view', [...])
 6 SYSTEMPATH/CodeIgniter.php(933): App\Controllers\Dashboard_controller->index()
 7 SYSTEMPATH/CodeIgniter.php(509): CodeIgniter\CodeIgniter->runController(Object(App\Controllers\Dashboard_controller))
 8 SYSTEMPATH/CodeIgniter.php(355): CodeIgniter\CodeIgniter->handleRequest(null, Object(Config\Cache), false)
 9 SYSTEMPATH/Boot.php(325): CodeIgniter\CodeIgniter->run()
10 SYSTEMPATH/Boot.php(67): CodeIgniter\Boot::runCodeIgniter(Object(CodeIgniter\CodeIgniter))
11 FCPATH/index.php(56): CodeIgniter\Boot::bootWeb(Object(Config\Paths))
WARNING - 2024-09-20 16:31:27 --> [DEPRECATED] number_format(): Passing null to parameter #1 ($num) of type float is deprecated in APPPATH/Views/kd_project/dashboard_view.php on line 178.
 1 APPPATH/Views/kd_project/dashboard_view.php(178): number_format(null, 2)
 2 SYSTEMPATH/View/View.php(234): include('/home/u877349608/domains/muraridubey.com/public_html/codeigniter/app/Views/kd_project/dashboard_view.php')
 3 SYSTEMPATH/View/View.php(237): CodeIgniter\View\View->CodeIgniter\View\{closure}()
 4 SYSTEMPATH/Common.php(1171): CodeIgniter\View\View->render('kd_project/dashboard_view', [], true)
 5 APPPATH/Controllers/Dashboard_controller.php(31): view('kd_project/dashboard_view', [...])
 6 SYSTEMPATH/CodeIgniter.php(933): App\Controllers\Dashboard_controller->index()
 7 SYSTEMPATH/CodeIgniter.php(509): CodeIgniter\CodeIgniter->runController(Object(App\Controllers\Dashboard_controller))
 8 SYSTEMPATH/CodeIgniter.php(355): CodeIgniter\CodeIgniter->handleRequest(null, Object(Config\Cache), false)
 9 SYSTEMPATH/Boot.php(325): CodeIgniter\CodeIgniter->run()
10 SYSTEMPATH/Boot.php(67): CodeIgniter\Boot::runCodeIgniter(Object(CodeIgniter\CodeIgniter))
11 FCPATH/index.php(56): CodeIgniter\Boot::bootWeb(Object(Config\Paths))
WARNING - 2024-09-20 16:31:27 --> [DEPRECATED] number_format(): Passing null to parameter #1 ($num) of type float is deprecated in APPPATH/Views/kd_project/dashboard_view.php on line 174.
 1 APPPATH/Views/kd_project/dashboard_view.php(174): number_format(null, 2)
 2 SYSTEMPATH/View/View.php(234): include('/home/u877349608/domains/muraridubey.com/public_html/codeigniter/app/Views/kd_project/dashboard_view.php')
 3 SYSTEMPATH/View/View.php(237): CodeIgniter\View\View->CodeIgniter\View\{closure}()
 4 SYSTEMPATH/Common.php(1171): CodeIgniter\View\View->render('kd_project/dashboard_view', [], true)
 5 APPPATH/Controllers/Dashboard_controller.php(31): view('kd_project/dashboard_view', [...])
 6 SYSTEMPATH/CodeIgniter.php(933): App\Controllers\Dashboard_controller->index()
 7 SYSTEMPATH/CodeIgniter.php(509): CodeIgniter\CodeIgniter->runController(Object(App\Controllers\Dashboard_controller))
 8 SYSTEMPATH/CodeIgniter.php(355): CodeIgniter\CodeIgniter->handleRequest(null, Object(Config\Cache), false)
 9 SYSTEMPATH/Boot.php(325): CodeIgniter\CodeIgniter->run()
10 SYSTEMPATH/Boot.php(67): CodeIgniter\Boot::runCodeIgniter(Object(CodeIgniter\CodeIgniter))
11 FCPATH/index.php(56): CodeIgniter\Boot::bootWeb(Object(Config\Paths))
WARNING - 2024-09-20 16:31:27 --> [DEPRECATED] number_format(): Passing null to parameter #1 ($num) of type float is deprecated in APPPATH/Views/kd_project/dashboard_view.php on line 178.
 1 APPPATH/Views/kd_project/dashboard_view.php(178): number_format(null, 2)
 2 SYSTEMPATH/View/View.php(234): include('/home/u877349608/domains/muraridubey.com/public_html/codeigniter/app/Views/kd_project/dashboard_view.php')
 3 SYSTEMPATH/View/View.php(237): CodeIgniter\View\View->CodeIgniter\View\{closure}()
 4 SYSTEMPATH/Common.php(1171): CodeIgniter\View\View->render('kd_project/dashboard_view', [], true)
 5 APPPATH/Controllers/Dashboard_controller.php(31): view('kd_project/dashboard_view', [...])
 6 SYSTEMPATH/CodeIgniter.php(933): App\Controllers\Dashboard_controller->index()
 7 SYSTEMPATH/CodeIgniter.php(509): CodeIgniter\CodeIgniter->runController(Object(App\Controllers\Dashboard_controller))
 8 SYSTEMPATH/CodeIgniter.php(355): CodeIgniter\CodeIgniter->handleRequest(null, Object(Config\Cache), false)
 9 SYSTEMPATH/Boot.php(325): CodeIgniter\CodeIgniter->run()
10 SYSTEMPATH/Boot.php(67): CodeIgniter\Boot::runCodeIgniter(Object(CodeIgniter\CodeIgniter))
11 FCPATH/index.php(56): CodeIgniter\Boot::bootWeb(Object(Config\Paths))
WARNING - 2024-09-20 16:31:27 --> [DEPRECATED] number_format(): Passing null to parameter #1 ($num) of type float is deprecated in APPPATH/Views/kd_project/dashboard_view.php on line 171.
 1 APPPATH/Views/kd_project/dashboard_view.php(171): number_format(null, 2)
 2 SYSTEMPATH/View/View.php(234): include('/home/u877349608/domains/muraridubey.com/public_html/codeigniter/app/Views/kd_project/dashboard_view.php')
 3 SYSTEMPATH/View/View.php(237): CodeIgniter\View\View->CodeIgniter\View\{closure}()
 4 SYSTEMPATH/Common.php(1171): CodeIgniter\View\View->render('kd_project/dashboard_view', [], true)
 5 APPPATH/Controllers/Dashboard_controller.php(31): view('kd_project/dashboard_view', [...])
 6 SYSTEMPATH/CodeIgniter.php(933): App\Controllers\Dashboard_controller->index()
 7 SYSTEMPATH/CodeIgniter.php(509): CodeIgniter\CodeIgniter->runController(Object(App\Controllers\Dashboard_controller))
 8 SYSTEMPATH/CodeIgniter.php(355): CodeIgniter\CodeIgniter->handleRequest(null, Object(Config\Cache), false)
 9 SYSTEMPATH/Boot.php(325): CodeIgniter\CodeIgniter->run()
10 SYSTEMPATH/Boot.php(67): CodeIgniter\Boot::runCodeIgniter(Object(CodeIgniter\CodeIgniter))
11 FCPATH/index.php(56): CodeIgniter\Boot::bootWeb(Object(Config\Paths))
WARNING - 2024-09-20 16:31:27 --> [DEPRECATED] number_format(): Passing null to parameter #1 ($num) of type float is deprecated in APPPATH/Views/kd_project/dashboard_view.php on line 178.
 1 APPPATH/Views/kd_project/dashboard_view.php(178): number_format(null, 2)
 2 SYSTEMPATH/View/View.php(234): include('/home/u877349608/domains/muraridubey.com/public_html/codeigniter/app/Views/kd_project/dashboard_view.php')
 3 SYSTEMPATH/View/View.php(237): CodeIgniter\View\View->CodeIgniter\View\{closure}()
 4 SYSTEMPATH/Common.php(1171): CodeIgniter\View\View->render('kd_project/dashboard_view', [], true)
 5 APPPATH/Controllers/Dashboard_controller.php(31): view('kd_project/dashboard_view', [...])
 6 SYSTEMPATH/CodeIgniter.php(933): App\Controllers\Dashboard_controller->index()
 7 SYSTEMPATH/CodeIgniter.php(509): CodeIgniter\CodeIgniter->runController(Object(App\Controllers\Dashboard_controller))
 8 SYSTEMPATH/CodeIgniter.php(355): CodeIgniter\CodeIgniter->handleRequest(null, Object(Config\Cache), false)
 9 SYSTEMPATH/Boot.php(325): CodeIgniter\CodeIgniter->run()
10 SYSTEMPATH/Boot.php(67): CodeIgniter\Boot::runCodeIgniter(Object(CodeIgniter\CodeIgniter))
11 FCPATH/index.php(56): CodeIgniter\Boot::bootWeb(Object(Config\Paths))
WARNING - 2024-09-20 16:31:27 --> [DEPRECATED] number_format(): Passing null to parameter #1 ($num) of type float is deprecated in APPPATH/Views/kd_project/dashboard_view.php on line 171.
 1 APPPATH/Views/kd_project/dashboard_view.php(171): number_format(null, 2)
 2 SYSTEMPATH/View/View.php(234): include('/home/u877349608/domains/muraridubey.com/public_html/codeigniter/app/Views/kd_project/dashboard_view.php')
 3 SYSTEMPATH/View/View.php(237): CodeIgniter\View\View->CodeIgniter\View\{closure}()
 4 SYSTEMPATH/Common.php(1171): CodeIgniter\View\View->render('kd_project/dashboard_view', [], true)
 5 APPPATH/Controllers/Dashboard_controller.php(31): view('kd_project/dashboard_view', [...])
 6 SYSTEMPATH/CodeIgniter.php(933): App\Controllers\Dashboard_controller->index()
 7 SYSTEMPATH/CodeIgniter.php(509): CodeIgniter\CodeIgniter->runController(Object(App\Controllers\Dashboard_controller))
 8 SYSTEMPATH/CodeIgniter.php(355): CodeIgniter\CodeIgniter->handleRequest(null, Object(Config\Cache), false)
 9 SYSTEMPATH/Boot.php(325): CodeIgniter\CodeIgniter->run()
10 SYSTEMPATH/Boot.php(67): CodeIgniter\Boot::runCodeIgniter(Object(CodeIgniter\CodeIgniter))
11 FCPATH/index.php(56): CodeIgniter\Boot::bootWeb(Object(Config\Paths))
WARNING - 2024-09-20 16:31:27 --> [DEPRECATED] number_format(): Passing null to parameter #1 ($num) of type float is deprecated in APPPATH/Views/kd_project/dashboard_view.php on line 178.
 1 APPPATH/Views/kd_project/dashboard_view.php(178): number_format(null, 2)
 2 SYSTEMPATH/View/View.php(234): include('/home/u877349608/domains/muraridubey.com/public_html/codeigniter/app/Views/kd_project/dashboard_view.php')
 3 SYSTEMPATH/View/View.php(237): CodeIgniter\View\View->CodeIgniter\View\{closure}()
 4 SYSTEMPATH/Common.php(1171): CodeIgniter\View\View->render('kd_project/dashboard_view', [], true)
 5 APPPATH/Controllers/Dashboard_controller.php(31): view('kd_project/dashboard_view', [...])
 6 SYSTEMPATH/CodeIgniter.php(933): App\Controllers\Dashboard_controller->index()
 7 SYSTEMPATH/CodeIgniter.php(509): CodeIgniter\CodeIgniter->runController(Object(App\Controllers\Dashboard_controller))
 8 SYSTEMPATH/CodeIgniter.php(355): CodeIgniter\CodeIgniter->handleRequest(null, Object(Config\Cache), false)
 9 SYSTEMPATH/Boot.php(325): CodeIgniter\CodeIgniter->run()
10 SYSTEMPATH/Boot.php(67): CodeIgniter\Boot::runCodeIgniter(Object(CodeIgniter\CodeIgniter))
11 FCPATH/index.php(56): CodeIgniter\Boot::bootWeb(Object(Config\Paths))
WARNING - 2024-09-20 16:32:40 --> [DEPRECATED] number_format(): Passing null to parameter #1 ($num) of type float is deprecated in APPPATH/Views/kd_project/dashboard_view.php on line 170.
 1 APPPATH/Views/kd_project/dashboard_view.php(170): number_format(null, 2)
 2 SYSTEMPATH/View/View.php(234): include('/home/u877349608/domains/muraridubey.com/public_html/codeigniter/app/Views/kd_project/dashboard_view.php')
 3 SYSTEMPATH/View/View.php(237): CodeIgniter\View\View->CodeIgniter\View\{closure}()
 4 SYSTEMPATH/Common.php(1171): CodeIgniter\View\View->render('kd_project/dashboard_view', [], true)
 5 APPPATH/Controllers/Dashboard_controller.php(31): view('kd_project/dashboard_view', [...])
 6 SYSTEMPATH/CodeIgniter.php(933): App\Controllers\Dashboard_controller->index()
 7 SYSTEMPATH/CodeIgniter.php(509): CodeIgniter\CodeIgniter->runController(Object(App\Controllers\Dashboard_controller))
 8 SYSTEMPATH/CodeIgniter.php(355): CodeIgniter\CodeIgniter->handleRequest(null, Object(Config\Cache), false)
 9 SYSTEMPATH/Boot.php(325): CodeIgniter\CodeIgniter->run()
10 SYSTEMPATH/Boot.php(67): CodeIgniter\Boot::runCodeIgniter(Object(CodeIgniter\CodeIgniter))
11 FCPATH/index.php(56): CodeIgniter\Boot::bootWeb(Object(Config\Paths))
WARNING - 2024-09-20 16:32:40 --> [DEPRECATED] number_format(): Passing null to parameter #1 ($num) of type float is deprecated in APPPATH/Views/kd_project/dashboard_view.php on line 178.
 1 APPPATH/Views/kd_project/dashboard_view.php(178): number_format(null, 2)
 2 SYSTEMPATH/View/View.php(234): include('/home/u877349608/domains/muraridubey.com/public_html/codeigniter/app/Views/kd_project/dashboard_view.php')
 3 SYSTEMPATH/View/View.php(237): CodeIgniter\View\View->CodeIgniter\View\{closure}()
 4 SYSTEMPATH/Common.php(1171): CodeIgniter\View\View->render('kd_project/dashboard_view', [], true)
 5 APPPATH/Controllers/Dashboard_controller.php(31): view('kd_project/dashboard_view', [...])
 6 SYSTEMPATH/CodeIgniter.php(933): App\Controllers\Dashboard_controller->index()
 7 SYSTEMPATH/CodeIgniter.php(509): CodeIgniter\CodeIgniter->runController(Object(App\Controllers\Dashboard_controller))
 8 SYSTEMPATH/CodeIgniter.php(355): CodeIgniter\CodeIgniter->handleRequest(null, Object(Config\Cache), false)
 9 SYSTEMPATH/Boot.php(325): CodeIgniter\CodeIgniter->run()
10 SYSTEMPATH/Boot.php(67): CodeIgniter\Boot::runCodeIgniter(Object(CodeIgniter\CodeIgniter))
11 FCPATH/index.php(56): CodeIgniter\Boot::bootWeb(Object(Config\Paths))
WARNING - 2024-09-20 16:32:40 --> [DEPRECATED] number_format(): Passing null to parameter #1 ($num) of type float is deprecated in APPPATH/Views/kd_project/dashboard_view.php on line 178.
 1 APPPATH/Views/kd_project/dashboard_view.php(178): number_format(null, 2)
 2 SYSTEMPATH/View/View.php(234): include('/home/u877349608/domains/muraridubey.com/public_html/codeigniter/app/Views/kd_project/dashboard_view.php')
 3 SYSTEMPATH/View/View.php(237): CodeIgniter\View\View->CodeIgniter\View\{closure}()
 4 SYSTEMPATH/Common.php(1171): CodeIgniter\View\View->render('kd_project/dashboard_view', [], true)
 5 APPPATH/Controllers/Dashboard_controller.php(31): view('kd_project/dashboard_view', [...])
 6 SYSTEMPATH/CodeIgniter.php(933): App\Controllers\Dashboard_controller->index()
 7 SYSTEMPATH/CodeIgniter.php(509): CodeIgniter\CodeIgniter->runController(Object(App\Controllers\Dashboard_controller))
 8 SYSTEMPATH/CodeIgniter.php(355): CodeIgniter\CodeIgniter->handleRequest(null, Object(Config\Cache), false)
 9 SYSTEMPATH/Boot.php(325): CodeIgniter\CodeIgniter->run()
10 SYSTEMPATH/Boot.php(67): CodeIgniter\Boot::runCodeIgniter(Object(CodeIgniter\CodeIgniter))
11 FCPATH/index.php(56): CodeIgniter\Boot::bootWeb(Object(Config\Paths))
WARNING - 2024-09-20 16:32:40 --> [DEPRECATED] number_format(): Passing null to parameter #1 ($num) of type float is deprecated in APPPATH/Views/kd_project/dashboard_view.php on line 174.
 1 APPPATH/Views/kd_project/dashboard_view.php(174): number_format(null, 2)
 2 SYSTEMPATH/View/View.php(234): include('/home/u877349608/domains/muraridubey.com/public_html/codeigniter/app/Views/kd_project/dashboard_view.php')
 3 SYSTEMPATH/View/View.php(237): CodeIgniter\View\View->CodeIgniter\View\{closure}()
 4 SYSTEMPATH/Common.php(1171): CodeIgniter\View\View->render('kd_project/dashboard_view', [], true)
 5 APPPATH/Controllers/Dashboard_controller.php(31): view('kd_project/dashboard_view', [...])
 6 SYSTEMPATH/CodeIgniter.php(933): App\Controllers\Dashboard_controller->index()
 7 SYSTEMPATH/CodeIgniter.php(509): CodeIgniter\CodeIgniter->runController(Object(App\Controllers\Dashboard_controller))
 8 SYSTEMPATH/CodeIgniter.php(355): CodeIgniter\CodeIgniter->handleRequest(null, Object(Config\Cache), false)
 9 SYSTEMPATH/Boot.php(325): CodeIgniter\CodeIgniter->run()
10 SYSTEMPATH/Boot.php(67): CodeIgniter\Boot::runCodeIgniter(Object(CodeIgniter\CodeIgniter))
11 FCPATH/index.php(56): CodeIgniter\Boot::bootWeb(Object(Config\Paths))
WARNING - 2024-09-20 16:32:40 --> [DEPRECATED] number_format(): Passing null to parameter #1 ($num) of type float is deprecated in APPPATH/Views/kd_project/dashboard_view.php on line 178.
 1 APPPATH/Views/kd_project/dashboard_view.php(178): number_format(null, 2)
 2 SYSTEMPATH/View/View.php(234): include('/home/u877349608/domains/muraridubey.com/public_html/codeigniter/app/Views/kd_project/dashboard_view.php')
 3 SYSTEMPATH/View/View.php(237): CodeIgniter\View\View->CodeIgniter\View\{closure}()
 4 SYSTEMPATH/Common.php(1171): CodeIgniter\View\View->render('kd_project/dashboard_view', [], true)
 5 APPPATH/Controllers/Dashboard_controller.php(31): view('kd_project/dashboard_view', [...])
 6 SYSTEMPATH/CodeIgniter.php(933): App\Controllers\Dashboard_controller->index()
 7 SYSTEMPATH/CodeIgniter.php(509): CodeIgniter\CodeIgniter->runController(Object(App\Controllers\Dashboard_controller))
 8 SYSTEMPATH/CodeIgniter.php(355): CodeIgniter\CodeIgniter->handleRequest(null, Object(Config\Cache), false)
 9 SYSTEMPATH/Boot.php(325): CodeIgniter\CodeIgniter->run()
10 SYSTEMPATH/Boot.php(67): CodeIgniter\Boot::runCodeIgniter(Object(CodeIgniter\CodeIgniter))
11 FCPATH/index.php(56): CodeIgniter\Boot::bootWeb(Object(Config\Paths))
WARNING - 2024-09-20 16:32:40 --> [DEPRECATED] number_format(): Passing null to parameter #1 ($num) of type float is deprecated in APPPATH/Views/kd_project/dashboard_view.php on line 171.
 1 APPPATH/Views/kd_project/dashboard_view.php(171): number_format(null, 2)
 2 SYSTEMPATH/View/View.php(234): include('/home/u877349608/domains/muraridubey.com/public_html/codeigniter/app/Views/kd_project/dashboard_view.php')
 3 SYSTEMPATH/View/View.php(237): CodeIgniter\View\View->CodeIgniter\View\{closure}()
 4 SYSTEMPATH/Common.php(1171): CodeIgniter\View\View->render('kd_project/dashboard_view', [], true)
 5 APPPATH/Controllers/Dashboard_controller.php(31): view('kd_project/dashboard_view', [...])
 6 SYSTEMPATH/CodeIgniter.php(933): App\Controllers\Dashboard_controller->index()
 7 SYSTEMPATH/CodeIgniter.php(509): CodeIgniter\CodeIgniter->runController(Object(App\Controllers\Dashboard_controller))
 8 SYSTEMPATH/CodeIgniter.php(355): CodeIgniter\CodeIgniter->handleRequest(null, Object(Config\Cache), false)
 9 SYSTEMPATH/Boot.php(325): CodeIgniter\CodeIgniter->run()
10 SYSTEMPATH/Boot.php(67): CodeIgniter\Boot::runCodeIgniter(Object(CodeIgniter\CodeIgniter))
11 FCPATH/index.php(56): CodeIgniter\Boot::bootWeb(Object(Config\Paths))
WARNING - 2024-09-20 16:32:40 --> [DEPRECATED] number_format(): Passing null to parameter #1 ($num) of type float is deprecated in APPPATH/Views/kd_project/dashboard_view.php on line 178.
 1 APPPATH/Views/kd_project/dashboard_view.php(178): number_format(null, 2)
 2 SYSTEMPATH/View/View.php(234): include('/home/u877349608/domains/muraridubey.com/public_html/codeigniter/app/Views/kd_project/dashboard_view.php')
 3 SYSTEMPATH/View/View.php(237): CodeIgniter\View\View->CodeIgniter\View\{closure}()
 4 SYSTEMPATH/Common.php(1171): CodeIgniter\View\View->render('kd_project/dashboard_view', [], true)
 5 APPPATH/Controllers/Dashboard_controller.php(31): view('kd_project/dashboard_view', [...])
 6 SYSTEMPATH/CodeIgniter.php(933): App\Controllers\Dashboard_controller->index()
 7 SYSTEMPATH/CodeIgniter.php(509): CodeIgniter\CodeIgniter->runController(Object(App\Controllers\Dashboard_controller))
 8 SYSTEMPATH/CodeIgniter.php(355): CodeIgniter\CodeIgniter->handleRequest(null, Object(Config\Cache), false)
 9 SYSTEMPATH/Boot.php(325): CodeIgniter\CodeIgniter->run()
10 SYSTEMPATH/Boot.php(67): CodeIgniter\Boot::runCodeIgniter(Object(CodeIgniter\CodeIgniter))
11 FCPATH/index.php(56): CodeIgniter\Boot::bootWeb(Object(Config\Paths))
WARNING - 2024-09-20 16:32:40 --> [DEPRECATED] number_format(): Passing null to parameter #1 ($num) of type float is deprecated in APPPATH/Views/kd_project/dashboard_view.php on line 171.
 1 APPPATH/Views/kd_project/dashboard_view.php(171): number_format(null, 2)
 2 SYSTEMPATH/View/View.php(234): include('/home/u877349608/domains/muraridubey.com/public_html/codeigniter/app/Views/kd_project/dashboard_view.php')
 3 SYSTEMPATH/View/View.php(237): CodeIgniter\View\View->CodeIgniter\View\{closure}()
 4 SYSTEMPATH/Common.php(1171): CodeIgniter\View\View->render('kd_project/dashboard_view', [], true)
 5 APPPATH/Controllers/Dashboard_controller.php(31): view('kd_project/dashboard_view', [...])
 6 SYSTEMPATH/CodeIgniter.php(933): App\Controllers\Dashboard_controller->index()
 7 SYSTEMPATH/CodeIgniter.php(509): CodeIgniter\CodeIgniter->runController(Object(App\Controllers\Dashboard_controller))
 8 SYSTEMPATH/CodeIgniter.php(355): CodeIgniter\CodeIgniter->handleRequest(null, Object(Config\Cache), false)
 9 SYSTEMPATH/Boot.php(325): CodeIgniter\CodeIgniter->run()
10 SYSTEMPATH/Boot.php(67): CodeIgniter\Boot::runCodeIgniter(Object(CodeIgniter\CodeIgniter))
11 FCPATH/index.php(56): CodeIgniter\Boot::bootWeb(Object(Config\Paths))
WARNING - 2024-09-20 16:32:40 --> [DEPRECATED] number_format(): Passing null to parameter #1 ($num) of type float is deprecated in APPPATH/Views/kd_project/dashboard_view.php on line 178.
 1 APPPATH/Views/kd_project/dashboard_view.php(178): number_format(null, 2)
 2 SYSTEMPATH/View/View.php(234): include('/home/u877349608/domains/muraridubey.com/public_html/codeigniter/app/Views/kd_project/dashboard_view.php')
 3 SYSTEMPATH/View/View.php(237): CodeIgniter\View\View->CodeIgniter\View\{closure}()
 4 SYSTEMPATH/Common.php(1171): CodeIgniter\View\View->render('kd_project/dashboard_view', [], true)
 5 APPPATH/Controllers/Dashboard_controller.php(31): view('kd_project/dashboard_view', [...])
 6 SYSTEMPATH/CodeIgniter.php(933): App\Controllers\Dashboard_controller->index()
 7 SYSTEMPATH/CodeIgniter.php(509): CodeIgniter\CodeIgniter->runController(Object(App\Controllers\Dashboard_controller))
 8 SYSTEMPATH/CodeIgniter.php(355): CodeIgniter\CodeIgniter->handleRequest(null, Object(Config\Cache), false)
 9 SYSTEMPATH/Boot.php(325): CodeIgniter\CodeIgniter->run()
10 SYSTEMPATH/Boot.php(67): CodeIgniter\Boot::runCodeIgniter(Object(CodeIgniter\CodeIgniter))
11 FCPATH/index.php(56): CodeIgniter\Boot::bootWeb(Object(Config\Paths))
