INFO - 2024-09-22 03:24:06 --> Session: Class initialized using 'CodeIgniter\Session\Handlers\FileHandler' driver.
INFO - 2024-09-22 06:28:19 --> Session: Class initialized using 'CodeIgniter\Session\Handlers\FileHandler' driver.
INFO - 2024-09-22 06:28:19 --> Session: Class initialized using 'CodeIgniter\Session\Handlers\FileHandler' driver.
INFO - 2024-09-22 06:28:37 --> Session: Class initialized using 'CodeIgniter\Session\Handlers\FileHandler' driver.
INFO - 2024-09-22 06:28:49 --> Session: Class initialized using 'CodeIgniter\Session\Handlers\FileHandler' driver.
INFO - 2024-09-22 06:30:08 --> Session: Class initialized using 'CodeIgniter\Session\Handlers\FileHandler' driver.
INFO - 2024-09-22 06:30:08 --> Session: Class initialized using 'CodeIgniter\Session\Handlers\FileHandler' driver.
INFO - 2024-09-22 06:30:18 --> Session: Class initialized using 'CodeIgniter\Session\Handlers\FileHandler' driver.
INFO - 2024-09-22 06:30:19 --> Session: Class initialized using 'CodeIgniter\Session\Handlers\FileHandler' driver.
INFO - 2024-09-22 06:31:28 --> Session: Class initialized using 'CodeIgniter\Session\Handlers\FileHandler' driver.
INFO - 2024-09-22 06:32:10 --> Session: Class initialized using 'CodeIgniter\Session\Handlers\FileHandler' driver.
INFO - 2024-09-22 06:34:53 --> Session: Class initialized using 'CodeIgniter\Session\Handlers\FileHandler' driver.
INFO - 2024-09-22 06:35:23 --> Session: Class initialized using 'CodeIgniter\Session\Handlers\FileHandler' driver.
INFO - 2024-09-22 06:35:58 --> Session: Class initialized using 'CodeIgniter\Session\Handlers\FileHandler' driver.
INFO - 2024-09-22 06:35:58 --> Session: Class initialized using 'CodeIgniter\Session\Handlers\FileHandler' driver.
INFO - 2024-09-22 06:36:14 --> Session: Class initialized using 'CodeIgniter\Session\Handlers\FileHandler' driver.
INFO - 2024-09-22 06:36:24 --> Session: Class initialized using 'CodeIgniter\Session\Handlers\FileHandler' driver.
INFO - 2024-09-22 06:36:25 --> Session: Class initialized using 'CodeIgniter\Session\Handlers\FileHandler' driver.
INFO - 2024-09-22 06:36:35 --> Session: Class initialized using 'CodeIgniter\Session\Handlers\FileHandler' driver.
WARNING - 2024-09-22 06:36:35 --> [DEPRECATED] number_format(): Passing null to parameter #1 ($num) of type float is deprecated in APPPATH/Views/kd_project/dashboard_view.php on line 170.
 1 APPPATH/Views/kd_project/dashboard_view.php(170): number_format(null, 2)
 2 SYSTEMPATH/View/View.php(234): include('/home/u877349608/domains/muraridubey.com/public_html/codeigniter/app/Views/kd_project/dashboard_view.php')
 3 SYSTEMPATH/View/View.php(237): CodeIgniter\View\View->CodeIgniter\View\{closure}()
 4 SYSTEMPATH/Common.php(1171): CodeIgniter\View\View->render('kd_project/dashboard_view', [], true)
 5 APPPATH/Controllers/Dashboard_controller.php(37): view('kd_project/dashboard_view', [...])
 6 SYSTEMPATH/CodeIgniter.php(933): App\Controllers\Dashboard_controller->index()
 7 SYSTEMPATH/CodeIgniter.php(509): CodeIgniter\CodeIgniter->runController(Object(App\Controllers\Dashboard_controller))
 8 SYSTEMPATH/CodeIgniter.php(355): CodeIgniter\CodeIgniter->handleRequest(null, Object(Config\Cache), false)
 9 SYSTEMPATH/Boot.php(325): CodeIgniter\CodeIgniter->run()
10 SYSTEMPATH/Boot.php(67): CodeIgniter\Boot::runCodeIgniter(Object(CodeIgniter\CodeIgniter))
11 FCPATH/index.php(56): CodeIgniter\Boot::bootWeb(Object(Config\Paths))
WARNING - 2024-09-22 06:36:35 --> [DEPRECATED] number_format(): Passing null to parameter #1 ($num) of type float is deprecated in APPPATH/Views/kd_project/dashboard_view.php on line 178.
 1 APPPATH/Views/kd_project/dashboard_view.php(178): number_format(null, 2)
 2 SYSTEMPATH/View/View.php(234): include('/home/u877349608/domains/muraridubey.com/public_html/codeigniter/app/Views/kd_project/dashboard_view.php')
 3 SYSTEMPATH/View/View.php(237): CodeIgniter\View\View->CodeIgniter\View\{closure}()
 4 SYSTEMPATH/Common.php(1171): CodeIgniter\View\View->render('kd_project/dashboard_view', [], true)
 5 APPPATH/Controllers/Dashboard_controller.php(37): view('kd_project/dashboard_view', [...])
 6 SYSTEMPATH/CodeIgniter.php(933): App\Controllers\Dashboard_controller->index()
 7 SYSTEMPATH/CodeIgniter.php(509): CodeIgniter\CodeIgniter->runController(Object(App\Controllers\Dashboard_controller))
 8 SYSTEMPATH/CodeIgniter.php(355): CodeIgniter\CodeIgniter->handleRequest(null, Object(Config\Cache), false)
 9 SYSTEMPATH/Boot.php(325): CodeIgniter\CodeIgniter->run()
10 SYSTEMPATH/Boot.php(67): CodeIgniter\Boot::runCodeIgniter(Object(CodeIgniter\CodeIgniter))
11 FCPATH/index.php(56): CodeIgniter\Boot::bootWeb(Object(Config\Paths))
WARNING - 2024-09-22 06:36:35 --> [DEPRECATED] number_format(): Passing null to parameter #1 ($num) of type float is deprecated in APPPATH/Views/kd_project/dashboard_view.php on line 170.
 1 APPPATH/Views/kd_project/dashboard_view.php(170): number_format(null, 2)
 2 SYSTEMPATH/View/View.php(234): include('/home/u877349608/domains/muraridubey.com/public_html/codeigniter/app/Views/kd_project/dashboard_view.php')
 3 SYSTEMPATH/View/View.php(237): CodeIgniter\View\View->CodeIgniter\View\{closure}()
 4 SYSTEMPATH/Common.php(1171): CodeIgniter\View\View->render('kd_project/dashboard_view', [], true)
 5 APPPATH/Controllers/Dashboard_controller.php(37): view('kd_project/dashboard_view', [...])
 6 SYSTEMPATH/CodeIgniter.php(933): App\Controllers\Dashboard_controller->index()
 7 SYSTEMPATH/CodeIgniter.php(509): CodeIgniter\CodeIgniter->runController(Object(App\Controllers\Dashboard_controller))
 8 SYSTEMPATH/CodeIgniter.php(355): CodeIgniter\CodeIgniter->handleRequest(null, Object(Config\Cache), false)
 9 SYSTEMPATH/Boot.php(325): CodeIgniter\CodeIgniter->run()
10 SYSTEMPATH/Boot.php(67): CodeIgniter\Boot::runCodeIgniter(Object(CodeIgniter\CodeIgniter))
11 FCPATH/index.php(56): CodeIgniter\Boot::bootWeb(Object(Config\Paths))
WARNING - 2024-09-22 06:36:35 --> [DEPRECATED] number_format(): Passing null to parameter #1 ($num) of type float is deprecated in APPPATH/Views/kd_project/dashboard_view.php on line 178.
 1 APPPATH/Views/kd_project/dashboard_view.php(178): number_format(null, 2)
 2 SYSTEMPATH/View/View.php(234): include('/home/u877349608/domains/muraridubey.com/public_html/codeigniter/app/Views/kd_project/dashboard_view.php')
 3 SYSTEMPATH/View/View.php(237): CodeIgniter\View\View->CodeIgniter\View\{closure}()
 4 SYSTEMPATH/Common.php(1171): CodeIgniter\View\View->render('kd_project/dashboard_view', [], true)
 5 APPPATH/Controllers/Dashboard_controller.php(37): view('kd_project/dashboard_view', [...])
 6 SYSTEMPATH/CodeIgniter.php(933): App\Controllers\Dashboard_controller->index()
 7 SYSTEMPATH/CodeIgniter.php(509): CodeIgniter\CodeIgniter->runController(Object(App\Controllers\Dashboard_controller))
 8 SYSTEMPATH/CodeIgniter.php(355): CodeIgniter\CodeIgniter->handleRequest(null, Object(Config\Cache), false)
 9 SYSTEMPATH/Boot.php(325): CodeIgniter\CodeIgniter->run()
10 SYSTEMPATH/Boot.php(67): CodeIgniter\Boot::runCodeIgniter(Object(CodeIgniter\CodeIgniter))
11 FCPATH/index.php(56): CodeIgniter\Boot::bootWeb(Object(Config\Paths))
WARNING - 2024-09-22 06:36:35 --> [DEPRECATED] number_format(): Passing null to parameter #1 ($num) of type float is deprecated in APPPATH/Views/kd_project/dashboard_view.php on line 178.
 1 APPPATH/Views/kd_project/dashboard_view.php(178): number_format(null, 2)
 2 SYSTEMPATH/View/View.php(234): include('/home/u877349608/domains/muraridubey.com/public_html/codeigniter/app/Views/kd_project/dashboard_view.php')
 3 SYSTEMPATH/View/View.php(237): CodeIgniter\View\View->CodeIgniter\View\{closure}()
 4 SYSTEMPATH/Common.php(1171): CodeIgniter\View\View->render('kd_project/dashboard_view', [], true)
 5 APPPATH/Controllers/Dashboard_controller.php(37): view('kd_project/dashboard_view', [...])
 6 SYSTEMPATH/CodeIgniter.php(933): App\Controllers\Dashboard_controller->index()
 7 SYSTEMPATH/CodeIgniter.php(509): CodeIgniter\CodeIgniter->runController(Object(App\Controllers\Dashboard_controller))
 8 SYSTEMPATH/CodeIgniter.php(355): CodeIgniter\CodeIgniter->handleRequest(null, Object(Config\Cache), false)
 9 SYSTEMPATH/Boot.php(325): CodeIgniter\CodeIgniter->run()
10 SYSTEMPATH/Boot.php(67): CodeIgniter\Boot::runCodeIgniter(Object(CodeIgniter\CodeIgniter))
11 FCPATH/index.php(56): CodeIgniter\Boot::bootWeb(Object(Config\Paths))
WARNING - 2024-09-22 06:36:35 --> [DEPRECATED] number_format(): Passing null to parameter #1 ($num) of type float is deprecated in APPPATH/Views/kd_project/dashboard_view.php on line 174.
 1 APPPATH/Views/kd_project/dashboard_view.php(174): number_format(null, 2)
 2 SYSTEMPATH/View/View.php(234): include('/home/u877349608/domains/muraridubey.com/public_html/codeigniter/app/Views/kd_project/dashboard_view.php')
 3 SYSTEMPATH/View/View.php(237): CodeIgniter\View\View->CodeIgniter\View\{closure}()
 4 SYSTEMPATH/Common.php(1171): CodeIgniter\View\View->render('kd_project/dashboard_view', [], true)
 5 APPPATH/Controllers/Dashboard_controller.php(37): view('kd_project/dashboard_view', [...])
 6 SYSTEMPATH/CodeIgniter.php(933): App\Controllers\Dashboard_controller->index()
 7 SYSTEMPATH/CodeIgniter.php(509): CodeIgniter\CodeIgniter->runController(Object(App\Controllers\Dashboard_controller))
 8 SYSTEMPATH/CodeIgniter.php(355): CodeIgniter\CodeIgniter->handleRequest(null, Object(Config\Cache), false)
 9 SYSTEMPATH/Boot.php(325): CodeIgniter\CodeIgniter->run()
10 SYSTEMPATH/Boot.php(67): CodeIgniter\Boot::runCodeIgniter(Object(CodeIgniter\CodeIgniter))
11 FCPATH/index.php(56): CodeIgniter\Boot::bootWeb(Object(Config\Paths))
WARNING - 2024-09-22 06:36:35 --> [DEPRECATED] number_format(): Passing null to parameter #1 ($num) of type float is deprecated in APPPATH/Views/kd_project/dashboard_view.php on line 178.
 1 APPPATH/Views/kd_project/dashboard_view.php(178): number_format(null, 2)
 2 SYSTEMPATH/View/View.php(234): include('/home/u877349608/domains/muraridubey.com/public_html/codeigniter/app/Views/kd_project/dashboard_view.php')
 3 SYSTEMPATH/View/View.php(237): CodeIgniter\View\View->CodeIgniter\View\{closure}()
 4 SYSTEMPATH/Common.php(1171): CodeIgniter\View\View->render('kd_project/dashboard_view', [], true)
 5 APPPATH/Controllers/Dashboard_controller.php(37): view('kd_project/dashboard_view', [...])
 6 SYSTEMPATH/CodeIgniter.php(933): App\Controllers\Dashboard_controller->index()
 7 SYSTEMPATH/CodeIgniter.php(509): CodeIgniter\CodeIgniter->runController(Object(App\Controllers\Dashboard_controller))
 8 SYSTEMPATH/CodeIgniter.php(355): CodeIgniter\CodeIgniter->handleRequest(null, Object(Config\Cache), false)
 9 SYSTEMPATH/Boot.php(325): CodeIgniter\CodeIgniter->run()
10 SYSTEMPATH/Boot.php(67): CodeIgniter\Boot::runCodeIgniter(Object(CodeIgniter\CodeIgniter))
11 FCPATH/index.php(56): CodeIgniter\Boot::bootWeb(Object(Config\Paths))
WARNING - 2024-09-22 06:36:35 --> [DEPRECATED] number_format(): Passing null to parameter #1 ($num) of type float is deprecated in APPPATH/Views/kd_project/dashboard_view.php on line 171.
 1 APPPATH/Views/kd_project/dashboard_view.php(171): number_format(null, 2)
 2 SYSTEMPATH/View/View.php(234): include('/home/u877349608/domains/muraridubey.com/public_html/codeigniter/app/Views/kd_project/dashboard_view.php')
 3 SYSTEMPATH/View/View.php(237): CodeIgniter\View\View->CodeIgniter\View\{closure}()
 4 SYSTEMPATH/Common.php(1171): CodeIgniter\View\View->render('kd_project/dashboard_view', [], true)
 5 APPPATH/Controllers/Dashboard_controller.php(37): view('kd_project/dashboard_view', [...])
 6 SYSTEMPATH/CodeIgniter.php(933): App\Controllers\Dashboard_controller->index()
 7 SYSTEMPATH/CodeIgniter.php(509): CodeIgniter\CodeIgniter->runController(Object(App\Controllers\Dashboard_controller))
 8 SYSTEMPATH/CodeIgniter.php(355): CodeIgniter\CodeIgniter->handleRequest(null, Object(Config\Cache), false)
 9 SYSTEMPATH/Boot.php(325): CodeIgniter\CodeIgniter->run()
10 SYSTEMPATH/Boot.php(67): CodeIgniter\Boot::runCodeIgniter(Object(CodeIgniter\CodeIgniter))
11 FCPATH/index.php(56): CodeIgniter\Boot::bootWeb(Object(Config\Paths))
WARNING - 2024-09-22 06:36:35 --> [DEPRECATED] number_format(): Passing null to parameter #1 ($num) of type float is deprecated in APPPATH/Views/kd_project/dashboard_view.php on line 178.
 1 APPPATH/Views/kd_project/dashboard_view.php(178): number_format(null, 2)
 2 SYSTEMPATH/View/View.php(234): include('/home/u877349608/domains/muraridubey.com/public_html/codeigniter/app/Views/kd_project/dashboard_view.php')
 3 SYSTEMPATH/View/View.php(237): CodeIgniter\View\View->CodeIgniter\View\{closure}()
 4 SYSTEMPATH/Common.php(1171): CodeIgniter\View\View->render('kd_project/dashboard_view', [], true)
 5 APPPATH/Controllers/Dashboard_controller.php(37): view('kd_project/dashboard_view', [...])
 6 SYSTEMPATH/CodeIgniter.php(933): App\Controllers\Dashboard_controller->index()
 7 SYSTEMPATH/CodeIgniter.php(509): CodeIgniter\CodeIgniter->runController(Object(App\Controllers\Dashboard_controller))
 8 SYSTEMPATH/CodeIgniter.php(355): CodeIgniter\CodeIgniter->handleRequest(null, Object(Config\Cache), false)
 9 SYSTEMPATH/Boot.php(325): CodeIgniter\CodeIgniter->run()
10 SYSTEMPATH/Boot.php(67): CodeIgniter\Boot::runCodeIgniter(Object(CodeIgniter\CodeIgniter))
11 FCPATH/index.php(56): CodeIgniter\Boot::bootWeb(Object(Config\Paths))
WARNING - 2024-09-22 06:36:35 --> [DEPRECATED] number_format(): Passing null to parameter #1 ($num) of type float is deprecated in APPPATH/Views/kd_project/dashboard_view.php on line 171.
 1 APPPATH/Views/kd_project/dashboard_view.php(171): number_format(null, 2)
 2 SYSTEMPATH/View/View.php(234): include('/home/u877349608/domains/muraridubey.com/public_html/codeigniter/app/Views/kd_project/dashboard_view.php')
 3 SYSTEMPATH/View/View.php(237): CodeIgniter\View\View->CodeIgniter\View\{closure}()
 4 SYSTEMPATH/Common.php(1171): CodeIgniter\View\View->render('kd_project/dashboard_view', [], true)
 5 APPPATH/Controllers/Dashboard_controller.php(37): view('kd_project/dashboard_view', [...])
 6 SYSTEMPATH/CodeIgniter.php(933): App\Controllers\Dashboard_controller->index()
 7 SYSTEMPATH/CodeIgniter.php(509): CodeIgniter\CodeIgniter->runController(Object(App\Controllers\Dashboard_controller))
 8 SYSTEMPATH/CodeIgniter.php(355): CodeIgniter\CodeIgniter->handleRequest(null, Object(Config\Cache), false)
 9 SYSTEMPATH/Boot.php(325): CodeIgniter\CodeIgniter->run()
10 SYSTEMPATH/Boot.php(67): CodeIgniter\Boot::runCodeIgniter(Object(CodeIgniter\CodeIgniter))
11 FCPATH/index.php(56): CodeIgniter\Boot::bootWeb(Object(Config\Paths))
WARNING - 2024-09-22 06:36:35 --> [DEPRECATED] number_format(): Passing null to parameter #1 ($num) of type float is deprecated in APPPATH/Views/kd_project/dashboard_view.php on line 178.
 1 APPPATH/Views/kd_project/dashboard_view.php(178): number_format(null, 2)
 2 SYSTEMPATH/View/View.php(234): include('/home/u877349608/domains/muraridubey.com/public_html/codeigniter/app/Views/kd_project/dashboard_view.php')
 3 SYSTEMPATH/View/View.php(237): CodeIgniter\View\View->CodeIgniter\View\{closure}()
 4 SYSTEMPATH/Common.php(1171): CodeIgniter\View\View->render('kd_project/dashboard_view', [], true)
 5 APPPATH/Controllers/Dashboard_controller.php(37): view('kd_project/dashboard_view', [...])
 6 SYSTEMPATH/CodeIgniter.php(933): App\Controllers\Dashboard_controller->index()
 7 SYSTEMPATH/CodeIgniter.php(509): CodeIgniter\CodeIgniter->runController(Object(App\Controllers\Dashboard_controller))
 8 SYSTEMPATH/CodeIgniter.php(355): CodeIgniter\CodeIgniter->handleRequest(null, Object(Config\Cache), false)
 9 SYSTEMPATH/Boot.php(325): CodeIgniter\CodeIgniter->run()
10 SYSTEMPATH/Boot.php(67): CodeIgniter\Boot::runCodeIgniter(Object(CodeIgniter\CodeIgniter))
11 FCPATH/index.php(56): CodeIgniter\Boot::bootWeb(Object(Config\Paths))
INFO - 2024-09-22 06:36:43 --> Session: Class initialized using 'CodeIgniter\Session\Handlers\FileHandler' driver.
INFO - 2024-09-22 06:36:44 --> Session: Class initialized using 'CodeIgniter\Session\Handlers\FileHandler' driver.
INFO - 2024-09-22 06:42:20 --> Session: Class initialized using 'CodeIgniter\Session\Handlers\FileHandler' driver.
INFO - 2024-09-22 06:42:30 --> Session: Class initialized using 'CodeIgniter\Session\Handlers\FileHandler' driver.
INFO - 2024-09-22 06:48:01 --> Session: Class initialized using 'CodeIgniter\Session\Handlers\FileHandler' driver.
INFO - 2024-09-22 06:48:01 --> Session: Class initialized using 'CodeIgniter\Session\Handlers\FileHandler' driver.
INFO - 2024-09-22 06:48:05 --> Session: Class initialized using 'CodeIgniter\Session\Handlers\FileHandler' driver.
INFO - 2024-09-22 06:48:05 --> Session: Class initialized using 'CodeIgniter\Session\Handlers\FileHandler' driver.
INFO - 2024-09-22 06:48:07 --> Session: Class initialized using 'CodeIgniter\Session\Handlers\FileHandler' driver.
INFO - 2024-09-22 06:48:07 --> Session: Class initialized using 'CodeIgniter\Session\Handlers\FileHandler' driver.
INFO - 2024-09-22 06:48:10 --> Session: Class initialized using 'CodeIgniter\Session\Handlers\FileHandler' driver.
INFO - 2024-09-22 06:48:10 --> Session: Class initialized using 'CodeIgniter\Session\Handlers\FileHandler' driver.
INFO - 2024-09-22 06:48:12 --> Session: Class initialized using 'CodeIgniter\Session\Handlers\FileHandler' driver.
INFO - 2024-09-22 06:50:57 --> Session: Class initialized using 'CodeIgniter\Session\Handlers\FileHandler' driver.
INFO - 2024-09-22 06:50:59 --> Session: Class initialized using 'CodeIgniter\Session\Handlers\FileHandler' driver.
INFO - 2024-09-22 06:51:08 --> Session: Class initialized using 'CodeIgniter\Session\Handlers\FileHandler' driver.
INFO - 2024-09-22 06:51:58 --> Session: Class initialized using 'CodeIgniter\Session\Handlers\FileHandler' driver.
INFO - 2024-09-22 06:52:00 --> Session: Class initialized using 'CodeIgniter\Session\Handlers\FileHandler' driver.
INFO - 2024-09-22 06:52:08 --> Session: Class initialized using 'CodeIgniter\Session\Handlers\FileHandler' driver.
WARNING - 2024-09-22 06:52:08 --> [DEPRECATED] number_format(): Passing null to parameter #1 ($num) of type float is deprecated in APPPATH/Views/kd_project/dashboard_view.php on line 170.
 1 APPPATH/Views/kd_project/dashboard_view.php(170): number_format(null, 2)
 2 SYSTEMPATH/View/View.php(234): include('/home/u877349608/domains/muraridubey.com/public_html/codeigniter/app/Views/kd_project/dashboard_view.php')
 3 SYSTEMPATH/View/View.php(237): CodeIgniter\View\View->CodeIgniter\View\{closure}()
 4 SYSTEMPATH/Common.php(1171): CodeIgniter\View\View->render('kd_project/dashboard_view', [], true)
 5 APPPATH/Controllers/Dashboard_controller.php(37): view('kd_project/dashboard_view', [...])
 6 SYSTEMPATH/CodeIgniter.php(933): App\Controllers\Dashboard_controller->index()
 7 SYSTEMPATH/CodeIgniter.php(509): CodeIgniter\CodeIgniter->runController(Object(App\Controllers\Dashboard_controller))
 8 SYSTEMPATH/CodeIgniter.php(355): CodeIgniter\CodeIgniter->handleRequest(null, Object(Config\Cache), false)
 9 SYSTEMPATH/Boot.php(325): CodeIgniter\CodeIgniter->run()
10 SYSTEMPATH/Boot.php(67): CodeIgniter\Boot::runCodeIgniter(Object(CodeIgniter\CodeIgniter))
11 FCPATH/index.php(56): CodeIgniter\Boot::bootWeb(Object(Config\Paths))
WARNING - 2024-09-22 06:52:08 --> [DEPRECATED] number_format(): Passing null to parameter #1 ($num) of type float is deprecated in APPPATH/Views/kd_project/dashboard_view.php on line 178.
 1 APPPATH/Views/kd_project/dashboard_view.php(178): number_format(null, 2)
 2 SYSTEMPATH/View/View.php(234): include('/home/u877349608/domains/muraridubey.com/public_html/codeigniter/app/Views/kd_project/dashboard_view.php')
 3 SYSTEMPATH/View/View.php(237): CodeIgniter\View\View->CodeIgniter\View\{closure}()
 4 SYSTEMPATH/Common.php(1171): CodeIgniter\View\View->render('kd_project/dashboard_view', [], true)
 5 APPPATH/Controllers/Dashboard_controller.php(37): view('kd_project/dashboard_view', [...])
 6 SYSTEMPATH/CodeIgniter.php(933): App\Controllers\Dashboard_controller->index()
 7 SYSTEMPATH/CodeIgniter.php(509): CodeIgniter\CodeIgniter->runController(Object(App\Controllers\Dashboard_controller))
 8 SYSTEMPATH/CodeIgniter.php(355): CodeIgniter\CodeIgniter->handleRequest(null, Object(Config\Cache), false)
 9 SYSTEMPATH/Boot.php(325): CodeIgniter\CodeIgniter->run()
10 SYSTEMPATH/Boot.php(67): CodeIgniter\Boot::runCodeIgniter(Object(CodeIgniter\CodeIgniter))
11 FCPATH/index.php(56): CodeIgniter\Boot::bootWeb(Object(Config\Paths))
WARNING - 2024-09-22 06:52:08 --> [DEPRECATED] number_format(): Passing null to parameter #1 ($num) of type float is deprecated in APPPATH/Views/kd_project/dashboard_view.php on line 170.
 1 APPPATH/Views/kd_project/dashboard_view.php(170): number_format(null, 2)
 2 SYSTEMPATH/View/View.php(234): include('/home/u877349608/domains/muraridubey.com/public_html/codeigniter/app/Views/kd_project/dashboard_view.php')
 3 SYSTEMPATH/View/View.php(237): CodeIgniter\View\View->CodeIgniter\View\{closure}()
 4 SYSTEMPATH/Common.php(1171): CodeIgniter\View\View->render('kd_project/dashboard_view', [], true)
 5 APPPATH/Controllers/Dashboard_controller.php(37): view('kd_project/dashboard_view', [...])
 6 SYSTEMPATH/CodeIgniter.php(933): App\Controllers\Dashboard_controller->index()
 7 SYSTEMPATH/CodeIgniter.php(509): CodeIgniter\CodeIgniter->runController(Object(App\Controllers\Dashboard_controller))
 8 SYSTEMPATH/CodeIgniter.php(355): CodeIgniter\CodeIgniter->handleRequest(null, Object(Config\Cache), false)
 9 SYSTEMPATH/Boot.php(325): CodeIgniter\CodeIgniter->run()
10 SYSTEMPATH/Boot.php(67): CodeIgniter\Boot::runCodeIgniter(Object(CodeIgniter\CodeIgniter))
11 FCPATH/index.php(56): CodeIgniter\Boot::bootWeb(Object(Config\Paths))
WARNING - 2024-09-22 06:52:08 --> [DEPRECATED] number_format(): Passing null to parameter #1 ($num) of type float is deprecated in APPPATH/Views/kd_project/dashboard_view.php on line 178.
 1 APPPATH/Views/kd_project/dashboard_view.php(178): number_format(null, 2)
 2 SYSTEMPATH/View/View.php(234): include('/home/u877349608/domains/muraridubey.com/public_html/codeigniter/app/Views/kd_project/dashboard_view.php')
 3 SYSTEMPATH/View/View.php(237): CodeIgniter\View\View->CodeIgniter\View\{closure}()
 4 SYSTEMPATH/Common.php(1171): CodeIgniter\View\View->render('kd_project/dashboard_view', [], true)
 5 APPPATH/Controllers/Dashboard_controller.php(37): view('kd_project/dashboard_view', [...])
 6 SYSTEMPATH/CodeIgniter.php(933): App\Controllers\Dashboard_controller->index()
 7 SYSTEMPATH/CodeIgniter.php(509): CodeIgniter\CodeIgniter->runController(Object(App\Controllers\Dashboard_controller))
 8 SYSTEMPATH/CodeIgniter.php(355): CodeIgniter\CodeIgniter->handleRequest(null, Object(Config\Cache), false)
 9 SYSTEMPATH/Boot.php(325): CodeIgniter\CodeIgniter->run()
10 SYSTEMPATH/Boot.php(67): CodeIgniter\Boot::runCodeIgniter(Object(CodeIgniter\CodeIgniter))
11 FCPATH/index.php(56): CodeIgniter\Boot::bootWeb(Object(Config\Paths))
WARNING - 2024-09-22 06:52:08 --> [DEPRECATED] number_format(): Passing null to parameter #1 ($num) of type float is deprecated in APPPATH/Views/kd_project/dashboard_view.php on line 178.
 1 APPPATH/Views/kd_project/dashboard_view.php(178): number_format(null, 2)
 2 SYSTEMPATH/View/View.php(234): include('/home/u877349608/domains/muraridubey.com/public_html/codeigniter/app/Views/kd_project/dashboard_view.php')
 3 SYSTEMPATH/View/View.php(237): CodeIgniter\View\View->CodeIgniter\View\{closure}()
 4 SYSTEMPATH/Common.php(1171): CodeIgniter\View\View->render('kd_project/dashboard_view', [], true)
 5 APPPATH/Controllers/Dashboard_controller.php(37): view('kd_project/dashboard_view', [...])
 6 SYSTEMPATH/CodeIgniter.php(933): App\Controllers\Dashboard_controller->index()
 7 SYSTEMPATH/CodeIgniter.php(509): CodeIgniter\CodeIgniter->runController(Object(App\Controllers\Dashboard_controller))
 8 SYSTEMPATH/CodeIgniter.php(355): CodeIgniter\CodeIgniter->handleRequest(null, Object(Config\Cache), false)
 9 SYSTEMPATH/Boot.php(325): CodeIgniter\CodeIgniter->run()
10 SYSTEMPATH/Boot.php(67): CodeIgniter\Boot::runCodeIgniter(Object(CodeIgniter\CodeIgniter))
11 FCPATH/index.php(56): CodeIgniter\Boot::bootWeb(Object(Config\Paths))
WARNING - 2024-09-22 06:52:08 --> [DEPRECATED] number_format(): Passing null to parameter #1 ($num) of type float is deprecated in APPPATH/Views/kd_project/dashboard_view.php on line 171.
 1 APPPATH/Views/kd_project/dashboard_view.php(171): number_format(null, 2)
 2 SYSTEMPATH/View/View.php(234): include('/home/u877349608/domains/muraridubey.com/public_html/codeigniter/app/Views/kd_project/dashboard_view.php')
 3 SYSTEMPATH/View/View.php(237): CodeIgniter\View\View->CodeIgniter\View\{closure}()
 4 SYSTEMPATH/Common.php(1171): CodeIgniter\View\View->render('kd_project/dashboard_view', [], true)
 5 APPPATH/Controllers/Dashboard_controller.php(37): view('kd_project/dashboard_view', [...])
 6 SYSTEMPATH/CodeIgniter.php(933): App\Controllers\Dashboard_controller->index()
 7 SYSTEMPATH/CodeIgniter.php(509): CodeIgniter\CodeIgniter->runController(Object(App\Controllers\Dashboard_controller))
 8 SYSTEMPATH/CodeIgniter.php(355): CodeIgniter\CodeIgniter->handleRequest(null, Object(Config\Cache), false)
 9 SYSTEMPATH/Boot.php(325): CodeIgniter\CodeIgniter->run()
10 SYSTEMPATH/Boot.php(67): CodeIgniter\Boot::runCodeIgniter(Object(CodeIgniter\CodeIgniter))
11 FCPATH/index.php(56): CodeIgniter\Boot::bootWeb(Object(Config\Paths))
WARNING - 2024-09-22 06:52:08 --> [DEPRECATED] number_format(): Passing null to parameter #1 ($num) of type float is deprecated in APPPATH/Views/kd_project/dashboard_view.php on line 178.
 1 APPPATH/Views/kd_project/dashboard_view.php(178): number_format(null, 2)
 2 SYSTEMPATH/View/View.php(234): include('/home/u877349608/domains/muraridubey.com/public_html/codeigniter/app/Views/kd_project/dashboard_view.php')
 3 SYSTEMPATH/View/View.php(237): CodeIgniter\View\View->CodeIgniter\View\{closure}()
 4 SYSTEMPATH/Common.php(1171): CodeIgniter\View\View->render('kd_project/dashboard_view', [], true)
 5 APPPATH/Controllers/Dashboard_controller.php(37): view('kd_project/dashboard_view', [...])
 6 SYSTEMPATH/CodeIgniter.php(933): App\Controllers\Dashboard_controller->index()
 7 SYSTEMPATH/CodeIgniter.php(509): CodeIgniter\CodeIgniter->runController(Object(App\Controllers\Dashboard_controller))
 8 SYSTEMPATH/CodeIgniter.php(355): CodeIgniter\CodeIgniter->handleRequest(null, Object(Config\Cache), false)
 9 SYSTEMPATH/Boot.php(325): CodeIgniter\CodeIgniter->run()
10 SYSTEMPATH/Boot.php(67): CodeIgniter\Boot::runCodeIgniter(Object(CodeIgniter\CodeIgniter))
11 FCPATH/index.php(56): CodeIgniter\Boot::bootWeb(Object(Config\Paths))
WARNING - 2024-09-22 06:52:08 --> [DEPRECATED] number_format(): Passing null to parameter #1 ($num) of type float is deprecated in APPPATH/Views/kd_project/dashboard_view.php on line 174.
 1 APPPATH/Views/kd_project/dashboard_view.php(174): number_format(null, 2)
 2 SYSTEMPATH/View/View.php(234): include('/home/u877349608/domains/muraridubey.com/public_html/codeigniter/app/Views/kd_project/dashboard_view.php')
 3 SYSTEMPATH/View/View.php(237): CodeIgniter\View\View->CodeIgniter\View\{closure}()
 4 SYSTEMPATH/Common.php(1171): CodeIgniter\View\View->render('kd_project/dashboard_view', [], true)
 5 APPPATH/Controllers/Dashboard_controller.php(37): view('kd_project/dashboard_view', [...])
 6 SYSTEMPATH/CodeIgniter.php(933): App\Controllers\Dashboard_controller->index()
 7 SYSTEMPATH/CodeIgniter.php(509): CodeIgniter\CodeIgniter->runController(Object(App\Controllers\Dashboard_controller))
 8 SYSTEMPATH/CodeIgniter.php(355): CodeIgniter\CodeIgniter->handleRequest(null, Object(Config\Cache), false)
 9 SYSTEMPATH/Boot.php(325): CodeIgniter\CodeIgniter->run()
10 SYSTEMPATH/Boot.php(67): CodeIgniter\Boot::runCodeIgniter(Object(CodeIgniter\CodeIgniter))
11 FCPATH/index.php(56): CodeIgniter\Boot::bootWeb(Object(Config\Paths))
WARNING - 2024-09-22 06:52:08 --> [DEPRECATED] number_format(): Passing null to parameter #1 ($num) of type float is deprecated in APPPATH/Views/kd_project/dashboard_view.php on line 178.
 1 APPPATH/Views/kd_project/dashboard_view.php(178): number_format(null, 2)
 2 SYSTEMPATH/View/View.php(234): include('/home/u877349608/domains/muraridubey.com/public_html/codeigniter/app/Views/kd_project/dashboard_view.php')
 3 SYSTEMPATH/View/View.php(237): CodeIgniter\View\View->CodeIgniter\View\{closure}()
 4 SYSTEMPATH/Common.php(1171): CodeIgniter\View\View->render('kd_project/dashboard_view', [], true)
 5 APPPATH/Controllers/Dashboard_controller.php(37): view('kd_project/dashboard_view', [...])
 6 SYSTEMPATH/CodeIgniter.php(933): App\Controllers\Dashboard_controller->index()
 7 SYSTEMPATH/CodeIgniter.php(509): CodeIgniter\CodeIgniter->runController(Object(App\Controllers\Dashboard_controller))
 8 SYSTEMPATH/CodeIgniter.php(355): CodeIgniter\CodeIgniter->handleRequest(null, Object(Config\Cache), false)
 9 SYSTEMPATH/Boot.php(325): CodeIgniter\CodeIgniter->run()
10 SYSTEMPATH/Boot.php(67): CodeIgniter\Boot::runCodeIgniter(Object(CodeIgniter\CodeIgniter))
11 FCPATH/index.php(56): CodeIgniter\Boot::bootWeb(Object(Config\Paths))
WARNING - 2024-09-22 06:52:08 --> [DEPRECATED] number_format(): Passing null to parameter #1 ($num) of type float is deprecated in APPPATH/Views/kd_project/dashboard_view.php on line 171.
 1 APPPATH/Views/kd_project/dashboard_view.php(171): number_format(null, 2)
 2 SYSTEMPATH/View/View.php(234): include('/home/u877349608/domains/muraridubey.com/public_html/codeigniter/app/Views/kd_project/dashboard_view.php')
 3 SYSTEMPATH/View/View.php(237): CodeIgniter\View\View->CodeIgniter\View\{closure}()
 4 SYSTEMPATH/Common.php(1171): CodeIgniter\View\View->render('kd_project/dashboard_view', [], true)
 5 APPPATH/Controllers/Dashboard_controller.php(37): view('kd_project/dashboard_view', [...])
 6 SYSTEMPATH/CodeIgniter.php(933): App\Controllers\Dashboard_controller->index()
 7 SYSTEMPATH/CodeIgniter.php(509): CodeIgniter\CodeIgniter->runController(Object(App\Controllers\Dashboard_controller))
 8 SYSTEMPATH/CodeIgniter.php(355): CodeIgniter\CodeIgniter->handleRequest(null, Object(Config\Cache), false)
 9 SYSTEMPATH/Boot.php(325): CodeIgniter\CodeIgniter->run()
10 SYSTEMPATH/Boot.php(67): CodeIgniter\Boot::runCodeIgniter(Object(CodeIgniter\CodeIgniter))
11 FCPATH/index.php(56): CodeIgniter\Boot::bootWeb(Object(Config\Paths))
WARNING - 2024-09-22 06:52:08 --> [DEPRECATED] number_format(): Passing null to parameter #1 ($num) of type float is deprecated in APPPATH/Views/kd_project/dashboard_view.php on line 178.
 1 APPPATH/Views/kd_project/dashboard_view.php(178): number_format(null, 2)
 2 SYSTEMPATH/View/View.php(234): include('/home/u877349608/domains/muraridubey.com/public_html/codeigniter/app/Views/kd_project/dashboard_view.php')
 3 SYSTEMPATH/View/View.php(237): CodeIgniter\View\View->CodeIgniter\View\{closure}()
 4 SYSTEMPATH/Common.php(1171): CodeIgniter\View\View->render('kd_project/dashboard_view', [], true)
 5 APPPATH/Controllers/Dashboard_controller.php(37): view('kd_project/dashboard_view', [...])
 6 SYSTEMPATH/CodeIgniter.php(933): App\Controllers\Dashboard_controller->index()
 7 SYSTEMPATH/CodeIgniter.php(509): CodeIgniter\CodeIgniter->runController(Object(App\Controllers\Dashboard_controller))
 8 SYSTEMPATH/CodeIgniter.php(355): CodeIgniter\CodeIgniter->handleRequest(null, Object(Config\Cache), false)
 9 SYSTEMPATH/Boot.php(325): CodeIgniter\CodeIgniter->run()
10 SYSTEMPATH/Boot.php(67): CodeIgniter\Boot::runCodeIgniter(Object(CodeIgniter\CodeIgniter))
11 FCPATH/index.php(56): CodeIgniter\Boot::bootWeb(Object(Config\Paths))
WARNING - 2024-09-22 06:52:08 --> [DEPRECATED] number_format(): Passing null to parameter #1 ($num) of type float is deprecated in APPPATH/Views/kd_project/dashboard_view.php on line 171.
 1 APPPATH/Views/kd_project/dashboard_view.php(171): number_format(null, 2)
 2 SYSTEMPATH/View/View.php(234): include('/home/u877349608/domains/muraridubey.com/public_html/codeigniter/app/Views/kd_project/dashboard_view.php')
 3 SYSTEMPATH/View/View.php(237): CodeIgniter\View\View->CodeIgniter\View\{closure}()
 4 SYSTEMPATH/Common.php(1171): CodeIgniter\View\View->render('kd_project/dashboard_view', [], true)
 5 APPPATH/Controllers/Dashboard_controller.php(37): view('kd_project/dashboard_view', [...])
 6 SYSTEMPATH/CodeIgniter.php(933): App\Controllers\Dashboard_controller->index()
 7 SYSTEMPATH/CodeIgniter.php(509): CodeIgniter\CodeIgniter->runController(Object(App\Controllers\Dashboard_controller))
 8 SYSTEMPATH/CodeIgniter.php(355): CodeIgniter\CodeIgniter->handleRequest(null, Object(Config\Cache), false)
 9 SYSTEMPATH/Boot.php(325): CodeIgniter\CodeIgniter->run()
10 SYSTEMPATH/Boot.php(67): CodeIgniter\Boot::runCodeIgniter(Object(CodeIgniter\CodeIgniter))
11 FCPATH/index.php(56): CodeIgniter\Boot::bootWeb(Object(Config\Paths))
WARNING - 2024-09-22 06:52:08 --> [DEPRECATED] number_format(): Passing null to parameter #1 ($num) of type float is deprecated in APPPATH/Views/kd_project/dashboard_view.php on line 178.
 1 APPPATH/Views/kd_project/dashboard_view.php(178): number_format(null, 2)
 2 SYSTEMPATH/View/View.php(234): include('/home/u877349608/domains/muraridubey.com/public_html/codeigniter/app/Views/kd_project/dashboard_view.php')
 3 SYSTEMPATH/View/View.php(237): CodeIgniter\View\View->CodeIgniter\View\{closure}()
 4 SYSTEMPATH/Common.php(1171): CodeIgniter\View\View->render('kd_project/dashboard_view', [], true)
 5 APPPATH/Controllers/Dashboard_controller.php(37): view('kd_project/dashboard_view', [...])
 6 SYSTEMPATH/CodeIgniter.php(933): App\Controllers\Dashboard_controller->index()
 7 SYSTEMPATH/CodeIgniter.php(509): CodeIgniter\CodeIgniter->runController(Object(App\Controllers\Dashboard_controller))
 8 SYSTEMPATH/CodeIgniter.php(355): CodeIgniter\CodeIgniter->handleRequest(null, Object(Config\Cache), false)
 9 SYSTEMPATH/Boot.php(325): CodeIgniter\CodeIgniter->run()
10 SYSTEMPATH/Boot.php(67): CodeIgniter\Boot::runCodeIgniter(Object(CodeIgniter\CodeIgniter))
11 FCPATH/index.php(56): CodeIgniter\Boot::bootWeb(Object(Config\Paths))
INFO - 2024-09-22 06:52:47 --> Session: Class initialized using 'CodeIgniter\Session\Handlers\FileHandler' driver.
INFO - 2024-09-22 06:53:42 --> Session: Class initialized using 'CodeIgniter\Session\Handlers\FileHandler' driver.
INFO - 2024-09-22 06:53:44 --> Session: Class initialized using 'CodeIgniter\Session\Handlers\FileHandler' driver.
INFO - 2024-09-22 06:53:52 --> Session: Class initialized using 'CodeIgniter\Session\Handlers\FileHandler' driver.
INFO - 2024-09-22 06:54:33 --> Session: Class initialized using 'CodeIgniter\Session\Handlers\FileHandler' driver.
INFO - 2024-09-22 06:54:35 --> Session: Class initialized using 'CodeIgniter\Session\Handlers\FileHandler' driver.
INFO - 2024-09-22 06:55:36 --> Session: Class initialized using 'CodeIgniter\Session\Handlers\FileHandler' driver.
WARNING - 2024-09-22 06:55:36 --> [DEPRECATED] number_format(): Passing null to parameter #1 ($num) of type float is deprecated in APPPATH/Views/kd_project/dashboard_view.php on line 170.
 1 APPPATH/Views/kd_project/dashboard_view.php(170): number_format(null, 2)
 2 SYSTEMPATH/View/View.php(234): include('/home/u877349608/domains/muraridubey.com/public_html/codeigniter/app/Views/kd_project/dashboard_view.php')
 3 SYSTEMPATH/View/View.php(237): CodeIgniter\View\View->CodeIgniter\View\{closure}()
 4 SYSTEMPATH/Common.php(1171): CodeIgniter\View\View->render('kd_project/dashboard_view', [], true)
 5 APPPATH/Controllers/Dashboard_controller.php(37): view('kd_project/dashboard_view', [...])
 6 SYSTEMPATH/CodeIgniter.php(933): App\Controllers\Dashboard_controller->index()
 7 SYSTEMPATH/CodeIgniter.php(509): CodeIgniter\CodeIgniter->runController(Object(App\Controllers\Dashboard_controller))
 8 SYSTEMPATH/CodeIgniter.php(355): CodeIgniter\CodeIgniter->handleRequest(null, Object(Config\Cache), false)
 9 SYSTEMPATH/Boot.php(325): CodeIgniter\CodeIgniter->run()
10 SYSTEMPATH/Boot.php(67): CodeIgniter\Boot::runCodeIgniter(Object(CodeIgniter\CodeIgniter))
11 FCPATH/index.php(56): CodeIgniter\Boot::bootWeb(Object(Config\Paths))
WARNING - 2024-09-22 06:55:36 --> [DEPRECATED] number_format(): Passing null to parameter #1 ($num) of type float is deprecated in APPPATH/Views/kd_project/dashboard_view.php on line 178.
 1 APPPATH/Views/kd_project/dashboard_view.php(178): number_format(null, 2)
 2 SYSTEMPATH/View/View.php(234): include('/home/u877349608/domains/muraridubey.com/public_html/codeigniter/app/Views/kd_project/dashboard_view.php')
 3 SYSTEMPATH/View/View.php(237): CodeIgniter\View\View->CodeIgniter\View\{closure}()
 4 SYSTEMPATH/Common.php(1171): CodeIgniter\View\View->render('kd_project/dashboard_view', [], true)
 5 APPPATH/Controllers/Dashboard_controller.php(37): view('kd_project/dashboard_view', [...])
 6 SYSTEMPATH/CodeIgniter.php(933): App\Controllers\Dashboard_controller->index()
 7 SYSTEMPATH/CodeIgniter.php(509): CodeIgniter\CodeIgniter->runController(Object(App\Controllers\Dashboard_controller))
 8 SYSTEMPATH/CodeIgniter.php(355): CodeIgniter\CodeIgniter->handleRequest(null, Object(Config\Cache), false)
 9 SYSTEMPATH/Boot.php(325): CodeIgniter\CodeIgniter->run()
10 SYSTEMPATH/Boot.php(67): CodeIgniter\Boot::runCodeIgniter(Object(CodeIgniter\CodeIgniter))
11 FCPATH/index.php(56): CodeIgniter\Boot::bootWeb(Object(Config\Paths))
WARNING - 2024-09-22 06:55:36 --> [DEPRECATED] number_format(): Passing null to parameter #1 ($num) of type float is deprecated in APPPATH/Views/kd_project/dashboard_view.php on line 170.
 1 APPPATH/Views/kd_project/dashboard_view.php(170): number_format(null, 2)
 2 SYSTEMPATH/View/View.php(234): include('/home/u877349608/domains/muraridubey.com/public_html/codeigniter/app/Views/kd_project/dashboard_view.php')
 3 SYSTEMPATH/View/View.php(237): CodeIgniter\View\View->CodeIgniter\View\{closure}()
 4 SYSTEMPATH/Common.php(1171): CodeIgniter\View\View->render('kd_project/dashboard_view', [], true)
 5 APPPATH/Controllers/Dashboard_controller.php(37): view('kd_project/dashboard_view', [...])
 6 SYSTEMPATH/CodeIgniter.php(933): App\Controllers\Dashboard_controller->index()
 7 SYSTEMPATH/CodeIgniter.php(509): CodeIgniter\CodeIgniter->runController(Object(App\Controllers\Dashboard_controller))
 8 SYSTEMPATH/CodeIgniter.php(355): CodeIgniter\CodeIgniter->handleRequest(null, Object(Config\Cache), false)
 9 SYSTEMPATH/Boot.php(325): CodeIgniter\CodeIgniter->run()
10 SYSTEMPATH/Boot.php(67): CodeIgniter\Boot::runCodeIgniter(Object(CodeIgniter\CodeIgniter))
11 FCPATH/index.php(56): CodeIgniter\Boot::bootWeb(Object(Config\Paths))
WARNING - 2024-09-22 06:55:36 --> [DEPRECATED] number_format(): Passing null to parameter #1 ($num) of type float is deprecated in APPPATH/Views/kd_project/dashboard_view.php on line 178.
 1 APPPATH/Views/kd_project/dashboard_view.php(178): number_format(null, 2)
 2 SYSTEMPATH/View/View.php(234): include('/home/u877349608/domains/muraridubey.com/public_html/codeigniter/app/Views/kd_project/dashboard_view.php')
 3 SYSTEMPATH/View/View.php(237): CodeIgniter\View\View->CodeIgniter\View\{closure}()
 4 SYSTEMPATH/Common.php(1171): CodeIgniter\View\View->render('kd_project/dashboard_view', [], true)
 5 APPPATH/Controllers/Dashboard_controller.php(37): view('kd_project/dashboard_view', [...])
 6 SYSTEMPATH/CodeIgniter.php(933): App\Controllers\Dashboard_controller->index()
 7 SYSTEMPATH/CodeIgniter.php(509): CodeIgniter\CodeIgniter->runController(Object(App\Controllers\Dashboard_controller))
 8 SYSTEMPATH/CodeIgniter.php(355): CodeIgniter\CodeIgniter->handleRequest(null, Object(Config\Cache), false)
 9 SYSTEMPATH/Boot.php(325): CodeIgniter\CodeIgniter->run()
10 SYSTEMPATH/Boot.php(67): CodeIgniter\Boot::runCodeIgniter(Object(CodeIgniter\CodeIgniter))
11 FCPATH/index.php(56): CodeIgniter\Boot::bootWeb(Object(Config\Paths))
WARNING - 2024-09-22 06:55:36 --> [DEPRECATED] number_format(): Passing null to parameter #1 ($num) of type float is deprecated in APPPATH/Views/kd_project/dashboard_view.php on line 178.
 1 APPPATH/Views/kd_project/dashboard_view.php(178): number_format(null, 2)
 2 SYSTEMPATH/View/View.php(234): include('/home/u877349608/domains/muraridubey.com/public_html/codeigniter/app/Views/kd_project/dashboard_view.php')
 3 SYSTEMPATH/View/View.php(237): CodeIgniter\View\View->CodeIgniter\View\{closure}()
 4 SYSTEMPATH/Common.php(1171): CodeIgniter\View\View->render('kd_project/dashboard_view', [], true)
 5 APPPATH/Controllers/Dashboard_controller.php(37): view('kd_project/dashboard_view', [...])
 6 SYSTEMPATH/CodeIgniter.php(933): App\Controllers\Dashboard_controller->index()
 7 SYSTEMPATH/CodeIgniter.php(509): CodeIgniter\CodeIgniter->runController(Object(App\Controllers\Dashboard_controller))
 8 SYSTEMPATH/CodeIgniter.php(355): CodeIgniter\CodeIgniter->handleRequest(null, Object(Config\Cache), false)
 9 SYSTEMPATH/Boot.php(325): CodeIgniter\CodeIgniter->run()
10 SYSTEMPATH/Boot.php(67): CodeIgniter\Boot::runCodeIgniter(Object(CodeIgniter\CodeIgniter))
11 FCPATH/index.php(56): CodeIgniter\Boot::bootWeb(Object(Config\Paths))
WARNING - 2024-09-22 06:55:36 --> [DEPRECATED] number_format(): Passing null to parameter #1 ($num) of type float is deprecated in APPPATH/Views/kd_project/dashboard_view.php on line 171.
 1 APPPATH/Views/kd_project/dashboard_view.php(171): number_format(null, 2)
 2 SYSTEMPATH/View/View.php(234): include('/home/u877349608/domains/muraridubey.com/public_html/codeigniter/app/Views/kd_project/dashboard_view.php')
 3 SYSTEMPATH/View/View.php(237): CodeIgniter\View\View->CodeIgniter\View\{closure}()
 4 SYSTEMPATH/Common.php(1171): CodeIgniter\View\View->render('kd_project/dashboard_view', [], true)
 5 APPPATH/Controllers/Dashboard_controller.php(37): view('kd_project/dashboard_view', [...])
 6 SYSTEMPATH/CodeIgniter.php(933): App\Controllers\Dashboard_controller->index()
 7 SYSTEMPATH/CodeIgniter.php(509): CodeIgniter\CodeIgniter->runController(Object(App\Controllers\Dashboard_controller))
 8 SYSTEMPATH/CodeIgniter.php(355): CodeIgniter\CodeIgniter->handleRequest(null, Object(Config\Cache), false)
 9 SYSTEMPATH/Boot.php(325): CodeIgniter\CodeIgniter->run()
10 SYSTEMPATH/Boot.php(67): CodeIgniter\Boot::runCodeIgniter(Object(CodeIgniter\CodeIgniter))
11 FCPATH/index.php(56): CodeIgniter\Boot::bootWeb(Object(Config\Paths))
WARNING - 2024-09-22 06:55:36 --> [DEPRECATED] number_format(): Passing null to parameter #1 ($num) of type float is deprecated in APPPATH/Views/kd_project/dashboard_view.php on line 178.
 1 APPPATH/Views/kd_project/dashboard_view.php(178): number_format(null, 2)
 2 SYSTEMPATH/View/View.php(234): include('/home/u877349608/domains/muraridubey.com/public_html/codeigniter/app/Views/kd_project/dashboard_view.php')
 3 SYSTEMPATH/View/View.php(237): CodeIgniter\View\View->CodeIgniter\View\{closure}()
 4 SYSTEMPATH/Common.php(1171): CodeIgniter\View\View->render('kd_project/dashboard_view', [], true)
 5 APPPATH/Controllers/Dashboard_controller.php(37): view('kd_project/dashboard_view', [...])
 6 SYSTEMPATH/CodeIgniter.php(933): App\Controllers\Dashboard_controller->index()
 7 SYSTEMPATH/CodeIgniter.php(509): CodeIgniter\CodeIgniter->runController(Object(App\Controllers\Dashboard_controller))
 8 SYSTEMPATH/CodeIgniter.php(355): CodeIgniter\CodeIgniter->handleRequest(null, Object(Config\Cache), false)
 9 SYSTEMPATH/Boot.php(325): CodeIgniter\CodeIgniter->run()
10 SYSTEMPATH/Boot.php(67): CodeIgniter\Boot::runCodeIgniter(Object(CodeIgniter\CodeIgniter))
11 FCPATH/index.php(56): CodeIgniter\Boot::bootWeb(Object(Config\Paths))
WARNING - 2024-09-22 06:55:36 --> [DEPRECATED] number_format(): Passing null to parameter #1 ($num) of type float is deprecated in APPPATH/Views/kd_project/dashboard_view.php on line 174.
 1 APPPATH/Views/kd_project/dashboard_view.php(174): number_format(null, 2)
 2 SYSTEMPATH/View/View.php(234): include('/home/u877349608/domains/muraridubey.com/public_html/codeigniter/app/Views/kd_project/dashboard_view.php')
 3 SYSTEMPATH/View/View.php(237): CodeIgniter\View\View->CodeIgniter\View\{closure}()
 4 SYSTEMPATH/Common.php(1171): CodeIgniter\View\View->render('kd_project/dashboard_view', [], true)
 5 APPPATH/Controllers/Dashboard_controller.php(37): view('kd_project/dashboard_view', [...])
 6 SYSTEMPATH/CodeIgniter.php(933): App\Controllers\Dashboard_controller->index()
 7 SYSTEMPATH/CodeIgniter.php(509): CodeIgniter\CodeIgniter->runController(Object(App\Controllers\Dashboard_controller))
 8 SYSTEMPATH/CodeIgniter.php(355): CodeIgniter\CodeIgniter->handleRequest(null, Object(Config\Cache), false)
 9 SYSTEMPATH/Boot.php(325): CodeIgniter\CodeIgniter->run()
10 SYSTEMPATH/Boot.php(67): CodeIgniter\Boot::runCodeIgniter(Object(CodeIgniter\CodeIgniter))
11 FCPATH/index.php(56): CodeIgniter\Boot::bootWeb(Object(Config\Paths))
WARNING - 2024-09-22 06:55:36 --> [DEPRECATED] number_format(): Passing null to parameter #1 ($num) of type float is deprecated in APPPATH/Views/kd_project/dashboard_view.php on line 178.
 1 APPPATH/Views/kd_project/dashboard_view.php(178): number_format(null, 2)
 2 SYSTEMPATH/View/View.php(234): include('/home/u877349608/domains/muraridubey.com/public_html/codeigniter/app/Views/kd_project/dashboard_view.php')
 3 SYSTEMPATH/View/View.php(237): CodeIgniter\View\View->CodeIgniter\View\{closure}()
 4 SYSTEMPATH/Common.php(1171): CodeIgniter\View\View->render('kd_project/dashboard_view', [], true)
 5 APPPATH/Controllers/Dashboard_controller.php(37): view('kd_project/dashboard_view', [...])
 6 SYSTEMPATH/CodeIgniter.php(933): App\Controllers\Dashboard_controller->index()
 7 SYSTEMPATH/CodeIgniter.php(509): CodeIgniter\CodeIgniter->runController(Object(App\Controllers\Dashboard_controller))
 8 SYSTEMPATH/CodeIgniter.php(355): CodeIgniter\CodeIgniter->handleRequest(null, Object(Config\Cache), false)
 9 SYSTEMPATH/Boot.php(325): CodeIgniter\CodeIgniter->run()
10 SYSTEMPATH/Boot.php(67): CodeIgniter\Boot::runCodeIgniter(Object(CodeIgniter\CodeIgniter))
11 FCPATH/index.php(56): CodeIgniter\Boot::bootWeb(Object(Config\Paths))
WARNING - 2024-09-22 06:55:36 --> [DEPRECATED] number_format(): Passing null to parameter #1 ($num) of type float is deprecated in APPPATH/Views/kd_project/dashboard_view.php on line 171.
 1 APPPATH/Views/kd_project/dashboard_view.php(171): number_format(null, 2)
 2 SYSTEMPATH/View/View.php(234): include('/home/u877349608/domains/muraridubey.com/public_html/codeigniter/app/Views/kd_project/dashboard_view.php')
 3 SYSTEMPATH/View/View.php(237): CodeIgniter\View\View->CodeIgniter\View\{closure}()
 4 SYSTEMPATH/Common.php(1171): CodeIgniter\View\View->render('kd_project/dashboard_view', [], true)
 5 APPPATH/Controllers/Dashboard_controller.php(37): view('kd_project/dashboard_view', [...])
 6 SYSTEMPATH/CodeIgniter.php(933): App\Controllers\Dashboard_controller->index()
 7 SYSTEMPATH/CodeIgniter.php(509): CodeIgniter\CodeIgniter->runController(Object(App\Controllers\Dashboard_controller))
 8 SYSTEMPATH/CodeIgniter.php(355): CodeIgniter\CodeIgniter->handleRequest(null, Object(Config\Cache), false)
 9 SYSTEMPATH/Boot.php(325): CodeIgniter\CodeIgniter->run()
10 SYSTEMPATH/Boot.php(67): CodeIgniter\Boot::runCodeIgniter(Object(CodeIgniter\CodeIgniter))
11 FCPATH/index.php(56): CodeIgniter\Boot::bootWeb(Object(Config\Paths))
WARNING - 2024-09-22 06:55:36 --> [DEPRECATED] number_format(): Passing null to parameter #1 ($num) of type float is deprecated in APPPATH/Views/kd_project/dashboard_view.php on line 178.
 1 APPPATH/Views/kd_project/dashboard_view.php(178): number_format(null, 2)
 2 SYSTEMPATH/View/View.php(234): include('/home/u877349608/domains/muraridubey.com/public_html/codeigniter/app/Views/kd_project/dashboard_view.php')
 3 SYSTEMPATH/View/View.php(237): CodeIgniter\View\View->CodeIgniter\View\{closure}()
 4 SYSTEMPATH/Common.php(1171): CodeIgniter\View\View->render('kd_project/dashboard_view', [], true)
 5 APPPATH/Controllers/Dashboard_controller.php(37): view('kd_project/dashboard_view', [...])
 6 SYSTEMPATH/CodeIgniter.php(933): App\Controllers\Dashboard_controller->index()
 7 SYSTEMPATH/CodeIgniter.php(509): CodeIgniter\CodeIgniter->runController(Object(App\Controllers\Dashboard_controller))
 8 SYSTEMPATH/CodeIgniter.php(355): CodeIgniter\CodeIgniter->handleRequest(null, Object(Config\Cache), false)
 9 SYSTEMPATH/Boot.php(325): CodeIgniter\CodeIgniter->run()
10 SYSTEMPATH/Boot.php(67): CodeIgniter\Boot::runCodeIgniter(Object(CodeIgniter\CodeIgniter))
11 FCPATH/index.php(56): CodeIgniter\Boot::bootWeb(Object(Config\Paths))
WARNING - 2024-09-22 06:55:36 --> [DEPRECATED] number_format(): Passing null to parameter #1 ($num) of type float is deprecated in APPPATH/Views/kd_project/dashboard_view.php on line 171.
 1 APPPATH/Views/kd_project/dashboard_view.php(171): number_format(null, 2)
 2 SYSTEMPATH/View/View.php(234): include('/home/u877349608/domains/muraridubey.com/public_html/codeigniter/app/Views/kd_project/dashboard_view.php')
 3 SYSTEMPATH/View/View.php(237): CodeIgniter\View\View->CodeIgniter\View\{closure}()
 4 SYSTEMPATH/Common.php(1171): CodeIgniter\View\View->render('kd_project/dashboard_view', [], true)
 5 APPPATH/Controllers/Dashboard_controller.php(37): view('kd_project/dashboard_view', [...])
 6 SYSTEMPATH/CodeIgniter.php(933): App\Controllers\Dashboard_controller->index()
 7 SYSTEMPATH/CodeIgniter.php(509): CodeIgniter\CodeIgniter->runController(Object(App\Controllers\Dashboard_controller))
 8 SYSTEMPATH/CodeIgniter.php(355): CodeIgniter\CodeIgniter->handleRequest(null, Object(Config\Cache), false)
 9 SYSTEMPATH/Boot.php(325): CodeIgniter\CodeIgniter->run()
10 SYSTEMPATH/Boot.php(67): CodeIgniter\Boot::runCodeIgniter(Object(CodeIgniter\CodeIgniter))
11 FCPATH/index.php(56): CodeIgniter\Boot::bootWeb(Object(Config\Paths))
WARNING - 2024-09-22 06:55:36 --> [DEPRECATED] number_format(): Passing null to parameter #1 ($num) of type float is deprecated in APPPATH/Views/kd_project/dashboard_view.php on line 178.
 1 APPPATH/Views/kd_project/dashboard_view.php(178): number_format(null, 2)
 2 SYSTEMPATH/View/View.php(234): include('/home/u877349608/domains/muraridubey.com/public_html/codeigniter/app/Views/kd_project/dashboard_view.php')
 3 SYSTEMPATH/View/View.php(237): CodeIgniter\View\View->CodeIgniter\View\{closure}()
 4 SYSTEMPATH/Common.php(1171): CodeIgniter\View\View->render('kd_project/dashboard_view', [], true)
 5 APPPATH/Controllers/Dashboard_controller.php(37): view('kd_project/dashboard_view', [...])
 6 SYSTEMPATH/CodeIgniter.php(933): App\Controllers\Dashboard_controller->index()
 7 SYSTEMPATH/CodeIgniter.php(509): CodeIgniter\CodeIgniter->runController(Object(App\Controllers\Dashboard_controller))
 8 SYSTEMPATH/CodeIgniter.php(355): CodeIgniter\CodeIgniter->handleRequest(null, Object(Config\Cache), false)
 9 SYSTEMPATH/Boot.php(325): CodeIgniter\CodeIgniter->run()
10 SYSTEMPATH/Boot.php(67): CodeIgniter\Boot::runCodeIgniter(Object(CodeIgniter\CodeIgniter))
11 FCPATH/index.php(56): CodeIgniter\Boot::bootWeb(Object(Config\Paths))
INFO - 2024-09-22 07:00:01 --> Session: Class initialized using 'CodeIgniter\Session\Handlers\FileHandler' driver.
INFO - 2024-09-22 07:00:42 --> Session: Class initialized using 'CodeIgniter\Session\Handlers\FileHandler' driver.
INFO - 2024-09-22 07:00:43 --> Session: Class initialized using 'CodeIgniter\Session\Handlers\FileHandler' driver.
INFO - 2024-09-22 07:00:52 --> Session: Class initialized using 'CodeIgniter\Session\Handlers\FileHandler' driver.
INFO - 2024-09-22 07:01:34 --> Session: Class initialized using 'CodeIgniter\Session\Handlers\FileHandler' driver.
INFO - 2024-09-22 07:01:36 --> Session: Class initialized using 'CodeIgniter\Session\Handlers\FileHandler' driver.
INFO - 2024-09-22 07:01:56 --> Session: Class initialized using 'CodeIgniter\Session\Handlers\FileHandler' driver.
INFO - 2024-09-22 07:02:00 --> Session: Class initialized using 'CodeIgniter\Session\Handlers\FileHandler' driver.
INFO - 2024-09-22 07:02:01 --> Session: Class initialized using 'CodeIgniter\Session\Handlers\FileHandler' driver.
INFO - 2024-09-22 07:03:00 --> Session: Class initialized using 'CodeIgniter\Session\Handlers\FileHandler' driver.
INFO - 2024-09-22 07:03:11 --> Session: Class initialized using 'CodeIgniter\Session\Handlers\FileHandler' driver.
INFO - 2024-09-22 07:03:13 --> Session: Class initialized using 'CodeIgniter\Session\Handlers\FileHandler' driver.
INFO - 2024-09-22 07:03:17 --> Session: Class initialized using 'CodeIgniter\Session\Handlers\FileHandler' driver.
INFO - 2024-09-22 07:03:32 --> Session: Class initialized using 'CodeIgniter\Session\Handlers\FileHandler' driver.
INFO - 2024-09-22 07:03:34 --> Session: Class initialized using 'CodeIgniter\Session\Handlers\FileHandler' driver.
INFO - 2024-09-22 07:03:42 --> Session: Class initialized using 'CodeIgniter\Session\Handlers\FileHandler' driver.
WARNING - 2024-09-22 07:03:42 --> [DEPRECATED] number_format(): Passing null to parameter #1 ($num) of type float is deprecated in APPPATH/Views/kd_project/dashboard_view.php on line 170.
 1 APPPATH/Views/kd_project/dashboard_view.php(170): number_format(null, 2)
 2 SYSTEMPATH/View/View.php(234): include('/home/u877349608/domains/muraridubey.com/public_html/codeigniter/app/Views/kd_project/dashboard_view.php')
 3 SYSTEMPATH/View/View.php(237): CodeIgniter\View\View->CodeIgniter\View\{closure}()
 4 SYSTEMPATH/Common.php(1171): CodeIgniter\View\View->render('kd_project/dashboard_view', [], true)
 5 APPPATH/Controllers/Dashboard_controller.php(37): view('kd_project/dashboard_view', [...])
 6 SYSTEMPATH/CodeIgniter.php(933): App\Controllers\Dashboard_controller->index()
 7 SYSTEMPATH/CodeIgniter.php(509): CodeIgniter\CodeIgniter->runController(Object(App\Controllers\Dashboard_controller))
 8 SYSTEMPATH/CodeIgniter.php(355): CodeIgniter\CodeIgniter->handleRequest(null, Object(Config\Cache), false)
 9 SYSTEMPATH/Boot.php(325): CodeIgniter\CodeIgniter->run()
10 SYSTEMPATH/Boot.php(67): CodeIgniter\Boot::runCodeIgniter(Object(CodeIgniter\CodeIgniter))
11 FCPATH/index.php(56): CodeIgniter\Boot::bootWeb(Object(Config\Paths))
WARNING - 2024-09-22 07:03:42 --> [DEPRECATED] number_format(): Passing null to parameter #1 ($num) of type float is deprecated in APPPATH/Views/kd_project/dashboard_view.php on line 178.
 1 APPPATH/Views/kd_project/dashboard_view.php(178): number_format(null, 2)
 2 SYSTEMPATH/View/View.php(234): include('/home/u877349608/domains/muraridubey.com/public_html/codeigniter/app/Views/kd_project/dashboard_view.php')
 3 SYSTEMPATH/View/View.php(237): CodeIgniter\View\View->CodeIgniter\View\{closure}()
 4 SYSTEMPATH/Common.php(1171): CodeIgniter\View\View->render('kd_project/dashboard_view', [], true)
 5 APPPATH/Controllers/Dashboard_controller.php(37): view('kd_project/dashboard_view', [...])
 6 SYSTEMPATH/CodeIgniter.php(933): App\Controllers\Dashboard_controller->index()
 7 SYSTEMPATH/CodeIgniter.php(509): CodeIgniter\CodeIgniter->runController(Object(App\Controllers\Dashboard_controller))
 8 SYSTEMPATH/CodeIgniter.php(355): CodeIgniter\CodeIgniter->handleRequest(null, Object(Config\Cache), false)
 9 SYSTEMPATH/Boot.php(325): CodeIgniter\CodeIgniter->run()
10 SYSTEMPATH/Boot.php(67): CodeIgniter\Boot::runCodeIgniter(Object(CodeIgniter\CodeIgniter))
11 FCPATH/index.php(56): CodeIgniter\Boot::bootWeb(Object(Config\Paths))
WARNING - 2024-09-22 07:03:42 --> [DEPRECATED] number_format(): Passing null to parameter #1 ($num) of type float is deprecated in APPPATH/Views/kd_project/dashboard_view.php on line 170.
 1 APPPATH/Views/kd_project/dashboard_view.php(170): number_format(null, 2)
 2 SYSTEMPATH/View/View.php(234): include('/home/u877349608/domains/muraridubey.com/public_html/codeigniter/app/Views/kd_project/dashboard_view.php')
 3 SYSTEMPATH/View/View.php(237): CodeIgniter\View\View->CodeIgniter\View\{closure}()
 4 SYSTEMPATH/Common.php(1171): CodeIgniter\View\View->render('kd_project/dashboard_view', [], true)
 5 APPPATH/Controllers/Dashboard_controller.php(37): view('kd_project/dashboard_view', [...])
 6 SYSTEMPATH/CodeIgniter.php(933): App\Controllers\Dashboard_controller->index()
 7 SYSTEMPATH/CodeIgniter.php(509): CodeIgniter\CodeIgniter->runController(Object(App\Controllers\Dashboard_controller))
 8 SYSTEMPATH/CodeIgniter.php(355): CodeIgniter\CodeIgniter->handleRequest(null, Object(Config\Cache), false)
 9 SYSTEMPATH/Boot.php(325): CodeIgniter\CodeIgniter->run()
10 SYSTEMPATH/Boot.php(67): CodeIgniter\Boot::runCodeIgniter(Object(CodeIgniter\CodeIgniter))
11 FCPATH/index.php(56): CodeIgniter\Boot::bootWeb(Object(Config\Paths))
WARNING - 2024-09-22 07:03:42 --> [DEPRECATED] number_format(): Passing null to parameter #1 ($num) of type float is deprecated in APPPATH/Views/kd_project/dashboard_view.php on line 178.
 1 APPPATH/Views/kd_project/dashboard_view.php(178): number_format(null, 2)
 2 SYSTEMPATH/View/View.php(234): include('/home/u877349608/domains/muraridubey.com/public_html/codeigniter/app/Views/kd_project/dashboard_view.php')
 3 SYSTEMPATH/View/View.php(237): CodeIgniter\View\View->CodeIgniter\View\{closure}()
 4 SYSTEMPATH/Common.php(1171): CodeIgniter\View\View->render('kd_project/dashboard_view', [], true)
 5 APPPATH/Controllers/Dashboard_controller.php(37): view('kd_project/dashboard_view', [...])
 6 SYSTEMPATH/CodeIgniter.php(933): App\Controllers\Dashboard_controller->index()
 7 SYSTEMPATH/CodeIgniter.php(509): CodeIgniter\CodeIgniter->runController(Object(App\Controllers\Dashboard_controller))
 8 SYSTEMPATH/CodeIgniter.php(355): CodeIgniter\CodeIgniter->handleRequest(null, Object(Config\Cache), false)
 9 SYSTEMPATH/Boot.php(325): CodeIgniter\CodeIgniter->run()
10 SYSTEMPATH/Boot.php(67): CodeIgniter\Boot::runCodeIgniter(Object(CodeIgniter\CodeIgniter))
11 FCPATH/index.php(56): CodeIgniter\Boot::bootWeb(Object(Config\Paths))
WARNING - 2024-09-22 07:03:42 --> [DEPRECATED] number_format(): Passing null to parameter #1 ($num) of type float is deprecated in APPPATH/Views/kd_project/dashboard_view.php on line 178.
 1 APPPATH/Views/kd_project/dashboard_view.php(178): number_format(null, 2)
 2 SYSTEMPATH/View/View.php(234): include('/home/u877349608/domains/muraridubey.com/public_html/codeigniter/app/Views/kd_project/dashboard_view.php')
 3 SYSTEMPATH/View/View.php(237): CodeIgniter\View\View->CodeIgniter\View\{closure}()
 4 SYSTEMPATH/Common.php(1171): CodeIgniter\View\View->render('kd_project/dashboard_view', [], true)
 5 APPPATH/Controllers/Dashboard_controller.php(37): view('kd_project/dashboard_view', [...])
 6 SYSTEMPATH/CodeIgniter.php(933): App\Controllers\Dashboard_controller->index()
 7 SYSTEMPATH/CodeIgniter.php(509): CodeIgniter\CodeIgniter->runController(Object(App\Controllers\Dashboard_controller))
 8 SYSTEMPATH/CodeIgniter.php(355): CodeIgniter\CodeIgniter->handleRequest(null, Object(Config\Cache), false)
 9 SYSTEMPATH/Boot.php(325): CodeIgniter\CodeIgniter->run()
10 SYSTEMPATH/Boot.php(67): CodeIgniter\Boot::runCodeIgniter(Object(CodeIgniter\CodeIgniter))
11 FCPATH/index.php(56): CodeIgniter\Boot::bootWeb(Object(Config\Paths))
WARNING - 2024-09-22 07:03:42 --> [DEPRECATED] number_format(): Passing null to parameter #1 ($num) of type float is deprecated in APPPATH/Views/kd_project/dashboard_view.php on line 171.
 1 APPPATH/Views/kd_project/dashboard_view.php(171): number_format(null, 2)
 2 SYSTEMPATH/View/View.php(234): include('/home/u877349608/domains/muraridubey.com/public_html/codeigniter/app/Views/kd_project/dashboard_view.php')
 3 SYSTEMPATH/View/View.php(237): CodeIgniter\View\View->CodeIgniter\View\{closure}()
 4 SYSTEMPATH/Common.php(1171): CodeIgniter\View\View->render('kd_project/dashboard_view', [], true)
 5 APPPATH/Controllers/Dashboard_controller.php(37): view('kd_project/dashboard_view', [...])
 6 SYSTEMPATH/CodeIgniter.php(933): App\Controllers\Dashboard_controller->index()
 7 SYSTEMPATH/CodeIgniter.php(509): CodeIgniter\CodeIgniter->runController(Object(App\Controllers\Dashboard_controller))
 8 SYSTEMPATH/CodeIgniter.php(355): CodeIgniter\CodeIgniter->handleRequest(null, Object(Config\Cache), false)
 9 SYSTEMPATH/Boot.php(325): CodeIgniter\CodeIgniter->run()
10 SYSTEMPATH/Boot.php(67): CodeIgniter\Boot::runCodeIgniter(Object(CodeIgniter\CodeIgniter))
11 FCPATH/index.php(56): CodeIgniter\Boot::bootWeb(Object(Config\Paths))
WARNING - 2024-09-22 07:03:42 --> [DEPRECATED] number_format(): Passing null to parameter #1 ($num) of type float is deprecated in APPPATH/Views/kd_project/dashboard_view.php on line 178.
 1 APPPATH/Views/kd_project/dashboard_view.php(178): number_format(null, 2)
 2 SYSTEMPATH/View/View.php(234): include('/home/u877349608/domains/muraridubey.com/public_html/codeigniter/app/Views/kd_project/dashboard_view.php')
 3 SYSTEMPATH/View/View.php(237): CodeIgniter\View\View->CodeIgniter\View\{closure}()
 4 SYSTEMPATH/Common.php(1171): CodeIgniter\View\View->render('kd_project/dashboard_view', [], true)
 5 APPPATH/Controllers/Dashboard_controller.php(37): view('kd_project/dashboard_view', [...])
 6 SYSTEMPATH/CodeIgniter.php(933): App\Controllers\Dashboard_controller->index()
 7 SYSTEMPATH/CodeIgniter.php(509): CodeIgniter\CodeIgniter->runController(Object(App\Controllers\Dashboard_controller))
 8 SYSTEMPATH/CodeIgniter.php(355): CodeIgniter\CodeIgniter->handleRequest(null, Object(Config\Cache), false)
 9 SYSTEMPATH/Boot.php(325): CodeIgniter\CodeIgniter->run()
10 SYSTEMPATH/Boot.php(67): CodeIgniter\Boot::runCodeIgniter(Object(CodeIgniter\CodeIgniter))
11 FCPATH/index.php(56): CodeIgniter\Boot::bootWeb(Object(Config\Paths))
WARNING - 2024-09-22 07:03:42 --> [DEPRECATED] number_format(): Passing null to parameter #1 ($num) of type float is deprecated in APPPATH/Views/kd_project/dashboard_view.php on line 174.
 1 APPPATH/Views/kd_project/dashboard_view.php(174): number_format(null, 2)
 2 SYSTEMPATH/View/View.php(234): include('/home/u877349608/domains/muraridubey.com/public_html/codeigniter/app/Views/kd_project/dashboard_view.php')
 3 SYSTEMPATH/View/View.php(237): CodeIgniter\View\View->CodeIgniter\View\{closure}()
 4 SYSTEMPATH/Common.php(1171): CodeIgniter\View\View->render('kd_project/dashboard_view', [], true)
 5 APPPATH/Controllers/Dashboard_controller.php(37): view('kd_project/dashboard_view', [...])
 6 SYSTEMPATH/CodeIgniter.php(933): App\Controllers\Dashboard_controller->index()
 7 SYSTEMPATH/CodeIgniter.php(509): CodeIgniter\CodeIgniter->runController(Object(App\Controllers\Dashboard_controller))
 8 SYSTEMPATH/CodeIgniter.php(355): CodeIgniter\CodeIgniter->handleRequest(null, Object(Config\Cache), false)
 9 SYSTEMPATH/Boot.php(325): CodeIgniter\CodeIgniter->run()
10 SYSTEMPATH/Boot.php(67): CodeIgniter\Boot::runCodeIgniter(Object(CodeIgniter\CodeIgniter))
11 FCPATH/index.php(56): CodeIgniter\Boot::bootWeb(Object(Config\Paths))
WARNING - 2024-09-22 07:03:42 --> [DEPRECATED] number_format(): Passing null to parameter #1 ($num) of type float is deprecated in APPPATH/Views/kd_project/dashboard_view.php on line 178.
 1 APPPATH/Views/kd_project/dashboard_view.php(178): number_format(null, 2)
 2 SYSTEMPATH/View/View.php(234): include('/home/u877349608/domains/muraridubey.com/public_html/codeigniter/app/Views/kd_project/dashboard_view.php')
 3 SYSTEMPATH/View/View.php(237): CodeIgniter\View\View->CodeIgniter\View\{closure}()
 4 SYSTEMPATH/Common.php(1171): CodeIgniter\View\View->render('kd_project/dashboard_view', [], true)
 5 APPPATH/Controllers/Dashboard_controller.php(37): view('kd_project/dashboard_view', [...])
 6 SYSTEMPATH/CodeIgniter.php(933): App\Controllers\Dashboard_controller->index()
 7 SYSTEMPATH/CodeIgniter.php(509): CodeIgniter\CodeIgniter->runController(Object(App\Controllers\Dashboard_controller))
 8 SYSTEMPATH/CodeIgniter.php(355): CodeIgniter\CodeIgniter->handleRequest(null, Object(Config\Cache), false)
 9 SYSTEMPATH/Boot.php(325): CodeIgniter\CodeIgniter->run()
10 SYSTEMPATH/Boot.php(67): CodeIgniter\Boot::runCodeIgniter(Object(CodeIgniter\CodeIgniter))
11 FCPATH/index.php(56): CodeIgniter\Boot::bootWeb(Object(Config\Paths))
WARNING - 2024-09-22 07:03:42 --> [DEPRECATED] number_format(): Passing null to parameter #1 ($num) of type float is deprecated in APPPATH/Views/kd_project/dashboard_view.php on line 171.
 1 APPPATH/Views/kd_project/dashboard_view.php(171): number_format(null, 2)
 2 SYSTEMPATH/View/View.php(234): include('/home/u877349608/domains/muraridubey.com/public_html/codeigniter/app/Views/kd_project/dashboard_view.php')
 3 SYSTEMPATH/View/View.php(237): CodeIgniter\View\View->CodeIgniter\View\{closure}()
 4 SYSTEMPATH/Common.php(1171): CodeIgniter\View\View->render('kd_project/dashboard_view', [], true)
 5 APPPATH/Controllers/Dashboard_controller.php(37): view('kd_project/dashboard_view', [...])
 6 SYSTEMPATH/CodeIgniter.php(933): App\Controllers\Dashboard_controller->index()
 7 SYSTEMPATH/CodeIgniter.php(509): CodeIgniter\CodeIgniter->runController(Object(App\Controllers\Dashboard_controller))
 8 SYSTEMPATH/CodeIgniter.php(355): CodeIgniter\CodeIgniter->handleRequest(null, Object(Config\Cache), false)
 9 SYSTEMPATH/Boot.php(325): CodeIgniter\CodeIgniter->run()
10 SYSTEMPATH/Boot.php(67): CodeIgniter\Boot::runCodeIgniter(Object(CodeIgniter\CodeIgniter))
11 FCPATH/index.php(56): CodeIgniter\Boot::bootWeb(Object(Config\Paths))
WARNING - 2024-09-22 07:03:42 --> [DEPRECATED] number_format(): Passing null to parameter #1 ($num) of type float is deprecated in APPPATH/Views/kd_project/dashboard_view.php on line 178.
 1 APPPATH/Views/kd_project/dashboard_view.php(178): number_format(null, 2)
 2 SYSTEMPATH/View/View.php(234): include('/home/u877349608/domains/muraridubey.com/public_html/codeigniter/app/Views/kd_project/dashboard_view.php')
 3 SYSTEMPATH/View/View.php(237): CodeIgniter\View\View->CodeIgniter\View\{closure}()
 4 SYSTEMPATH/Common.php(1171): CodeIgniter\View\View->render('kd_project/dashboard_view', [], true)
 5 APPPATH/Controllers/Dashboard_controller.php(37): view('kd_project/dashboard_view', [...])
 6 SYSTEMPATH/CodeIgniter.php(933): App\Controllers\Dashboard_controller->index()
 7 SYSTEMPATH/CodeIgniter.php(509): CodeIgniter\CodeIgniter->runController(Object(App\Controllers\Dashboard_controller))
 8 SYSTEMPATH/CodeIgniter.php(355): CodeIgniter\CodeIgniter->handleRequest(null, Object(Config\Cache), false)
 9 SYSTEMPATH/Boot.php(325): CodeIgniter\CodeIgniter->run()
10 SYSTEMPATH/Boot.php(67): CodeIgniter\Boot::runCodeIgniter(Object(CodeIgniter\CodeIgniter))
11 FCPATH/index.php(56): CodeIgniter\Boot::bootWeb(Object(Config\Paths))
WARNING - 2024-09-22 07:03:42 --> [DEPRECATED] number_format(): Passing null to parameter #1 ($num) of type float is deprecated in APPPATH/Views/kd_project/dashboard_view.php on line 171.
 1 APPPATH/Views/kd_project/dashboard_view.php(171): number_format(null, 2)
 2 SYSTEMPATH/View/View.php(234): include('/home/u877349608/domains/muraridubey.com/public_html/codeigniter/app/Views/kd_project/dashboard_view.php')
 3 SYSTEMPATH/View/View.php(237): CodeIgniter\View\View->CodeIgniter\View\{closure}()
 4 SYSTEMPATH/Common.php(1171): CodeIgniter\View\View->render('kd_project/dashboard_view', [], true)
 5 APPPATH/Controllers/Dashboard_controller.php(37): view('kd_project/dashboard_view', [...])
 6 SYSTEMPATH/CodeIgniter.php(933): App\Controllers\Dashboard_controller->index()
 7 SYSTEMPATH/CodeIgniter.php(509): CodeIgniter\CodeIgniter->runController(Object(App\Controllers\Dashboard_controller))
 8 SYSTEMPATH/CodeIgniter.php(355): CodeIgniter\CodeIgniter->handleRequest(null, Object(Config\Cache), false)
 9 SYSTEMPATH/Boot.php(325): CodeIgniter\CodeIgniter->run()
10 SYSTEMPATH/Boot.php(67): CodeIgniter\Boot::runCodeIgniter(Object(CodeIgniter\CodeIgniter))
11 FCPATH/index.php(56): CodeIgniter\Boot::bootWeb(Object(Config\Paths))
WARNING - 2024-09-22 07:03:42 --> [DEPRECATED] number_format(): Passing null to parameter #1 ($num) of type float is deprecated in APPPATH/Views/kd_project/dashboard_view.php on line 178.
 1 APPPATH/Views/kd_project/dashboard_view.php(178): number_format(null, 2)
 2 SYSTEMPATH/View/View.php(234): include('/home/u877349608/domains/muraridubey.com/public_html/codeigniter/app/Views/kd_project/dashboard_view.php')
 3 SYSTEMPATH/View/View.php(237): CodeIgniter\View\View->CodeIgniter\View\{closure}()
 4 SYSTEMPATH/Common.php(1171): CodeIgniter\View\View->render('kd_project/dashboard_view', [], true)
 5 APPPATH/Controllers/Dashboard_controller.php(37): view('kd_project/dashboard_view', [...])
 6 SYSTEMPATH/CodeIgniter.php(933): App\Controllers\Dashboard_controller->index()
 7 SYSTEMPATH/CodeIgniter.php(509): CodeIgniter\CodeIgniter->runController(Object(App\Controllers\Dashboard_controller))
 8 SYSTEMPATH/CodeIgniter.php(355): CodeIgniter\CodeIgniter->handleRequest(null, Object(Config\Cache), false)
 9 SYSTEMPATH/Boot.php(325): CodeIgniter\CodeIgniter->run()
10 SYSTEMPATH/Boot.php(67): CodeIgniter\Boot::runCodeIgniter(Object(CodeIgniter\CodeIgniter))
11 FCPATH/index.php(56): CodeIgniter\Boot::bootWeb(Object(Config\Paths))
INFO - 2024-09-22 07:04:34 --> Session: Class initialized using 'CodeIgniter\Session\Handlers\FileHandler' driver.
WARNING - 2024-09-22 07:04:34 --> [DEPRECATED] number_format(): Passing null to parameter #1 ($num) of type float is deprecated in APPPATH/Views/kd_project/dashboard_view.php on line 170.
 1 APPPATH/Views/kd_project/dashboard_view.php(170): number_format(null, 2)
 2 SYSTEMPATH/View/View.php(234): include('/home/u877349608/domains/muraridubey.com/public_html/codeigniter/app/Views/kd_project/dashboard_view.php')
 3 SYSTEMPATH/View/View.php(237): CodeIgniter\View\View->CodeIgniter\View\{closure}()
 4 SYSTEMPATH/Common.php(1171): CodeIgniter\View\View->render('kd_project/dashboard_view', [], true)
 5 APPPATH/Controllers/Dashboard_controller.php(37): view('kd_project/dashboard_view', [...])
 6 SYSTEMPATH/CodeIgniter.php(933): App\Controllers\Dashboard_controller->index()
 7 SYSTEMPATH/CodeIgniter.php(509): CodeIgniter\CodeIgniter->runController(Object(App\Controllers\Dashboard_controller))
 8 SYSTEMPATH/CodeIgniter.php(355): CodeIgniter\CodeIgniter->handleRequest(null, Object(Config\Cache), false)
 9 SYSTEMPATH/Boot.php(325): CodeIgniter\CodeIgniter->run()
10 SYSTEMPATH/Boot.php(67): CodeIgniter\Boot::runCodeIgniter(Object(CodeIgniter\CodeIgniter))
11 FCPATH/index.php(56): CodeIgniter\Boot::bootWeb(Object(Config\Paths))
WARNING - 2024-09-22 07:04:34 --> [DEPRECATED] number_format(): Passing null to parameter #1 ($num) of type float is deprecated in APPPATH/Views/kd_project/dashboard_view.php on line 178.
 1 APPPATH/Views/kd_project/dashboard_view.php(178): number_format(null, 2)
 2 SYSTEMPATH/View/View.php(234): include('/home/u877349608/domains/muraridubey.com/public_html/codeigniter/app/Views/kd_project/dashboard_view.php')
 3 SYSTEMPATH/View/View.php(237): CodeIgniter\View\View->CodeIgniter\View\{closure}()
 4 SYSTEMPATH/Common.php(1171): CodeIgniter\View\View->render('kd_project/dashboard_view', [], true)
 5 APPPATH/Controllers/Dashboard_controller.php(37): view('kd_project/dashboard_view', [...])
 6 SYSTEMPATH/CodeIgniter.php(933): App\Controllers\Dashboard_controller->index()
 7 SYSTEMPATH/CodeIgniter.php(509): CodeIgniter\CodeIgniter->runController(Object(App\Controllers\Dashboard_controller))
 8 SYSTEMPATH/CodeIgniter.php(355): CodeIgniter\CodeIgniter->handleRequest(null, Object(Config\Cache), false)
 9 SYSTEMPATH/Boot.php(325): CodeIgniter\CodeIgniter->run()
10 SYSTEMPATH/Boot.php(67): CodeIgniter\Boot::runCodeIgniter(Object(CodeIgniter\CodeIgniter))
11 FCPATH/index.php(56): CodeIgniter\Boot::bootWeb(Object(Config\Paths))
WARNING - 2024-09-22 07:04:34 --> [DEPRECATED] number_format(): Passing null to parameter #1 ($num) of type float is deprecated in APPPATH/Views/kd_project/dashboard_view.php on line 170.
 1 APPPATH/Views/kd_project/dashboard_view.php(170): number_format(null, 2)
 2 SYSTEMPATH/View/View.php(234): include('/home/u877349608/domains/muraridubey.com/public_html/codeigniter/app/Views/kd_project/dashboard_view.php')
 3 SYSTEMPATH/View/View.php(237): CodeIgniter\View\View->CodeIgniter\View\{closure}()
 4 SYSTEMPATH/Common.php(1171): CodeIgniter\View\View->render('kd_project/dashboard_view', [], true)
 5 APPPATH/Controllers/Dashboard_controller.php(37): view('kd_project/dashboard_view', [...])
 6 SYSTEMPATH/CodeIgniter.php(933): App\Controllers\Dashboard_controller->index()
 7 SYSTEMPATH/CodeIgniter.php(509): CodeIgniter\CodeIgniter->runController(Object(App\Controllers\Dashboard_controller))
 8 SYSTEMPATH/CodeIgniter.php(355): CodeIgniter\CodeIgniter->handleRequest(null, Object(Config\Cache), false)
 9 SYSTEMPATH/Boot.php(325): CodeIgniter\CodeIgniter->run()
10 SYSTEMPATH/Boot.php(67): CodeIgniter\Boot::runCodeIgniter(Object(CodeIgniter\CodeIgniter))
11 FCPATH/index.php(56): CodeIgniter\Boot::bootWeb(Object(Config\Paths))
WARNING - 2024-09-22 07:04:34 --> [DEPRECATED] number_format(): Passing null to parameter #1 ($num) of type float is deprecated in APPPATH/Views/kd_project/dashboard_view.php on line 178.
 1 APPPATH/Views/kd_project/dashboard_view.php(178): number_format(null, 2)
 2 SYSTEMPATH/View/View.php(234): include('/home/u877349608/domains/muraridubey.com/public_html/codeigniter/app/Views/kd_project/dashboard_view.php')
 3 SYSTEMPATH/View/View.php(237): CodeIgniter\View\View->CodeIgniter\View\{closure}()
 4 SYSTEMPATH/Common.php(1171): CodeIgniter\View\View->render('kd_project/dashboard_view', [], true)
 5 APPPATH/Controllers/Dashboard_controller.php(37): view('kd_project/dashboard_view', [...])
 6 SYSTEMPATH/CodeIgniter.php(933): App\Controllers\Dashboard_controller->index()
 7 SYSTEMPATH/CodeIgniter.php(509): CodeIgniter\CodeIgniter->runController(Object(App\Controllers\Dashboard_controller))
 8 SYSTEMPATH/CodeIgniter.php(355): CodeIgniter\CodeIgniter->handleRequest(null, Object(Config\Cache), false)
 9 SYSTEMPATH/Boot.php(325): CodeIgniter\CodeIgniter->run()
10 SYSTEMPATH/Boot.php(67): CodeIgniter\Boot::runCodeIgniter(Object(CodeIgniter\CodeIgniter))
11 FCPATH/index.php(56): CodeIgniter\Boot::bootWeb(Object(Config\Paths))
WARNING - 2024-09-22 07:04:34 --> [DEPRECATED] number_format(): Passing null to parameter #1 ($num) of type float is deprecated in APPPATH/Views/kd_project/dashboard_view.php on line 178.
 1 APPPATH/Views/kd_project/dashboard_view.php(178): number_format(null, 2)
 2 SYSTEMPATH/View/View.php(234): include('/home/u877349608/domains/muraridubey.com/public_html/codeigniter/app/Views/kd_project/dashboard_view.php')
 3 SYSTEMPATH/View/View.php(237): CodeIgniter\View\View->CodeIgniter\View\{closure}()
 4 SYSTEMPATH/Common.php(1171): CodeIgniter\View\View->render('kd_project/dashboard_view', [], true)
 5 APPPATH/Controllers/Dashboard_controller.php(37): view('kd_project/dashboard_view', [...])
 6 SYSTEMPATH/CodeIgniter.php(933): App\Controllers\Dashboard_controller->index()
 7 SYSTEMPATH/CodeIgniter.php(509): CodeIgniter\CodeIgniter->runController(Object(App\Controllers\Dashboard_controller))
 8 SYSTEMPATH/CodeIgniter.php(355): CodeIgniter\CodeIgniter->handleRequest(null, Object(Config\Cache), false)
 9 SYSTEMPATH/Boot.php(325): CodeIgniter\CodeIgniter->run()
10 SYSTEMPATH/Boot.php(67): CodeIgniter\Boot::runCodeIgniter(Object(CodeIgniter\CodeIgniter))
11 FCPATH/index.php(56): CodeIgniter\Boot::bootWeb(Object(Config\Paths))
WARNING - 2024-09-22 07:04:34 --> [DEPRECATED] number_format(): Passing null to parameter #1 ($num) of type float is deprecated in APPPATH/Views/kd_project/dashboard_view.php on line 171.
 1 APPPATH/Views/kd_project/dashboard_view.php(171): number_format(null, 2)
 2 SYSTEMPATH/View/View.php(234): include('/home/u877349608/domains/muraridubey.com/public_html/codeigniter/app/Views/kd_project/dashboard_view.php')
 3 SYSTEMPATH/View/View.php(237): CodeIgniter\View\View->CodeIgniter\View\{closure}()
 4 SYSTEMPATH/Common.php(1171): CodeIgniter\View\View->render('kd_project/dashboard_view', [], true)
 5 APPPATH/Controllers/Dashboard_controller.php(37): view('kd_project/dashboard_view', [...])
 6 SYSTEMPATH/CodeIgniter.php(933): App\Controllers\Dashboard_controller->index()
 7 SYSTEMPATH/CodeIgniter.php(509): CodeIgniter\CodeIgniter->runController(Object(App\Controllers\Dashboard_controller))
 8 SYSTEMPATH/CodeIgniter.php(355): CodeIgniter\CodeIgniter->handleRequest(null, Object(Config\Cache), false)
 9 SYSTEMPATH/Boot.php(325): CodeIgniter\CodeIgniter->run()
10 SYSTEMPATH/Boot.php(67): CodeIgniter\Boot::runCodeIgniter(Object(CodeIgniter\CodeIgniter))
11 FCPATH/index.php(56): CodeIgniter\Boot::bootWeb(Object(Config\Paths))
WARNING - 2024-09-22 07:04:34 --> [DEPRECATED] number_format(): Passing null to parameter #1 ($num) of type float is deprecated in APPPATH/Views/kd_project/dashboard_view.php on line 178.
 1 APPPATH/Views/kd_project/dashboard_view.php(178): number_format(null, 2)
 2 SYSTEMPATH/View/View.php(234): include('/home/u877349608/domains/muraridubey.com/public_html/codeigniter/app/Views/kd_project/dashboard_view.php')
 3 SYSTEMPATH/View/View.php(237): CodeIgniter\View\View->CodeIgniter\View\{closure}()
 4 SYSTEMPATH/Common.php(1171): CodeIgniter\View\View->render('kd_project/dashboard_view', [], true)
 5 APPPATH/Controllers/Dashboard_controller.php(37): view('kd_project/dashboard_view', [...])
 6 SYSTEMPATH/CodeIgniter.php(933): App\Controllers\Dashboard_controller->index()
 7 SYSTEMPATH/CodeIgniter.php(509): CodeIgniter\CodeIgniter->runController(Object(App\Controllers\Dashboard_controller))
 8 SYSTEMPATH/CodeIgniter.php(355): CodeIgniter\CodeIgniter->handleRequest(null, Object(Config\Cache), false)
 9 SYSTEMPATH/Boot.php(325): CodeIgniter\CodeIgniter->run()
10 SYSTEMPATH/Boot.php(67): CodeIgniter\Boot::runCodeIgniter(Object(CodeIgniter\CodeIgniter))
11 FCPATH/index.php(56): CodeIgniter\Boot::bootWeb(Object(Config\Paths))
WARNING - 2024-09-22 07:04:34 --> [DEPRECATED] number_format(): Passing null to parameter #1 ($num) of type float is deprecated in APPPATH/Views/kd_project/dashboard_view.php on line 174.
 1 APPPATH/Views/kd_project/dashboard_view.php(174): number_format(null, 2)
 2 SYSTEMPATH/View/View.php(234): include('/home/u877349608/domains/muraridubey.com/public_html/codeigniter/app/Views/kd_project/dashboard_view.php')
 3 SYSTEMPATH/View/View.php(237): CodeIgniter\View\View->CodeIgniter\View\{closure}()
 4 SYSTEMPATH/Common.php(1171): CodeIgniter\View\View->render('kd_project/dashboard_view', [], true)
 5 APPPATH/Controllers/Dashboard_controller.php(37): view('kd_project/dashboard_view', [...])
 6 SYSTEMPATH/CodeIgniter.php(933): App\Controllers\Dashboard_controller->index()
 7 SYSTEMPATH/CodeIgniter.php(509): CodeIgniter\CodeIgniter->runController(Object(App\Controllers\Dashboard_controller))
 8 SYSTEMPATH/CodeIgniter.php(355): CodeIgniter\CodeIgniter->handleRequest(null, Object(Config\Cache), false)
 9 SYSTEMPATH/Boot.php(325): CodeIgniter\CodeIgniter->run()
10 SYSTEMPATH/Boot.php(67): CodeIgniter\Boot::runCodeIgniter(Object(CodeIgniter\CodeIgniter))
11 FCPATH/index.php(56): CodeIgniter\Boot::bootWeb(Object(Config\Paths))
WARNING - 2024-09-22 07:04:34 --> [DEPRECATED] number_format(): Passing null to parameter #1 ($num) of type float is deprecated in APPPATH/Views/kd_project/dashboard_view.php on line 178.
 1 APPPATH/Views/kd_project/dashboard_view.php(178): number_format(null, 2)
 2 SYSTEMPATH/View/View.php(234): include('/home/u877349608/domains/muraridubey.com/public_html/codeigniter/app/Views/kd_project/dashboard_view.php')
 3 SYSTEMPATH/View/View.php(237): CodeIgniter\View\View->CodeIgniter\View\{closure}()
 4 SYSTEMPATH/Common.php(1171): CodeIgniter\View\View->render('kd_project/dashboard_view', [], true)
 5 APPPATH/Controllers/Dashboard_controller.php(37): view('kd_project/dashboard_view', [...])
 6 SYSTEMPATH/CodeIgniter.php(933): App\Controllers\Dashboard_controller->index()
 7 SYSTEMPATH/CodeIgniter.php(509): CodeIgniter\CodeIgniter->runController(Object(App\Controllers\Dashboard_controller))
 8 SYSTEMPATH/CodeIgniter.php(355): CodeIgniter\CodeIgniter->handleRequest(null, Object(Config\Cache), false)
 9 SYSTEMPATH/Boot.php(325): CodeIgniter\CodeIgniter->run()
10 SYSTEMPATH/Boot.php(67): CodeIgniter\Boot::runCodeIgniter(Object(CodeIgniter\CodeIgniter))
11 FCPATH/index.php(56): CodeIgniter\Boot::bootWeb(Object(Config\Paths))
WARNING - 2024-09-22 07:04:34 --> [DEPRECATED] number_format(): Passing null to parameter #1 ($num) of type float is deprecated in APPPATH/Views/kd_project/dashboard_view.php on line 171.
 1 APPPATH/Views/kd_project/dashboard_view.php(171): number_format(null, 2)
 2 SYSTEMPATH/View/View.php(234): include('/home/u877349608/domains/muraridubey.com/public_html/codeigniter/app/Views/kd_project/dashboard_view.php')
 3 SYSTEMPATH/View/View.php(237): CodeIgniter\View\View->CodeIgniter\View\{closure}()
 4 SYSTEMPATH/Common.php(1171): CodeIgniter\View\View->render('kd_project/dashboard_view', [], true)
 5 APPPATH/Controllers/Dashboard_controller.php(37): view('kd_project/dashboard_view', [...])
 6 SYSTEMPATH/CodeIgniter.php(933): App\Controllers\Dashboard_controller->index()
 7 SYSTEMPATH/CodeIgniter.php(509): CodeIgniter\CodeIgniter->runController(Object(App\Controllers\Dashboard_controller))
 8 SYSTEMPATH/CodeIgniter.php(355): CodeIgniter\CodeIgniter->handleRequest(null, Object(Config\Cache), false)
 9 SYSTEMPATH/Boot.php(325): CodeIgniter\CodeIgniter->run()
10 SYSTEMPATH/Boot.php(67): CodeIgniter\Boot::runCodeIgniter(Object(CodeIgniter\CodeIgniter))
11 FCPATH/index.php(56): CodeIgniter\Boot::bootWeb(Object(Config\Paths))
WARNING - 2024-09-22 07:04:34 --> [DEPRECATED] number_format(): Passing null to parameter #1 ($num) of type float is deprecated in APPPATH/Views/kd_project/dashboard_view.php on line 178.
 1 APPPATH/Views/kd_project/dashboard_view.php(178): number_format(null, 2)
 2 SYSTEMPATH/View/View.php(234): include('/home/u877349608/domains/muraridubey.com/public_html/codeigniter/app/Views/kd_project/dashboard_view.php')
 3 SYSTEMPATH/View/View.php(237): CodeIgniter\View\View->CodeIgniter\View\{closure}()
 4 SYSTEMPATH/Common.php(1171): CodeIgniter\View\View->render('kd_project/dashboard_view', [], true)
 5 APPPATH/Controllers/Dashboard_controller.php(37): view('kd_project/dashboard_view', [...])
 6 SYSTEMPATH/CodeIgniter.php(933): App\Controllers\Dashboard_controller->index()
 7 SYSTEMPATH/CodeIgniter.php(509): CodeIgniter\CodeIgniter->runController(Object(App\Controllers\Dashboard_controller))
 8 SYSTEMPATH/CodeIgniter.php(355): CodeIgniter\CodeIgniter->handleRequest(null, Object(Config\Cache), false)
 9 SYSTEMPATH/Boot.php(325): CodeIgniter\CodeIgniter->run()
10 SYSTEMPATH/Boot.php(67): CodeIgniter\Boot::runCodeIgniter(Object(CodeIgniter\CodeIgniter))
11 FCPATH/index.php(56): CodeIgniter\Boot::bootWeb(Object(Config\Paths))
WARNING - 2024-09-22 07:04:34 --> [DEPRECATED] number_format(): Passing null to parameter #1 ($num) of type float is deprecated in APPPATH/Views/kd_project/dashboard_view.php on line 171.
 1 APPPATH/Views/kd_project/dashboard_view.php(171): number_format(null, 2)
 2 SYSTEMPATH/View/View.php(234): include('/home/u877349608/domains/muraridubey.com/public_html/codeigniter/app/Views/kd_project/dashboard_view.php')
 3 SYSTEMPATH/View/View.php(237): CodeIgniter\View\View->CodeIgniter\View\{closure}()
 4 SYSTEMPATH/Common.php(1171): CodeIgniter\View\View->render('kd_project/dashboard_view', [], true)
 5 APPPATH/Controllers/Dashboard_controller.php(37): view('kd_project/dashboard_view', [...])
 6 SYSTEMPATH/CodeIgniter.php(933): App\Controllers\Dashboard_controller->index()
 7 SYSTEMPATH/CodeIgniter.php(509): CodeIgniter\CodeIgniter->runController(Object(App\Controllers\Dashboard_controller))
 8 SYSTEMPATH/CodeIgniter.php(355): CodeIgniter\CodeIgniter->handleRequest(null, Object(Config\Cache), false)
 9 SYSTEMPATH/Boot.php(325): CodeIgniter\CodeIgniter->run()
10 SYSTEMPATH/Boot.php(67): CodeIgniter\Boot::runCodeIgniter(Object(CodeIgniter\CodeIgniter))
11 FCPATH/index.php(56): CodeIgniter\Boot::bootWeb(Object(Config\Paths))
WARNING - 2024-09-22 07:04:34 --> [DEPRECATED] number_format(): Passing null to parameter #1 ($num) of type float is deprecated in APPPATH/Views/kd_project/dashboard_view.php on line 178.
 1 APPPATH/Views/kd_project/dashboard_view.php(178): number_format(null, 2)
 2 SYSTEMPATH/View/View.php(234): include('/home/u877349608/domains/muraridubey.com/public_html/codeigniter/app/Views/kd_project/dashboard_view.php')
 3 SYSTEMPATH/View/View.php(237): CodeIgniter\View\View->CodeIgniter\View\{closure}()
 4 SYSTEMPATH/Common.php(1171): CodeIgniter\View\View->render('kd_project/dashboard_view', [], true)
 5 APPPATH/Controllers/Dashboard_controller.php(37): view('kd_project/dashboard_view', [...])
 6 SYSTEMPATH/CodeIgniter.php(933): App\Controllers\Dashboard_controller->index()
 7 SYSTEMPATH/CodeIgniter.php(509): CodeIgniter\CodeIgniter->runController(Object(App\Controllers\Dashboard_controller))
 8 SYSTEMPATH/CodeIgniter.php(355): CodeIgniter\CodeIgniter->handleRequest(null, Object(Config\Cache), false)
 9 SYSTEMPATH/Boot.php(325): CodeIgniter\CodeIgniter->run()
10 SYSTEMPATH/Boot.php(67): CodeIgniter\Boot::runCodeIgniter(Object(CodeIgniter\CodeIgniter))
11 FCPATH/index.php(56): CodeIgniter\Boot::bootWeb(Object(Config\Paths))
INFO - 2024-09-22 07:04:44 --> Session: Class initialized using 'CodeIgniter\Session\Handlers\FileHandler' driver.
INFO - 2024-09-22 07:04:54 --> Session: Class initialized using 'CodeIgniter\Session\Handlers\FileHandler' driver.
INFO - 2024-09-22 07:04:56 --> Session: Class initialized using 'CodeIgniter\Session\Handlers\FileHandler' driver.
INFO - 2024-09-22 07:04:59 --> Session: Class initialized using 'CodeIgniter\Session\Handlers\FileHandler' driver.
WARNING - 2024-09-22 07:04:59 --> [DEPRECATED] number_format(): Passing null to parameter #1 ($num) of type float is deprecated in APPPATH/Views/kd_project/dashboard_view.php on line 170.
 1 APPPATH/Views/kd_project/dashboard_view.php(170): number_format(null, 2)
 2 SYSTEMPATH/View/View.php(234): include('/home/u877349608/domains/muraridubey.com/public_html/codeigniter/app/Views/kd_project/dashboard_view.php')
 3 SYSTEMPATH/View/View.php(237): CodeIgniter\View\View->CodeIgniter\View\{closure}()
 4 SYSTEMPATH/Common.php(1171): CodeIgniter\View\View->render('kd_project/dashboard_view', [], true)
 5 APPPATH/Controllers/Dashboard_controller.php(37): view('kd_project/dashboard_view', [...])
 6 SYSTEMPATH/CodeIgniter.php(933): App\Controllers\Dashboard_controller->index()
 7 SYSTEMPATH/CodeIgniter.php(509): CodeIgniter\CodeIgniter->runController(Object(App\Controllers\Dashboard_controller))
 8 SYSTEMPATH/CodeIgniter.php(355): CodeIgniter\CodeIgniter->handleRequest(null, Object(Config\Cache), false)
 9 SYSTEMPATH/Boot.php(325): CodeIgniter\CodeIgniter->run()
10 SYSTEMPATH/Boot.php(67): CodeIgniter\Boot::runCodeIgniter(Object(CodeIgniter\CodeIgniter))
11 FCPATH/index.php(56): CodeIgniter\Boot::bootWeb(Object(Config\Paths))
WARNING - 2024-09-22 07:04:59 --> [DEPRECATED] number_format(): Passing null to parameter #1 ($num) of type float is deprecated in APPPATH/Views/kd_project/dashboard_view.php on line 178.
 1 APPPATH/Views/kd_project/dashboard_view.php(178): number_format(null, 2)
 2 SYSTEMPATH/View/View.php(234): include('/home/u877349608/domains/muraridubey.com/public_html/codeigniter/app/Views/kd_project/dashboard_view.php')
 3 SYSTEMPATH/View/View.php(237): CodeIgniter\View\View->CodeIgniter\View\{closure}()
 4 SYSTEMPATH/Common.php(1171): CodeIgniter\View\View->render('kd_project/dashboard_view', [], true)
 5 APPPATH/Controllers/Dashboard_controller.php(37): view('kd_project/dashboard_view', [...])
 6 SYSTEMPATH/CodeIgniter.php(933): App\Controllers\Dashboard_controller->index()
 7 SYSTEMPATH/CodeIgniter.php(509): CodeIgniter\CodeIgniter->runController(Object(App\Controllers\Dashboard_controller))
 8 SYSTEMPATH/CodeIgniter.php(355): CodeIgniter\CodeIgniter->handleRequest(null, Object(Config\Cache), false)
 9 SYSTEMPATH/Boot.php(325): CodeIgniter\CodeIgniter->run()
10 SYSTEMPATH/Boot.php(67): CodeIgniter\Boot::runCodeIgniter(Object(CodeIgniter\CodeIgniter))
11 FCPATH/index.php(56): CodeIgniter\Boot::bootWeb(Object(Config\Paths))
WARNING - 2024-09-22 07:04:59 --> [DEPRECATED] number_format(): Passing null to parameter #1 ($num) of type float is deprecated in APPPATH/Views/kd_project/dashboard_view.php on line 170.
 1 APPPATH/Views/kd_project/dashboard_view.php(170): number_format(null, 2)
 2 SYSTEMPATH/View/View.php(234): include('/home/u877349608/domains/muraridubey.com/public_html/codeigniter/app/Views/kd_project/dashboard_view.php')
 3 SYSTEMPATH/View/View.php(237): CodeIgniter\View\View->CodeIgniter\View\{closure}()
 4 SYSTEMPATH/Common.php(1171): CodeIgniter\View\View->render('kd_project/dashboard_view', [], true)
 5 APPPATH/Controllers/Dashboard_controller.php(37): view('kd_project/dashboard_view', [...])
 6 SYSTEMPATH/CodeIgniter.php(933): App\Controllers\Dashboard_controller->index()
 7 SYSTEMPATH/CodeIgniter.php(509): CodeIgniter\CodeIgniter->runController(Object(App\Controllers\Dashboard_controller))
 8 SYSTEMPATH/CodeIgniter.php(355): CodeIgniter\CodeIgniter->handleRequest(null, Object(Config\Cache), false)
 9 SYSTEMPATH/Boot.php(325): CodeIgniter\CodeIgniter->run()
10 SYSTEMPATH/Boot.php(67): CodeIgniter\Boot::runCodeIgniter(Object(CodeIgniter\CodeIgniter))
11 FCPATH/index.php(56): CodeIgniter\Boot::bootWeb(Object(Config\Paths))
WARNING - 2024-09-22 07:04:59 --> [DEPRECATED] number_format(): Passing null to parameter #1 ($num) of type float is deprecated in APPPATH/Views/kd_project/dashboard_view.php on line 178.
 1 APPPATH/Views/kd_project/dashboard_view.php(178): number_format(null, 2)
 2 SYSTEMPATH/View/View.php(234): include('/home/u877349608/domains/muraridubey.com/public_html/codeigniter/app/Views/kd_project/dashboard_view.php')
 3 SYSTEMPATH/View/View.php(237): CodeIgniter\View\View->CodeIgniter\View\{closure}()
 4 SYSTEMPATH/Common.php(1171): CodeIgniter\View\View->render('kd_project/dashboard_view', [], true)
 5 APPPATH/Controllers/Dashboard_controller.php(37): view('kd_project/dashboard_view', [...])
 6 SYSTEMPATH/CodeIgniter.php(933): App\Controllers\Dashboard_controller->index()
 7 SYSTEMPATH/CodeIgniter.php(509): CodeIgniter\CodeIgniter->runController(Object(App\Controllers\Dashboard_controller))
 8 SYSTEMPATH/CodeIgniter.php(355): CodeIgniter\CodeIgniter->handleRequest(null, Object(Config\Cache), false)
 9 SYSTEMPATH/Boot.php(325): CodeIgniter\CodeIgniter->run()
10 SYSTEMPATH/Boot.php(67): CodeIgniter\Boot::runCodeIgniter(Object(CodeIgniter\CodeIgniter))
11 FCPATH/index.php(56): CodeIgniter\Boot::bootWeb(Object(Config\Paths))
WARNING - 2024-09-22 07:04:59 --> [DEPRECATED] number_format(): Passing null to parameter #1 ($num) of type float is deprecated in APPPATH/Views/kd_project/dashboard_view.php on line 178.
 1 APPPATH/Views/kd_project/dashboard_view.php(178): number_format(null, 2)
 2 SYSTEMPATH/View/View.php(234): include('/home/u877349608/domains/muraridubey.com/public_html/codeigniter/app/Views/kd_project/dashboard_view.php')
 3 SYSTEMPATH/View/View.php(237): CodeIgniter\View\View->CodeIgniter\View\{closure}()
 4 SYSTEMPATH/Common.php(1171): CodeIgniter\View\View->render('kd_project/dashboard_view', [], true)
 5 APPPATH/Controllers/Dashboard_controller.php(37): view('kd_project/dashboard_view', [...])
 6 SYSTEMPATH/CodeIgniter.php(933): App\Controllers\Dashboard_controller->index()
 7 SYSTEMPATH/CodeIgniter.php(509): CodeIgniter\CodeIgniter->runController(Object(App\Controllers\Dashboard_controller))
 8 SYSTEMPATH/CodeIgniter.php(355): CodeIgniter\CodeIgniter->handleRequest(null, Object(Config\Cache), false)
 9 SYSTEMPATH/Boot.php(325): CodeIgniter\CodeIgniter->run()
10 SYSTEMPATH/Boot.php(67): CodeIgniter\Boot::runCodeIgniter(Object(CodeIgniter\CodeIgniter))
11 FCPATH/index.php(56): CodeIgniter\Boot::bootWeb(Object(Config\Paths))
WARNING - 2024-09-22 07:04:59 --> [DEPRECATED] number_format(): Passing null to parameter #1 ($num) of type float is deprecated in APPPATH/Views/kd_project/dashboard_view.php on line 171.
 1 APPPATH/Views/kd_project/dashboard_view.php(171): number_format(null, 2)
 2 SYSTEMPATH/View/View.php(234): include('/home/u877349608/domains/muraridubey.com/public_html/codeigniter/app/Views/kd_project/dashboard_view.php')
 3 SYSTEMPATH/View/View.php(237): CodeIgniter\View\View->CodeIgniter\View\{closure}()
 4 SYSTEMPATH/Common.php(1171): CodeIgniter\View\View->render('kd_project/dashboard_view', [], true)
 5 APPPATH/Controllers/Dashboard_controller.php(37): view('kd_project/dashboard_view', [...])
 6 SYSTEMPATH/CodeIgniter.php(933): App\Controllers\Dashboard_controller->index()
 7 SYSTEMPATH/CodeIgniter.php(509): CodeIgniter\CodeIgniter->runController(Object(App\Controllers\Dashboard_controller))
 8 SYSTEMPATH/CodeIgniter.php(355): CodeIgniter\CodeIgniter->handleRequest(null, Object(Config\Cache), false)
 9 SYSTEMPATH/Boot.php(325): CodeIgniter\CodeIgniter->run()
10 SYSTEMPATH/Boot.php(67): CodeIgniter\Boot::runCodeIgniter(Object(CodeIgniter\CodeIgniter))
11 FCPATH/index.php(56): CodeIgniter\Boot::bootWeb(Object(Config\Paths))
WARNING - 2024-09-22 07:04:59 --> [DEPRECATED] number_format(): Passing null to parameter #1 ($num) of type float is deprecated in APPPATH/Views/kd_project/dashboard_view.php on line 178.
 1 APPPATH/Views/kd_project/dashboard_view.php(178): number_format(null, 2)
 2 SYSTEMPATH/View/View.php(234): include('/home/u877349608/domains/muraridubey.com/public_html/codeigniter/app/Views/kd_project/dashboard_view.php')
 3 SYSTEMPATH/View/View.php(237): CodeIgniter\View\View->CodeIgniter\View\{closure}()
 4 SYSTEMPATH/Common.php(1171): CodeIgniter\View\View->render('kd_project/dashboard_view', [], true)
 5 APPPATH/Controllers/Dashboard_controller.php(37): view('kd_project/dashboard_view', [...])
 6 SYSTEMPATH/CodeIgniter.php(933): App\Controllers\Dashboard_controller->index()
 7 SYSTEMPATH/CodeIgniter.php(509): CodeIgniter\CodeIgniter->runController(Object(App\Controllers\Dashboard_controller))
 8 SYSTEMPATH/CodeIgniter.php(355): CodeIgniter\CodeIgniter->handleRequest(null, Object(Config\Cache), false)
 9 SYSTEMPATH/Boot.php(325): CodeIgniter\CodeIgniter->run()
10 SYSTEMPATH/Boot.php(67): CodeIgniter\Boot::runCodeIgniter(Object(CodeIgniter\CodeIgniter))
11 FCPATH/index.php(56): CodeIgniter\Boot::bootWeb(Object(Config\Paths))
WARNING - 2024-09-22 07:04:59 --> [DEPRECATED] number_format(): Passing null to parameter #1 ($num) of type float is deprecated in APPPATH/Views/kd_project/dashboard_view.php on line 174.
 1 APPPATH/Views/kd_project/dashboard_view.php(174): number_format(null, 2)
 2 SYSTEMPATH/View/View.php(234): include('/home/u877349608/domains/muraridubey.com/public_html/codeigniter/app/Views/kd_project/dashboard_view.php')
 3 SYSTEMPATH/View/View.php(237): CodeIgniter\View\View->CodeIgniter\View\{closure}()
 4 SYSTEMPATH/Common.php(1171): CodeIgniter\View\View->render('kd_project/dashboard_view', [], true)
 5 APPPATH/Controllers/Dashboard_controller.php(37): view('kd_project/dashboard_view', [...])
 6 SYSTEMPATH/CodeIgniter.php(933): App\Controllers\Dashboard_controller->index()
 7 SYSTEMPATH/CodeIgniter.php(509): CodeIgniter\CodeIgniter->runController(Object(App\Controllers\Dashboard_controller))
 8 SYSTEMPATH/CodeIgniter.php(355): CodeIgniter\CodeIgniter->handleRequest(null, Object(Config\Cache), false)
 9 SYSTEMPATH/Boot.php(325): CodeIgniter\CodeIgniter->run()
10 SYSTEMPATH/Boot.php(67): CodeIgniter\Boot::runCodeIgniter(Object(CodeIgniter\CodeIgniter))
11 FCPATH/index.php(56): CodeIgniter\Boot::bootWeb(Object(Config\Paths))
WARNING - 2024-09-22 07:04:59 --> [DEPRECATED] number_format(): Passing null to parameter #1 ($num) of type float is deprecated in APPPATH/Views/kd_project/dashboard_view.php on line 178.
 1 APPPATH/Views/kd_project/dashboard_view.php(178): number_format(null, 2)
 2 SYSTEMPATH/View/View.php(234): include('/home/u877349608/domains/muraridubey.com/public_html/codeigniter/app/Views/kd_project/dashboard_view.php')
 3 SYSTEMPATH/View/View.php(237): CodeIgniter\View\View->CodeIgniter\View\{closure}()
 4 SYSTEMPATH/Common.php(1171): CodeIgniter\View\View->render('kd_project/dashboard_view', [], true)
 5 APPPATH/Controllers/Dashboard_controller.php(37): view('kd_project/dashboard_view', [...])
 6 SYSTEMPATH/CodeIgniter.php(933): App\Controllers\Dashboard_controller->index()
 7 SYSTEMPATH/CodeIgniter.php(509): CodeIgniter\CodeIgniter->runController(Object(App\Controllers\Dashboard_controller))
 8 SYSTEMPATH/CodeIgniter.php(355): CodeIgniter\CodeIgniter->handleRequest(null, Object(Config\Cache), false)
 9 SYSTEMPATH/Boot.php(325): CodeIgniter\CodeIgniter->run()
10 SYSTEMPATH/Boot.php(67): CodeIgniter\Boot::runCodeIgniter(Object(CodeIgniter\CodeIgniter))
11 FCPATH/index.php(56): CodeIgniter\Boot::bootWeb(Object(Config\Paths))
WARNING - 2024-09-22 07:04:59 --> [DEPRECATED] number_format(): Passing null to parameter #1 ($num) of type float is deprecated in APPPATH/Views/kd_project/dashboard_view.php on line 171.
 1 APPPATH/Views/kd_project/dashboard_view.php(171): number_format(null, 2)
 2 SYSTEMPATH/View/View.php(234): include('/home/u877349608/domains/muraridubey.com/public_html/codeigniter/app/Views/kd_project/dashboard_view.php')
 3 SYSTEMPATH/View/View.php(237): CodeIgniter\View\View->CodeIgniter\View\{closure}()
 4 SYSTEMPATH/Common.php(1171): CodeIgniter\View\View->render('kd_project/dashboard_view', [], true)
 5 APPPATH/Controllers/Dashboard_controller.php(37): view('kd_project/dashboard_view', [...])
 6 SYSTEMPATH/CodeIgniter.php(933): App\Controllers\Dashboard_controller->index()
 7 SYSTEMPATH/CodeIgniter.php(509): CodeIgniter\CodeIgniter->runController(Object(App\Controllers\Dashboard_controller))
 8 SYSTEMPATH/CodeIgniter.php(355): CodeIgniter\CodeIgniter->handleRequest(null, Object(Config\Cache), false)
 9 SYSTEMPATH/Boot.php(325): CodeIgniter\CodeIgniter->run()
10 SYSTEMPATH/Boot.php(67): CodeIgniter\Boot::runCodeIgniter(Object(CodeIgniter\CodeIgniter))
11 FCPATH/index.php(56): CodeIgniter\Boot::bootWeb(Object(Config\Paths))
WARNING - 2024-09-22 07:04:59 --> [DEPRECATED] number_format(): Passing null to parameter #1 ($num) of type float is deprecated in APPPATH/Views/kd_project/dashboard_view.php on line 178.
 1 APPPATH/Views/kd_project/dashboard_view.php(178): number_format(null, 2)
 2 SYSTEMPATH/View/View.php(234): include('/home/u877349608/domains/muraridubey.com/public_html/codeigniter/app/Views/kd_project/dashboard_view.php')
 3 SYSTEMPATH/View/View.php(237): CodeIgniter\View\View->CodeIgniter\View\{closure}()
 4 SYSTEMPATH/Common.php(1171): CodeIgniter\View\View->render('kd_project/dashboard_view', [], true)
 5 APPPATH/Controllers/Dashboard_controller.php(37): view('kd_project/dashboard_view', [...])
 6 SYSTEMPATH/CodeIgniter.php(933): App\Controllers\Dashboard_controller->index()
 7 SYSTEMPATH/CodeIgniter.php(509): CodeIgniter\CodeIgniter->runController(Object(App\Controllers\Dashboard_controller))
 8 SYSTEMPATH/CodeIgniter.php(355): CodeIgniter\CodeIgniter->handleRequest(null, Object(Config\Cache), false)
 9 SYSTEMPATH/Boot.php(325): CodeIgniter\CodeIgniter->run()
10 SYSTEMPATH/Boot.php(67): CodeIgniter\Boot::runCodeIgniter(Object(CodeIgniter\CodeIgniter))
11 FCPATH/index.php(56): CodeIgniter\Boot::bootWeb(Object(Config\Paths))
WARNING - 2024-09-22 07:04:59 --> [DEPRECATED] number_format(): Passing null to parameter #1 ($num) of type float is deprecated in APPPATH/Views/kd_project/dashboard_view.php on line 171.
 1 APPPATH/Views/kd_project/dashboard_view.php(171): number_format(null, 2)
 2 SYSTEMPATH/View/View.php(234): include('/home/u877349608/domains/muraridubey.com/public_html/codeigniter/app/Views/kd_project/dashboard_view.php')
 3 SYSTEMPATH/View/View.php(237): CodeIgniter\View\View->CodeIgniter\View\{closure}()
 4 SYSTEMPATH/Common.php(1171): CodeIgniter\View\View->render('kd_project/dashboard_view', [], true)
 5 APPPATH/Controllers/Dashboard_controller.php(37): view('kd_project/dashboard_view', [...])
 6 SYSTEMPATH/CodeIgniter.php(933): App\Controllers\Dashboard_controller->index()
 7 SYSTEMPATH/CodeIgniter.php(509): CodeIgniter\CodeIgniter->runController(Object(App\Controllers\Dashboard_controller))
 8 SYSTEMPATH/CodeIgniter.php(355): CodeIgniter\CodeIgniter->handleRequest(null, Object(Config\Cache), false)
 9 SYSTEMPATH/Boot.php(325): CodeIgniter\CodeIgniter->run()
10 SYSTEMPATH/Boot.php(67): CodeIgniter\Boot::runCodeIgniter(Object(CodeIgniter\CodeIgniter))
11 FCPATH/index.php(56): CodeIgniter\Boot::bootWeb(Object(Config\Paths))
WARNING - 2024-09-22 07:04:59 --> [DEPRECATED] number_format(): Passing null to parameter #1 ($num) of type float is deprecated in APPPATH/Views/kd_project/dashboard_view.php on line 178.
 1 APPPATH/Views/kd_project/dashboard_view.php(178): number_format(null, 2)
 2 SYSTEMPATH/View/View.php(234): include('/home/u877349608/domains/muraridubey.com/public_html/codeigniter/app/Views/kd_project/dashboard_view.php')
 3 SYSTEMPATH/View/View.php(237): CodeIgniter\View\View->CodeIgniter\View\{closure}()
 4 SYSTEMPATH/Common.php(1171): CodeIgniter\View\View->render('kd_project/dashboard_view', [], true)
 5 APPPATH/Controllers/Dashboard_controller.php(37): view('kd_project/dashboard_view', [...])
 6 SYSTEMPATH/CodeIgniter.php(933): App\Controllers\Dashboard_controller->index()
 7 SYSTEMPATH/CodeIgniter.php(509): CodeIgniter\CodeIgniter->runController(Object(App\Controllers\Dashboard_controller))
 8 SYSTEMPATH/CodeIgniter.php(355): CodeIgniter\CodeIgniter->handleRequest(null, Object(Config\Cache), false)
 9 SYSTEMPATH/Boot.php(325): CodeIgniter\CodeIgniter->run()
10 SYSTEMPATH/Boot.php(67): CodeIgniter\Boot::runCodeIgniter(Object(CodeIgniter\CodeIgniter))
11 FCPATH/index.php(56): CodeIgniter\Boot::bootWeb(Object(Config\Paths))
INFO - 2024-09-22 07:08:03 --> Session: Class initialized using 'CodeIgniter\Session\Handlers\FileHandler' driver.
INFO - 2024-09-22 07:10:48 --> Session: Class initialized using 'CodeIgniter\Session\Handlers\FileHandler' driver.
INFO - 2024-09-22 07:12:30 --> Session: Class initialized using 'CodeIgniter\Session\Handlers\FileHandler' driver.
INFO - 2024-09-22 07:15:07 --> Session: Class initialized using 'CodeIgniter\Session\Handlers\FileHandler' driver.
INFO - 2024-09-22 07:15:07 --> Session: Class initialized using 'CodeIgniter\Session\Handlers\FileHandler' driver.
INFO - 2024-09-22 07:15:11 --> Session: Class initialized using 'CodeIgniter\Session\Handlers\FileHandler' driver.
INFO - 2024-09-22 07:15:13 --> Session: Class initialized using 'CodeIgniter\Session\Handlers\FileHandler' driver.
INFO - 2024-09-22 07:15:52 --> Session: Class initialized using 'CodeIgniter\Session\Handlers\FileHandler' driver.
INFO - 2024-09-22 07:15:54 --> Session: Class initialized using 'CodeIgniter\Session\Handlers\FileHandler' driver.
INFO - 2024-09-22 07:16:05 --> Session: Class initialized using 'CodeIgniter\Session\Handlers\FileHandler' driver.
INFO - 2024-09-22 07:16:52 --> Session: Class initialized using 'CodeIgniter\Session\Handlers\FileHandler' driver.
INFO - 2024-09-22 07:16:54 --> Session: Class initialized using 'CodeIgniter\Session\Handlers\FileHandler' driver.
INFO - 2024-09-22 07:16:57 --> Session: Class initialized using 'CodeIgniter\Session\Handlers\FileHandler' driver.
INFO - 2024-09-22 07:16:59 --> Session: Class initialized using 'CodeIgniter\Session\Handlers\FileHandler' driver.
INFO - 2024-09-22 07:17:04 --> Session: Class initialized using 'CodeIgniter\Session\Handlers\FileHandler' driver.
INFO - 2024-09-22 07:17:05 --> Session: Class initialized using 'CodeIgniter\Session\Handlers\FileHandler' driver.
INFO - 2024-09-22 07:17:05 --> Session: Class initialized using 'CodeIgniter\Session\Handlers\FileHandler' driver.
INFO - 2024-09-22 07:17:05 --> Session: Class initialized using 'CodeIgniter\Session\Handlers\FileHandler' driver.
INFO - 2024-09-22 07:17:13 --> Session: Class initialized using 'CodeIgniter\Session\Handlers\FileHandler' driver.
INFO - 2024-09-22 07:17:13 --> Session: Class initialized using 'CodeIgniter\Session\Handlers\FileHandler' driver.
INFO - 2024-09-22 07:17:19 --> Session: Class initialized using 'CodeIgniter\Session\Handlers\FileHandler' driver.
INFO - 2024-09-22 07:17:19 --> Session: Class initialized using 'CodeIgniter\Session\Handlers\FileHandler' driver.
INFO - 2024-09-22 07:17:28 --> Session: Class initialized using 'CodeIgniter\Session\Handlers\FileHandler' driver.
INFO - 2024-09-22 07:17:28 --> Session: Class initialized using 'CodeIgniter\Session\Handlers\FileHandler' driver.
INFO - 2024-09-22 07:17:34 --> Session: Class initialized using 'CodeIgniter\Session\Handlers\FileHandler' driver.
INFO - 2024-09-22 07:17:34 --> Session: Class initialized using 'CodeIgniter\Session\Handlers\FileHandler' driver.
INFO - 2024-09-22 07:17:39 --> Session: Class initialized using 'CodeIgniter\Session\Handlers\FileHandler' driver.
WARNING - 2024-09-22 07:17:39 --> [DEPRECATED] number_format(): Passing null to parameter #1 ($num) of type float is deprecated in APPPATH/Views/kd_project/dashboard_view.php on line 170.
 1 APPPATH/Views/kd_project/dashboard_view.php(170): number_format(null, 2)
 2 SYSTEMPATH/View/View.php(234): include('/home/u877349608/domains/muraridubey.com/public_html/codeigniter/app/Views/kd_project/dashboard_view.php')
 3 SYSTEMPATH/View/View.php(237): CodeIgniter\View\View->CodeIgniter\View\{closure}()
 4 SYSTEMPATH/Common.php(1171): CodeIgniter\View\View->render('kd_project/dashboard_view', [], true)
 5 APPPATH/Controllers/Dashboard_controller.php(37): view('kd_project/dashboard_view', [...])
 6 SYSTEMPATH/CodeIgniter.php(933): App\Controllers\Dashboard_controller->index()
 7 SYSTEMPATH/CodeIgniter.php(509): CodeIgniter\CodeIgniter->runController(Object(App\Controllers\Dashboard_controller))
 8 SYSTEMPATH/CodeIgniter.php(355): CodeIgniter\CodeIgniter->handleRequest(null, Object(Config\Cache), false)
 9 SYSTEMPATH/Boot.php(325): CodeIgniter\CodeIgniter->run()
10 SYSTEMPATH/Boot.php(67): CodeIgniter\Boot::runCodeIgniter(Object(CodeIgniter\CodeIgniter))
11 FCPATH/index.php(56): CodeIgniter\Boot::bootWeb(Object(Config\Paths))
WARNING - 2024-09-22 07:17:39 --> [DEPRECATED] number_format(): Passing null to parameter #1 ($num) of type float is deprecated in APPPATH/Views/kd_project/dashboard_view.php on line 178.
 1 APPPATH/Views/kd_project/dashboard_view.php(178): number_format(null, 2)
 2 SYSTEMPATH/View/View.php(234): include('/home/u877349608/domains/muraridubey.com/public_html/codeigniter/app/Views/kd_project/dashboard_view.php')
 3 SYSTEMPATH/View/View.php(237): CodeIgniter\View\View->CodeIgniter\View\{closure}()
 4 SYSTEMPATH/Common.php(1171): CodeIgniter\View\View->render('kd_project/dashboard_view', [], true)
 5 APPPATH/Controllers/Dashboard_controller.php(37): view('kd_project/dashboard_view', [...])
 6 SYSTEMPATH/CodeIgniter.php(933): App\Controllers\Dashboard_controller->index()
 7 SYSTEMPATH/CodeIgniter.php(509): CodeIgniter\CodeIgniter->runController(Object(App\Controllers\Dashboard_controller))
 8 SYSTEMPATH/CodeIgniter.php(355): CodeIgniter\CodeIgniter->handleRequest(null, Object(Config\Cache), false)
 9 SYSTEMPATH/Boot.php(325): CodeIgniter\CodeIgniter->run()
10 SYSTEMPATH/Boot.php(67): CodeIgniter\Boot::runCodeIgniter(Object(CodeIgniter\CodeIgniter))
11 FCPATH/index.php(56): CodeIgniter\Boot::bootWeb(Object(Config\Paths))
WARNING - 2024-09-22 07:17:39 --> [DEPRECATED] number_format(): Passing null to parameter #1 ($num) of type float is deprecated in APPPATH/Views/kd_project/dashboard_view.php on line 170.
 1 APPPATH/Views/kd_project/dashboard_view.php(170): number_format(null, 2)
 2 SYSTEMPATH/View/View.php(234): include('/home/u877349608/domains/muraridubey.com/public_html/codeigniter/app/Views/kd_project/dashboard_view.php')
 3 SYSTEMPATH/View/View.php(237): CodeIgniter\View\View->CodeIgniter\View\{closure}()
 4 SYSTEMPATH/Common.php(1171): CodeIgniter\View\View->render('kd_project/dashboard_view', [], true)
 5 APPPATH/Controllers/Dashboard_controller.php(37): view('kd_project/dashboard_view', [...])
 6 SYSTEMPATH/CodeIgniter.php(933): App\Controllers\Dashboard_controller->index()
 7 SYSTEMPATH/CodeIgniter.php(509): CodeIgniter\CodeIgniter->runController(Object(App\Controllers\Dashboard_controller))
 8 SYSTEMPATH/CodeIgniter.php(355): CodeIgniter\CodeIgniter->handleRequest(null, Object(Config\Cache), false)
 9 SYSTEMPATH/Boot.php(325): CodeIgniter\CodeIgniter->run()
10 SYSTEMPATH/Boot.php(67): CodeIgniter\Boot::runCodeIgniter(Object(CodeIgniter\CodeIgniter))
11 FCPATH/index.php(56): CodeIgniter\Boot::bootWeb(Object(Config\Paths))
WARNING - 2024-09-22 07:17:39 --> [DEPRECATED] number_format(): Passing null to parameter #1 ($num) of type float is deprecated in APPPATH/Views/kd_project/dashboard_view.php on line 178.
 1 APPPATH/Views/kd_project/dashboard_view.php(178): number_format(null, 2)
 2 SYSTEMPATH/View/View.php(234): include('/home/u877349608/domains/muraridubey.com/public_html/codeigniter/app/Views/kd_project/dashboard_view.php')
 3 SYSTEMPATH/View/View.php(237): CodeIgniter\View\View->CodeIgniter\View\{closure}()
 4 SYSTEMPATH/Common.php(1171): CodeIgniter\View\View->render('kd_project/dashboard_view', [], true)
 5 APPPATH/Controllers/Dashboard_controller.php(37): view('kd_project/dashboard_view', [...])
 6 SYSTEMPATH/CodeIgniter.php(933): App\Controllers\Dashboard_controller->index()
 7 SYSTEMPATH/CodeIgniter.php(509): CodeIgniter\CodeIgniter->runController(Object(App\Controllers\Dashboard_controller))
 8 SYSTEMPATH/CodeIgniter.php(355): CodeIgniter\CodeIgniter->handleRequest(null, Object(Config\Cache), false)
 9 SYSTEMPATH/Boot.php(325): CodeIgniter\CodeIgniter->run()
10 SYSTEMPATH/Boot.php(67): CodeIgniter\Boot::runCodeIgniter(Object(CodeIgniter\CodeIgniter))
11 FCPATH/index.php(56): CodeIgniter\Boot::bootWeb(Object(Config\Paths))
WARNING - 2024-09-22 07:17:39 --> [DEPRECATED] number_format(): Passing null to parameter #1 ($num) of type float is deprecated in APPPATH/Views/kd_project/dashboard_view.php on line 171.
 1 APPPATH/Views/kd_project/dashboard_view.php(171): number_format(null, 2)
 2 SYSTEMPATH/View/View.php(234): include('/home/u877349608/domains/muraridubey.com/public_html/codeigniter/app/Views/kd_project/dashboard_view.php')
 3 SYSTEMPATH/View/View.php(237): CodeIgniter\View\View->CodeIgniter\View\{closure}()
 4 SYSTEMPATH/Common.php(1171): CodeIgniter\View\View->render('kd_project/dashboard_view', [], true)
 5 APPPATH/Controllers/Dashboard_controller.php(37): view('kd_project/dashboard_view', [...])
 6 SYSTEMPATH/CodeIgniter.php(933): App\Controllers\Dashboard_controller->index()
 7 SYSTEMPATH/CodeIgniter.php(509): CodeIgniter\CodeIgniter->runController(Object(App\Controllers\Dashboard_controller))
 8 SYSTEMPATH/CodeIgniter.php(355): CodeIgniter\CodeIgniter->handleRequest(null, Object(Config\Cache), false)
 9 SYSTEMPATH/Boot.php(325): CodeIgniter\CodeIgniter->run()
10 SYSTEMPATH/Boot.php(67): CodeIgniter\Boot::runCodeIgniter(Object(CodeIgniter\CodeIgniter))
11 FCPATH/index.php(56): CodeIgniter\Boot::bootWeb(Object(Config\Paths))
WARNING - 2024-09-22 07:17:39 --> [DEPRECATED] number_format(): Passing null to parameter #1 ($num) of type float is deprecated in APPPATH/Views/kd_project/dashboard_view.php on line 178.
 1 APPPATH/Views/kd_project/dashboard_view.php(178): number_format(null, 2)
 2 SYSTEMPATH/View/View.php(234): include('/home/u877349608/domains/muraridubey.com/public_html/codeigniter/app/Views/kd_project/dashboard_view.php')
 3 SYSTEMPATH/View/View.php(237): CodeIgniter\View\View->CodeIgniter\View\{closure}()
 4 SYSTEMPATH/Common.php(1171): CodeIgniter\View\View->render('kd_project/dashboard_view', [], true)
 5 APPPATH/Controllers/Dashboard_controller.php(37): view('kd_project/dashboard_view', [...])
 6 SYSTEMPATH/CodeIgniter.php(933): App\Controllers\Dashboard_controller->index()
 7 SYSTEMPATH/CodeIgniter.php(509): CodeIgniter\CodeIgniter->runController(Object(App\Controllers\Dashboard_controller))
 8 SYSTEMPATH/CodeIgniter.php(355): CodeIgniter\CodeIgniter->handleRequest(null, Object(Config\Cache), false)
 9 SYSTEMPATH/Boot.php(325): CodeIgniter\CodeIgniter->run()
10 SYSTEMPATH/Boot.php(67): CodeIgniter\Boot::runCodeIgniter(Object(CodeIgniter\CodeIgniter))
11 FCPATH/index.php(56): CodeIgniter\Boot::bootWeb(Object(Config\Paths))
WARNING - 2024-09-22 07:17:39 --> [DEPRECATED] number_format(): Passing null to parameter #1 ($num) of type float is deprecated in APPPATH/Views/kd_project/dashboard_view.php on line 174.
 1 APPPATH/Views/kd_project/dashboard_view.php(174): number_format(null, 2)
 2 SYSTEMPATH/View/View.php(234): include('/home/u877349608/domains/muraridubey.com/public_html/codeigniter/app/Views/kd_project/dashboard_view.php')
 3 SYSTEMPATH/View/View.php(237): CodeIgniter\View\View->CodeIgniter\View\{closure}()
 4 SYSTEMPATH/Common.php(1171): CodeIgniter\View\View->render('kd_project/dashboard_view', [], true)
 5 APPPATH/Controllers/Dashboard_controller.php(37): view('kd_project/dashboard_view', [...])
 6 SYSTEMPATH/CodeIgniter.php(933): App\Controllers\Dashboard_controller->index()
 7 SYSTEMPATH/CodeIgniter.php(509): CodeIgniter\CodeIgniter->runController(Object(App\Controllers\Dashboard_controller))
 8 SYSTEMPATH/CodeIgniter.php(355): CodeIgniter\CodeIgniter->handleRequest(null, Object(Config\Cache), false)
 9 SYSTEMPATH/Boot.php(325): CodeIgniter\CodeIgniter->run()
10 SYSTEMPATH/Boot.php(67): CodeIgniter\Boot::runCodeIgniter(Object(CodeIgniter\CodeIgniter))
11 FCPATH/index.php(56): CodeIgniter\Boot::bootWeb(Object(Config\Paths))
WARNING - 2024-09-22 07:17:39 --> [DEPRECATED] number_format(): Passing null to parameter #1 ($num) of type float is deprecated in APPPATH/Views/kd_project/dashboard_view.php on line 178.
 1 APPPATH/Views/kd_project/dashboard_view.php(178): number_format(null, 2)
 2 SYSTEMPATH/View/View.php(234): include('/home/u877349608/domains/muraridubey.com/public_html/codeigniter/app/Views/kd_project/dashboard_view.php')
 3 SYSTEMPATH/View/View.php(237): CodeIgniter\View\View->CodeIgniter\View\{closure}()
 4 SYSTEMPATH/Common.php(1171): CodeIgniter\View\View->render('kd_project/dashboard_view', [], true)
 5 APPPATH/Controllers/Dashboard_controller.php(37): view('kd_project/dashboard_view', [...])
 6 SYSTEMPATH/CodeIgniter.php(933): App\Controllers\Dashboard_controller->index()
 7 SYSTEMPATH/CodeIgniter.php(509): CodeIgniter\CodeIgniter->runController(Object(App\Controllers\Dashboard_controller))
 8 SYSTEMPATH/CodeIgniter.php(355): CodeIgniter\CodeIgniter->handleRequest(null, Object(Config\Cache), false)
 9 SYSTEMPATH/Boot.php(325): CodeIgniter\CodeIgniter->run()
10 SYSTEMPATH/Boot.php(67): CodeIgniter\Boot::runCodeIgniter(Object(CodeIgniter\CodeIgniter))
11 FCPATH/index.php(56): CodeIgniter\Boot::bootWeb(Object(Config\Paths))
WARNING - 2024-09-22 07:17:39 --> [DEPRECATED] number_format(): Passing null to parameter #1 ($num) of type float is deprecated in APPPATH/Views/kd_project/dashboard_view.php on line 171.
 1 APPPATH/Views/kd_project/dashboard_view.php(171): number_format(null, 2)
 2 SYSTEMPATH/View/View.php(234): include('/home/u877349608/domains/muraridubey.com/public_html/codeigniter/app/Views/kd_project/dashboard_view.php')
 3 SYSTEMPATH/View/View.php(237): CodeIgniter\View\View->CodeIgniter\View\{closure}()
 4 SYSTEMPATH/Common.php(1171): CodeIgniter\View\View->render('kd_project/dashboard_view', [], true)
 5 APPPATH/Controllers/Dashboard_controller.php(37): view('kd_project/dashboard_view', [...])
 6 SYSTEMPATH/CodeIgniter.php(933): App\Controllers\Dashboard_controller->index()
 7 SYSTEMPATH/CodeIgniter.php(509): CodeIgniter\CodeIgniter->runController(Object(App\Controllers\Dashboard_controller))
 8 SYSTEMPATH/CodeIgniter.php(355): CodeIgniter\CodeIgniter->handleRequest(null, Object(Config\Cache), false)
 9 SYSTEMPATH/Boot.php(325): CodeIgniter\CodeIgniter->run()
10 SYSTEMPATH/Boot.php(67): CodeIgniter\Boot::runCodeIgniter(Object(CodeIgniter\CodeIgniter))
11 FCPATH/index.php(56): CodeIgniter\Boot::bootWeb(Object(Config\Paths))
WARNING - 2024-09-22 07:17:39 --> [DEPRECATED] number_format(): Passing null to parameter #1 ($num) of type float is deprecated in APPPATH/Views/kd_project/dashboard_view.php on line 178.
 1 APPPATH/Views/kd_project/dashboard_view.php(178): number_format(null, 2)
 2 SYSTEMPATH/View/View.php(234): include('/home/u877349608/domains/muraridubey.com/public_html/codeigniter/app/Views/kd_project/dashboard_view.php')
 3 SYSTEMPATH/View/View.php(237): CodeIgniter\View\View->CodeIgniter\View\{closure}()
 4 SYSTEMPATH/Common.php(1171): CodeIgniter\View\View->render('kd_project/dashboard_view', [], true)
 5 APPPATH/Controllers/Dashboard_controller.php(37): view('kd_project/dashboard_view', [...])
 6 SYSTEMPATH/CodeIgniter.php(933): App\Controllers\Dashboard_controller->index()
 7 SYSTEMPATH/CodeIgniter.php(509): CodeIgniter\CodeIgniter->runController(Object(App\Controllers\Dashboard_controller))
 8 SYSTEMPATH/CodeIgniter.php(355): CodeIgniter\CodeIgniter->handleRequest(null, Object(Config\Cache), false)
 9 SYSTEMPATH/Boot.php(325): CodeIgniter\CodeIgniter->run()
10 SYSTEMPATH/Boot.php(67): CodeIgniter\Boot::runCodeIgniter(Object(CodeIgniter\CodeIgniter))
11 FCPATH/index.php(56): CodeIgniter\Boot::bootWeb(Object(Config\Paths))
WARNING - 2024-09-22 07:17:39 --> [DEPRECATED] number_format(): Passing null to parameter #1 ($num) of type float is deprecated in APPPATH/Views/kd_project/dashboard_view.php on line 171.
 1 APPPATH/Views/kd_project/dashboard_view.php(171): number_format(null, 2)
 2 SYSTEMPATH/View/View.php(234): include('/home/u877349608/domains/muraridubey.com/public_html/codeigniter/app/Views/kd_project/dashboard_view.php')
 3 SYSTEMPATH/View/View.php(237): CodeIgniter\View\View->CodeIgniter\View\{closure}()
 4 SYSTEMPATH/Common.php(1171): CodeIgniter\View\View->render('kd_project/dashboard_view', [], true)
 5 APPPATH/Controllers/Dashboard_controller.php(37): view('kd_project/dashboard_view', [...])
 6 SYSTEMPATH/CodeIgniter.php(933): App\Controllers\Dashboard_controller->index()
 7 SYSTEMPATH/CodeIgniter.php(509): CodeIgniter\CodeIgniter->runController(Object(App\Controllers\Dashboard_controller))
 8 SYSTEMPATH/CodeIgniter.php(355): CodeIgniter\CodeIgniter->handleRequest(null, Object(Config\Cache), false)
 9 SYSTEMPATH/Boot.php(325): CodeIgniter\CodeIgniter->run()
10 SYSTEMPATH/Boot.php(67): CodeIgniter\Boot::runCodeIgniter(Object(CodeIgniter\CodeIgniter))
11 FCPATH/index.php(56): CodeIgniter\Boot::bootWeb(Object(Config\Paths))
WARNING - 2024-09-22 07:17:39 --> [DEPRECATED] number_format(): Passing null to parameter #1 ($num) of type float is deprecated in APPPATH/Views/kd_project/dashboard_view.php on line 178.
 1 APPPATH/Views/kd_project/dashboard_view.php(178): number_format(null, 2)
 2 SYSTEMPATH/View/View.php(234): include('/home/u877349608/domains/muraridubey.com/public_html/codeigniter/app/Views/kd_project/dashboard_view.php')
 3 SYSTEMPATH/View/View.php(237): CodeIgniter\View\View->CodeIgniter\View\{closure}()
 4 SYSTEMPATH/Common.php(1171): CodeIgniter\View\View->render('kd_project/dashboard_view', [], true)
 5 APPPATH/Controllers/Dashboard_controller.php(37): view('kd_project/dashboard_view', [...])
 6 SYSTEMPATH/CodeIgniter.php(933): App\Controllers\Dashboard_controller->index()
 7 SYSTEMPATH/CodeIgniter.php(509): CodeIgniter\CodeIgniter->runController(Object(App\Controllers\Dashboard_controller))
 8 SYSTEMPATH/CodeIgniter.php(355): CodeIgniter\CodeIgniter->handleRequest(null, Object(Config\Cache), false)
 9 SYSTEMPATH/Boot.php(325): CodeIgniter\CodeIgniter->run()
10 SYSTEMPATH/Boot.php(67): CodeIgniter\Boot::runCodeIgniter(Object(CodeIgniter\CodeIgniter))
11 FCPATH/index.php(56): CodeIgniter\Boot::bootWeb(Object(Config\Paths))
INFO - 2024-09-22 07:17:43 --> Session: Class initialized using 'CodeIgniter\Session\Handlers\FileHandler' driver.
INFO - 2024-09-22 07:18:06 --> Session: Class initialized using 'CodeIgniter\Session\Handlers\FileHandler' driver.
INFO - 2024-09-22 07:18:07 --> Session: Class initialized using 'CodeIgniter\Session\Handlers\FileHandler' driver.
INFO - 2024-09-22 07:18:12 --> Session: Class initialized using 'CodeIgniter\Session\Handlers\FileHandler' driver.
WARNING - 2024-09-22 07:18:12 --> [DEPRECATED] number_format(): Passing null to parameter #1 ($num) of type float is deprecated in APPPATH/Views/kd_project/dashboard_view.php on line 170.
 1 APPPATH/Views/kd_project/dashboard_view.php(170): number_format(null, 2)
 2 SYSTEMPATH/View/View.php(234): include('/home/u877349608/domains/muraridubey.com/public_html/codeigniter/app/Views/kd_project/dashboard_view.php')
 3 SYSTEMPATH/View/View.php(237): CodeIgniter\View\View->CodeIgniter\View\{closure}()
 4 SYSTEMPATH/Common.php(1171): CodeIgniter\View\View->render('kd_project/dashboard_view', [], true)
 5 APPPATH/Controllers/Dashboard_controller.php(37): view('kd_project/dashboard_view', [...])
 6 SYSTEMPATH/CodeIgniter.php(933): App\Controllers\Dashboard_controller->index()
 7 SYSTEMPATH/CodeIgniter.php(509): CodeIgniter\CodeIgniter->runController(Object(App\Controllers\Dashboard_controller))
 8 SYSTEMPATH/CodeIgniter.php(355): CodeIgniter\CodeIgniter->handleRequest(null, Object(Config\Cache), false)
 9 SYSTEMPATH/Boot.php(325): CodeIgniter\CodeIgniter->run()
10 SYSTEMPATH/Boot.php(67): CodeIgniter\Boot::runCodeIgniter(Object(CodeIgniter\CodeIgniter))
11 FCPATH/index.php(56): CodeIgniter\Boot::bootWeb(Object(Config\Paths))
WARNING - 2024-09-22 07:18:12 --> [DEPRECATED] number_format(): Passing null to parameter #1 ($num) of type float is deprecated in APPPATH/Views/kd_project/dashboard_view.php on line 178.
 1 APPPATH/Views/kd_project/dashboard_view.php(178): number_format(null, 2)
 2 SYSTEMPATH/View/View.php(234): include('/home/u877349608/domains/muraridubey.com/public_html/codeigniter/app/Views/kd_project/dashboard_view.php')
 3 SYSTEMPATH/View/View.php(237): CodeIgniter\View\View->CodeIgniter\View\{closure}()
 4 SYSTEMPATH/Common.php(1171): CodeIgniter\View\View->render('kd_project/dashboard_view', [], true)
 5 APPPATH/Controllers/Dashboard_controller.php(37): view('kd_project/dashboard_view', [...])
 6 SYSTEMPATH/CodeIgniter.php(933): App\Controllers\Dashboard_controller->index()
 7 SYSTEMPATH/CodeIgniter.php(509): CodeIgniter\CodeIgniter->runController(Object(App\Controllers\Dashboard_controller))
 8 SYSTEMPATH/CodeIgniter.php(355): CodeIgniter\CodeIgniter->handleRequest(null, Object(Config\Cache), false)
 9 SYSTEMPATH/Boot.php(325): CodeIgniter\CodeIgniter->run()
10 SYSTEMPATH/Boot.php(67): CodeIgniter\Boot::runCodeIgniter(Object(CodeIgniter\CodeIgniter))
11 FCPATH/index.php(56): CodeIgniter\Boot::bootWeb(Object(Config\Paths))
WARNING - 2024-09-22 07:18:12 --> [DEPRECATED] number_format(): Passing null to parameter #1 ($num) of type float is deprecated in APPPATH/Views/kd_project/dashboard_view.php on line 170.
 1 APPPATH/Views/kd_project/dashboard_view.php(170): number_format(null, 2)
 2 SYSTEMPATH/View/View.php(234): include('/home/u877349608/domains/muraridubey.com/public_html/codeigniter/app/Views/kd_project/dashboard_view.php')
 3 SYSTEMPATH/View/View.php(237): CodeIgniter\View\View->CodeIgniter\View\{closure}()
 4 SYSTEMPATH/Common.php(1171): CodeIgniter\View\View->render('kd_project/dashboard_view', [], true)
 5 APPPATH/Controllers/Dashboard_controller.php(37): view('kd_project/dashboard_view', [...])
 6 SYSTEMPATH/CodeIgniter.php(933): App\Controllers\Dashboard_controller->index()
 7 SYSTEMPATH/CodeIgniter.php(509): CodeIgniter\CodeIgniter->runController(Object(App\Controllers\Dashboard_controller))
 8 SYSTEMPATH/CodeIgniter.php(355): CodeIgniter\CodeIgniter->handleRequest(null, Object(Config\Cache), false)
 9 SYSTEMPATH/Boot.php(325): CodeIgniter\CodeIgniter->run()
10 SYSTEMPATH/Boot.php(67): CodeIgniter\Boot::runCodeIgniter(Object(CodeIgniter\CodeIgniter))
11 FCPATH/index.php(56): CodeIgniter\Boot::bootWeb(Object(Config\Paths))
WARNING - 2024-09-22 07:18:12 --> [DEPRECATED] number_format(): Passing null to parameter #1 ($num) of type float is deprecated in APPPATH/Views/kd_project/dashboard_view.php on line 178.
 1 APPPATH/Views/kd_project/dashboard_view.php(178): number_format(null, 2)
 2 SYSTEMPATH/View/View.php(234): include('/home/u877349608/domains/muraridubey.com/public_html/codeigniter/app/Views/kd_project/dashboard_view.php')
 3 SYSTEMPATH/View/View.php(237): CodeIgniter\View\View->CodeIgniter\View\{closure}()
 4 SYSTEMPATH/Common.php(1171): CodeIgniter\View\View->render('kd_project/dashboard_view', [], true)
 5 APPPATH/Controllers/Dashboard_controller.php(37): view('kd_project/dashboard_view', [...])
 6 SYSTEMPATH/CodeIgniter.php(933): App\Controllers\Dashboard_controller->index()
 7 SYSTEMPATH/CodeIgniter.php(509): CodeIgniter\CodeIgniter->runController(Object(App\Controllers\Dashboard_controller))
 8 SYSTEMPATH/CodeIgniter.php(355): CodeIgniter\CodeIgniter->handleRequest(null, Object(Config\Cache), false)
 9 SYSTEMPATH/Boot.php(325): CodeIgniter\CodeIgniter->run()
10 SYSTEMPATH/Boot.php(67): CodeIgniter\Boot::runCodeIgniter(Object(CodeIgniter\CodeIgniter))
11 FCPATH/index.php(56): CodeIgniter\Boot::bootWeb(Object(Config\Paths))
WARNING - 2024-09-22 07:18:12 --> [DEPRECATED] number_format(): Passing null to parameter #1 ($num) of type float is deprecated in APPPATH/Views/kd_project/dashboard_view.php on line 171.
 1 APPPATH/Views/kd_project/dashboard_view.php(171): number_format(null, 2)
 2 SYSTEMPATH/View/View.php(234): include('/home/u877349608/domains/muraridubey.com/public_html/codeigniter/app/Views/kd_project/dashboard_view.php')
 3 SYSTEMPATH/View/View.php(237): CodeIgniter\View\View->CodeIgniter\View\{closure}()
 4 SYSTEMPATH/Common.php(1171): CodeIgniter\View\View->render('kd_project/dashboard_view', [], true)
 5 APPPATH/Controllers/Dashboard_controller.php(37): view('kd_project/dashboard_view', [...])
 6 SYSTEMPATH/CodeIgniter.php(933): App\Controllers\Dashboard_controller->index()
 7 SYSTEMPATH/CodeIgniter.php(509): CodeIgniter\CodeIgniter->runController(Object(App\Controllers\Dashboard_controller))
 8 SYSTEMPATH/CodeIgniter.php(355): CodeIgniter\CodeIgniter->handleRequest(null, Object(Config\Cache), false)
 9 SYSTEMPATH/Boot.php(325): CodeIgniter\CodeIgniter->run()
10 SYSTEMPATH/Boot.php(67): CodeIgniter\Boot::runCodeIgniter(Object(CodeIgniter\CodeIgniter))
11 FCPATH/index.php(56): CodeIgniter\Boot::bootWeb(Object(Config\Paths))
WARNING - 2024-09-22 07:18:12 --> [DEPRECATED] number_format(): Passing null to parameter #1 ($num) of type float is deprecated in APPPATH/Views/kd_project/dashboard_view.php on line 178.
 1 APPPATH/Views/kd_project/dashboard_view.php(178): number_format(null, 2)
 2 SYSTEMPATH/View/View.php(234): include('/home/u877349608/domains/muraridubey.com/public_html/codeigniter/app/Views/kd_project/dashboard_view.php')
 3 SYSTEMPATH/View/View.php(237): CodeIgniter\View\View->CodeIgniter\View\{closure}()
 4 SYSTEMPATH/Common.php(1171): CodeIgniter\View\View->render('kd_project/dashboard_view', [], true)
 5 APPPATH/Controllers/Dashboard_controller.php(37): view('kd_project/dashboard_view', [...])
 6 SYSTEMPATH/CodeIgniter.php(933): App\Controllers\Dashboard_controller->index()
 7 SYSTEMPATH/CodeIgniter.php(509): CodeIgniter\CodeIgniter->runController(Object(App\Controllers\Dashboard_controller))
 8 SYSTEMPATH/CodeIgniter.php(355): CodeIgniter\CodeIgniter->handleRequest(null, Object(Config\Cache), false)
 9 SYSTEMPATH/Boot.php(325): CodeIgniter\CodeIgniter->run()
10 SYSTEMPATH/Boot.php(67): CodeIgniter\Boot::runCodeIgniter(Object(CodeIgniter\CodeIgniter))
11 FCPATH/index.php(56): CodeIgniter\Boot::bootWeb(Object(Config\Paths))
WARNING - 2024-09-22 07:18:12 --> [DEPRECATED] number_format(): Passing null to parameter #1 ($num) of type float is deprecated in APPPATH/Views/kd_project/dashboard_view.php on line 174.
 1 APPPATH/Views/kd_project/dashboard_view.php(174): number_format(null, 2)
 2 SYSTEMPATH/View/View.php(234): include('/home/u877349608/domains/muraridubey.com/public_html/codeigniter/app/Views/kd_project/dashboard_view.php')
 3 SYSTEMPATH/View/View.php(237): CodeIgniter\View\View->CodeIgniter\View\{closure}()
 4 SYSTEMPATH/Common.php(1171): CodeIgniter\View\View->render('kd_project/dashboard_view', [], true)
 5 APPPATH/Controllers/Dashboard_controller.php(37): view('kd_project/dashboard_view', [...])
 6 SYSTEMPATH/CodeIgniter.php(933): App\Controllers\Dashboard_controller->index()
 7 SYSTEMPATH/CodeIgniter.php(509): CodeIgniter\CodeIgniter->runController(Object(App\Controllers\Dashboard_controller))
 8 SYSTEMPATH/CodeIgniter.php(355): CodeIgniter\CodeIgniter->handleRequest(null, Object(Config\Cache), false)
 9 SYSTEMPATH/Boot.php(325): CodeIgniter\CodeIgniter->run()
10 SYSTEMPATH/Boot.php(67): CodeIgniter\Boot::runCodeIgniter(Object(CodeIgniter\CodeIgniter))
11 FCPATH/index.php(56): CodeIgniter\Boot::bootWeb(Object(Config\Paths))
WARNING - 2024-09-22 07:18:12 --> [DEPRECATED] number_format(): Passing null to parameter #1 ($num) of type float is deprecated in APPPATH/Views/kd_project/dashboard_view.php on line 178.
 1 APPPATH/Views/kd_project/dashboard_view.php(178): number_format(null, 2)
 2 SYSTEMPATH/View/View.php(234): include('/home/u877349608/domains/muraridubey.com/public_html/codeigniter/app/Views/kd_project/dashboard_view.php')
 3 SYSTEMPATH/View/View.php(237): CodeIgniter\View\View->CodeIgniter\View\{closure}()
 4 SYSTEMPATH/Common.php(1171): CodeIgniter\View\View->render('kd_project/dashboard_view', [], true)
 5 APPPATH/Controllers/Dashboard_controller.php(37): view('kd_project/dashboard_view', [...])
 6 SYSTEMPATH/CodeIgniter.php(933): App\Controllers\Dashboard_controller->index()
 7 SYSTEMPATH/CodeIgniter.php(509): CodeIgniter\CodeIgniter->runController(Object(App\Controllers\Dashboard_controller))
 8 SYSTEMPATH/CodeIgniter.php(355): CodeIgniter\CodeIgniter->handleRequest(null, Object(Config\Cache), false)
 9 SYSTEMPATH/Boot.php(325): CodeIgniter\CodeIgniter->run()
10 SYSTEMPATH/Boot.php(67): CodeIgniter\Boot::runCodeIgniter(Object(CodeIgniter\CodeIgniter))
11 FCPATH/index.php(56): CodeIgniter\Boot::bootWeb(Object(Config\Paths))
WARNING - 2024-09-22 07:18:12 --> [DEPRECATED] number_format(): Passing null to parameter #1 ($num) of type float is deprecated in APPPATH/Views/kd_project/dashboard_view.php on line 171.
 1 APPPATH/Views/kd_project/dashboard_view.php(171): number_format(null, 2)
 2 SYSTEMPATH/View/View.php(234): include('/home/u877349608/domains/muraridubey.com/public_html/codeigniter/app/Views/kd_project/dashboard_view.php')
 3 SYSTEMPATH/View/View.php(237): CodeIgniter\View\View->CodeIgniter\View\{closure}()
 4 SYSTEMPATH/Common.php(1171): CodeIgniter\View\View->render('kd_project/dashboard_view', [], true)
 5 APPPATH/Controllers/Dashboard_controller.php(37): view('kd_project/dashboard_view', [...])
 6 SYSTEMPATH/CodeIgniter.php(933): App\Controllers\Dashboard_controller->index()
 7 SYSTEMPATH/CodeIgniter.php(509): CodeIgniter\CodeIgniter->runController(Object(App\Controllers\Dashboard_controller))
 8 SYSTEMPATH/CodeIgniter.php(355): CodeIgniter\CodeIgniter->handleRequest(null, Object(Config\Cache), false)
 9 SYSTEMPATH/Boot.php(325): CodeIgniter\CodeIgniter->run()
10 SYSTEMPATH/Boot.php(67): CodeIgniter\Boot::runCodeIgniter(Object(CodeIgniter\CodeIgniter))
11 FCPATH/index.php(56): CodeIgniter\Boot::bootWeb(Object(Config\Paths))
WARNING - 2024-09-22 07:18:12 --> [DEPRECATED] number_format(): Passing null to parameter #1 ($num) of type float is deprecated in APPPATH/Views/kd_project/dashboard_view.php on line 178.
 1 APPPATH/Views/kd_project/dashboard_view.php(178): number_format(null, 2)
 2 SYSTEMPATH/View/View.php(234): include('/home/u877349608/domains/muraridubey.com/public_html/codeigniter/app/Views/kd_project/dashboard_view.php')
 3 SYSTEMPATH/View/View.php(237): CodeIgniter\View\View->CodeIgniter\View\{closure}()
 4 SYSTEMPATH/Common.php(1171): CodeIgniter\View\View->render('kd_project/dashboard_view', [], true)
 5 APPPATH/Controllers/Dashboard_controller.php(37): view('kd_project/dashboard_view', [...])
 6 SYSTEMPATH/CodeIgniter.php(933): App\Controllers\Dashboard_controller->index()
 7 SYSTEMPATH/CodeIgniter.php(509): CodeIgniter\CodeIgniter->runController(Object(App\Controllers\Dashboard_controller))
 8 SYSTEMPATH/CodeIgniter.php(355): CodeIgniter\CodeIgniter->handleRequest(null, Object(Config\Cache), false)
 9 SYSTEMPATH/Boot.php(325): CodeIgniter\CodeIgniter->run()
10 SYSTEMPATH/Boot.php(67): CodeIgniter\Boot::runCodeIgniter(Object(CodeIgniter\CodeIgniter))
11 FCPATH/index.php(56): CodeIgniter\Boot::bootWeb(Object(Config\Paths))
WARNING - 2024-09-22 07:18:12 --> [DEPRECATED] number_format(): Passing null to parameter #1 ($num) of type float is deprecated in APPPATH/Views/kd_project/dashboard_view.php on line 171.
 1 APPPATH/Views/kd_project/dashboard_view.php(171): number_format(null, 2)
 2 SYSTEMPATH/View/View.php(234): include('/home/u877349608/domains/muraridubey.com/public_html/codeigniter/app/Views/kd_project/dashboard_view.php')
 3 SYSTEMPATH/View/View.php(237): CodeIgniter\View\View->CodeIgniter\View\{closure}()
 4 SYSTEMPATH/Common.php(1171): CodeIgniter\View\View->render('kd_project/dashboard_view', [], true)
 5 APPPATH/Controllers/Dashboard_controller.php(37): view('kd_project/dashboard_view', [...])
 6 SYSTEMPATH/CodeIgniter.php(933): App\Controllers\Dashboard_controller->index()
 7 SYSTEMPATH/CodeIgniter.php(509): CodeIgniter\CodeIgniter->runController(Object(App\Controllers\Dashboard_controller))
 8 SYSTEMPATH/CodeIgniter.php(355): CodeIgniter\CodeIgniter->handleRequest(null, Object(Config\Cache), false)
 9 SYSTEMPATH/Boot.php(325): CodeIgniter\CodeIgniter->run()
10 SYSTEMPATH/Boot.php(67): CodeIgniter\Boot::runCodeIgniter(Object(CodeIgniter\CodeIgniter))
11 FCPATH/index.php(56): CodeIgniter\Boot::bootWeb(Object(Config\Paths))
WARNING - 2024-09-22 07:18:12 --> [DEPRECATED] number_format(): Passing null to parameter #1 ($num) of type float is deprecated in APPPATH/Views/kd_project/dashboard_view.php on line 178.
 1 APPPATH/Views/kd_project/dashboard_view.php(178): number_format(null, 2)
 2 SYSTEMPATH/View/View.php(234): include('/home/u877349608/domains/muraridubey.com/public_html/codeigniter/app/Views/kd_project/dashboard_view.php')
 3 SYSTEMPATH/View/View.php(237): CodeIgniter\View\View->CodeIgniter\View\{closure}()
 4 SYSTEMPATH/Common.php(1171): CodeIgniter\View\View->render('kd_project/dashboard_view', [], true)
 5 APPPATH/Controllers/Dashboard_controller.php(37): view('kd_project/dashboard_view', [...])
 6 SYSTEMPATH/CodeIgniter.php(933): App\Controllers\Dashboard_controller->index()
 7 SYSTEMPATH/CodeIgniter.php(509): CodeIgniter\CodeIgniter->runController(Object(App\Controllers\Dashboard_controller))
 8 SYSTEMPATH/CodeIgniter.php(355): CodeIgniter\CodeIgniter->handleRequest(null, Object(Config\Cache), false)
 9 SYSTEMPATH/Boot.php(325): CodeIgniter\CodeIgniter->run()
10 SYSTEMPATH/Boot.php(67): CodeIgniter\Boot::runCodeIgniter(Object(CodeIgniter\CodeIgniter))
11 FCPATH/index.php(56): CodeIgniter\Boot::bootWeb(Object(Config\Paths))
INFO - 2024-09-22 07:22:17 --> Session: Class initialized using 'CodeIgniter\Session\Handlers\FileHandler' driver.
INFO - 2024-09-22 07:22:17 --> Session: Class initialized using 'CodeIgniter\Session\Handlers\FileHandler' driver.
INFO - 2024-09-22 07:23:19 --> Session: Class initialized using 'CodeIgniter\Session\Handlers\FileHandler' driver.
INFO - 2024-09-22 07:23:19 --> Session: Class initialized using 'CodeIgniter\Session\Handlers\FileHandler' driver.
INFO - 2024-09-22 07:23:55 --> Session: Class initialized using 'CodeIgniter\Session\Handlers\FileHandler' driver.
INFO - 2024-09-22 07:23:55 --> Session: Class initialized using 'CodeIgniter\Session\Handlers\FileHandler' driver.
INFO - 2024-09-22 07:24:17 --> Session: Class initialized using 'CodeIgniter\Session\Handlers\FileHandler' driver.
INFO - 2024-09-22 07:24:17 --> Session: Class initialized using 'CodeIgniter\Session\Handlers\FileHandler' driver.
INFO - 2024-09-22 07:24:45 --> Session: Class initialized using 'CodeIgniter\Session\Handlers\FileHandler' driver.
WARNING - 2024-09-22 07:24:45 --> [DEPRECATED] number_format(): Passing null to parameter #1 ($num) of type float is deprecated in APPPATH/Views/kd_project/dashboard_view.php on line 170.
 1 APPPATH/Views/kd_project/dashboard_view.php(170): number_format(null, 2)
 2 SYSTEMPATH/View/View.php(234): include('/home/u877349608/domains/muraridubey.com/public_html/codeigniter/app/Views/kd_project/dashboard_view.php')
 3 SYSTEMPATH/View/View.php(237): CodeIgniter\View\View->CodeIgniter\View\{closure}()
 4 SYSTEMPATH/Common.php(1171): CodeIgniter\View\View->render('kd_project/dashboard_view', [], true)
 5 APPPATH/Controllers/Dashboard_controller.php(37): view('kd_project/dashboard_view', [...])
 6 SYSTEMPATH/CodeIgniter.php(933): App\Controllers\Dashboard_controller->index()
 7 SYSTEMPATH/CodeIgniter.php(509): CodeIgniter\CodeIgniter->runController(Object(App\Controllers\Dashboard_controller))
 8 SYSTEMPATH/CodeIgniter.php(355): CodeIgniter\CodeIgniter->handleRequest(null, Object(Config\Cache), false)
 9 SYSTEMPATH/Boot.php(325): CodeIgniter\CodeIgniter->run()
10 SYSTEMPATH/Boot.php(67): CodeIgniter\Boot::runCodeIgniter(Object(CodeIgniter\CodeIgniter))
11 FCPATH/index.php(56): CodeIgniter\Boot::bootWeb(Object(Config\Paths))
WARNING - 2024-09-22 07:24:45 --> [DEPRECATED] number_format(): Passing null to parameter #1 ($num) of type float is deprecated in APPPATH/Views/kd_project/dashboard_view.php on line 178.
 1 APPPATH/Views/kd_project/dashboard_view.php(178): number_format(null, 2)
 2 SYSTEMPATH/View/View.php(234): include('/home/u877349608/domains/muraridubey.com/public_html/codeigniter/app/Views/kd_project/dashboard_view.php')
 3 SYSTEMPATH/View/View.php(237): CodeIgniter\View\View->CodeIgniter\View\{closure}()
 4 SYSTEMPATH/Common.php(1171): CodeIgniter\View\View->render('kd_project/dashboard_view', [], true)
 5 APPPATH/Controllers/Dashboard_controller.php(37): view('kd_project/dashboard_view', [...])
 6 SYSTEMPATH/CodeIgniter.php(933): App\Controllers\Dashboard_controller->index()
 7 SYSTEMPATH/CodeIgniter.php(509): CodeIgniter\CodeIgniter->runController(Object(App\Controllers\Dashboard_controller))
 8 SYSTEMPATH/CodeIgniter.php(355): CodeIgniter\CodeIgniter->handleRequest(null, Object(Config\Cache), false)
 9 SYSTEMPATH/Boot.php(325): CodeIgniter\CodeIgniter->run()
10 SYSTEMPATH/Boot.php(67): CodeIgniter\Boot::runCodeIgniter(Object(CodeIgniter\CodeIgniter))
11 FCPATH/index.php(56): CodeIgniter\Boot::bootWeb(Object(Config\Paths))
WARNING - 2024-09-22 07:24:45 --> [DEPRECATED] number_format(): Passing null to parameter #1 ($num) of type float is deprecated in APPPATH/Views/kd_project/dashboard_view.php on line 170.
 1 APPPATH/Views/kd_project/dashboard_view.php(170): number_format(null, 2)
 2 SYSTEMPATH/View/View.php(234): include('/home/u877349608/domains/muraridubey.com/public_html/codeigniter/app/Views/kd_project/dashboard_view.php')
 3 SYSTEMPATH/View/View.php(237): CodeIgniter\View\View->CodeIgniter\View\{closure}()
 4 SYSTEMPATH/Common.php(1171): CodeIgniter\View\View->render('kd_project/dashboard_view', [], true)
 5 APPPATH/Controllers/Dashboard_controller.php(37): view('kd_project/dashboard_view', [...])
 6 SYSTEMPATH/CodeIgniter.php(933): App\Controllers\Dashboard_controller->index()
 7 SYSTEMPATH/CodeIgniter.php(509): CodeIgniter\CodeIgniter->runController(Object(App\Controllers\Dashboard_controller))
 8 SYSTEMPATH/CodeIgniter.php(355): CodeIgniter\CodeIgniter->handleRequest(null, Object(Config\Cache), false)
 9 SYSTEMPATH/Boot.php(325): CodeIgniter\CodeIgniter->run()
10 SYSTEMPATH/Boot.php(67): CodeIgniter\Boot::runCodeIgniter(Object(CodeIgniter\CodeIgniter))
11 FCPATH/index.php(56): CodeIgniter\Boot::bootWeb(Object(Config\Paths))
WARNING - 2024-09-22 07:24:45 --> [DEPRECATED] number_format(): Passing null to parameter #1 ($num) of type float is deprecated in APPPATH/Views/kd_project/dashboard_view.php on line 178.
 1 APPPATH/Views/kd_project/dashboard_view.php(178): number_format(null, 2)
 2 SYSTEMPATH/View/View.php(234): include('/home/u877349608/domains/muraridubey.com/public_html/codeigniter/app/Views/kd_project/dashboard_view.php')
 3 SYSTEMPATH/View/View.php(237): CodeIgniter\View\View->CodeIgniter\View\{closure}()
 4 SYSTEMPATH/Common.php(1171): CodeIgniter\View\View->render('kd_project/dashboard_view', [], true)
 5 APPPATH/Controllers/Dashboard_controller.php(37): view('kd_project/dashboard_view', [...])
 6 SYSTEMPATH/CodeIgniter.php(933): App\Controllers\Dashboard_controller->index()
 7 SYSTEMPATH/CodeIgniter.php(509): CodeIgniter\CodeIgniter->runController(Object(App\Controllers\Dashboard_controller))
 8 SYSTEMPATH/CodeIgniter.php(355): CodeIgniter\CodeIgniter->handleRequest(null, Object(Config\Cache), false)
 9 SYSTEMPATH/Boot.php(325): CodeIgniter\CodeIgniter->run()
10 SYSTEMPATH/Boot.php(67): CodeIgniter\Boot::runCodeIgniter(Object(CodeIgniter\CodeIgniter))
11 FCPATH/index.php(56): CodeIgniter\Boot::bootWeb(Object(Config\Paths))
WARNING - 2024-09-22 07:24:45 --> [DEPRECATED] number_format(): Passing null to parameter #1 ($num) of type float is deprecated in APPPATH/Views/kd_project/dashboard_view.php on line 178.
 1 APPPATH/Views/kd_project/dashboard_view.php(178): number_format(null, 2)
 2 SYSTEMPATH/View/View.php(234): include('/home/u877349608/domains/muraridubey.com/public_html/codeigniter/app/Views/kd_project/dashboard_view.php')
 3 SYSTEMPATH/View/View.php(237): CodeIgniter\View\View->CodeIgniter\View\{closure}()
 4 SYSTEMPATH/Common.php(1171): CodeIgniter\View\View->render('kd_project/dashboard_view', [], true)
 5 APPPATH/Controllers/Dashboard_controller.php(37): view('kd_project/dashboard_view', [...])
 6 SYSTEMPATH/CodeIgniter.php(933): App\Controllers\Dashboard_controller->index()
 7 SYSTEMPATH/CodeIgniter.php(509): CodeIgniter\CodeIgniter->runController(Object(App\Controllers\Dashboard_controller))
 8 SYSTEMPATH/CodeIgniter.php(355): CodeIgniter\CodeIgniter->handleRequest(null, Object(Config\Cache), false)
 9 SYSTEMPATH/Boot.php(325): CodeIgniter\CodeIgniter->run()
10 SYSTEMPATH/Boot.php(67): CodeIgniter\Boot::runCodeIgniter(Object(CodeIgniter\CodeIgniter))
11 FCPATH/index.php(56): CodeIgniter\Boot::bootWeb(Object(Config\Paths))
WARNING - 2024-09-22 07:24:45 --> [DEPRECATED] number_format(): Passing null to parameter #1 ($num) of type float is deprecated in APPPATH/Views/kd_project/dashboard_view.php on line 171.
 1 APPPATH/Views/kd_project/dashboard_view.php(171): number_format(null, 2)
 2 SYSTEMPATH/View/View.php(234): include('/home/u877349608/domains/muraridubey.com/public_html/codeigniter/app/Views/kd_project/dashboard_view.php')
 3 SYSTEMPATH/View/View.php(237): CodeIgniter\View\View->CodeIgniter\View\{closure}()
 4 SYSTEMPATH/Common.php(1171): CodeIgniter\View\View->render('kd_project/dashboard_view', [], true)
 5 APPPATH/Controllers/Dashboard_controller.php(37): view('kd_project/dashboard_view', [...])
 6 SYSTEMPATH/CodeIgniter.php(933): App\Controllers\Dashboard_controller->index()
 7 SYSTEMPATH/CodeIgniter.php(509): CodeIgniter\CodeIgniter->runController(Object(App\Controllers\Dashboard_controller))
 8 SYSTEMPATH/CodeIgniter.php(355): CodeIgniter\CodeIgniter->handleRequest(null, Object(Config\Cache), false)
 9 SYSTEMPATH/Boot.php(325): CodeIgniter\CodeIgniter->run()
10 SYSTEMPATH/Boot.php(67): CodeIgniter\Boot::runCodeIgniter(Object(CodeIgniter\CodeIgniter))
11 FCPATH/index.php(56): CodeIgniter\Boot::bootWeb(Object(Config\Paths))
WARNING - 2024-09-22 07:24:45 --> [DEPRECATED] number_format(): Passing null to parameter #1 ($num) of type float is deprecated in APPPATH/Views/kd_project/dashboard_view.php on line 178.
 1 APPPATH/Views/kd_project/dashboard_view.php(178): number_format(null, 2)
 2 SYSTEMPATH/View/View.php(234): include('/home/u877349608/domains/muraridubey.com/public_html/codeigniter/app/Views/kd_project/dashboard_view.php')
 3 SYSTEMPATH/View/View.php(237): CodeIgniter\View\View->CodeIgniter\View\{closure}()
 4 SYSTEMPATH/Common.php(1171): CodeIgniter\View\View->render('kd_project/dashboard_view', [], true)
 5 APPPATH/Controllers/Dashboard_controller.php(37): view('kd_project/dashboard_view', [...])
 6 SYSTEMPATH/CodeIgniter.php(933): App\Controllers\Dashboard_controller->index()
 7 SYSTEMPATH/CodeIgniter.php(509): CodeIgniter\CodeIgniter->runController(Object(App\Controllers\Dashboard_controller))
 8 SYSTEMPATH/CodeIgniter.php(355): CodeIgniter\CodeIgniter->handleRequest(null, Object(Config\Cache), false)
 9 SYSTEMPATH/Boot.php(325): CodeIgniter\CodeIgniter->run()
10 SYSTEMPATH/Boot.php(67): CodeIgniter\Boot::runCodeIgniter(Object(CodeIgniter\CodeIgniter))
11 FCPATH/index.php(56): CodeIgniter\Boot::bootWeb(Object(Config\Paths))
WARNING - 2024-09-22 07:24:45 --> [DEPRECATED] number_format(): Passing null to parameter #1 ($num) of type float is deprecated in APPPATH/Views/kd_project/dashboard_view.php on line 174.
 1 APPPATH/Views/kd_project/dashboard_view.php(174): number_format(null, 2)
 2 SYSTEMPATH/View/View.php(234): include('/home/u877349608/domains/muraridubey.com/public_html/codeigniter/app/Views/kd_project/dashboard_view.php')
 3 SYSTEMPATH/View/View.php(237): CodeIgniter\View\View->CodeIgniter\View\{closure}()
 4 SYSTEMPATH/Common.php(1171): CodeIgniter\View\View->render('kd_project/dashboard_view', [], true)
 5 APPPATH/Controllers/Dashboard_controller.php(37): view('kd_project/dashboard_view', [...])
 6 SYSTEMPATH/CodeIgniter.php(933): App\Controllers\Dashboard_controller->index()
 7 SYSTEMPATH/CodeIgniter.php(509): CodeIgniter\CodeIgniter->runController(Object(App\Controllers\Dashboard_controller))
 8 SYSTEMPATH/CodeIgniter.php(355): CodeIgniter\CodeIgniter->handleRequest(null, Object(Config\Cache), false)
 9 SYSTEMPATH/Boot.php(325): CodeIgniter\CodeIgniter->run()
10 SYSTEMPATH/Boot.php(67): CodeIgniter\Boot::runCodeIgniter(Object(CodeIgniter\CodeIgniter))
11 FCPATH/index.php(56): CodeIgniter\Boot::bootWeb(Object(Config\Paths))
WARNING - 2024-09-22 07:24:45 --> [DEPRECATED] number_format(): Passing null to parameter #1 ($num) of type float is deprecated in APPPATH/Views/kd_project/dashboard_view.php on line 178.
 1 APPPATH/Views/kd_project/dashboard_view.php(178): number_format(null, 2)
 2 SYSTEMPATH/View/View.php(234): include('/home/u877349608/domains/muraridubey.com/public_html/codeigniter/app/Views/kd_project/dashboard_view.php')
 3 SYSTEMPATH/View/View.php(237): CodeIgniter\View\View->CodeIgniter\View\{closure}()
 4 SYSTEMPATH/Common.php(1171): CodeIgniter\View\View->render('kd_project/dashboard_view', [], true)
 5 APPPATH/Controllers/Dashboard_controller.php(37): view('kd_project/dashboard_view', [...])
 6 SYSTEMPATH/CodeIgniter.php(933): App\Controllers\Dashboard_controller->index()
 7 SYSTEMPATH/CodeIgniter.php(509): CodeIgniter\CodeIgniter->runController(Object(App\Controllers\Dashboard_controller))
 8 SYSTEMPATH/CodeIgniter.php(355): CodeIgniter\CodeIgniter->handleRequest(null, Object(Config\Cache), false)
 9 SYSTEMPATH/Boot.php(325): CodeIgniter\CodeIgniter->run()
10 SYSTEMPATH/Boot.php(67): CodeIgniter\Boot::runCodeIgniter(Object(CodeIgniter\CodeIgniter))
11 FCPATH/index.php(56): CodeIgniter\Boot::bootWeb(Object(Config\Paths))
WARNING - 2024-09-22 07:24:45 --> [DEPRECATED] number_format(): Passing null to parameter #1 ($num) of type float is deprecated in APPPATH/Views/kd_project/dashboard_view.php on line 171.
 1 APPPATH/Views/kd_project/dashboard_view.php(171): number_format(null, 2)
 2 SYSTEMPATH/View/View.php(234): include('/home/u877349608/domains/muraridubey.com/public_html/codeigniter/app/Views/kd_project/dashboard_view.php')
 3 SYSTEMPATH/View/View.php(237): CodeIgniter\View\View->CodeIgniter\View\{closure}()
 4 SYSTEMPATH/Common.php(1171): CodeIgniter\View\View->render('kd_project/dashboard_view', [], true)
 5 APPPATH/Controllers/Dashboard_controller.php(37): view('kd_project/dashboard_view', [...])
 6 SYSTEMPATH/CodeIgniter.php(933): App\Controllers\Dashboard_controller->index()
 7 SYSTEMPATH/CodeIgniter.php(509): CodeIgniter\CodeIgniter->runController(Object(App\Controllers\Dashboard_controller))
 8 SYSTEMPATH/CodeIgniter.php(355): CodeIgniter\CodeIgniter->handleRequest(null, Object(Config\Cache), false)
 9 SYSTEMPATH/Boot.php(325): CodeIgniter\CodeIgniter->run()
10 SYSTEMPATH/Boot.php(67): CodeIgniter\Boot::runCodeIgniter(Object(CodeIgniter\CodeIgniter))
11 FCPATH/index.php(56): CodeIgniter\Boot::bootWeb(Object(Config\Paths))
WARNING - 2024-09-22 07:24:45 --> [DEPRECATED] number_format(): Passing null to parameter #1 ($num) of type float is deprecated in APPPATH/Views/kd_project/dashboard_view.php on line 178.
 1 APPPATH/Views/kd_project/dashboard_view.php(178): number_format(null, 2)
 2 SYSTEMPATH/View/View.php(234): include('/home/u877349608/domains/muraridubey.com/public_html/codeigniter/app/Views/kd_project/dashboard_view.php')
 3 SYSTEMPATH/View/View.php(237): CodeIgniter\View\View->CodeIgniter\View\{closure}()
 4 SYSTEMPATH/Common.php(1171): CodeIgniter\View\View->render('kd_project/dashboard_view', [], true)
 5 APPPATH/Controllers/Dashboard_controller.php(37): view('kd_project/dashboard_view', [...])
 6 SYSTEMPATH/CodeIgniter.php(933): App\Controllers\Dashboard_controller->index()
 7 SYSTEMPATH/CodeIgniter.php(509): CodeIgniter\CodeIgniter->runController(Object(App\Controllers\Dashboard_controller))
 8 SYSTEMPATH/CodeIgniter.php(355): CodeIgniter\CodeIgniter->handleRequest(null, Object(Config\Cache), false)
 9 SYSTEMPATH/Boot.php(325): CodeIgniter\CodeIgniter->run()
10 SYSTEMPATH/Boot.php(67): CodeIgniter\Boot::runCodeIgniter(Object(CodeIgniter\CodeIgniter))
11 FCPATH/index.php(56): CodeIgniter\Boot::bootWeb(Object(Config\Paths))
WARNING - 2024-09-22 07:24:45 --> [DEPRECATED] number_format(): Passing null to parameter #1 ($num) of type float is deprecated in APPPATH/Views/kd_project/dashboard_view.php on line 171.
 1 APPPATH/Views/kd_project/dashboard_view.php(171): number_format(null, 2)
 2 SYSTEMPATH/View/View.php(234): include('/home/u877349608/domains/muraridubey.com/public_html/codeigniter/app/Views/kd_project/dashboard_view.php')
 3 SYSTEMPATH/View/View.php(237): CodeIgniter\View\View->CodeIgniter\View\{closure}()
 4 SYSTEMPATH/Common.php(1171): CodeIgniter\View\View->render('kd_project/dashboard_view', [], true)
 5 APPPATH/Controllers/Dashboard_controller.php(37): view('kd_project/dashboard_view', [...])
 6 SYSTEMPATH/CodeIgniter.php(933): App\Controllers\Dashboard_controller->index()
 7 SYSTEMPATH/CodeIgniter.php(509): CodeIgniter\CodeIgniter->runController(Object(App\Controllers\Dashboard_controller))
 8 SYSTEMPATH/CodeIgniter.php(355): CodeIgniter\CodeIgniter->handleRequest(null, Object(Config\Cache), false)
 9 SYSTEMPATH/Boot.php(325): CodeIgniter\CodeIgniter->run()
10 SYSTEMPATH/Boot.php(67): CodeIgniter\Boot::runCodeIgniter(Object(CodeIgniter\CodeIgniter))
11 FCPATH/index.php(56): CodeIgniter\Boot::bootWeb(Object(Config\Paths))
WARNING - 2024-09-22 07:24:45 --> [DEPRECATED] number_format(): Passing null to parameter #1 ($num) of type float is deprecated in APPPATH/Views/kd_project/dashboard_view.php on line 178.
 1 APPPATH/Views/kd_project/dashboard_view.php(178): number_format(null, 2)
 2 SYSTEMPATH/View/View.php(234): include('/home/u877349608/domains/muraridubey.com/public_html/codeigniter/app/Views/kd_project/dashboard_view.php')
 3 SYSTEMPATH/View/View.php(237): CodeIgniter\View\View->CodeIgniter\View\{closure}()
 4 SYSTEMPATH/Common.php(1171): CodeIgniter\View\View->render('kd_project/dashboard_view', [], true)
 5 APPPATH/Controllers/Dashboard_controller.php(37): view('kd_project/dashboard_view', [...])
 6 SYSTEMPATH/CodeIgniter.php(933): App\Controllers\Dashboard_controller->index()
 7 SYSTEMPATH/CodeIgniter.php(509): CodeIgniter\CodeIgniter->runController(Object(App\Controllers\Dashboard_controller))
 8 SYSTEMPATH/CodeIgniter.php(355): CodeIgniter\CodeIgniter->handleRequest(null, Object(Config\Cache), false)
 9 SYSTEMPATH/Boot.php(325): CodeIgniter\CodeIgniter->run()
10 SYSTEMPATH/Boot.php(67): CodeIgniter\Boot::runCodeIgniter(Object(CodeIgniter\CodeIgniter))
11 FCPATH/index.php(56): CodeIgniter\Boot::bootWeb(Object(Config\Paths))
INFO - 2024-09-22 07:24:59 --> Session: Class initialized using 'CodeIgniter\Session\Handlers\FileHandler' driver.
INFO - 2024-09-22 07:25:15 --> Session: Class initialized using 'CodeIgniter\Session\Handlers\FileHandler' driver.
INFO - 2024-09-22 07:25:18 --> Session: Class initialized using 'CodeIgniter\Session\Handlers\FileHandler' driver.
INFO - 2024-09-22 07:25:28 --> Session: Class initialized using 'CodeIgniter\Session\Handlers\FileHandler' driver.
INFO - 2024-09-22 07:25:38 --> Session: Class initialized using 'CodeIgniter\Session\Handlers\FileHandler' driver.
INFO - 2024-09-22 07:25:40 --> Session: Class initialized using 'CodeIgniter\Session\Handlers\FileHandler' driver.
INFO - 2024-09-22 07:25:45 --> Session: Class initialized using 'CodeIgniter\Session\Handlers\FileHandler' driver.
WARNING - 2024-09-22 07:25:45 --> [DEPRECATED] number_format(): Passing null to parameter #1 ($num) of type float is deprecated in APPPATH/Views/kd_project/dashboard_view.php on line 170.
 1 APPPATH/Views/kd_project/dashboard_view.php(170): number_format(null, 2)
 2 SYSTEMPATH/View/View.php(234): include('/home/u877349608/domains/muraridubey.com/public_html/codeigniter/app/Views/kd_project/dashboard_view.php')
 3 SYSTEMPATH/View/View.php(237): CodeIgniter\View\View->CodeIgniter\View\{closure}()
 4 SYSTEMPATH/Common.php(1171): CodeIgniter\View\View->render('kd_project/dashboard_view', [], true)
 5 APPPATH/Controllers/Dashboard_controller.php(37): view('kd_project/dashboard_view', [...])
 6 SYSTEMPATH/CodeIgniter.php(933): App\Controllers\Dashboard_controller->index()
 7 SYSTEMPATH/CodeIgniter.php(509): CodeIgniter\CodeIgniter->runController(Object(App\Controllers\Dashboard_controller))
 8 SYSTEMPATH/CodeIgniter.php(355): CodeIgniter\CodeIgniter->handleRequest(null, Object(Config\Cache), false)
 9 SYSTEMPATH/Boot.php(325): CodeIgniter\CodeIgniter->run()
10 SYSTEMPATH/Boot.php(67): CodeIgniter\Boot::runCodeIgniter(Object(CodeIgniter\CodeIgniter))
11 FCPATH/index.php(56): CodeIgniter\Boot::bootWeb(Object(Config\Paths))
WARNING - 2024-09-22 07:25:45 --> [DEPRECATED] number_format(): Passing null to parameter #1 ($num) of type float is deprecated in APPPATH/Views/kd_project/dashboard_view.php on line 178.
 1 APPPATH/Views/kd_project/dashboard_view.php(178): number_format(null, 2)
 2 SYSTEMPATH/View/View.php(234): include('/home/u877349608/domains/muraridubey.com/public_html/codeigniter/app/Views/kd_project/dashboard_view.php')
 3 SYSTEMPATH/View/View.php(237): CodeIgniter\View\View->CodeIgniter\View\{closure}()
 4 SYSTEMPATH/Common.php(1171): CodeIgniter\View\View->render('kd_project/dashboard_view', [], true)
 5 APPPATH/Controllers/Dashboard_controller.php(37): view('kd_project/dashboard_view', [...])
 6 SYSTEMPATH/CodeIgniter.php(933): App\Controllers\Dashboard_controller->index()
 7 SYSTEMPATH/CodeIgniter.php(509): CodeIgniter\CodeIgniter->runController(Object(App\Controllers\Dashboard_controller))
 8 SYSTEMPATH/CodeIgniter.php(355): CodeIgniter\CodeIgniter->handleRequest(null, Object(Config\Cache), false)
 9 SYSTEMPATH/Boot.php(325): CodeIgniter\CodeIgniter->run()
10 SYSTEMPATH/Boot.php(67): CodeIgniter\Boot::runCodeIgniter(Object(CodeIgniter\CodeIgniter))
11 FCPATH/index.php(56): CodeIgniter\Boot::bootWeb(Object(Config\Paths))
WARNING - 2024-09-22 07:25:45 --> [DEPRECATED] number_format(): Passing null to parameter #1 ($num) of type float is deprecated in APPPATH/Views/kd_project/dashboard_view.php on line 170.
 1 APPPATH/Views/kd_project/dashboard_view.php(170): number_format(null, 2)
 2 SYSTEMPATH/View/View.php(234): include('/home/u877349608/domains/muraridubey.com/public_html/codeigniter/app/Views/kd_project/dashboard_view.php')
 3 SYSTEMPATH/View/View.php(237): CodeIgniter\View\View->CodeIgniter\View\{closure}()
 4 SYSTEMPATH/Common.php(1171): CodeIgniter\View\View->render('kd_project/dashboard_view', [], true)
 5 APPPATH/Controllers/Dashboard_controller.php(37): view('kd_project/dashboard_view', [...])
 6 SYSTEMPATH/CodeIgniter.php(933): App\Controllers\Dashboard_controller->index()
 7 SYSTEMPATH/CodeIgniter.php(509): CodeIgniter\CodeIgniter->runController(Object(App\Controllers\Dashboard_controller))
 8 SYSTEMPATH/CodeIgniter.php(355): CodeIgniter\CodeIgniter->handleRequest(null, Object(Config\Cache), false)
 9 SYSTEMPATH/Boot.php(325): CodeIgniter\CodeIgniter->run()
10 SYSTEMPATH/Boot.php(67): CodeIgniter\Boot::runCodeIgniter(Object(CodeIgniter\CodeIgniter))
11 FCPATH/index.php(56): CodeIgniter\Boot::bootWeb(Object(Config\Paths))
WARNING - 2024-09-22 07:25:45 --> [DEPRECATED] number_format(): Passing null to parameter #1 ($num) of type float is deprecated in APPPATH/Views/kd_project/dashboard_view.php on line 178.
 1 APPPATH/Views/kd_project/dashboard_view.php(178): number_format(null, 2)
 2 SYSTEMPATH/View/View.php(234): include('/home/u877349608/domains/muraridubey.com/public_html/codeigniter/app/Views/kd_project/dashboard_view.php')
 3 SYSTEMPATH/View/View.php(237): CodeIgniter\View\View->CodeIgniter\View\{closure}()
 4 SYSTEMPATH/Common.php(1171): CodeIgniter\View\View->render('kd_project/dashboard_view', [], true)
 5 APPPATH/Controllers/Dashboard_controller.php(37): view('kd_project/dashboard_view', [...])
 6 SYSTEMPATH/CodeIgniter.php(933): App\Controllers\Dashboard_controller->index()
 7 SYSTEMPATH/CodeIgniter.php(509): CodeIgniter\CodeIgniter->runController(Object(App\Controllers\Dashboard_controller))
 8 SYSTEMPATH/CodeIgniter.php(355): CodeIgniter\CodeIgniter->handleRequest(null, Object(Config\Cache), false)
 9 SYSTEMPATH/Boot.php(325): CodeIgniter\CodeIgniter->run()
10 SYSTEMPATH/Boot.php(67): CodeIgniter\Boot::runCodeIgniter(Object(CodeIgniter\CodeIgniter))
11 FCPATH/index.php(56): CodeIgniter\Boot::bootWeb(Object(Config\Paths))
WARNING - 2024-09-22 07:25:45 --> [DEPRECATED] number_format(): Passing null to parameter #1 ($num) of type float is deprecated in APPPATH/Views/kd_project/dashboard_view.php on line 171.
 1 APPPATH/Views/kd_project/dashboard_view.php(171): number_format(null, 2)
 2 SYSTEMPATH/View/View.php(234): include('/home/u877349608/domains/muraridubey.com/public_html/codeigniter/app/Views/kd_project/dashboard_view.php')
 3 SYSTEMPATH/View/View.php(237): CodeIgniter\View\View->CodeIgniter\View\{closure}()
 4 SYSTEMPATH/Common.php(1171): CodeIgniter\View\View->render('kd_project/dashboard_view', [], true)
 5 APPPATH/Controllers/Dashboard_controller.php(37): view('kd_project/dashboard_view', [...])
 6 SYSTEMPATH/CodeIgniter.php(933): App\Controllers\Dashboard_controller->index()
 7 SYSTEMPATH/CodeIgniter.php(509): CodeIgniter\CodeIgniter->runController(Object(App\Controllers\Dashboard_controller))
 8 SYSTEMPATH/CodeIgniter.php(355): CodeIgniter\CodeIgniter->handleRequest(null, Object(Config\Cache), false)
 9 SYSTEMPATH/Boot.php(325): CodeIgniter\CodeIgniter->run()
10 SYSTEMPATH/Boot.php(67): CodeIgniter\Boot::runCodeIgniter(Object(CodeIgniter\CodeIgniter))
11 FCPATH/index.php(56): CodeIgniter\Boot::bootWeb(Object(Config\Paths))
WARNING - 2024-09-22 07:25:45 --> [DEPRECATED] number_format(): Passing null to parameter #1 ($num) of type float is deprecated in APPPATH/Views/kd_project/dashboard_view.php on line 178.
 1 APPPATH/Views/kd_project/dashboard_view.php(178): number_format(null, 2)
 2 SYSTEMPATH/View/View.php(234): include('/home/u877349608/domains/muraridubey.com/public_html/codeigniter/app/Views/kd_project/dashboard_view.php')
 3 SYSTEMPATH/View/View.php(237): CodeIgniter\View\View->CodeIgniter\View\{closure}()
 4 SYSTEMPATH/Common.php(1171): CodeIgniter\View\View->render('kd_project/dashboard_view', [], true)
 5 APPPATH/Controllers/Dashboard_controller.php(37): view('kd_project/dashboard_view', [...])
 6 SYSTEMPATH/CodeIgniter.php(933): App\Controllers\Dashboard_controller->index()
 7 SYSTEMPATH/CodeIgniter.php(509): CodeIgniter\CodeIgniter->runController(Object(App\Controllers\Dashboard_controller))
 8 SYSTEMPATH/CodeIgniter.php(355): CodeIgniter\CodeIgniter->handleRequest(null, Object(Config\Cache), false)
 9 SYSTEMPATH/Boot.php(325): CodeIgniter\CodeIgniter->run()
10 SYSTEMPATH/Boot.php(67): CodeIgniter\Boot::runCodeIgniter(Object(CodeIgniter\CodeIgniter))
11 FCPATH/index.php(56): CodeIgniter\Boot::bootWeb(Object(Config\Paths))
WARNING - 2024-09-22 07:25:45 --> [DEPRECATED] number_format(): Passing null to parameter #1 ($num) of type float is deprecated in APPPATH/Views/kd_project/dashboard_view.php on line 174.
 1 APPPATH/Views/kd_project/dashboard_view.php(174): number_format(null, 2)
 2 SYSTEMPATH/View/View.php(234): include('/home/u877349608/domains/muraridubey.com/public_html/codeigniter/app/Views/kd_project/dashboard_view.php')
 3 SYSTEMPATH/View/View.php(237): CodeIgniter\View\View->CodeIgniter\View\{closure}()
 4 SYSTEMPATH/Common.php(1171): CodeIgniter\View\View->render('kd_project/dashboard_view', [], true)
 5 APPPATH/Controllers/Dashboard_controller.php(37): view('kd_project/dashboard_view', [...])
 6 SYSTEMPATH/CodeIgniter.php(933): App\Controllers\Dashboard_controller->index()
 7 SYSTEMPATH/CodeIgniter.php(509): CodeIgniter\CodeIgniter->runController(Object(App\Controllers\Dashboard_controller))
 8 SYSTEMPATH/CodeIgniter.php(355): CodeIgniter\CodeIgniter->handleRequest(null, Object(Config\Cache), false)
 9 SYSTEMPATH/Boot.php(325): CodeIgniter\CodeIgniter->run()
10 SYSTEMPATH/Boot.php(67): CodeIgniter\Boot::runCodeIgniter(Object(CodeIgniter\CodeIgniter))
11 FCPATH/index.php(56): CodeIgniter\Boot::bootWeb(Object(Config\Paths))
WARNING - 2024-09-22 07:25:45 --> [DEPRECATED] number_format(): Passing null to parameter #1 ($num) of type float is deprecated in APPPATH/Views/kd_project/dashboard_view.php on line 178.
 1 APPPATH/Views/kd_project/dashboard_view.php(178): number_format(null, 2)
 2 SYSTEMPATH/View/View.php(234): include('/home/u877349608/domains/muraridubey.com/public_html/codeigniter/app/Views/kd_project/dashboard_view.php')
 3 SYSTEMPATH/View/View.php(237): CodeIgniter\View\View->CodeIgniter\View\{closure}()
 4 SYSTEMPATH/Common.php(1171): CodeIgniter\View\View->render('kd_project/dashboard_view', [], true)
 5 APPPATH/Controllers/Dashboard_controller.php(37): view('kd_project/dashboard_view', [...])
 6 SYSTEMPATH/CodeIgniter.php(933): App\Controllers\Dashboard_controller->index()
 7 SYSTEMPATH/CodeIgniter.php(509): CodeIgniter\CodeIgniter->runController(Object(App\Controllers\Dashboard_controller))
 8 SYSTEMPATH/CodeIgniter.php(355): CodeIgniter\CodeIgniter->handleRequest(null, Object(Config\Cache), false)
 9 SYSTEMPATH/Boot.php(325): CodeIgniter\CodeIgniter->run()
10 SYSTEMPATH/Boot.php(67): CodeIgniter\Boot::runCodeIgniter(Object(CodeIgniter\CodeIgniter))
11 FCPATH/index.php(56): CodeIgniter\Boot::bootWeb(Object(Config\Paths))
WARNING - 2024-09-22 07:25:45 --> [DEPRECATED] number_format(): Passing null to parameter #1 ($num) of type float is deprecated in APPPATH/Views/kd_project/dashboard_view.php on line 171.
 1 APPPATH/Views/kd_project/dashboard_view.php(171): number_format(null, 2)
 2 SYSTEMPATH/View/View.php(234): include('/home/u877349608/domains/muraridubey.com/public_html/codeigniter/app/Views/kd_project/dashboard_view.php')
 3 SYSTEMPATH/View/View.php(237): CodeIgniter\View\View->CodeIgniter\View\{closure}()
 4 SYSTEMPATH/Common.php(1171): CodeIgniter\View\View->render('kd_project/dashboard_view', [], true)
 5 APPPATH/Controllers/Dashboard_controller.php(37): view('kd_project/dashboard_view', [...])
 6 SYSTEMPATH/CodeIgniter.php(933): App\Controllers\Dashboard_controller->index()
 7 SYSTEMPATH/CodeIgniter.php(509): CodeIgniter\CodeIgniter->runController(Object(App\Controllers\Dashboard_controller))
 8 SYSTEMPATH/CodeIgniter.php(355): CodeIgniter\CodeIgniter->handleRequest(null, Object(Config\Cache), false)
 9 SYSTEMPATH/Boot.php(325): CodeIgniter\CodeIgniter->run()
10 SYSTEMPATH/Boot.php(67): CodeIgniter\Boot::runCodeIgniter(Object(CodeIgniter\CodeIgniter))
11 FCPATH/index.php(56): CodeIgniter\Boot::bootWeb(Object(Config\Paths))
WARNING - 2024-09-22 07:25:45 --> [DEPRECATED] number_format(): Passing null to parameter #1 ($num) of type float is deprecated in APPPATH/Views/kd_project/dashboard_view.php on line 178.
 1 APPPATH/Views/kd_project/dashboard_view.php(178): number_format(null, 2)
 2 SYSTEMPATH/View/View.php(234): include('/home/u877349608/domains/muraridubey.com/public_html/codeigniter/app/Views/kd_project/dashboard_view.php')
 3 SYSTEMPATH/View/View.php(237): CodeIgniter\View\View->CodeIgniter\View\{closure}()
 4 SYSTEMPATH/Common.php(1171): CodeIgniter\View\View->render('kd_project/dashboard_view', [], true)
 5 APPPATH/Controllers/Dashboard_controller.php(37): view('kd_project/dashboard_view', [...])
 6 SYSTEMPATH/CodeIgniter.php(933): App\Controllers\Dashboard_controller->index()
 7 SYSTEMPATH/CodeIgniter.php(509): CodeIgniter\CodeIgniter->runController(Object(App\Controllers\Dashboard_controller))
 8 SYSTEMPATH/CodeIgniter.php(355): CodeIgniter\CodeIgniter->handleRequest(null, Object(Config\Cache), false)
 9 SYSTEMPATH/Boot.php(325): CodeIgniter\CodeIgniter->run()
10 SYSTEMPATH/Boot.php(67): CodeIgniter\Boot::runCodeIgniter(Object(CodeIgniter\CodeIgniter))
11 FCPATH/index.php(56): CodeIgniter\Boot::bootWeb(Object(Config\Paths))
WARNING - 2024-09-22 07:25:45 --> [DEPRECATED] number_format(): Passing null to parameter #1 ($num) of type float is deprecated in APPPATH/Views/kd_project/dashboard_view.php on line 171.
 1 APPPATH/Views/kd_project/dashboard_view.php(171): number_format(null, 2)
 2 SYSTEMPATH/View/View.php(234): include('/home/u877349608/domains/muraridubey.com/public_html/codeigniter/app/Views/kd_project/dashboard_view.php')
 3 SYSTEMPATH/View/View.php(237): CodeIgniter\View\View->CodeIgniter\View\{closure}()
 4 SYSTEMPATH/Common.php(1171): CodeIgniter\View\View->render('kd_project/dashboard_view', [], true)
 5 APPPATH/Controllers/Dashboard_controller.php(37): view('kd_project/dashboard_view', [...])
 6 SYSTEMPATH/CodeIgniter.php(933): App\Controllers\Dashboard_controller->index()
 7 SYSTEMPATH/CodeIgniter.php(509): CodeIgniter\CodeIgniter->runController(Object(App\Controllers\Dashboard_controller))
 8 SYSTEMPATH/CodeIgniter.php(355): CodeIgniter\CodeIgniter->handleRequest(null, Object(Config\Cache), false)
 9 SYSTEMPATH/Boot.php(325): CodeIgniter\CodeIgniter->run()
10 SYSTEMPATH/Boot.php(67): CodeIgniter\Boot::runCodeIgniter(Object(CodeIgniter\CodeIgniter))
11 FCPATH/index.php(56): CodeIgniter\Boot::bootWeb(Object(Config\Paths))
WARNING - 2024-09-22 07:25:45 --> [DEPRECATED] number_format(): Passing null to parameter #1 ($num) of type float is deprecated in APPPATH/Views/kd_project/dashboard_view.php on line 178.
 1 APPPATH/Views/kd_project/dashboard_view.php(178): number_format(null, 2)
 2 SYSTEMPATH/View/View.php(234): include('/home/u877349608/domains/muraridubey.com/public_html/codeigniter/app/Views/kd_project/dashboard_view.php')
 3 SYSTEMPATH/View/View.php(237): CodeIgniter\View\View->CodeIgniter\View\{closure}()
 4 SYSTEMPATH/Common.php(1171): CodeIgniter\View\View->render('kd_project/dashboard_view', [], true)
 5 APPPATH/Controllers/Dashboard_controller.php(37): view('kd_project/dashboard_view', [...])
 6 SYSTEMPATH/CodeIgniter.php(933): App\Controllers\Dashboard_controller->index()
 7 SYSTEMPATH/CodeIgniter.php(509): CodeIgniter\CodeIgniter->runController(Object(App\Controllers\Dashboard_controller))
 8 SYSTEMPATH/CodeIgniter.php(355): CodeIgniter\CodeIgniter->handleRequest(null, Object(Config\Cache), false)
 9 SYSTEMPATH/Boot.php(325): CodeIgniter\CodeIgniter->run()
10 SYSTEMPATH/Boot.php(67): CodeIgniter\Boot::runCodeIgniter(Object(CodeIgniter\CodeIgniter))
11 FCPATH/index.php(56): CodeIgniter\Boot::bootWeb(Object(Config\Paths))
INFO - 2024-09-22 07:28:28 --> Session: Class initialized using 'CodeIgniter\Session\Handlers\FileHandler' driver.
INFO - 2024-09-22 07:28:53 --> Session: Class initialized using 'CodeIgniter\Session\Handlers\FileHandler' driver.
INFO - 2024-09-22 07:29:33 --> Session: Class initialized using 'CodeIgniter\Session\Handlers\FileHandler' driver.
INFO - 2024-09-22 07:29:33 --> Session: Class initialized using 'CodeIgniter\Session\Handlers\FileHandler' driver.
INFO - 2024-09-22 07:30:10 --> Session: Class initialized using 'CodeIgniter\Session\Handlers\FileHandler' driver.
WARNING - 2024-09-22 07:30:10 --> [DEPRECATED] number_format(): Passing null to parameter #1 ($num) of type float is deprecated in APPPATH/Views/kd_project/dashboard_view.php on line 170.
 1 APPPATH/Views/kd_project/dashboard_view.php(170): number_format(null, 2)
 2 SYSTEMPATH/View/View.php(234): include('/home/u877349608/domains/muraridubey.com/public_html/codeigniter/app/Views/kd_project/dashboard_view.php')
 3 SYSTEMPATH/View/View.php(237): CodeIgniter\View\View->CodeIgniter\View\{closure}()
 4 SYSTEMPATH/Common.php(1171): CodeIgniter\View\View->render('kd_project/dashboard_view', [], true)
 5 APPPATH/Controllers/Dashboard_controller.php(37): view('kd_project/dashboard_view', [...])
 6 SYSTEMPATH/CodeIgniter.php(933): App\Controllers\Dashboard_controller->index()
 7 SYSTEMPATH/CodeIgniter.php(509): CodeIgniter\CodeIgniter->runController(Object(App\Controllers\Dashboard_controller))
 8 SYSTEMPATH/CodeIgniter.php(355): CodeIgniter\CodeIgniter->handleRequest(null, Object(Config\Cache), false)
 9 SYSTEMPATH/Boot.php(325): CodeIgniter\CodeIgniter->run()
10 SYSTEMPATH/Boot.php(67): CodeIgniter\Boot::runCodeIgniter(Object(CodeIgniter\CodeIgniter))
11 FCPATH/index.php(56): CodeIgniter\Boot::bootWeb(Object(Config\Paths))
WARNING - 2024-09-22 07:30:10 --> [DEPRECATED] number_format(): Passing null to parameter #1 ($num) of type float is deprecated in APPPATH/Views/kd_project/dashboard_view.php on line 178.
 1 APPPATH/Views/kd_project/dashboard_view.php(178): number_format(null, 2)
 2 SYSTEMPATH/View/View.php(234): include('/home/u877349608/domains/muraridubey.com/public_html/codeigniter/app/Views/kd_project/dashboard_view.php')
 3 SYSTEMPATH/View/View.php(237): CodeIgniter\View\View->CodeIgniter\View\{closure}()
 4 SYSTEMPATH/Common.php(1171): CodeIgniter\View\View->render('kd_project/dashboard_view', [], true)
 5 APPPATH/Controllers/Dashboard_controller.php(37): view('kd_project/dashboard_view', [...])
 6 SYSTEMPATH/CodeIgniter.php(933): App\Controllers\Dashboard_controller->index()
 7 SYSTEMPATH/CodeIgniter.php(509): CodeIgniter\CodeIgniter->runController(Object(App\Controllers\Dashboard_controller))
 8 SYSTEMPATH/CodeIgniter.php(355): CodeIgniter\CodeIgniter->handleRequest(null, Object(Config\Cache), false)
 9 SYSTEMPATH/Boot.php(325): CodeIgniter\CodeIgniter->run()
10 SYSTEMPATH/Boot.php(67): CodeIgniter\Boot::runCodeIgniter(Object(CodeIgniter\CodeIgniter))
11 FCPATH/index.php(56): CodeIgniter\Boot::bootWeb(Object(Config\Paths))
WARNING - 2024-09-22 07:30:10 --> [DEPRECATED] number_format(): Passing null to parameter #1 ($num) of type float is deprecated in APPPATH/Views/kd_project/dashboard_view.php on line 170.
 1 APPPATH/Views/kd_project/dashboard_view.php(170): number_format(null, 2)
 2 SYSTEMPATH/View/View.php(234): include('/home/u877349608/domains/muraridubey.com/public_html/codeigniter/app/Views/kd_project/dashboard_view.php')
 3 SYSTEMPATH/View/View.php(237): CodeIgniter\View\View->CodeIgniter\View\{closure}()
 4 SYSTEMPATH/Common.php(1171): CodeIgniter\View\View->render('kd_project/dashboard_view', [], true)
 5 APPPATH/Controllers/Dashboard_controller.php(37): view('kd_project/dashboard_view', [...])
 6 SYSTEMPATH/CodeIgniter.php(933): App\Controllers\Dashboard_controller->index()
 7 SYSTEMPATH/CodeIgniter.php(509): CodeIgniter\CodeIgniter->runController(Object(App\Controllers\Dashboard_controller))
 8 SYSTEMPATH/CodeIgniter.php(355): CodeIgniter\CodeIgniter->handleRequest(null, Object(Config\Cache), false)
 9 SYSTEMPATH/Boot.php(325): CodeIgniter\CodeIgniter->run()
10 SYSTEMPATH/Boot.php(67): CodeIgniter\Boot::runCodeIgniter(Object(CodeIgniter\CodeIgniter))
11 FCPATH/index.php(56): CodeIgniter\Boot::bootWeb(Object(Config\Paths))
WARNING - 2024-09-22 07:30:10 --> [DEPRECATED] number_format(): Passing null to parameter #1 ($num) of type float is deprecated in APPPATH/Views/kd_project/dashboard_view.php on line 178.
 1 APPPATH/Views/kd_project/dashboard_view.php(178): number_format(null, 2)
 2 SYSTEMPATH/View/View.php(234): include('/home/u877349608/domains/muraridubey.com/public_html/codeigniter/app/Views/kd_project/dashboard_view.php')
 3 SYSTEMPATH/View/View.php(237): CodeIgniter\View\View->CodeIgniter\View\{closure}()
 4 SYSTEMPATH/Common.php(1171): CodeIgniter\View\View->render('kd_project/dashboard_view', [], true)
 5 APPPATH/Controllers/Dashboard_controller.php(37): view('kd_project/dashboard_view', [...])
 6 SYSTEMPATH/CodeIgniter.php(933): App\Controllers\Dashboard_controller->index()
 7 SYSTEMPATH/CodeIgniter.php(509): CodeIgniter\CodeIgniter->runController(Object(App\Controllers\Dashboard_controller))
 8 SYSTEMPATH/CodeIgniter.php(355): CodeIgniter\CodeIgniter->handleRequest(null, Object(Config\Cache), false)
 9 SYSTEMPATH/Boot.php(325): CodeIgniter\CodeIgniter->run()
10 SYSTEMPATH/Boot.php(67): CodeIgniter\Boot::runCodeIgniter(Object(CodeIgniter\CodeIgniter))
11 FCPATH/index.php(56): CodeIgniter\Boot::bootWeb(Object(Config\Paths))
WARNING - 2024-09-22 07:30:10 --> [DEPRECATED] number_format(): Passing null to parameter #1 ($num) of type float is deprecated in APPPATH/Views/kd_project/dashboard_view.php on line 171.
 1 APPPATH/Views/kd_project/dashboard_view.php(171): number_format(null, 2)
 2 SYSTEMPATH/View/View.php(234): include('/home/u877349608/domains/muraridubey.com/public_html/codeigniter/app/Views/kd_project/dashboard_view.php')
 3 SYSTEMPATH/View/View.php(237): CodeIgniter\View\View->CodeIgniter\View\{closure}()
 4 SYSTEMPATH/Common.php(1171): CodeIgniter\View\View->render('kd_project/dashboard_view', [], true)
 5 APPPATH/Controllers/Dashboard_controller.php(37): view('kd_project/dashboard_view', [...])
 6 SYSTEMPATH/CodeIgniter.php(933): App\Controllers\Dashboard_controller->index()
 7 SYSTEMPATH/CodeIgniter.php(509): CodeIgniter\CodeIgniter->runController(Object(App\Controllers\Dashboard_controller))
 8 SYSTEMPATH/CodeIgniter.php(355): CodeIgniter\CodeIgniter->handleRequest(null, Object(Config\Cache), false)
 9 SYSTEMPATH/Boot.php(325): CodeIgniter\CodeIgniter->run()
10 SYSTEMPATH/Boot.php(67): CodeIgniter\Boot::runCodeIgniter(Object(CodeIgniter\CodeIgniter))
11 FCPATH/index.php(56): CodeIgniter\Boot::bootWeb(Object(Config\Paths))
WARNING - 2024-09-22 07:30:10 --> [DEPRECATED] number_format(): Passing null to parameter #1 ($num) of type float is deprecated in APPPATH/Views/kd_project/dashboard_view.php on line 178.
 1 APPPATH/Views/kd_project/dashboard_view.php(178): number_format(null, 2)
 2 SYSTEMPATH/View/View.php(234): include('/home/u877349608/domains/muraridubey.com/public_html/codeigniter/app/Views/kd_project/dashboard_view.php')
 3 SYSTEMPATH/View/View.php(237): CodeIgniter\View\View->CodeIgniter\View\{closure}()
 4 SYSTEMPATH/Common.php(1171): CodeIgniter\View\View->render('kd_project/dashboard_view', [], true)
 5 APPPATH/Controllers/Dashboard_controller.php(37): view('kd_project/dashboard_view', [...])
 6 SYSTEMPATH/CodeIgniter.php(933): App\Controllers\Dashboard_controller->index()
 7 SYSTEMPATH/CodeIgniter.php(509): CodeIgniter\CodeIgniter->runController(Object(App\Controllers\Dashboard_controller))
 8 SYSTEMPATH/CodeIgniter.php(355): CodeIgniter\CodeIgniter->handleRequest(null, Object(Config\Cache), false)
 9 SYSTEMPATH/Boot.php(325): CodeIgniter\CodeIgniter->run()
10 SYSTEMPATH/Boot.php(67): CodeIgniter\Boot::runCodeIgniter(Object(CodeIgniter\CodeIgniter))
11 FCPATH/index.php(56): CodeIgniter\Boot::bootWeb(Object(Config\Paths))
WARNING - 2024-09-22 07:30:10 --> [DEPRECATED] number_format(): Passing null to parameter #1 ($num) of type float is deprecated in APPPATH/Views/kd_project/dashboard_view.php on line 174.
 1 APPPATH/Views/kd_project/dashboard_view.php(174): number_format(null, 2)
 2 SYSTEMPATH/View/View.php(234): include('/home/u877349608/domains/muraridubey.com/public_html/codeigniter/app/Views/kd_project/dashboard_view.php')
 3 SYSTEMPATH/View/View.php(237): CodeIgniter\View\View->CodeIgniter\View\{closure}()
 4 SYSTEMPATH/Common.php(1171): CodeIgniter\View\View->render('kd_project/dashboard_view', [], true)
 5 APPPATH/Controllers/Dashboard_controller.php(37): view('kd_project/dashboard_view', [...])
 6 SYSTEMPATH/CodeIgniter.php(933): App\Controllers\Dashboard_controller->index()
 7 SYSTEMPATH/CodeIgniter.php(509): CodeIgniter\CodeIgniter->runController(Object(App\Controllers\Dashboard_controller))
 8 SYSTEMPATH/CodeIgniter.php(355): CodeIgniter\CodeIgniter->handleRequest(null, Object(Config\Cache), false)
 9 SYSTEMPATH/Boot.php(325): CodeIgniter\CodeIgniter->run()
10 SYSTEMPATH/Boot.php(67): CodeIgniter\Boot::runCodeIgniter(Object(CodeIgniter\CodeIgniter))
11 FCPATH/index.php(56): CodeIgniter\Boot::bootWeb(Object(Config\Paths))
WARNING - 2024-09-22 07:30:10 --> [DEPRECATED] number_format(): Passing null to parameter #1 ($num) of type float is deprecated in APPPATH/Views/kd_project/dashboard_view.php on line 178.
 1 APPPATH/Views/kd_project/dashboard_view.php(178): number_format(null, 2)
 2 SYSTEMPATH/View/View.php(234): include('/home/u877349608/domains/muraridubey.com/public_html/codeigniter/app/Views/kd_project/dashboard_view.php')
 3 SYSTEMPATH/View/View.php(237): CodeIgniter\View\View->CodeIgniter\View\{closure}()
 4 SYSTEMPATH/Common.php(1171): CodeIgniter\View\View->render('kd_project/dashboard_view', [], true)
 5 APPPATH/Controllers/Dashboard_controller.php(37): view('kd_project/dashboard_view', [...])
 6 SYSTEMPATH/CodeIgniter.php(933): App\Controllers\Dashboard_controller->index()
 7 SYSTEMPATH/CodeIgniter.php(509): CodeIgniter\CodeIgniter->runController(Object(App\Controllers\Dashboard_controller))
 8 SYSTEMPATH/CodeIgniter.php(355): CodeIgniter\CodeIgniter->handleRequest(null, Object(Config\Cache), false)
 9 SYSTEMPATH/Boot.php(325): CodeIgniter\CodeIgniter->run()
10 SYSTEMPATH/Boot.php(67): CodeIgniter\Boot::runCodeIgniter(Object(CodeIgniter\CodeIgniter))
11 FCPATH/index.php(56): CodeIgniter\Boot::bootWeb(Object(Config\Paths))
WARNING - 2024-09-22 07:30:10 --> [DEPRECATED] number_format(): Passing null to parameter #1 ($num) of type float is deprecated in APPPATH/Views/kd_project/dashboard_view.php on line 171.
 1 APPPATH/Views/kd_project/dashboard_view.php(171): number_format(null, 2)
 2 SYSTEMPATH/View/View.php(234): include('/home/u877349608/domains/muraridubey.com/public_html/codeigniter/app/Views/kd_project/dashboard_view.php')
 3 SYSTEMPATH/View/View.php(237): CodeIgniter\View\View->CodeIgniter\View\{closure}()
 4 SYSTEMPATH/Common.php(1171): CodeIgniter\View\View->render('kd_project/dashboard_view', [], true)
 5 APPPATH/Controllers/Dashboard_controller.php(37): view('kd_project/dashboard_view', [...])
 6 SYSTEMPATH/CodeIgniter.php(933): App\Controllers\Dashboard_controller->index()
 7 SYSTEMPATH/CodeIgniter.php(509): CodeIgniter\CodeIgniter->runController(Object(App\Controllers\Dashboard_controller))
 8 SYSTEMPATH/CodeIgniter.php(355): CodeIgniter\CodeIgniter->handleRequest(null, Object(Config\Cache), false)
 9 SYSTEMPATH/Boot.php(325): CodeIgniter\CodeIgniter->run()
10 SYSTEMPATH/Boot.php(67): CodeIgniter\Boot::runCodeIgniter(Object(CodeIgniter\CodeIgniter))
11 FCPATH/index.php(56): CodeIgniter\Boot::bootWeb(Object(Config\Paths))
WARNING - 2024-09-22 07:30:10 --> [DEPRECATED] number_format(): Passing null to parameter #1 ($num) of type float is deprecated in APPPATH/Views/kd_project/dashboard_view.php on line 178.
 1 APPPATH/Views/kd_project/dashboard_view.php(178): number_format(null, 2)
 2 SYSTEMPATH/View/View.php(234): include('/home/u877349608/domains/muraridubey.com/public_html/codeigniter/app/Views/kd_project/dashboard_view.php')
 3 SYSTEMPATH/View/View.php(237): CodeIgniter\View\View->CodeIgniter\View\{closure}()
 4 SYSTEMPATH/Common.php(1171): CodeIgniter\View\View->render('kd_project/dashboard_view', [], true)
 5 APPPATH/Controllers/Dashboard_controller.php(37): view('kd_project/dashboard_view', [...])
 6 SYSTEMPATH/CodeIgniter.php(933): App\Controllers\Dashboard_controller->index()
 7 SYSTEMPATH/CodeIgniter.php(509): CodeIgniter\CodeIgniter->runController(Object(App\Controllers\Dashboard_controller))
 8 SYSTEMPATH/CodeIgniter.php(355): CodeIgniter\CodeIgniter->handleRequest(null, Object(Config\Cache), false)
 9 SYSTEMPATH/Boot.php(325): CodeIgniter\CodeIgniter->run()
10 SYSTEMPATH/Boot.php(67): CodeIgniter\Boot::runCodeIgniter(Object(CodeIgniter\CodeIgniter))
11 FCPATH/index.php(56): CodeIgniter\Boot::bootWeb(Object(Config\Paths))
WARNING - 2024-09-22 07:30:10 --> [DEPRECATED] number_format(): Passing null to parameter #1 ($num) of type float is deprecated in APPPATH/Views/kd_project/dashboard_view.php on line 171.
 1 APPPATH/Views/kd_project/dashboard_view.php(171): number_format(null, 2)
 2 SYSTEMPATH/View/View.php(234): include('/home/u877349608/domains/muraridubey.com/public_html/codeigniter/app/Views/kd_project/dashboard_view.php')
 3 SYSTEMPATH/View/View.php(237): CodeIgniter\View\View->CodeIgniter\View\{closure}()
 4 SYSTEMPATH/Common.php(1171): CodeIgniter\View\View->render('kd_project/dashboard_view', [], true)
 5 APPPATH/Controllers/Dashboard_controller.php(37): view('kd_project/dashboard_view', [...])
 6 SYSTEMPATH/CodeIgniter.php(933): App\Controllers\Dashboard_controller->index()
 7 SYSTEMPATH/CodeIgniter.php(509): CodeIgniter\CodeIgniter->runController(Object(App\Controllers\Dashboard_controller))
 8 SYSTEMPATH/CodeIgniter.php(355): CodeIgniter\CodeIgniter->handleRequest(null, Object(Config\Cache), false)
 9 SYSTEMPATH/Boot.php(325): CodeIgniter\CodeIgniter->run()
10 SYSTEMPATH/Boot.php(67): CodeIgniter\Boot::runCodeIgniter(Object(CodeIgniter\CodeIgniter))
11 FCPATH/index.php(56): CodeIgniter\Boot::bootWeb(Object(Config\Paths))
WARNING - 2024-09-22 07:30:10 --> [DEPRECATED] number_format(): Passing null to parameter #1 ($num) of type float is deprecated in APPPATH/Views/kd_project/dashboard_view.php on line 178.
 1 APPPATH/Views/kd_project/dashboard_view.php(178): number_format(null, 2)
 2 SYSTEMPATH/View/View.php(234): include('/home/u877349608/domains/muraridubey.com/public_html/codeigniter/app/Views/kd_project/dashboard_view.php')
 3 SYSTEMPATH/View/View.php(237): CodeIgniter\View\View->CodeIgniter\View\{closure}()
 4 SYSTEMPATH/Common.php(1171): CodeIgniter\View\View->render('kd_project/dashboard_view', [], true)
 5 APPPATH/Controllers/Dashboard_controller.php(37): view('kd_project/dashboard_view', [...])
 6 SYSTEMPATH/CodeIgniter.php(933): App\Controllers\Dashboard_controller->index()
 7 SYSTEMPATH/CodeIgniter.php(509): CodeIgniter\CodeIgniter->runController(Object(App\Controllers\Dashboard_controller))
 8 SYSTEMPATH/CodeIgniter.php(355): CodeIgniter\CodeIgniter->handleRequest(null, Object(Config\Cache), false)
 9 SYSTEMPATH/Boot.php(325): CodeIgniter\CodeIgniter->run()
10 SYSTEMPATH/Boot.php(67): CodeIgniter\Boot::runCodeIgniter(Object(CodeIgniter\CodeIgniter))
11 FCPATH/index.php(56): CodeIgniter\Boot::bootWeb(Object(Config\Paths))
INFO - 2024-09-22 07:30:12 --> Session: Class initialized using 'CodeIgniter\Session\Handlers\FileHandler' driver.
INFO - 2024-09-22 07:30:12 --> Session: Class initialized using 'CodeIgniter\Session\Handlers\FileHandler' driver.
INFO - 2024-09-22 07:30:13 --> Session: Class initialized using 'CodeIgniter\Session\Handlers\FileHandler' driver.
INFO - 2024-09-22 07:30:13 --> Session: Class initialized using 'CodeIgniter\Session\Handlers\FileHandler' driver.
INFO - 2024-09-22 07:30:17 --> Session: Class initialized using 'CodeIgniter\Session\Handlers\FileHandler' driver.
INFO - 2024-09-22 07:30:17 --> Session: Class initialized using 'CodeIgniter\Session\Handlers\FileHandler' driver.
INFO - 2024-09-22 07:30:18 --> Session: Class initialized using 'CodeIgniter\Session\Handlers\FileHandler' driver.
INFO - 2024-09-22 07:30:34 --> Session: Class initialized using 'CodeIgniter\Session\Handlers\FileHandler' driver.
INFO - 2024-09-22 07:30:35 --> Session: Class initialized using 'CodeIgniter\Session\Handlers\FileHandler' driver.
INFO - 2024-09-22 07:31:08 --> Session: Class initialized using 'CodeIgniter\Session\Handlers\FileHandler' driver.
INFO - 2024-09-22 07:31:09 --> Session: Class initialized using 'CodeIgniter\Session\Handlers\FileHandler' driver.
INFO - 2024-09-22 07:31:25 --> Session: Class initialized using 'CodeIgniter\Session\Handlers\FileHandler' driver.
INFO - 2024-09-22 07:31:26 --> Session: Class initialized using 'CodeIgniter\Session\Handlers\FileHandler' driver.
INFO - 2024-09-22 07:31:29 --> Session: Class initialized using 'CodeIgniter\Session\Handlers\FileHandler' driver.
INFO - 2024-09-22 07:31:31 --> Session: Class initialized using 'CodeIgniter\Session\Handlers\FileHandler' driver.
INFO - 2024-09-22 07:31:34 --> Session: Class initialized using 'CodeIgniter\Session\Handlers\FileHandler' driver.
WARNING - 2024-09-22 07:31:34 --> [DEPRECATED] number_format(): Passing null to parameter #1 ($num) of type float is deprecated in APPPATH/Views/kd_project/dashboard_view.php on line 170.
 1 APPPATH/Views/kd_project/dashboard_view.php(170): number_format(null, 2)
 2 SYSTEMPATH/View/View.php(234): include('/home/u877349608/domains/muraridubey.com/public_html/codeigniter/app/Views/kd_project/dashboard_view.php')
 3 SYSTEMPATH/View/View.php(237): CodeIgniter\View\View->CodeIgniter\View\{closure}()
 4 SYSTEMPATH/Common.php(1171): CodeIgniter\View\View->render('kd_project/dashboard_view', [], true)
 5 APPPATH/Controllers/Dashboard_controller.php(37): view('kd_project/dashboard_view', [...])
 6 SYSTEMPATH/CodeIgniter.php(933): App\Controllers\Dashboard_controller->index()
 7 SYSTEMPATH/CodeIgniter.php(509): CodeIgniter\CodeIgniter->runController(Object(App\Controllers\Dashboard_controller))
 8 SYSTEMPATH/CodeIgniter.php(355): CodeIgniter\CodeIgniter->handleRequest(null, Object(Config\Cache), false)
 9 SYSTEMPATH/Boot.php(325): CodeIgniter\CodeIgniter->run()
10 SYSTEMPATH/Boot.php(67): CodeIgniter\Boot::runCodeIgniter(Object(CodeIgniter\CodeIgniter))
11 FCPATH/index.php(56): CodeIgniter\Boot::bootWeb(Object(Config\Paths))
WARNING - 2024-09-22 07:31:34 --> [DEPRECATED] number_format(): Passing null to parameter #1 ($num) of type float is deprecated in APPPATH/Views/kd_project/dashboard_view.php on line 178.
 1 APPPATH/Views/kd_project/dashboard_view.php(178): number_format(null, 2)
 2 SYSTEMPATH/View/View.php(234): include('/home/u877349608/domains/muraridubey.com/public_html/codeigniter/app/Views/kd_project/dashboard_view.php')
 3 SYSTEMPATH/View/View.php(237): CodeIgniter\View\View->CodeIgniter\View\{closure}()
 4 SYSTEMPATH/Common.php(1171): CodeIgniter\View\View->render('kd_project/dashboard_view', [], true)
 5 APPPATH/Controllers/Dashboard_controller.php(37): view('kd_project/dashboard_view', [...])
 6 SYSTEMPATH/CodeIgniter.php(933): App\Controllers\Dashboard_controller->index()
 7 SYSTEMPATH/CodeIgniter.php(509): CodeIgniter\CodeIgniter->runController(Object(App\Controllers\Dashboard_controller))
 8 SYSTEMPATH/CodeIgniter.php(355): CodeIgniter\CodeIgniter->handleRequest(null, Object(Config\Cache), false)
 9 SYSTEMPATH/Boot.php(325): CodeIgniter\CodeIgniter->run()
10 SYSTEMPATH/Boot.php(67): CodeIgniter\Boot::runCodeIgniter(Object(CodeIgniter\CodeIgniter))
11 FCPATH/index.php(56): CodeIgniter\Boot::bootWeb(Object(Config\Paths))
WARNING - 2024-09-22 07:31:34 --> [DEPRECATED] number_format(): Passing null to parameter #1 ($num) of type float is deprecated in APPPATH/Views/kd_project/dashboard_view.php on line 170.
 1 APPPATH/Views/kd_project/dashboard_view.php(170): number_format(null, 2)
 2 SYSTEMPATH/View/View.php(234): include('/home/u877349608/domains/muraridubey.com/public_html/codeigniter/app/Views/kd_project/dashboard_view.php')
 3 SYSTEMPATH/View/View.php(237): CodeIgniter\View\View->CodeIgniter\View\{closure}()
 4 SYSTEMPATH/Common.php(1171): CodeIgniter\View\View->render('kd_project/dashboard_view', [], true)
 5 APPPATH/Controllers/Dashboard_controller.php(37): view('kd_project/dashboard_view', [...])
 6 SYSTEMPATH/CodeIgniter.php(933): App\Controllers\Dashboard_controller->index()
 7 SYSTEMPATH/CodeIgniter.php(509): CodeIgniter\CodeIgniter->runController(Object(App\Controllers\Dashboard_controller))
 8 SYSTEMPATH/CodeIgniter.php(355): CodeIgniter\CodeIgniter->handleRequest(null, Object(Config\Cache), false)
 9 SYSTEMPATH/Boot.php(325): CodeIgniter\CodeIgniter->run()
10 SYSTEMPATH/Boot.php(67): CodeIgniter\Boot::runCodeIgniter(Object(CodeIgniter\CodeIgniter))
11 FCPATH/index.php(56): CodeIgniter\Boot::bootWeb(Object(Config\Paths))
WARNING - 2024-09-22 07:31:34 --> [DEPRECATED] number_format(): Passing null to parameter #1 ($num) of type float is deprecated in APPPATH/Views/kd_project/dashboard_view.php on line 178.
 1 APPPATH/Views/kd_project/dashboard_view.php(178): number_format(null, 2)
 2 SYSTEMPATH/View/View.php(234): include('/home/u877349608/domains/muraridubey.com/public_html/codeigniter/app/Views/kd_project/dashboard_view.php')
 3 SYSTEMPATH/View/View.php(237): CodeIgniter\View\View->CodeIgniter\View\{closure}()
 4 SYSTEMPATH/Common.php(1171): CodeIgniter\View\View->render('kd_project/dashboard_view', [], true)
 5 APPPATH/Controllers/Dashboard_controller.php(37): view('kd_project/dashboard_view', [...])
 6 SYSTEMPATH/CodeIgniter.php(933): App\Controllers\Dashboard_controller->index()
 7 SYSTEMPATH/CodeIgniter.php(509): CodeIgniter\CodeIgniter->runController(Object(App\Controllers\Dashboard_controller))
 8 SYSTEMPATH/CodeIgniter.php(355): CodeIgniter\CodeIgniter->handleRequest(null, Object(Config\Cache), false)
 9 SYSTEMPATH/Boot.php(325): CodeIgniter\CodeIgniter->run()
10 SYSTEMPATH/Boot.php(67): CodeIgniter\Boot::runCodeIgniter(Object(CodeIgniter\CodeIgniter))
11 FCPATH/index.php(56): CodeIgniter\Boot::bootWeb(Object(Config\Paths))
WARNING - 2024-09-22 07:31:34 --> [DEPRECATED] number_format(): Passing null to parameter #1 ($num) of type float is deprecated in APPPATH/Views/kd_project/dashboard_view.php on line 171.
 1 APPPATH/Views/kd_project/dashboard_view.php(171): number_format(null, 2)
 2 SYSTEMPATH/View/View.php(234): include('/home/u877349608/domains/muraridubey.com/public_html/codeigniter/app/Views/kd_project/dashboard_view.php')
 3 SYSTEMPATH/View/View.php(237): CodeIgniter\View\View->CodeIgniter\View\{closure}()
 4 SYSTEMPATH/Common.php(1171): CodeIgniter\View\View->render('kd_project/dashboard_view', [], true)
 5 APPPATH/Controllers/Dashboard_controller.php(37): view('kd_project/dashboard_view', [...])
 6 SYSTEMPATH/CodeIgniter.php(933): App\Controllers\Dashboard_controller->index()
 7 SYSTEMPATH/CodeIgniter.php(509): CodeIgniter\CodeIgniter->runController(Object(App\Controllers\Dashboard_controller))
 8 SYSTEMPATH/CodeIgniter.php(355): CodeIgniter\CodeIgniter->handleRequest(null, Object(Config\Cache), false)
 9 SYSTEMPATH/Boot.php(325): CodeIgniter\CodeIgniter->run()
10 SYSTEMPATH/Boot.php(67): CodeIgniter\Boot::runCodeIgniter(Object(CodeIgniter\CodeIgniter))
11 FCPATH/index.php(56): CodeIgniter\Boot::bootWeb(Object(Config\Paths))
WARNING - 2024-09-22 07:31:34 --> [DEPRECATED] number_format(): Passing null to parameter #1 ($num) of type float is deprecated in APPPATH/Views/kd_project/dashboard_view.php on line 178.
 1 APPPATH/Views/kd_project/dashboard_view.php(178): number_format(null, 2)
 2 SYSTEMPATH/View/View.php(234): include('/home/u877349608/domains/muraridubey.com/public_html/codeigniter/app/Views/kd_project/dashboard_view.php')
 3 SYSTEMPATH/View/View.php(237): CodeIgniter\View\View->CodeIgniter\View\{closure}()
 4 SYSTEMPATH/Common.php(1171): CodeIgniter\View\View->render('kd_project/dashboard_view', [], true)
 5 APPPATH/Controllers/Dashboard_controller.php(37): view('kd_project/dashboard_view', [...])
 6 SYSTEMPATH/CodeIgniter.php(933): App\Controllers\Dashboard_controller->index()
 7 SYSTEMPATH/CodeIgniter.php(509): CodeIgniter\CodeIgniter->runController(Object(App\Controllers\Dashboard_controller))
 8 SYSTEMPATH/CodeIgniter.php(355): CodeIgniter\CodeIgniter->handleRequest(null, Object(Config\Cache), false)
 9 SYSTEMPATH/Boot.php(325): CodeIgniter\CodeIgniter->run()
10 SYSTEMPATH/Boot.php(67): CodeIgniter\Boot::runCodeIgniter(Object(CodeIgniter\CodeIgniter))
11 FCPATH/index.php(56): CodeIgniter\Boot::bootWeb(Object(Config\Paths))
WARNING - 2024-09-22 07:31:34 --> [DEPRECATED] number_format(): Passing null to parameter #1 ($num) of type float is deprecated in APPPATH/Views/kd_project/dashboard_view.php on line 174.
 1 APPPATH/Views/kd_project/dashboard_view.php(174): number_format(null, 2)
 2 SYSTEMPATH/View/View.php(234): include('/home/u877349608/domains/muraridubey.com/public_html/codeigniter/app/Views/kd_project/dashboard_view.php')
 3 SYSTEMPATH/View/View.php(237): CodeIgniter\View\View->CodeIgniter\View\{closure}()
 4 SYSTEMPATH/Common.php(1171): CodeIgniter\View\View->render('kd_project/dashboard_view', [], true)
 5 APPPATH/Controllers/Dashboard_controller.php(37): view('kd_project/dashboard_view', [...])
 6 SYSTEMPATH/CodeIgniter.php(933): App\Controllers\Dashboard_controller->index()
 7 SYSTEMPATH/CodeIgniter.php(509): CodeIgniter\CodeIgniter->runController(Object(App\Controllers\Dashboard_controller))
 8 SYSTEMPATH/CodeIgniter.php(355): CodeIgniter\CodeIgniter->handleRequest(null, Object(Config\Cache), false)
 9 SYSTEMPATH/Boot.php(325): CodeIgniter\CodeIgniter->run()
10 SYSTEMPATH/Boot.php(67): CodeIgniter\Boot::runCodeIgniter(Object(CodeIgniter\CodeIgniter))
11 FCPATH/index.php(56): CodeIgniter\Boot::bootWeb(Object(Config\Paths))
WARNING - 2024-09-22 07:31:34 --> [DEPRECATED] number_format(): Passing null to parameter #1 ($num) of type float is deprecated in APPPATH/Views/kd_project/dashboard_view.php on line 178.
 1 APPPATH/Views/kd_project/dashboard_view.php(178): number_format(null, 2)
 2 SYSTEMPATH/View/View.php(234): include('/home/u877349608/domains/muraridubey.com/public_html/codeigniter/app/Views/kd_project/dashboard_view.php')
 3 SYSTEMPATH/View/View.php(237): CodeIgniter\View\View->CodeIgniter\View\{closure}()
 4 SYSTEMPATH/Common.php(1171): CodeIgniter\View\View->render('kd_project/dashboard_view', [], true)
 5 APPPATH/Controllers/Dashboard_controller.php(37): view('kd_project/dashboard_view', [...])
 6 SYSTEMPATH/CodeIgniter.php(933): App\Controllers\Dashboard_controller->index()
 7 SYSTEMPATH/CodeIgniter.php(509): CodeIgniter\CodeIgniter->runController(Object(App\Controllers\Dashboard_controller))
 8 SYSTEMPATH/CodeIgniter.php(355): CodeIgniter\CodeIgniter->handleRequest(null, Object(Config\Cache), false)
 9 SYSTEMPATH/Boot.php(325): CodeIgniter\CodeIgniter->run()
10 SYSTEMPATH/Boot.php(67): CodeIgniter\Boot::runCodeIgniter(Object(CodeIgniter\CodeIgniter))
11 FCPATH/index.php(56): CodeIgniter\Boot::bootWeb(Object(Config\Paths))
WARNING - 2024-09-22 07:31:34 --> [DEPRECATED] number_format(): Passing null to parameter #1 ($num) of type float is deprecated in APPPATH/Views/kd_project/dashboard_view.php on line 171.
 1 APPPATH/Views/kd_project/dashboard_view.php(171): number_format(null, 2)
 2 SYSTEMPATH/View/View.php(234): include('/home/u877349608/domains/muraridubey.com/public_html/codeigniter/app/Views/kd_project/dashboard_view.php')
 3 SYSTEMPATH/View/View.php(237): CodeIgniter\View\View->CodeIgniter\View\{closure}()
 4 SYSTEMPATH/Common.php(1171): CodeIgniter\View\View->render('kd_project/dashboard_view', [], true)
 5 APPPATH/Controllers/Dashboard_controller.php(37): view('kd_project/dashboard_view', [...])
 6 SYSTEMPATH/CodeIgniter.php(933): App\Controllers\Dashboard_controller->index()
 7 SYSTEMPATH/CodeIgniter.php(509): CodeIgniter\CodeIgniter->runController(Object(App\Controllers\Dashboard_controller))
 8 SYSTEMPATH/CodeIgniter.php(355): CodeIgniter\CodeIgniter->handleRequest(null, Object(Config\Cache), false)
 9 SYSTEMPATH/Boot.php(325): CodeIgniter\CodeIgniter->run()
10 SYSTEMPATH/Boot.php(67): CodeIgniter\Boot::runCodeIgniter(Object(CodeIgniter\CodeIgniter))
11 FCPATH/index.php(56): CodeIgniter\Boot::bootWeb(Object(Config\Paths))
WARNING - 2024-09-22 07:31:34 --> [DEPRECATED] number_format(): Passing null to parameter #1 ($num) of type float is deprecated in APPPATH/Views/kd_project/dashboard_view.php on line 178.
 1 APPPATH/Views/kd_project/dashboard_view.php(178): number_format(null, 2)
 2 SYSTEMPATH/View/View.php(234): include('/home/u877349608/domains/muraridubey.com/public_html/codeigniter/app/Views/kd_project/dashboard_view.php')
 3 SYSTEMPATH/View/View.php(237): CodeIgniter\View\View->CodeIgniter\View\{closure}()
 4 SYSTEMPATH/Common.php(1171): CodeIgniter\View\View->render('kd_project/dashboard_view', [], true)
 5 APPPATH/Controllers/Dashboard_controller.php(37): view('kd_project/dashboard_view', [...])
 6 SYSTEMPATH/CodeIgniter.php(933): App\Controllers\Dashboard_controller->index()
 7 SYSTEMPATH/CodeIgniter.php(509): CodeIgniter\CodeIgniter->runController(Object(App\Controllers\Dashboard_controller))
 8 SYSTEMPATH/CodeIgniter.php(355): CodeIgniter\CodeIgniter->handleRequest(null, Object(Config\Cache), false)
 9 SYSTEMPATH/Boot.php(325): CodeIgniter\CodeIgniter->run()
10 SYSTEMPATH/Boot.php(67): CodeIgniter\Boot::runCodeIgniter(Object(CodeIgniter\CodeIgniter))
11 FCPATH/index.php(56): CodeIgniter\Boot::bootWeb(Object(Config\Paths))
WARNING - 2024-09-22 07:31:34 --> [DEPRECATED] number_format(): Passing null to parameter #1 ($num) of type float is deprecated in APPPATH/Views/kd_project/dashboard_view.php on line 171.
 1 APPPATH/Views/kd_project/dashboard_view.php(171): number_format(null, 2)
 2 SYSTEMPATH/View/View.php(234): include('/home/u877349608/domains/muraridubey.com/public_html/codeigniter/app/Views/kd_project/dashboard_view.php')
 3 SYSTEMPATH/View/View.php(237): CodeIgniter\View\View->CodeIgniter\View\{closure}()
 4 SYSTEMPATH/Common.php(1171): CodeIgniter\View\View->render('kd_project/dashboard_view', [], true)
 5 APPPATH/Controllers/Dashboard_controller.php(37): view('kd_project/dashboard_view', [...])
 6 SYSTEMPATH/CodeIgniter.php(933): App\Controllers\Dashboard_controller->index()
 7 SYSTEMPATH/CodeIgniter.php(509): CodeIgniter\CodeIgniter->runController(Object(App\Controllers\Dashboard_controller))
 8 SYSTEMPATH/CodeIgniter.php(355): CodeIgniter\CodeIgniter->handleRequest(null, Object(Config\Cache), false)
 9 SYSTEMPATH/Boot.php(325): CodeIgniter\CodeIgniter->run()
10 SYSTEMPATH/Boot.php(67): CodeIgniter\Boot::runCodeIgniter(Object(CodeIgniter\CodeIgniter))
11 FCPATH/index.php(56): CodeIgniter\Boot::bootWeb(Object(Config\Paths))
WARNING - 2024-09-22 07:31:34 --> [DEPRECATED] number_format(): Passing null to parameter #1 ($num) of type float is deprecated in APPPATH/Views/kd_project/dashboard_view.php on line 178.
 1 APPPATH/Views/kd_project/dashboard_view.php(178): number_format(null, 2)
 2 SYSTEMPATH/View/View.php(234): include('/home/u877349608/domains/muraridubey.com/public_html/codeigniter/app/Views/kd_project/dashboard_view.php')
 3 SYSTEMPATH/View/View.php(237): CodeIgniter\View\View->CodeIgniter\View\{closure}()
 4 SYSTEMPATH/Common.php(1171): CodeIgniter\View\View->render('kd_project/dashboard_view', [], true)
 5 APPPATH/Controllers/Dashboard_controller.php(37): view('kd_project/dashboard_view', [...])
 6 SYSTEMPATH/CodeIgniter.php(933): App\Controllers\Dashboard_controller->index()
 7 SYSTEMPATH/CodeIgniter.php(509): CodeIgniter\CodeIgniter->runController(Object(App\Controllers\Dashboard_controller))
 8 SYSTEMPATH/CodeIgniter.php(355): CodeIgniter\CodeIgniter->handleRequest(null, Object(Config\Cache), false)
 9 SYSTEMPATH/Boot.php(325): CodeIgniter\CodeIgniter->run()
10 SYSTEMPATH/Boot.php(67): CodeIgniter\Boot::runCodeIgniter(Object(CodeIgniter\CodeIgniter))
11 FCPATH/index.php(56): CodeIgniter\Boot::bootWeb(Object(Config\Paths))
INFO - 2024-09-22 07:31:57 --> Session: Class initialized using 'CodeIgniter\Session\Handlers\FileHandler' driver.
INFO - 2024-09-22 07:32:02 --> Session: Class initialized using 'CodeIgniter\Session\Handlers\FileHandler' driver.
INFO - 2024-09-22 07:33:08 --> Session: Class initialized using 'CodeIgniter\Session\Handlers\FileHandler' driver.
INFO - 2024-09-22 07:33:08 --> Session: Class initialized using 'CodeIgniter\Session\Handlers\FileHandler' driver.
INFO - 2024-09-22 07:33:24 --> Session: Class initialized using 'CodeIgniter\Session\Handlers\FileHandler' driver.
INFO - 2024-09-22 07:33:31 --> Session: Class initialized using 'CodeIgniter\Session\Handlers\FileHandler' driver.
INFO - 2024-09-22 07:33:32 --> Session: Class initialized using 'CodeIgniter\Session\Handlers\FileHandler' driver.
INFO - 2024-09-22 07:34:14 --> Session: Class initialized using 'CodeIgniter\Session\Handlers\FileHandler' driver.
INFO - 2024-09-22 07:34:14 --> Session: Class initialized using 'CodeIgniter\Session\Handlers\FileHandler' driver.
INFO - 2024-09-22 07:34:32 --> Session: Class initialized using 'CodeIgniter\Session\Handlers\FileHandler' driver.
INFO - 2024-09-22 07:34:32 --> Session: Class initialized using 'CodeIgniter\Session\Handlers\FileHandler' driver.
INFO - 2024-09-22 07:34:43 --> Session: Class initialized using 'CodeIgniter\Session\Handlers\FileHandler' driver.
INFO - 2024-09-22 07:34:44 --> Session: Class initialized using 'CodeIgniter\Session\Handlers\FileHandler' driver.
INFO - 2024-09-22 07:35:01 --> Session: Class initialized using 'CodeIgniter\Session\Handlers\FileHandler' driver.
INFO - 2024-09-22 07:35:30 --> Session: Class initialized using 'CodeIgniter\Session\Handlers\FileHandler' driver.
INFO - 2024-09-22 07:35:32 --> Session: Class initialized using 'CodeIgniter\Session\Handlers\FileHandler' driver.
INFO - 2024-09-22 07:35:41 --> Session: Class initialized using 'CodeIgniter\Session\Handlers\FileHandler' driver.
INFO - 2024-09-22 07:35:59 --> Session: Class initialized using 'CodeIgniter\Session\Handlers\FileHandler' driver.
INFO - 2024-09-22 07:36:00 --> Session: Class initialized using 'CodeIgniter\Session\Handlers\FileHandler' driver.
INFO - 2024-09-22 07:36:11 --> Session: Class initialized using 'CodeIgniter\Session\Handlers\FileHandler' driver.
WARNING - 2024-09-22 07:36:11 --> [DEPRECATED] number_format(): Passing null to parameter #1 ($num) of type float is deprecated in APPPATH/Views/kd_project/dashboard_view.php on line 170.
 1 APPPATH/Views/kd_project/dashboard_view.php(170): number_format(null, 2)
 2 SYSTEMPATH/View/View.php(234): include('/home/u877349608/domains/muraridubey.com/public_html/codeigniter/app/Views/kd_project/dashboard_view.php')
 3 SYSTEMPATH/View/View.php(237): CodeIgniter\View\View->CodeIgniter\View\{closure}()
 4 SYSTEMPATH/Common.php(1171): CodeIgniter\View\View->render('kd_project/dashboard_view', [], true)
 5 APPPATH/Controllers/Dashboard_controller.php(37): view('kd_project/dashboard_view', [...])
 6 SYSTEMPATH/CodeIgniter.php(933): App\Controllers\Dashboard_controller->index()
 7 SYSTEMPATH/CodeIgniter.php(509): CodeIgniter\CodeIgniter->runController(Object(App\Controllers\Dashboard_controller))
 8 SYSTEMPATH/CodeIgniter.php(355): CodeIgniter\CodeIgniter->handleRequest(null, Object(Config\Cache), false)
 9 SYSTEMPATH/Boot.php(325): CodeIgniter\CodeIgniter->run()
10 SYSTEMPATH/Boot.php(67): CodeIgniter\Boot::runCodeIgniter(Object(CodeIgniter\CodeIgniter))
11 FCPATH/index.php(56): CodeIgniter\Boot::bootWeb(Object(Config\Paths))
WARNING - 2024-09-22 07:36:11 --> [DEPRECATED] number_format(): Passing null to parameter #1 ($num) of type float is deprecated in APPPATH/Views/kd_project/dashboard_view.php on line 178.
 1 APPPATH/Views/kd_project/dashboard_view.php(178): number_format(null, 2)
 2 SYSTEMPATH/View/View.php(234): include('/home/u877349608/domains/muraridubey.com/public_html/codeigniter/app/Views/kd_project/dashboard_view.php')
 3 SYSTEMPATH/View/View.php(237): CodeIgniter\View\View->CodeIgniter\View\{closure}()
 4 SYSTEMPATH/Common.php(1171): CodeIgniter\View\View->render('kd_project/dashboard_view', [], true)
 5 APPPATH/Controllers/Dashboard_controller.php(37): view('kd_project/dashboard_view', [...])
 6 SYSTEMPATH/CodeIgniter.php(933): App\Controllers\Dashboard_controller->index()
 7 SYSTEMPATH/CodeIgniter.php(509): CodeIgniter\CodeIgniter->runController(Object(App\Controllers\Dashboard_controller))
 8 SYSTEMPATH/CodeIgniter.php(355): CodeIgniter\CodeIgniter->handleRequest(null, Object(Config\Cache), false)
 9 SYSTEMPATH/Boot.php(325): CodeIgniter\CodeIgniter->run()
10 SYSTEMPATH/Boot.php(67): CodeIgniter\Boot::runCodeIgniter(Object(CodeIgniter\CodeIgniter))
11 FCPATH/index.php(56): CodeIgniter\Boot::bootWeb(Object(Config\Paths))
WARNING - 2024-09-22 07:36:11 --> [DEPRECATED] number_format(): Passing null to parameter #1 ($num) of type float is deprecated in APPPATH/Views/kd_project/dashboard_view.php on line 170.
 1 APPPATH/Views/kd_project/dashboard_view.php(170): number_format(null, 2)
 2 SYSTEMPATH/View/View.php(234): include('/home/u877349608/domains/muraridubey.com/public_html/codeigniter/app/Views/kd_project/dashboard_view.php')
 3 SYSTEMPATH/View/View.php(237): CodeIgniter\View\View->CodeIgniter\View\{closure}()
 4 SYSTEMPATH/Common.php(1171): CodeIgniter\View\View->render('kd_project/dashboard_view', [], true)
 5 APPPATH/Controllers/Dashboard_controller.php(37): view('kd_project/dashboard_view', [...])
 6 SYSTEMPATH/CodeIgniter.php(933): App\Controllers\Dashboard_controller->index()
 7 SYSTEMPATH/CodeIgniter.php(509): CodeIgniter\CodeIgniter->runController(Object(App\Controllers\Dashboard_controller))
 8 SYSTEMPATH/CodeIgniter.php(355): CodeIgniter\CodeIgniter->handleRequest(null, Object(Config\Cache), false)
 9 SYSTEMPATH/Boot.php(325): CodeIgniter\CodeIgniter->run()
10 SYSTEMPATH/Boot.php(67): CodeIgniter\Boot::runCodeIgniter(Object(CodeIgniter\CodeIgniter))
11 FCPATH/index.php(56): CodeIgniter\Boot::bootWeb(Object(Config\Paths))
WARNING - 2024-09-22 07:36:11 --> [DEPRECATED] number_format(): Passing null to parameter #1 ($num) of type float is deprecated in APPPATH/Views/kd_project/dashboard_view.php on line 178.
 1 APPPATH/Views/kd_project/dashboard_view.php(178): number_format(null, 2)
 2 SYSTEMPATH/View/View.php(234): include('/home/u877349608/domains/muraridubey.com/public_html/codeigniter/app/Views/kd_project/dashboard_view.php')
 3 SYSTEMPATH/View/View.php(237): CodeIgniter\View\View->CodeIgniter\View\{closure}()
 4 SYSTEMPATH/Common.php(1171): CodeIgniter\View\View->render('kd_project/dashboard_view', [], true)
 5 APPPATH/Controllers/Dashboard_controller.php(37): view('kd_project/dashboard_view', [...])
 6 SYSTEMPATH/CodeIgniter.php(933): App\Controllers\Dashboard_controller->index()
 7 SYSTEMPATH/CodeIgniter.php(509): CodeIgniter\CodeIgniter->runController(Object(App\Controllers\Dashboard_controller))
 8 SYSTEMPATH/CodeIgniter.php(355): CodeIgniter\CodeIgniter->handleRequest(null, Object(Config\Cache), false)
 9 SYSTEMPATH/Boot.php(325): CodeIgniter\CodeIgniter->run()
10 SYSTEMPATH/Boot.php(67): CodeIgniter\Boot::runCodeIgniter(Object(CodeIgniter\CodeIgniter))
11 FCPATH/index.php(56): CodeIgniter\Boot::bootWeb(Object(Config\Paths))
WARNING - 2024-09-22 07:36:11 --> [DEPRECATED] number_format(): Passing null to parameter #1 ($num) of type float is deprecated in APPPATH/Views/kd_project/dashboard_view.php on line 171.
 1 APPPATH/Views/kd_project/dashboard_view.php(171): number_format(null, 2)
 2 SYSTEMPATH/View/View.php(234): include('/home/u877349608/domains/muraridubey.com/public_html/codeigniter/app/Views/kd_project/dashboard_view.php')
 3 SYSTEMPATH/View/View.php(237): CodeIgniter\View\View->CodeIgniter\View\{closure}()
 4 SYSTEMPATH/Common.php(1171): CodeIgniter\View\View->render('kd_project/dashboard_view', [], true)
 5 APPPATH/Controllers/Dashboard_controller.php(37): view('kd_project/dashboard_view', [...])
 6 SYSTEMPATH/CodeIgniter.php(933): App\Controllers\Dashboard_controller->index()
 7 SYSTEMPATH/CodeIgniter.php(509): CodeIgniter\CodeIgniter->runController(Object(App\Controllers\Dashboard_controller))
 8 SYSTEMPATH/CodeIgniter.php(355): CodeIgniter\CodeIgniter->handleRequest(null, Object(Config\Cache), false)
 9 SYSTEMPATH/Boot.php(325): CodeIgniter\CodeIgniter->run()
10 SYSTEMPATH/Boot.php(67): CodeIgniter\Boot::runCodeIgniter(Object(CodeIgniter\CodeIgniter))
11 FCPATH/index.php(56): CodeIgniter\Boot::bootWeb(Object(Config\Paths))
WARNING - 2024-09-22 07:36:11 --> [DEPRECATED] number_format(): Passing null to parameter #1 ($num) of type float is deprecated in APPPATH/Views/kd_project/dashboard_view.php on line 178.
 1 APPPATH/Views/kd_project/dashboard_view.php(178): number_format(null, 2)
 2 SYSTEMPATH/View/View.php(234): include('/home/u877349608/domains/muraridubey.com/public_html/codeigniter/app/Views/kd_project/dashboard_view.php')
 3 SYSTEMPATH/View/View.php(237): CodeIgniter\View\View->CodeIgniter\View\{closure}()
 4 SYSTEMPATH/Common.php(1171): CodeIgniter\View\View->render('kd_project/dashboard_view', [], true)
 5 APPPATH/Controllers/Dashboard_controller.php(37): view('kd_project/dashboard_view', [...])
 6 SYSTEMPATH/CodeIgniter.php(933): App\Controllers\Dashboard_controller->index()
 7 SYSTEMPATH/CodeIgniter.php(509): CodeIgniter\CodeIgniter->runController(Object(App\Controllers\Dashboard_controller))
 8 SYSTEMPATH/CodeIgniter.php(355): CodeIgniter\CodeIgniter->handleRequest(null, Object(Config\Cache), false)
 9 SYSTEMPATH/Boot.php(325): CodeIgniter\CodeIgniter->run()
10 SYSTEMPATH/Boot.php(67): CodeIgniter\Boot::runCodeIgniter(Object(CodeIgniter\CodeIgniter))
11 FCPATH/index.php(56): CodeIgniter\Boot::bootWeb(Object(Config\Paths))
WARNING - 2024-09-22 07:36:11 --> [DEPRECATED] number_format(): Passing null to parameter #1 ($num) of type float is deprecated in APPPATH/Views/kd_project/dashboard_view.php on line 174.
 1 APPPATH/Views/kd_project/dashboard_view.php(174): number_format(null, 2)
 2 SYSTEMPATH/View/View.php(234): include('/home/u877349608/domains/muraridubey.com/public_html/codeigniter/app/Views/kd_project/dashboard_view.php')
 3 SYSTEMPATH/View/View.php(237): CodeIgniter\View\View->CodeIgniter\View\{closure}()
 4 SYSTEMPATH/Common.php(1171): CodeIgniter\View\View->render('kd_project/dashboard_view', [], true)
 5 APPPATH/Controllers/Dashboard_controller.php(37): view('kd_project/dashboard_view', [...])
 6 SYSTEMPATH/CodeIgniter.php(933): App\Controllers\Dashboard_controller->index()
 7 SYSTEMPATH/CodeIgniter.php(509): CodeIgniter\CodeIgniter->runController(Object(App\Controllers\Dashboard_controller))
 8 SYSTEMPATH/CodeIgniter.php(355): CodeIgniter\CodeIgniter->handleRequest(null, Object(Config\Cache), false)
 9 SYSTEMPATH/Boot.php(325): CodeIgniter\CodeIgniter->run()
10 SYSTEMPATH/Boot.php(67): CodeIgniter\Boot::runCodeIgniter(Object(CodeIgniter\CodeIgniter))
11 FCPATH/index.php(56): CodeIgniter\Boot::bootWeb(Object(Config\Paths))
WARNING - 2024-09-22 07:36:11 --> [DEPRECATED] number_format(): Passing null to parameter #1 ($num) of type float is deprecated in APPPATH/Views/kd_project/dashboard_view.php on line 178.
 1 APPPATH/Views/kd_project/dashboard_view.php(178): number_format(null, 2)
 2 SYSTEMPATH/View/View.php(234): include('/home/u877349608/domains/muraridubey.com/public_html/codeigniter/app/Views/kd_project/dashboard_view.php')
 3 SYSTEMPATH/View/View.php(237): CodeIgniter\View\View->CodeIgniter\View\{closure}()
 4 SYSTEMPATH/Common.php(1171): CodeIgniter\View\View->render('kd_project/dashboard_view', [], true)
 5 APPPATH/Controllers/Dashboard_controller.php(37): view('kd_project/dashboard_view', [...])
 6 SYSTEMPATH/CodeIgniter.php(933): App\Controllers\Dashboard_controller->index()
 7 SYSTEMPATH/CodeIgniter.php(509): CodeIgniter\CodeIgniter->runController(Object(App\Controllers\Dashboard_controller))
 8 SYSTEMPATH/CodeIgniter.php(355): CodeIgniter\CodeIgniter->handleRequest(null, Object(Config\Cache), false)
 9 SYSTEMPATH/Boot.php(325): CodeIgniter\CodeIgniter->run()
10 SYSTEMPATH/Boot.php(67): CodeIgniter\Boot::runCodeIgniter(Object(CodeIgniter\CodeIgniter))
11 FCPATH/index.php(56): CodeIgniter\Boot::bootWeb(Object(Config\Paths))
WARNING - 2024-09-22 07:36:11 --> [DEPRECATED] number_format(): Passing null to parameter #1 ($num) of type float is deprecated in APPPATH/Views/kd_project/dashboard_view.php on line 171.
 1 APPPATH/Views/kd_project/dashboard_view.php(171): number_format(null, 2)
 2 SYSTEMPATH/View/View.php(234): include('/home/u877349608/domains/muraridubey.com/public_html/codeigniter/app/Views/kd_project/dashboard_view.php')
 3 SYSTEMPATH/View/View.php(237): CodeIgniter\View\View->CodeIgniter\View\{closure}()
 4 SYSTEMPATH/Common.php(1171): CodeIgniter\View\View->render('kd_project/dashboard_view', [], true)
 5 APPPATH/Controllers/Dashboard_controller.php(37): view('kd_project/dashboard_view', [...])
 6 SYSTEMPATH/CodeIgniter.php(933): App\Controllers\Dashboard_controller->index()
 7 SYSTEMPATH/CodeIgniter.php(509): CodeIgniter\CodeIgniter->runController(Object(App\Controllers\Dashboard_controller))
 8 SYSTEMPATH/CodeIgniter.php(355): CodeIgniter\CodeIgniter->handleRequest(null, Object(Config\Cache), false)
 9 SYSTEMPATH/Boot.php(325): CodeIgniter\CodeIgniter->run()
10 SYSTEMPATH/Boot.php(67): CodeIgniter\Boot::runCodeIgniter(Object(CodeIgniter\CodeIgniter))
11 FCPATH/index.php(56): CodeIgniter\Boot::bootWeb(Object(Config\Paths))
WARNING - 2024-09-22 07:36:11 --> [DEPRECATED] number_format(): Passing null to parameter #1 ($num) of type float is deprecated in APPPATH/Views/kd_project/dashboard_view.php on line 178.
 1 APPPATH/Views/kd_project/dashboard_view.php(178): number_format(null, 2)
 2 SYSTEMPATH/View/View.php(234): include('/home/u877349608/domains/muraridubey.com/public_html/codeigniter/app/Views/kd_project/dashboard_view.php')
 3 SYSTEMPATH/View/View.php(237): CodeIgniter\View\View->CodeIgniter\View\{closure}()
 4 SYSTEMPATH/Common.php(1171): CodeIgniter\View\View->render('kd_project/dashboard_view', [], true)
 5 APPPATH/Controllers/Dashboard_controller.php(37): view('kd_project/dashboard_view', [...])
 6 SYSTEMPATH/CodeIgniter.php(933): App\Controllers\Dashboard_controller->index()
 7 SYSTEMPATH/CodeIgniter.php(509): CodeIgniter\CodeIgniter->runController(Object(App\Controllers\Dashboard_controller))
 8 SYSTEMPATH/CodeIgniter.php(355): CodeIgniter\CodeIgniter->handleRequest(null, Object(Config\Cache), false)
 9 SYSTEMPATH/Boot.php(325): CodeIgniter\CodeIgniter->run()
10 SYSTEMPATH/Boot.php(67): CodeIgniter\Boot::runCodeIgniter(Object(CodeIgniter\CodeIgniter))
11 FCPATH/index.php(56): CodeIgniter\Boot::bootWeb(Object(Config\Paths))
WARNING - 2024-09-22 07:36:11 --> [DEPRECATED] number_format(): Passing null to parameter #1 ($num) of type float is deprecated in APPPATH/Views/kd_project/dashboard_view.php on line 171.
 1 APPPATH/Views/kd_project/dashboard_view.php(171): number_format(null, 2)
 2 SYSTEMPATH/View/View.php(234): include('/home/u877349608/domains/muraridubey.com/public_html/codeigniter/app/Views/kd_project/dashboard_view.php')
 3 SYSTEMPATH/View/View.php(237): CodeIgniter\View\View->CodeIgniter\View\{closure}()
 4 SYSTEMPATH/Common.php(1171): CodeIgniter\View\View->render('kd_project/dashboard_view', [], true)
 5 APPPATH/Controllers/Dashboard_controller.php(37): view('kd_project/dashboard_view', [...])
 6 SYSTEMPATH/CodeIgniter.php(933): App\Controllers\Dashboard_controller->index()
 7 SYSTEMPATH/CodeIgniter.php(509): CodeIgniter\CodeIgniter->runController(Object(App\Controllers\Dashboard_controller))
 8 SYSTEMPATH/CodeIgniter.php(355): CodeIgniter\CodeIgniter->handleRequest(null, Object(Config\Cache), false)
 9 SYSTEMPATH/Boot.php(325): CodeIgniter\CodeIgniter->run()
10 SYSTEMPATH/Boot.php(67): CodeIgniter\Boot::runCodeIgniter(Object(CodeIgniter\CodeIgniter))
11 FCPATH/index.php(56): CodeIgniter\Boot::bootWeb(Object(Config\Paths))
WARNING - 2024-09-22 07:36:11 --> [DEPRECATED] number_format(): Passing null to parameter #1 ($num) of type float is deprecated in APPPATH/Views/kd_project/dashboard_view.php on line 178.
 1 APPPATH/Views/kd_project/dashboard_view.php(178): number_format(null, 2)
 2 SYSTEMPATH/View/View.php(234): include('/home/u877349608/domains/muraridubey.com/public_html/codeigniter/app/Views/kd_project/dashboard_view.php')
 3 SYSTEMPATH/View/View.php(237): CodeIgniter\View\View->CodeIgniter\View\{closure}()
 4 SYSTEMPATH/Common.php(1171): CodeIgniter\View\View->render('kd_project/dashboard_view', [], true)
 5 APPPATH/Controllers/Dashboard_controller.php(37): view('kd_project/dashboard_view', [...])
 6 SYSTEMPATH/CodeIgniter.php(933): App\Controllers\Dashboard_controller->index()
 7 SYSTEMPATH/CodeIgniter.php(509): CodeIgniter\CodeIgniter->runController(Object(App\Controllers\Dashboard_controller))
 8 SYSTEMPATH/CodeIgniter.php(355): CodeIgniter\CodeIgniter->handleRequest(null, Object(Config\Cache), false)
 9 SYSTEMPATH/Boot.php(325): CodeIgniter\CodeIgniter->run()
10 SYSTEMPATH/Boot.php(67): CodeIgniter\Boot::runCodeIgniter(Object(CodeIgniter\CodeIgniter))
11 FCPATH/index.php(56): CodeIgniter\Boot::bootWeb(Object(Config\Paths))
INFO - 2024-09-22 07:37:11 --> Session: Class initialized using 'CodeIgniter\Session\Handlers\FileHandler' driver.
INFO - 2024-09-22 07:37:11 --> Session: Class initialized using 'CodeIgniter\Session\Handlers\FileHandler' driver.
INFO - 2024-09-22 07:37:16 --> Session: Class initialized using 'CodeIgniter\Session\Handlers\FileHandler' driver.
INFO - 2024-09-22 07:37:16 --> Session: Class initialized using 'CodeIgniter\Session\Handlers\FileHandler' driver.
INFO - 2024-09-22 07:37:23 --> Session: Class initialized using 'CodeIgniter\Session\Handlers\FileHandler' driver.
INFO - 2024-09-22 07:37:23 --> Session: Class initialized using 'CodeIgniter\Session\Handlers\FileHandler' driver.
INFO - 2024-09-22 07:38:32 --> Session: Class initialized using 'CodeIgniter\Session\Handlers\FileHandler' driver.
WARNING - 2024-09-22 07:38:32 --> [DEPRECATED] number_format(): Passing null to parameter #1 ($num) of type float is deprecated in APPPATH/Views/kd_project/dashboard_view.php on line 160.
 1 APPPATH/Views/kd_project/dashboard_view.php(160): number_format(null, 2)
 2 SYSTEMPATH/View/View.php(234): include('/home/u877349608/domains/muraridubey.com/public_html/codeigniter/app/Views/kd_project/dashboard_view.php')
 3 SYSTEMPATH/View/View.php(237): CodeIgniter\View\View->CodeIgniter\View\{closure}()
 4 SYSTEMPATH/Common.php(1171): CodeIgniter\View\View->render('kd_project/dashboard_view', [], true)
 5 APPPATH/Controllers/Dashboard_controller.php(37): view('kd_project/dashboard_view', [...])
 6 SYSTEMPATH/CodeIgniter.php(933): App\Controllers\Dashboard_controller->index()
 7 SYSTEMPATH/CodeIgniter.php(509): CodeIgniter\CodeIgniter->runController(Object(App\Controllers\Dashboard_controller))
 8 SYSTEMPATH/CodeIgniter.php(355): CodeIgniter\CodeIgniter->handleRequest(null, Object(Config\Cache), false)
 9 SYSTEMPATH/Boot.php(325): CodeIgniter\CodeIgniter->run()
10 SYSTEMPATH/Boot.php(67): CodeIgniter\Boot::runCodeIgniter(Object(CodeIgniter\CodeIgniter))
11 FCPATH/index.php(56): CodeIgniter\Boot::bootWeb(Object(Config\Paths))
WARNING - 2024-09-22 07:38:32 --> [DEPRECATED] number_format(): Passing null to parameter #1 ($num) of type float is deprecated in APPPATH/Views/kd_project/dashboard_view.php on line 168.
 1 APPPATH/Views/kd_project/dashboard_view.php(168): number_format(null, 2)
 2 SYSTEMPATH/View/View.php(234): include('/home/u877349608/domains/muraridubey.com/public_html/codeigniter/app/Views/kd_project/dashboard_view.php')
 3 SYSTEMPATH/View/View.php(237): CodeIgniter\View\View->CodeIgniter\View\{closure}()
 4 SYSTEMPATH/Common.php(1171): CodeIgniter\View\View->render('kd_project/dashboard_view', [], true)
 5 APPPATH/Controllers/Dashboard_controller.php(37): view('kd_project/dashboard_view', [...])
 6 SYSTEMPATH/CodeIgniter.php(933): App\Controllers\Dashboard_controller->index()
 7 SYSTEMPATH/CodeIgniter.php(509): CodeIgniter\CodeIgniter->runController(Object(App\Controllers\Dashboard_controller))
 8 SYSTEMPATH/CodeIgniter.php(355): CodeIgniter\CodeIgniter->handleRequest(null, Object(Config\Cache), false)
 9 SYSTEMPATH/Boot.php(325): CodeIgniter\CodeIgniter->run()
10 SYSTEMPATH/Boot.php(67): CodeIgniter\Boot::runCodeIgniter(Object(CodeIgniter\CodeIgniter))
11 FCPATH/index.php(56): CodeIgniter\Boot::bootWeb(Object(Config\Paths))
WARNING - 2024-09-22 07:38:32 --> [DEPRECATED] number_format(): Passing null to parameter #1 ($num) of type float is deprecated in APPPATH/Views/kd_project/dashboard_view.php on line 160.
 1 APPPATH/Views/kd_project/dashboard_view.php(160): number_format(null, 2)
 2 SYSTEMPATH/View/View.php(234): include('/home/u877349608/domains/muraridubey.com/public_html/codeigniter/app/Views/kd_project/dashboard_view.php')
 3 SYSTEMPATH/View/View.php(237): CodeIgniter\View\View->CodeIgniter\View\{closure}()
 4 SYSTEMPATH/Common.php(1171): CodeIgniter\View\View->render('kd_project/dashboard_view', [], true)
 5 APPPATH/Controllers/Dashboard_controller.php(37): view('kd_project/dashboard_view', [...])
 6 SYSTEMPATH/CodeIgniter.php(933): App\Controllers\Dashboard_controller->index()
 7 SYSTEMPATH/CodeIgniter.php(509): CodeIgniter\CodeIgniter->runController(Object(App\Controllers\Dashboard_controller))
 8 SYSTEMPATH/CodeIgniter.php(355): CodeIgniter\CodeIgniter->handleRequest(null, Object(Config\Cache), false)
 9 SYSTEMPATH/Boot.php(325): CodeIgniter\CodeIgniter->run()
10 SYSTEMPATH/Boot.php(67): CodeIgniter\Boot::runCodeIgniter(Object(CodeIgniter\CodeIgniter))
11 FCPATH/index.php(56): CodeIgniter\Boot::bootWeb(Object(Config\Paths))
WARNING - 2024-09-22 07:38:32 --> [DEPRECATED] number_format(): Passing null to parameter #1 ($num) of type float is deprecated in APPPATH/Views/kd_project/dashboard_view.php on line 168.
 1 APPPATH/Views/kd_project/dashboard_view.php(168): number_format(null, 2)
 2 SYSTEMPATH/View/View.php(234): include('/home/u877349608/domains/muraridubey.com/public_html/codeigniter/app/Views/kd_project/dashboard_view.php')
 3 SYSTEMPATH/View/View.php(237): CodeIgniter\View\View->CodeIgniter\View\{closure}()
 4 SYSTEMPATH/Common.php(1171): CodeIgniter\View\View->render('kd_project/dashboard_view', [], true)
 5 APPPATH/Controllers/Dashboard_controller.php(37): view('kd_project/dashboard_view', [...])
 6 SYSTEMPATH/CodeIgniter.php(933): App\Controllers\Dashboard_controller->index()
 7 SYSTEMPATH/CodeIgniter.php(509): CodeIgniter\CodeIgniter->runController(Object(App\Controllers\Dashboard_controller))
 8 SYSTEMPATH/CodeIgniter.php(355): CodeIgniter\CodeIgniter->handleRequest(null, Object(Config\Cache), false)
 9 SYSTEMPATH/Boot.php(325): CodeIgniter\CodeIgniter->run()
10 SYSTEMPATH/Boot.php(67): CodeIgniter\Boot::runCodeIgniter(Object(CodeIgniter\CodeIgniter))
11 FCPATH/index.php(56): CodeIgniter\Boot::bootWeb(Object(Config\Paths))
WARNING - 2024-09-22 07:38:32 --> [DEPRECATED] number_format(): Passing null to parameter #1 ($num) of type float is deprecated in APPPATH/Views/kd_project/dashboard_view.php on line 161.
 1 APPPATH/Views/kd_project/dashboard_view.php(161): number_format(null, 2)
 2 SYSTEMPATH/View/View.php(234): include('/home/u877349608/domains/muraridubey.com/public_html/codeigniter/app/Views/kd_project/dashboard_view.php')
 3 SYSTEMPATH/View/View.php(237): CodeIgniter\View\View->CodeIgniter\View\{closure}()
 4 SYSTEMPATH/Common.php(1171): CodeIgniter\View\View->render('kd_project/dashboard_view', [], true)
 5 APPPATH/Controllers/Dashboard_controller.php(37): view('kd_project/dashboard_view', [...])
 6 SYSTEMPATH/CodeIgniter.php(933): App\Controllers\Dashboard_controller->index()
 7 SYSTEMPATH/CodeIgniter.php(509): CodeIgniter\CodeIgniter->runController(Object(App\Controllers\Dashboard_controller))
 8 SYSTEMPATH/CodeIgniter.php(355): CodeIgniter\CodeIgniter->handleRequest(null, Object(Config\Cache), false)
 9 SYSTEMPATH/Boot.php(325): CodeIgniter\CodeIgniter->run()
10 SYSTEMPATH/Boot.php(67): CodeIgniter\Boot::runCodeIgniter(Object(CodeIgniter\CodeIgniter))
11 FCPATH/index.php(56): CodeIgniter\Boot::bootWeb(Object(Config\Paths))
WARNING - 2024-09-22 07:38:32 --> [DEPRECATED] number_format(): Passing null to parameter #1 ($num) of type float is deprecated in APPPATH/Views/kd_project/dashboard_view.php on line 168.
 1 APPPATH/Views/kd_project/dashboard_view.php(168): number_format(null, 2)
 2 SYSTEMPATH/View/View.php(234): include('/home/u877349608/domains/muraridubey.com/public_html/codeigniter/app/Views/kd_project/dashboard_view.php')
 3 SYSTEMPATH/View/View.php(237): CodeIgniter\View\View->CodeIgniter\View\{closure}()
 4 SYSTEMPATH/Common.php(1171): CodeIgniter\View\View->render('kd_project/dashboard_view', [], true)
 5 APPPATH/Controllers/Dashboard_controller.php(37): view('kd_project/dashboard_view', [...])
 6 SYSTEMPATH/CodeIgniter.php(933): App\Controllers\Dashboard_controller->index()
 7 SYSTEMPATH/CodeIgniter.php(509): CodeIgniter\CodeIgniter->runController(Object(App\Controllers\Dashboard_controller))
 8 SYSTEMPATH/CodeIgniter.php(355): CodeIgniter\CodeIgniter->handleRequest(null, Object(Config\Cache), false)
 9 SYSTEMPATH/Boot.php(325): CodeIgniter\CodeIgniter->run()
10 SYSTEMPATH/Boot.php(67): CodeIgniter\Boot::runCodeIgniter(Object(CodeIgniter\CodeIgniter))
11 FCPATH/index.php(56): CodeIgniter\Boot::bootWeb(Object(Config\Paths))
WARNING - 2024-09-22 07:38:32 --> [DEPRECATED] number_format(): Passing null to parameter #1 ($num) of type float is deprecated in APPPATH/Views/kd_project/dashboard_view.php on line 164.
 1 APPPATH/Views/kd_project/dashboard_view.php(164): number_format(null, 2)
 2 SYSTEMPATH/View/View.php(234): include('/home/u877349608/domains/muraridubey.com/public_html/codeigniter/app/Views/kd_project/dashboard_view.php')
 3 SYSTEMPATH/View/View.php(237): CodeIgniter\View\View->CodeIgniter\View\{closure}()
 4 SYSTEMPATH/Common.php(1171): CodeIgniter\View\View->render('kd_project/dashboard_view', [], true)
 5 APPPATH/Controllers/Dashboard_controller.php(37): view('kd_project/dashboard_view', [...])
 6 SYSTEMPATH/CodeIgniter.php(933): App\Controllers\Dashboard_controller->index()
 7 SYSTEMPATH/CodeIgniter.php(509): CodeIgniter\CodeIgniter->runController(Object(App\Controllers\Dashboard_controller))
 8 SYSTEMPATH/CodeIgniter.php(355): CodeIgniter\CodeIgniter->handleRequest(null, Object(Config\Cache), false)
 9 SYSTEMPATH/Boot.php(325): CodeIgniter\CodeIgniter->run()
10 SYSTEMPATH/Boot.php(67): CodeIgniter\Boot::runCodeIgniter(Object(CodeIgniter\CodeIgniter))
11 FCPATH/index.php(56): CodeIgniter\Boot::bootWeb(Object(Config\Paths))
WARNING - 2024-09-22 07:38:32 --> [DEPRECATED] number_format(): Passing null to parameter #1 ($num) of type float is deprecated in APPPATH/Views/kd_project/dashboard_view.php on line 168.
 1 APPPATH/Views/kd_project/dashboard_view.php(168): number_format(null, 2)
 2 SYSTEMPATH/View/View.php(234): include('/home/u877349608/domains/muraridubey.com/public_html/codeigniter/app/Views/kd_project/dashboard_view.php')
 3 SYSTEMPATH/View/View.php(237): CodeIgniter\View\View->CodeIgniter\View\{closure}()
 4 SYSTEMPATH/Common.php(1171): CodeIgniter\View\View->render('kd_project/dashboard_view', [], true)
 5 APPPATH/Controllers/Dashboard_controller.php(37): view('kd_project/dashboard_view', [...])
 6 SYSTEMPATH/CodeIgniter.php(933): App\Controllers\Dashboard_controller->index()
 7 SYSTEMPATH/CodeIgniter.php(509): CodeIgniter\CodeIgniter->runController(Object(App\Controllers\Dashboard_controller))
 8 SYSTEMPATH/CodeIgniter.php(355): CodeIgniter\CodeIgniter->handleRequest(null, Object(Config\Cache), false)
 9 SYSTEMPATH/Boot.php(325): CodeIgniter\CodeIgniter->run()
10 SYSTEMPATH/Boot.php(67): CodeIgniter\Boot::runCodeIgniter(Object(CodeIgniter\CodeIgniter))
11 FCPATH/index.php(56): CodeIgniter\Boot::bootWeb(Object(Config\Paths))
WARNING - 2024-09-22 07:38:32 --> [DEPRECATED] number_format(): Passing null to parameter #1 ($num) of type float is deprecated in APPPATH/Views/kd_project/dashboard_view.php on line 161.
 1 APPPATH/Views/kd_project/dashboard_view.php(161): number_format(null, 2)
 2 SYSTEMPATH/View/View.php(234): include('/home/u877349608/domains/muraridubey.com/public_html/codeigniter/app/Views/kd_project/dashboard_view.php')
 3 SYSTEMPATH/View/View.php(237): CodeIgniter\View\View->CodeIgniter\View\{closure}()
 4 SYSTEMPATH/Common.php(1171): CodeIgniter\View\View->render('kd_project/dashboard_view', [], true)
 5 APPPATH/Controllers/Dashboard_controller.php(37): view('kd_project/dashboard_view', [...])
 6 SYSTEMPATH/CodeIgniter.php(933): App\Controllers\Dashboard_controller->index()
 7 SYSTEMPATH/CodeIgniter.php(509): CodeIgniter\CodeIgniter->runController(Object(App\Controllers\Dashboard_controller))
 8 SYSTEMPATH/CodeIgniter.php(355): CodeIgniter\CodeIgniter->handleRequest(null, Object(Config\Cache), false)
 9 SYSTEMPATH/Boot.php(325): CodeIgniter\CodeIgniter->run()
10 SYSTEMPATH/Boot.php(67): CodeIgniter\Boot::runCodeIgniter(Object(CodeIgniter\CodeIgniter))
11 FCPATH/index.php(56): CodeIgniter\Boot::bootWeb(Object(Config\Paths))
WARNING - 2024-09-22 07:38:32 --> [DEPRECATED] number_format(): Passing null to parameter #1 ($num) of type float is deprecated in APPPATH/Views/kd_project/dashboard_view.php on line 168.
 1 APPPATH/Views/kd_project/dashboard_view.php(168): number_format(null, 2)
 2 SYSTEMPATH/View/View.php(234): include('/home/u877349608/domains/muraridubey.com/public_html/codeigniter/app/Views/kd_project/dashboard_view.php')
 3 SYSTEMPATH/View/View.php(237): CodeIgniter\View\View->CodeIgniter\View\{closure}()
 4 SYSTEMPATH/Common.php(1171): CodeIgniter\View\View->render('kd_project/dashboard_view', [], true)
 5 APPPATH/Controllers/Dashboard_controller.php(37): view('kd_project/dashboard_view', [...])
 6 SYSTEMPATH/CodeIgniter.php(933): App\Controllers\Dashboard_controller->index()
 7 SYSTEMPATH/CodeIgniter.php(509): CodeIgniter\CodeIgniter->runController(Object(App\Controllers\Dashboard_controller))
 8 SYSTEMPATH/CodeIgniter.php(355): CodeIgniter\CodeIgniter->handleRequest(null, Object(Config\Cache), false)
 9 SYSTEMPATH/Boot.php(325): CodeIgniter\CodeIgniter->run()
10 SYSTEMPATH/Boot.php(67): CodeIgniter\Boot::runCodeIgniter(Object(CodeIgniter\CodeIgniter))
11 FCPATH/index.php(56): CodeIgniter\Boot::bootWeb(Object(Config\Paths))
WARNING - 2024-09-22 07:38:32 --> [DEPRECATED] number_format(): Passing null to parameter #1 ($num) of type float is deprecated in APPPATH/Views/kd_project/dashboard_view.php on line 161.
 1 APPPATH/Views/kd_project/dashboard_view.php(161): number_format(null, 2)
 2 SYSTEMPATH/View/View.php(234): include('/home/u877349608/domains/muraridubey.com/public_html/codeigniter/app/Views/kd_project/dashboard_view.php')
 3 SYSTEMPATH/View/View.php(237): CodeIgniter\View\View->CodeIgniter\View\{closure}()
 4 SYSTEMPATH/Common.php(1171): CodeIgniter\View\View->render('kd_project/dashboard_view', [], true)
 5 APPPATH/Controllers/Dashboard_controller.php(37): view('kd_project/dashboard_view', [...])
 6 SYSTEMPATH/CodeIgniter.php(933): App\Controllers\Dashboard_controller->index()
 7 SYSTEMPATH/CodeIgniter.php(509): CodeIgniter\CodeIgniter->runController(Object(App\Controllers\Dashboard_controller))
 8 SYSTEMPATH/CodeIgniter.php(355): CodeIgniter\CodeIgniter->handleRequest(null, Object(Config\Cache), false)
 9 SYSTEMPATH/Boot.php(325): CodeIgniter\CodeIgniter->run()
10 SYSTEMPATH/Boot.php(67): CodeIgniter\Boot::runCodeIgniter(Object(CodeIgniter\CodeIgniter))
11 FCPATH/index.php(56): CodeIgniter\Boot::bootWeb(Object(Config\Paths))
WARNING - 2024-09-22 07:38:32 --> [DEPRECATED] number_format(): Passing null to parameter #1 ($num) of type float is deprecated in APPPATH/Views/kd_project/dashboard_view.php on line 168.
 1 APPPATH/Views/kd_project/dashboard_view.php(168): number_format(null, 2)
 2 SYSTEMPATH/View/View.php(234): include('/home/u877349608/domains/muraridubey.com/public_html/codeigniter/app/Views/kd_project/dashboard_view.php')
 3 SYSTEMPATH/View/View.php(237): CodeIgniter\View\View->CodeIgniter\View\{closure}()
 4 SYSTEMPATH/Common.php(1171): CodeIgniter\View\View->render('kd_project/dashboard_view', [], true)
 5 APPPATH/Controllers/Dashboard_controller.php(37): view('kd_project/dashboard_view', [...])
 6 SYSTEMPATH/CodeIgniter.php(933): App\Controllers\Dashboard_controller->index()
 7 SYSTEMPATH/CodeIgniter.php(509): CodeIgniter\CodeIgniter->runController(Object(App\Controllers\Dashboard_controller))
 8 SYSTEMPATH/CodeIgniter.php(355): CodeIgniter\CodeIgniter->handleRequest(null, Object(Config\Cache), false)
 9 SYSTEMPATH/Boot.php(325): CodeIgniter\CodeIgniter->run()
10 SYSTEMPATH/Boot.php(67): CodeIgniter\Boot::runCodeIgniter(Object(CodeIgniter\CodeIgniter))
11 FCPATH/index.php(56): CodeIgniter\Boot::bootWeb(Object(Config\Paths))
INFO - 2024-09-22 07:38:36 --> Session: Class initialized using 'CodeIgniter\Session\Handlers\FileHandler' driver.
WARNING - 2024-09-22 07:38:36 --> [DEPRECATED] number_format(): Passing null to parameter #1 ($num) of type float is deprecated in APPPATH/Views/kd_project/dashboard_view.php on line 160.
 1 APPPATH/Views/kd_project/dashboard_view.php(160): number_format(null, 2)
 2 SYSTEMPATH/View/View.php(234): include('/home/u877349608/domains/muraridubey.com/public_html/codeigniter/app/Views/kd_project/dashboard_view.php')
 3 SYSTEMPATH/View/View.php(237): CodeIgniter\View\View->CodeIgniter\View\{closure}()
 4 SYSTEMPATH/Common.php(1171): CodeIgniter\View\View->render('kd_project/dashboard_view', [], true)
 5 APPPATH/Controllers/Dashboard_controller.php(37): view('kd_project/dashboard_view', [...])
 6 SYSTEMPATH/CodeIgniter.php(933): App\Controllers\Dashboard_controller->index()
 7 SYSTEMPATH/CodeIgniter.php(509): CodeIgniter\CodeIgniter->runController(Object(App\Controllers\Dashboard_controller))
 8 SYSTEMPATH/CodeIgniter.php(355): CodeIgniter\CodeIgniter->handleRequest(null, Object(Config\Cache), false)
 9 SYSTEMPATH/Boot.php(325): CodeIgniter\CodeIgniter->run()
10 SYSTEMPATH/Boot.php(67): CodeIgniter\Boot::runCodeIgniter(Object(CodeIgniter\CodeIgniter))
11 FCPATH/index.php(56): CodeIgniter\Boot::bootWeb(Object(Config\Paths))
WARNING - 2024-09-22 07:38:36 --> [DEPRECATED] number_format(): Passing null to parameter #1 ($num) of type float is deprecated in APPPATH/Views/kd_project/dashboard_view.php on line 168.
 1 APPPATH/Views/kd_project/dashboard_view.php(168): number_format(null, 2)
 2 SYSTEMPATH/View/View.php(234): include('/home/u877349608/domains/muraridubey.com/public_html/codeigniter/app/Views/kd_project/dashboard_view.php')
 3 SYSTEMPATH/View/View.php(237): CodeIgniter\View\View->CodeIgniter\View\{closure}()
 4 SYSTEMPATH/Common.php(1171): CodeIgniter\View\View->render('kd_project/dashboard_view', [], true)
 5 APPPATH/Controllers/Dashboard_controller.php(37): view('kd_project/dashboard_view', [...])
 6 SYSTEMPATH/CodeIgniter.php(933): App\Controllers\Dashboard_controller->index()
 7 SYSTEMPATH/CodeIgniter.php(509): CodeIgniter\CodeIgniter->runController(Object(App\Controllers\Dashboard_controller))
 8 SYSTEMPATH/CodeIgniter.php(355): CodeIgniter\CodeIgniter->handleRequest(null, Object(Config\Cache), false)
 9 SYSTEMPATH/Boot.php(325): CodeIgniter\CodeIgniter->run()
10 SYSTEMPATH/Boot.php(67): CodeIgniter\Boot::runCodeIgniter(Object(CodeIgniter\CodeIgniter))
11 FCPATH/index.php(56): CodeIgniter\Boot::bootWeb(Object(Config\Paths))
WARNING - 2024-09-22 07:38:36 --> [DEPRECATED] number_format(): Passing null to parameter #1 ($num) of type float is deprecated in APPPATH/Views/kd_project/dashboard_view.php on line 160.
 1 APPPATH/Views/kd_project/dashboard_view.php(160): number_format(null, 2)
 2 SYSTEMPATH/View/View.php(234): include('/home/u877349608/domains/muraridubey.com/public_html/codeigniter/app/Views/kd_project/dashboard_view.php')
 3 SYSTEMPATH/View/View.php(237): CodeIgniter\View\View->CodeIgniter\View\{closure}()
 4 SYSTEMPATH/Common.php(1171): CodeIgniter\View\View->render('kd_project/dashboard_view', [], true)
 5 APPPATH/Controllers/Dashboard_controller.php(37): view('kd_project/dashboard_view', [...])
 6 SYSTEMPATH/CodeIgniter.php(933): App\Controllers\Dashboard_controller->index()
 7 SYSTEMPATH/CodeIgniter.php(509): CodeIgniter\CodeIgniter->runController(Object(App\Controllers\Dashboard_controller))
 8 SYSTEMPATH/CodeIgniter.php(355): CodeIgniter\CodeIgniter->handleRequest(null, Object(Config\Cache), false)
 9 SYSTEMPATH/Boot.php(325): CodeIgniter\CodeIgniter->run()
10 SYSTEMPATH/Boot.php(67): CodeIgniter\Boot::runCodeIgniter(Object(CodeIgniter\CodeIgniter))
11 FCPATH/index.php(56): CodeIgniter\Boot::bootWeb(Object(Config\Paths))
WARNING - 2024-09-22 07:38:36 --> [DEPRECATED] number_format(): Passing null to parameter #1 ($num) of type float is deprecated in APPPATH/Views/kd_project/dashboard_view.php on line 168.
 1 APPPATH/Views/kd_project/dashboard_view.php(168): number_format(null, 2)
 2 SYSTEMPATH/View/View.php(234): include('/home/u877349608/domains/muraridubey.com/public_html/codeigniter/app/Views/kd_project/dashboard_view.php')
 3 SYSTEMPATH/View/View.php(237): CodeIgniter\View\View->CodeIgniter\View\{closure}()
 4 SYSTEMPATH/Common.php(1171): CodeIgniter\View\View->render('kd_project/dashboard_view', [], true)
 5 APPPATH/Controllers/Dashboard_controller.php(37): view('kd_project/dashboard_view', [...])
 6 SYSTEMPATH/CodeIgniter.php(933): App\Controllers\Dashboard_controller->index()
 7 SYSTEMPATH/CodeIgniter.php(509): CodeIgniter\CodeIgniter->runController(Object(App\Controllers\Dashboard_controller))
 8 SYSTEMPATH/CodeIgniter.php(355): CodeIgniter\CodeIgniter->handleRequest(null, Object(Config\Cache), false)
 9 SYSTEMPATH/Boot.php(325): CodeIgniter\CodeIgniter->run()
10 SYSTEMPATH/Boot.php(67): CodeIgniter\Boot::runCodeIgniter(Object(CodeIgniter\CodeIgniter))
11 FCPATH/index.php(56): CodeIgniter\Boot::bootWeb(Object(Config\Paths))
WARNING - 2024-09-22 07:38:36 --> [DEPRECATED] number_format(): Passing null to parameter #1 ($num) of type float is deprecated in APPPATH/Views/kd_project/dashboard_view.php on line 161.
 1 APPPATH/Views/kd_project/dashboard_view.php(161): number_format(null, 2)
 2 SYSTEMPATH/View/View.php(234): include('/home/u877349608/domains/muraridubey.com/public_html/codeigniter/app/Views/kd_project/dashboard_view.php')
 3 SYSTEMPATH/View/View.php(237): CodeIgniter\View\View->CodeIgniter\View\{closure}()
 4 SYSTEMPATH/Common.php(1171): CodeIgniter\View\View->render('kd_project/dashboard_view', [], true)
 5 APPPATH/Controllers/Dashboard_controller.php(37): view('kd_project/dashboard_view', [...])
 6 SYSTEMPATH/CodeIgniter.php(933): App\Controllers\Dashboard_controller->index()
 7 SYSTEMPATH/CodeIgniter.php(509): CodeIgniter\CodeIgniter->runController(Object(App\Controllers\Dashboard_controller))
 8 SYSTEMPATH/CodeIgniter.php(355): CodeIgniter\CodeIgniter->handleRequest(null, Object(Config\Cache), false)
 9 SYSTEMPATH/Boot.php(325): CodeIgniter\CodeIgniter->run()
10 SYSTEMPATH/Boot.php(67): CodeIgniter\Boot::runCodeIgniter(Object(CodeIgniter\CodeIgniter))
11 FCPATH/index.php(56): CodeIgniter\Boot::bootWeb(Object(Config\Paths))
WARNING - 2024-09-22 07:38:36 --> [DEPRECATED] number_format(): Passing null to parameter #1 ($num) of type float is deprecated in APPPATH/Views/kd_project/dashboard_view.php on line 168.
 1 APPPATH/Views/kd_project/dashboard_view.php(168): number_format(null, 2)
 2 SYSTEMPATH/View/View.php(234): include('/home/u877349608/domains/muraridubey.com/public_html/codeigniter/app/Views/kd_project/dashboard_view.php')
 3 SYSTEMPATH/View/View.php(237): CodeIgniter\View\View->CodeIgniter\View\{closure}()
 4 SYSTEMPATH/Common.php(1171): CodeIgniter\View\View->render('kd_project/dashboard_view', [], true)
 5 APPPATH/Controllers/Dashboard_controller.php(37): view('kd_project/dashboard_view', [...])
 6 SYSTEMPATH/CodeIgniter.php(933): App\Controllers\Dashboard_controller->index()
 7 SYSTEMPATH/CodeIgniter.php(509): CodeIgniter\CodeIgniter->runController(Object(App\Controllers\Dashboard_controller))
 8 SYSTEMPATH/CodeIgniter.php(355): CodeIgniter\CodeIgniter->handleRequest(null, Object(Config\Cache), false)
 9 SYSTEMPATH/Boot.php(325): CodeIgniter\CodeIgniter->run()
10 SYSTEMPATH/Boot.php(67): CodeIgniter\Boot::runCodeIgniter(Object(CodeIgniter\CodeIgniter))
11 FCPATH/index.php(56): CodeIgniter\Boot::bootWeb(Object(Config\Paths))
WARNING - 2024-09-22 07:38:36 --> [DEPRECATED] number_format(): Passing null to parameter #1 ($num) of type float is deprecated in APPPATH/Views/kd_project/dashboard_view.php on line 164.
 1 APPPATH/Views/kd_project/dashboard_view.php(164): number_format(null, 2)
 2 SYSTEMPATH/View/View.php(234): include('/home/u877349608/domains/muraridubey.com/public_html/codeigniter/app/Views/kd_project/dashboard_view.php')
 3 SYSTEMPATH/View/View.php(237): CodeIgniter\View\View->CodeIgniter\View\{closure}()
 4 SYSTEMPATH/Common.php(1171): CodeIgniter\View\View->render('kd_project/dashboard_view', [], true)
 5 APPPATH/Controllers/Dashboard_controller.php(37): view('kd_project/dashboard_view', [...])
 6 SYSTEMPATH/CodeIgniter.php(933): App\Controllers\Dashboard_controller->index()
 7 SYSTEMPATH/CodeIgniter.php(509): CodeIgniter\CodeIgniter->runController(Object(App\Controllers\Dashboard_controller))
 8 SYSTEMPATH/CodeIgniter.php(355): CodeIgniter\CodeIgniter->handleRequest(null, Object(Config\Cache), false)
 9 SYSTEMPATH/Boot.php(325): CodeIgniter\CodeIgniter->run()
10 SYSTEMPATH/Boot.php(67): CodeIgniter\Boot::runCodeIgniter(Object(CodeIgniter\CodeIgniter))
11 FCPATH/index.php(56): CodeIgniter\Boot::bootWeb(Object(Config\Paths))
WARNING - 2024-09-22 07:38:36 --> [DEPRECATED] number_format(): Passing null to parameter #1 ($num) of type float is deprecated in APPPATH/Views/kd_project/dashboard_view.php on line 168.
 1 APPPATH/Views/kd_project/dashboard_view.php(168): number_format(null, 2)
 2 SYSTEMPATH/View/View.php(234): include('/home/u877349608/domains/muraridubey.com/public_html/codeigniter/app/Views/kd_project/dashboard_view.php')
 3 SYSTEMPATH/View/View.php(237): CodeIgniter\View\View->CodeIgniter\View\{closure}()
 4 SYSTEMPATH/Common.php(1171): CodeIgniter\View\View->render('kd_project/dashboard_view', [], true)
 5 APPPATH/Controllers/Dashboard_controller.php(37): view('kd_project/dashboard_view', [...])
 6 SYSTEMPATH/CodeIgniter.php(933): App\Controllers\Dashboard_controller->index()
 7 SYSTEMPATH/CodeIgniter.php(509): CodeIgniter\CodeIgniter->runController(Object(App\Controllers\Dashboard_controller))
 8 SYSTEMPATH/CodeIgniter.php(355): CodeIgniter\CodeIgniter->handleRequest(null, Object(Config\Cache), false)
 9 SYSTEMPATH/Boot.php(325): CodeIgniter\CodeIgniter->run()
10 SYSTEMPATH/Boot.php(67): CodeIgniter\Boot::runCodeIgniter(Object(CodeIgniter\CodeIgniter))
11 FCPATH/index.php(56): CodeIgniter\Boot::bootWeb(Object(Config\Paths))
WARNING - 2024-09-22 07:38:36 --> [DEPRECATED] number_format(): Passing null to parameter #1 ($num) of type float is deprecated in APPPATH/Views/kd_project/dashboard_view.php on line 161.
 1 APPPATH/Views/kd_project/dashboard_view.php(161): number_format(null, 2)
 2 SYSTEMPATH/View/View.php(234): include('/home/u877349608/domains/muraridubey.com/public_html/codeigniter/app/Views/kd_project/dashboard_view.php')
 3 SYSTEMPATH/View/View.php(237): CodeIgniter\View\View->CodeIgniter\View\{closure}()
 4 SYSTEMPATH/Common.php(1171): CodeIgniter\View\View->render('kd_project/dashboard_view', [], true)
 5 APPPATH/Controllers/Dashboard_controller.php(37): view('kd_project/dashboard_view', [...])
 6 SYSTEMPATH/CodeIgniter.php(933): App\Controllers\Dashboard_controller->index()
 7 SYSTEMPATH/CodeIgniter.php(509): CodeIgniter\CodeIgniter->runController(Object(App\Controllers\Dashboard_controller))
 8 SYSTEMPATH/CodeIgniter.php(355): CodeIgniter\CodeIgniter->handleRequest(null, Object(Config\Cache), false)
 9 SYSTEMPATH/Boot.php(325): CodeIgniter\CodeIgniter->run()
10 SYSTEMPATH/Boot.php(67): CodeIgniter\Boot::runCodeIgniter(Object(CodeIgniter\CodeIgniter))
11 FCPATH/index.php(56): CodeIgniter\Boot::bootWeb(Object(Config\Paths))
WARNING - 2024-09-22 07:38:36 --> [DEPRECATED] number_format(): Passing null to parameter #1 ($num) of type float is deprecated in APPPATH/Views/kd_project/dashboard_view.php on line 168.
 1 APPPATH/Views/kd_project/dashboard_view.php(168): number_format(null, 2)
 2 SYSTEMPATH/View/View.php(234): include('/home/u877349608/domains/muraridubey.com/public_html/codeigniter/app/Views/kd_project/dashboard_view.php')
 3 SYSTEMPATH/View/View.php(237): CodeIgniter\View\View->CodeIgniter\View\{closure}()
 4 SYSTEMPATH/Common.php(1171): CodeIgniter\View\View->render('kd_project/dashboard_view', [], true)
 5 APPPATH/Controllers/Dashboard_controller.php(37): view('kd_project/dashboard_view', [...])
 6 SYSTEMPATH/CodeIgniter.php(933): App\Controllers\Dashboard_controller->index()
 7 SYSTEMPATH/CodeIgniter.php(509): CodeIgniter\CodeIgniter->runController(Object(App\Controllers\Dashboard_controller))
 8 SYSTEMPATH/CodeIgniter.php(355): CodeIgniter\CodeIgniter->handleRequest(null, Object(Config\Cache), false)
 9 SYSTEMPATH/Boot.php(325): CodeIgniter\CodeIgniter->run()
10 SYSTEMPATH/Boot.php(67): CodeIgniter\Boot::runCodeIgniter(Object(CodeIgniter\CodeIgniter))
11 FCPATH/index.php(56): CodeIgniter\Boot::bootWeb(Object(Config\Paths))
WARNING - 2024-09-22 07:38:36 --> [DEPRECATED] number_format(): Passing null to parameter #1 ($num) of type float is deprecated in APPPATH/Views/kd_project/dashboard_view.php on line 161.
 1 APPPATH/Views/kd_project/dashboard_view.php(161): number_format(null, 2)
 2 SYSTEMPATH/View/View.php(234): include('/home/u877349608/domains/muraridubey.com/public_html/codeigniter/app/Views/kd_project/dashboard_view.php')
 3 SYSTEMPATH/View/View.php(237): CodeIgniter\View\View->CodeIgniter\View\{closure}()
 4 SYSTEMPATH/Common.php(1171): CodeIgniter\View\View->render('kd_project/dashboard_view', [], true)
 5 APPPATH/Controllers/Dashboard_controller.php(37): view('kd_project/dashboard_view', [...])
 6 SYSTEMPATH/CodeIgniter.php(933): App\Controllers\Dashboard_controller->index()
 7 SYSTEMPATH/CodeIgniter.php(509): CodeIgniter\CodeIgniter->runController(Object(App\Controllers\Dashboard_controller))
 8 SYSTEMPATH/CodeIgniter.php(355): CodeIgniter\CodeIgniter->handleRequest(null, Object(Config\Cache), false)
 9 SYSTEMPATH/Boot.php(325): CodeIgniter\CodeIgniter->run()
10 SYSTEMPATH/Boot.php(67): CodeIgniter\Boot::runCodeIgniter(Object(CodeIgniter\CodeIgniter))
11 FCPATH/index.php(56): CodeIgniter\Boot::bootWeb(Object(Config\Paths))
WARNING - 2024-09-22 07:38:36 --> [DEPRECATED] number_format(): Passing null to parameter #1 ($num) of type float is deprecated in APPPATH/Views/kd_project/dashboard_view.php on line 168.
 1 APPPATH/Views/kd_project/dashboard_view.php(168): number_format(null, 2)
 2 SYSTEMPATH/View/View.php(234): include('/home/u877349608/domains/muraridubey.com/public_html/codeigniter/app/Views/kd_project/dashboard_view.php')
 3 SYSTEMPATH/View/View.php(237): CodeIgniter\View\View->CodeIgniter\View\{closure}()
 4 SYSTEMPATH/Common.php(1171): CodeIgniter\View\View->render('kd_project/dashboard_view', [], true)
 5 APPPATH/Controllers/Dashboard_controller.php(37): view('kd_project/dashboard_view', [...])
 6 SYSTEMPATH/CodeIgniter.php(933): App\Controllers\Dashboard_controller->index()
 7 SYSTEMPATH/CodeIgniter.php(509): CodeIgniter\CodeIgniter->runController(Object(App\Controllers\Dashboard_controller))
 8 SYSTEMPATH/CodeIgniter.php(355): CodeIgniter\CodeIgniter->handleRequest(null, Object(Config\Cache), false)
 9 SYSTEMPATH/Boot.php(325): CodeIgniter\CodeIgniter->run()
10 SYSTEMPATH/Boot.php(67): CodeIgniter\Boot::runCodeIgniter(Object(CodeIgniter\CodeIgniter))
11 FCPATH/index.php(56): CodeIgniter\Boot::bootWeb(Object(Config\Paths))
INFO - 2024-09-22 07:40:07 --> Session: Class initialized using 'CodeIgniter\Session\Handlers\FileHandler' driver.
INFO - 2024-09-22 07:40:07 --> Session: Class initialized using 'CodeIgniter\Session\Handlers\FileHandler' driver.
INFO - 2024-09-22 07:40:11 --> Session: Class initialized using 'CodeIgniter\Session\Handlers\FileHandler' driver.
INFO - 2024-09-22 07:40:11 --> Session: Class initialized using 'CodeIgniter\Session\Handlers\FileHandler' driver.
INFO - 2024-09-22 07:41:46 --> Session: Class initialized using 'CodeIgniter\Session\Handlers\FileHandler' driver.
CRITICAL - 2024-09-22 07:41:46 --> ParseError: syntax error, unexpected identifier "style", expecting "," or ";"
[Method: GET, Route: dashboard]
in APPPATH/Views/kd_project/dashboard_view.php on line 119.
 1 SYSTEMPATH/View/View.php(237): CodeIgniter\View\View->CodeIgniter\View\{closure}()
 2 SYSTEMPATH/Common.php(1171): CodeIgniter\View\View->render()
 3 APPPATH/Controllers/Dashboard_controller.php(37): view()
 4 SYSTEMPATH/CodeIgniter.php(933): App\Controllers\Dashboard_controller->index()
 5 SYSTEMPATH/CodeIgniter.php(509): CodeIgniter\CodeIgniter->runController()
 6 SYSTEMPATH/CodeIgniter.php(355): CodeIgniter\CodeIgniter->handleRequest()
 7 SYSTEMPATH/Boot.php(325): CodeIgniter\CodeIgniter->run()
 8 SYSTEMPATH/Boot.php(67): CodeIgniter\Boot::runCodeIgniter()
 9 FCPATH/index.php(56): CodeIgniter\Boot::bootWeb()
INFO - 2024-09-22 07:42:34 --> Session: Class initialized using 'CodeIgniter\Session\Handlers\FileHandler' driver.
WARNING - 2024-09-22 07:42:34 --> [DEPRECATED] number_format(): Passing null to parameter #1 ($num) of type float is deprecated in APPPATH/Views/kd_project/dashboard_view.php on line 160.
 1 APPPATH/Views/kd_project/dashboard_view.php(160): number_format(null, 2)
 2 SYSTEMPATH/View/View.php(234): include('/home/u877349608/domains/muraridubey.com/public_html/codeigniter/app/Views/kd_project/dashboard_view.php')
 3 SYSTEMPATH/View/View.php(237): CodeIgniter\View\View->CodeIgniter\View\{closure}()
 4 SYSTEMPATH/Common.php(1171): CodeIgniter\View\View->render('kd_project/dashboard_view', [], true)
 5 APPPATH/Controllers/Dashboard_controller.php(37): view('kd_project/dashboard_view', [...])
 6 SYSTEMPATH/CodeIgniter.php(933): App\Controllers\Dashboard_controller->index()
 7 SYSTEMPATH/CodeIgniter.php(509): CodeIgniter\CodeIgniter->runController(Object(App\Controllers\Dashboard_controller))
 8 SYSTEMPATH/CodeIgniter.php(355): CodeIgniter\CodeIgniter->handleRequest(null, Object(Config\Cache), false)
 9 SYSTEMPATH/Boot.php(325): CodeIgniter\CodeIgniter->run()
10 SYSTEMPATH/Boot.php(67): CodeIgniter\Boot::runCodeIgniter(Object(CodeIgniter\CodeIgniter))
11 FCPATH/index.php(56): CodeIgniter\Boot::bootWeb(Object(Config\Paths))
WARNING - 2024-09-22 07:42:34 --> [DEPRECATED] number_format(): Passing null to parameter #1 ($num) of type float is deprecated in APPPATH/Views/kd_project/dashboard_view.php on line 168.
 1 APPPATH/Views/kd_project/dashboard_view.php(168): number_format(null, 2)
 2 SYSTEMPATH/View/View.php(234): include('/home/u877349608/domains/muraridubey.com/public_html/codeigniter/app/Views/kd_project/dashboard_view.php')
 3 SYSTEMPATH/View/View.php(237): CodeIgniter\View\View->CodeIgniter\View\{closure}()
 4 SYSTEMPATH/Common.php(1171): CodeIgniter\View\View->render('kd_project/dashboard_view', [], true)
 5 APPPATH/Controllers/Dashboard_controller.php(37): view('kd_project/dashboard_view', [...])
 6 SYSTEMPATH/CodeIgniter.php(933): App\Controllers\Dashboard_controller->index()
 7 SYSTEMPATH/CodeIgniter.php(509): CodeIgniter\CodeIgniter->runController(Object(App\Controllers\Dashboard_controller))
 8 SYSTEMPATH/CodeIgniter.php(355): CodeIgniter\CodeIgniter->handleRequest(null, Object(Config\Cache), false)
 9 SYSTEMPATH/Boot.php(325): CodeIgniter\CodeIgniter->run()
10 SYSTEMPATH/Boot.php(67): CodeIgniter\Boot::runCodeIgniter(Object(CodeIgniter\CodeIgniter))
11 FCPATH/index.php(56): CodeIgniter\Boot::bootWeb(Object(Config\Paths))
WARNING - 2024-09-22 07:42:34 --> [DEPRECATED] number_format(): Passing null to parameter #1 ($num) of type float is deprecated in APPPATH/Views/kd_project/dashboard_view.php on line 160.
 1 APPPATH/Views/kd_project/dashboard_view.php(160): number_format(null, 2)
 2 SYSTEMPATH/View/View.php(234): include('/home/u877349608/domains/muraridubey.com/public_html/codeigniter/app/Views/kd_project/dashboard_view.php')
 3 SYSTEMPATH/View/View.php(237): CodeIgniter\View\View->CodeIgniter\View\{closure}()
 4 SYSTEMPATH/Common.php(1171): CodeIgniter\View\View->render('kd_project/dashboard_view', [], true)
 5 APPPATH/Controllers/Dashboard_controller.php(37): view('kd_project/dashboard_view', [...])
 6 SYSTEMPATH/CodeIgniter.php(933): App\Controllers\Dashboard_controller->index()
 7 SYSTEMPATH/CodeIgniter.php(509): CodeIgniter\CodeIgniter->runController(Object(App\Controllers\Dashboard_controller))
 8 SYSTEMPATH/CodeIgniter.php(355): CodeIgniter\CodeIgniter->handleRequest(null, Object(Config\Cache), false)
 9 SYSTEMPATH/Boot.php(325): CodeIgniter\CodeIgniter->run()
10 SYSTEMPATH/Boot.php(67): CodeIgniter\Boot::runCodeIgniter(Object(CodeIgniter\CodeIgniter))
11 FCPATH/index.php(56): CodeIgniter\Boot::bootWeb(Object(Config\Paths))
WARNING - 2024-09-22 07:42:34 --> [DEPRECATED] number_format(): Passing null to parameter #1 ($num) of type float is deprecated in APPPATH/Views/kd_project/dashboard_view.php on line 168.
 1 APPPATH/Views/kd_project/dashboard_view.php(168): number_format(null, 2)
 2 SYSTEMPATH/View/View.php(234): include('/home/u877349608/domains/muraridubey.com/public_html/codeigniter/app/Views/kd_project/dashboard_view.php')
 3 SYSTEMPATH/View/View.php(237): CodeIgniter\View\View->CodeIgniter\View\{closure}()
 4 SYSTEMPATH/Common.php(1171): CodeIgniter\View\View->render('kd_project/dashboard_view', [], true)
 5 APPPATH/Controllers/Dashboard_controller.php(37): view('kd_project/dashboard_view', [...])
 6 SYSTEMPATH/CodeIgniter.php(933): App\Controllers\Dashboard_controller->index()
 7 SYSTEMPATH/CodeIgniter.php(509): CodeIgniter\CodeIgniter->runController(Object(App\Controllers\Dashboard_controller))
 8 SYSTEMPATH/CodeIgniter.php(355): CodeIgniter\CodeIgniter->handleRequest(null, Object(Config\Cache), false)
 9 SYSTEMPATH/Boot.php(325): CodeIgniter\CodeIgniter->run()
10 SYSTEMPATH/Boot.php(67): CodeIgniter\Boot::runCodeIgniter(Object(CodeIgniter\CodeIgniter))
11 FCPATH/index.php(56): CodeIgniter\Boot::bootWeb(Object(Config\Paths))
WARNING - 2024-09-22 07:42:34 --> [DEPRECATED] number_format(): Passing null to parameter #1 ($num) of type float is deprecated in APPPATH/Views/kd_project/dashboard_view.php on line 161.
 1 APPPATH/Views/kd_project/dashboard_view.php(161): number_format(null, 2)
 2 SYSTEMPATH/View/View.php(234): include('/home/u877349608/domains/muraridubey.com/public_html/codeigniter/app/Views/kd_project/dashboard_view.php')
 3 SYSTEMPATH/View/View.php(237): CodeIgniter\View\View->CodeIgniter\View\{closure}()
 4 SYSTEMPATH/Common.php(1171): CodeIgniter\View\View->render('kd_project/dashboard_view', [], true)
 5 APPPATH/Controllers/Dashboard_controller.php(37): view('kd_project/dashboard_view', [...])
 6 SYSTEMPATH/CodeIgniter.php(933): App\Controllers\Dashboard_controller->index()
 7 SYSTEMPATH/CodeIgniter.php(509): CodeIgniter\CodeIgniter->runController(Object(App\Controllers\Dashboard_controller))
 8 SYSTEMPATH/CodeIgniter.php(355): CodeIgniter\CodeIgniter->handleRequest(null, Object(Config\Cache), false)
 9 SYSTEMPATH/Boot.php(325): CodeIgniter\CodeIgniter->run()
10 SYSTEMPATH/Boot.php(67): CodeIgniter\Boot::runCodeIgniter(Object(CodeIgniter\CodeIgniter))
11 FCPATH/index.php(56): CodeIgniter\Boot::bootWeb(Object(Config\Paths))
WARNING - 2024-09-22 07:42:34 --> [DEPRECATED] number_format(): Passing null to parameter #1 ($num) of type float is deprecated in APPPATH/Views/kd_project/dashboard_view.php on line 168.
 1 APPPATH/Views/kd_project/dashboard_view.php(168): number_format(null, 2)
 2 SYSTEMPATH/View/View.php(234): include('/home/u877349608/domains/muraridubey.com/public_html/codeigniter/app/Views/kd_project/dashboard_view.php')
 3 SYSTEMPATH/View/View.php(237): CodeIgniter\View\View->CodeIgniter\View\{closure}()
 4 SYSTEMPATH/Common.php(1171): CodeIgniter\View\View->render('kd_project/dashboard_view', [], true)
 5 APPPATH/Controllers/Dashboard_controller.php(37): view('kd_project/dashboard_view', [...])
 6 SYSTEMPATH/CodeIgniter.php(933): App\Controllers\Dashboard_controller->index()
 7 SYSTEMPATH/CodeIgniter.php(509): CodeIgniter\CodeIgniter->runController(Object(App\Controllers\Dashboard_controller))
 8 SYSTEMPATH/CodeIgniter.php(355): CodeIgniter\CodeIgniter->handleRequest(null, Object(Config\Cache), false)
 9 SYSTEMPATH/Boot.php(325): CodeIgniter\CodeIgniter->run()
10 SYSTEMPATH/Boot.php(67): CodeIgniter\Boot::runCodeIgniter(Object(CodeIgniter\CodeIgniter))
11 FCPATH/index.php(56): CodeIgniter\Boot::bootWeb(Object(Config\Paths))
WARNING - 2024-09-22 07:42:34 --> [DEPRECATED] number_format(): Passing null to parameter #1 ($num) of type float is deprecated in APPPATH/Views/kd_project/dashboard_view.php on line 164.
 1 APPPATH/Views/kd_project/dashboard_view.php(164): number_format(null, 2)
 2 SYSTEMPATH/View/View.php(234): include('/home/u877349608/domains/muraridubey.com/public_html/codeigniter/app/Views/kd_project/dashboard_view.php')
 3 SYSTEMPATH/View/View.php(237): CodeIgniter\View\View->CodeIgniter\View\{closure}()
 4 SYSTEMPATH/Common.php(1171): CodeIgniter\View\View->render('kd_project/dashboard_view', [], true)
 5 APPPATH/Controllers/Dashboard_controller.php(37): view('kd_project/dashboard_view', [...])
 6 SYSTEMPATH/CodeIgniter.php(933): App\Controllers\Dashboard_controller->index()
 7 SYSTEMPATH/CodeIgniter.php(509): CodeIgniter\CodeIgniter->runController(Object(App\Controllers\Dashboard_controller))
 8 SYSTEMPATH/CodeIgniter.php(355): CodeIgniter\CodeIgniter->handleRequest(null, Object(Config\Cache), false)
 9 SYSTEMPATH/Boot.php(325): CodeIgniter\CodeIgniter->run()
10 SYSTEMPATH/Boot.php(67): CodeIgniter\Boot::runCodeIgniter(Object(CodeIgniter\CodeIgniter))
11 FCPATH/index.php(56): CodeIgniter\Boot::bootWeb(Object(Config\Paths))
WARNING - 2024-09-22 07:42:34 --> [DEPRECATED] number_format(): Passing null to parameter #1 ($num) of type float is deprecated in APPPATH/Views/kd_project/dashboard_view.php on line 168.
 1 APPPATH/Views/kd_project/dashboard_view.php(168): number_format(null, 2)
 2 SYSTEMPATH/View/View.php(234): include('/home/u877349608/domains/muraridubey.com/public_html/codeigniter/app/Views/kd_project/dashboard_view.php')
 3 SYSTEMPATH/View/View.php(237): CodeIgniter\View\View->CodeIgniter\View\{closure}()
 4 SYSTEMPATH/Common.php(1171): CodeIgniter\View\View->render('kd_project/dashboard_view', [], true)
 5 APPPATH/Controllers/Dashboard_controller.php(37): view('kd_project/dashboard_view', [...])
 6 SYSTEMPATH/CodeIgniter.php(933): App\Controllers\Dashboard_controller->index()
 7 SYSTEMPATH/CodeIgniter.php(509): CodeIgniter\CodeIgniter->runController(Object(App\Controllers\Dashboard_controller))
 8 SYSTEMPATH/CodeIgniter.php(355): CodeIgniter\CodeIgniter->handleRequest(null, Object(Config\Cache), false)
 9 SYSTEMPATH/Boot.php(325): CodeIgniter\CodeIgniter->run()
10 SYSTEMPATH/Boot.php(67): CodeIgniter\Boot::runCodeIgniter(Object(CodeIgniter\CodeIgniter))
11 FCPATH/index.php(56): CodeIgniter\Boot::bootWeb(Object(Config\Paths))
WARNING - 2024-09-22 07:42:34 --> [DEPRECATED] number_format(): Passing null to parameter #1 ($num) of type float is deprecated in APPPATH/Views/kd_project/dashboard_view.php on line 161.
 1 APPPATH/Views/kd_project/dashboard_view.php(161): number_format(null, 2)
 2 SYSTEMPATH/View/View.php(234): include('/home/u877349608/domains/muraridubey.com/public_html/codeigniter/app/Views/kd_project/dashboard_view.php')
 3 SYSTEMPATH/View/View.php(237): CodeIgniter\View\View->CodeIgniter\View\{closure}()
 4 SYSTEMPATH/Common.php(1171): CodeIgniter\View\View->render('kd_project/dashboard_view', [], true)
 5 APPPATH/Controllers/Dashboard_controller.php(37): view('kd_project/dashboard_view', [...])
 6 SYSTEMPATH/CodeIgniter.php(933): App\Controllers\Dashboard_controller->index()
 7 SYSTEMPATH/CodeIgniter.php(509): CodeIgniter\CodeIgniter->runController(Object(App\Controllers\Dashboard_controller))
 8 SYSTEMPATH/CodeIgniter.php(355): CodeIgniter\CodeIgniter->handleRequest(null, Object(Config\Cache), false)
 9 SYSTEMPATH/Boot.php(325): CodeIgniter\CodeIgniter->run()
10 SYSTEMPATH/Boot.php(67): CodeIgniter\Boot::runCodeIgniter(Object(CodeIgniter\CodeIgniter))
11 FCPATH/index.php(56): CodeIgniter\Boot::bootWeb(Object(Config\Paths))
WARNING - 2024-09-22 07:42:34 --> [DEPRECATED] number_format(): Passing null to parameter #1 ($num) of type float is deprecated in APPPATH/Views/kd_project/dashboard_view.php on line 168.
 1 APPPATH/Views/kd_project/dashboard_view.php(168): number_format(null, 2)
 2 SYSTEMPATH/View/View.php(234): include('/home/u877349608/domains/muraridubey.com/public_html/codeigniter/app/Views/kd_project/dashboard_view.php')
 3 SYSTEMPATH/View/View.php(237): CodeIgniter\View\View->CodeIgniter\View\{closure}()
 4 SYSTEMPATH/Common.php(1171): CodeIgniter\View\View->render('kd_project/dashboard_view', [], true)
 5 APPPATH/Controllers/Dashboard_controller.php(37): view('kd_project/dashboard_view', [...])
 6 SYSTEMPATH/CodeIgniter.php(933): App\Controllers\Dashboard_controller->index()
 7 SYSTEMPATH/CodeIgniter.php(509): CodeIgniter\CodeIgniter->runController(Object(App\Controllers\Dashboard_controller))
 8 SYSTEMPATH/CodeIgniter.php(355): CodeIgniter\CodeIgniter->handleRequest(null, Object(Config\Cache), false)
 9 SYSTEMPATH/Boot.php(325): CodeIgniter\CodeIgniter->run()
10 SYSTEMPATH/Boot.php(67): CodeIgniter\Boot::runCodeIgniter(Object(CodeIgniter\CodeIgniter))
11 FCPATH/index.php(56): CodeIgniter\Boot::bootWeb(Object(Config\Paths))
WARNING - 2024-09-22 07:42:34 --> [DEPRECATED] number_format(): Passing null to parameter #1 ($num) of type float is deprecated in APPPATH/Views/kd_project/dashboard_view.php on line 161.
 1 APPPATH/Views/kd_project/dashboard_view.php(161): number_format(null, 2)
 2 SYSTEMPATH/View/View.php(234): include('/home/u877349608/domains/muraridubey.com/public_html/codeigniter/app/Views/kd_project/dashboard_view.php')
 3 SYSTEMPATH/View/View.php(237): CodeIgniter\View\View->CodeIgniter\View\{closure}()
 4 SYSTEMPATH/Common.php(1171): CodeIgniter\View\View->render('kd_project/dashboard_view', [], true)
 5 APPPATH/Controllers/Dashboard_controller.php(37): view('kd_project/dashboard_view', [...])
 6 SYSTEMPATH/CodeIgniter.php(933): App\Controllers\Dashboard_controller->index()
 7 SYSTEMPATH/CodeIgniter.php(509): CodeIgniter\CodeIgniter->runController(Object(App\Controllers\Dashboard_controller))
 8 SYSTEMPATH/CodeIgniter.php(355): CodeIgniter\CodeIgniter->handleRequest(null, Object(Config\Cache), false)
 9 SYSTEMPATH/Boot.php(325): CodeIgniter\CodeIgniter->run()
10 SYSTEMPATH/Boot.php(67): CodeIgniter\Boot::runCodeIgniter(Object(CodeIgniter\CodeIgniter))
11 FCPATH/index.php(56): CodeIgniter\Boot::bootWeb(Object(Config\Paths))
WARNING - 2024-09-22 07:42:34 --> [DEPRECATED] number_format(): Passing null to parameter #1 ($num) of type float is deprecated in APPPATH/Views/kd_project/dashboard_view.php on line 168.
 1 APPPATH/Views/kd_project/dashboard_view.php(168): number_format(null, 2)
 2 SYSTEMPATH/View/View.php(234): include('/home/u877349608/domains/muraridubey.com/public_html/codeigniter/app/Views/kd_project/dashboard_view.php')
 3 SYSTEMPATH/View/View.php(237): CodeIgniter\View\View->CodeIgniter\View\{closure}()
 4 SYSTEMPATH/Common.php(1171): CodeIgniter\View\View->render('kd_project/dashboard_view', [], true)
 5 APPPATH/Controllers/Dashboard_controller.php(37): view('kd_project/dashboard_view', [...])
 6 SYSTEMPATH/CodeIgniter.php(933): App\Controllers\Dashboard_controller->index()
 7 SYSTEMPATH/CodeIgniter.php(509): CodeIgniter\CodeIgniter->runController(Object(App\Controllers\Dashboard_controller))
 8 SYSTEMPATH/CodeIgniter.php(355): CodeIgniter\CodeIgniter->handleRequest(null, Object(Config\Cache), false)
 9 SYSTEMPATH/Boot.php(325): CodeIgniter\CodeIgniter->run()
10 SYSTEMPATH/Boot.php(67): CodeIgniter\Boot::runCodeIgniter(Object(CodeIgniter\CodeIgniter))
11 FCPATH/index.php(56): CodeIgniter\Boot::bootWeb(Object(Config\Paths))
INFO - 2024-09-22 07:43:51 --> Session: Class initialized using 'CodeIgniter\Session\Handlers\FileHandler' driver.
WARNING - 2024-09-22 07:43:51 --> [DEPRECATED] number_format(): Passing null to parameter #1 ($num) of type float is deprecated in APPPATH/Views/kd_project/dashboard_view.php on line 160.
 1 APPPATH/Views/kd_project/dashboard_view.php(160): number_format(null, 2)
 2 SYSTEMPATH/View/View.php(234): include('/home/u877349608/domains/muraridubey.com/public_html/codeigniter/app/Views/kd_project/dashboard_view.php')
 3 SYSTEMPATH/View/View.php(237): CodeIgniter\View\View->CodeIgniter\View\{closure}()
 4 SYSTEMPATH/Common.php(1171): CodeIgniter\View\View->render('kd_project/dashboard_view', [], true)
 5 APPPATH/Controllers/Dashboard_controller.php(37): view('kd_project/dashboard_view', [...])
 6 SYSTEMPATH/CodeIgniter.php(933): App\Controllers\Dashboard_controller->index()
 7 SYSTEMPATH/CodeIgniter.php(509): CodeIgniter\CodeIgniter->runController(Object(App\Controllers\Dashboard_controller))
 8 SYSTEMPATH/CodeIgniter.php(355): CodeIgniter\CodeIgniter->handleRequest(null, Object(Config\Cache), false)
 9 SYSTEMPATH/Boot.php(325): CodeIgniter\CodeIgniter->run()
10 SYSTEMPATH/Boot.php(67): CodeIgniter\Boot::runCodeIgniter(Object(CodeIgniter\CodeIgniter))
11 FCPATH/index.php(56): CodeIgniter\Boot::bootWeb(Object(Config\Paths))
WARNING - 2024-09-22 07:43:51 --> [DEPRECATED] number_format(): Passing null to parameter #1 ($num) of type float is deprecated in APPPATH/Views/kd_project/dashboard_view.php on line 168.
 1 APPPATH/Views/kd_project/dashboard_view.php(168): number_format(null, 2)
 2 SYSTEMPATH/View/View.php(234): include('/home/u877349608/domains/muraridubey.com/public_html/codeigniter/app/Views/kd_project/dashboard_view.php')
 3 SYSTEMPATH/View/View.php(237): CodeIgniter\View\View->CodeIgniter\View\{closure}()
 4 SYSTEMPATH/Common.php(1171): CodeIgniter\View\View->render('kd_project/dashboard_view', [], true)
 5 APPPATH/Controllers/Dashboard_controller.php(37): view('kd_project/dashboard_view', [...])
 6 SYSTEMPATH/CodeIgniter.php(933): App\Controllers\Dashboard_controller->index()
 7 SYSTEMPATH/CodeIgniter.php(509): CodeIgniter\CodeIgniter->runController(Object(App\Controllers\Dashboard_controller))
 8 SYSTEMPATH/CodeIgniter.php(355): CodeIgniter\CodeIgniter->handleRequest(null, Object(Config\Cache), false)
 9 SYSTEMPATH/Boot.php(325): CodeIgniter\CodeIgniter->run()
10 SYSTEMPATH/Boot.php(67): CodeIgniter\Boot::runCodeIgniter(Object(CodeIgniter\CodeIgniter))
11 FCPATH/index.php(56): CodeIgniter\Boot::bootWeb(Object(Config\Paths))
WARNING - 2024-09-22 07:43:51 --> [DEPRECATED] number_format(): Passing null to parameter #1 ($num) of type float is deprecated in APPPATH/Views/kd_project/dashboard_view.php on line 160.
 1 APPPATH/Views/kd_project/dashboard_view.php(160): number_format(null, 2)
 2 SYSTEMPATH/View/View.php(234): include('/home/u877349608/domains/muraridubey.com/public_html/codeigniter/app/Views/kd_project/dashboard_view.php')
 3 SYSTEMPATH/View/View.php(237): CodeIgniter\View\View->CodeIgniter\View\{closure}()
 4 SYSTEMPATH/Common.php(1171): CodeIgniter\View\View->render('kd_project/dashboard_view', [], true)
 5 APPPATH/Controllers/Dashboard_controller.php(37): view('kd_project/dashboard_view', [...])
 6 SYSTEMPATH/CodeIgniter.php(933): App\Controllers\Dashboard_controller->index()
 7 SYSTEMPATH/CodeIgniter.php(509): CodeIgniter\CodeIgniter->runController(Object(App\Controllers\Dashboard_controller))
 8 SYSTEMPATH/CodeIgniter.php(355): CodeIgniter\CodeIgniter->handleRequest(null, Object(Config\Cache), false)
 9 SYSTEMPATH/Boot.php(325): CodeIgniter\CodeIgniter->run()
10 SYSTEMPATH/Boot.php(67): CodeIgniter\Boot::runCodeIgniter(Object(CodeIgniter\CodeIgniter))
11 FCPATH/index.php(56): CodeIgniter\Boot::bootWeb(Object(Config\Paths))
WARNING - 2024-09-22 07:43:51 --> [DEPRECATED] number_format(): Passing null to parameter #1 ($num) of type float is deprecated in APPPATH/Views/kd_project/dashboard_view.php on line 168.
 1 APPPATH/Views/kd_project/dashboard_view.php(168): number_format(null, 2)
 2 SYSTEMPATH/View/View.php(234): include('/home/u877349608/domains/muraridubey.com/public_html/codeigniter/app/Views/kd_project/dashboard_view.php')
 3 SYSTEMPATH/View/View.php(237): CodeIgniter\View\View->CodeIgniter\View\{closure}()
 4 SYSTEMPATH/Common.php(1171): CodeIgniter\View\View->render('kd_project/dashboard_view', [], true)
 5 APPPATH/Controllers/Dashboard_controller.php(37): view('kd_project/dashboard_view', [...])
 6 SYSTEMPATH/CodeIgniter.php(933): App\Controllers\Dashboard_controller->index()
 7 SYSTEMPATH/CodeIgniter.php(509): CodeIgniter\CodeIgniter->runController(Object(App\Controllers\Dashboard_controller))
 8 SYSTEMPATH/CodeIgniter.php(355): CodeIgniter\CodeIgniter->handleRequest(null, Object(Config\Cache), false)
 9 SYSTEMPATH/Boot.php(325): CodeIgniter\CodeIgniter->run()
10 SYSTEMPATH/Boot.php(67): CodeIgniter\Boot::runCodeIgniter(Object(CodeIgniter\CodeIgniter))
11 FCPATH/index.php(56): CodeIgniter\Boot::bootWeb(Object(Config\Paths))
WARNING - 2024-09-22 07:43:51 --> [DEPRECATED] number_format(): Passing null to parameter #1 ($num) of type float is deprecated in APPPATH/Views/kd_project/dashboard_view.php on line 161.
 1 APPPATH/Views/kd_project/dashboard_view.php(161): number_format(null, 2)
 2 SYSTEMPATH/View/View.php(234): include('/home/u877349608/domains/muraridubey.com/public_html/codeigniter/app/Views/kd_project/dashboard_view.php')
 3 SYSTEMPATH/View/View.php(237): CodeIgniter\View\View->CodeIgniter\View\{closure}()
 4 SYSTEMPATH/Common.php(1171): CodeIgniter\View\View->render('kd_project/dashboard_view', [], true)
 5 APPPATH/Controllers/Dashboard_controller.php(37): view('kd_project/dashboard_view', [...])
 6 SYSTEMPATH/CodeIgniter.php(933): App\Controllers\Dashboard_controller->index()
 7 SYSTEMPATH/CodeIgniter.php(509): CodeIgniter\CodeIgniter->runController(Object(App\Controllers\Dashboard_controller))
 8 SYSTEMPATH/CodeIgniter.php(355): CodeIgniter\CodeIgniter->handleRequest(null, Object(Config\Cache), false)
 9 SYSTEMPATH/Boot.php(325): CodeIgniter\CodeIgniter->run()
10 SYSTEMPATH/Boot.php(67): CodeIgniter\Boot::runCodeIgniter(Object(CodeIgniter\CodeIgniter))
11 FCPATH/index.php(56): CodeIgniter\Boot::bootWeb(Object(Config\Paths))
WARNING - 2024-09-22 07:43:51 --> [DEPRECATED] number_format(): Passing null to parameter #1 ($num) of type float is deprecated in APPPATH/Views/kd_project/dashboard_view.php on line 168.
 1 APPPATH/Views/kd_project/dashboard_view.php(168): number_format(null, 2)
 2 SYSTEMPATH/View/View.php(234): include('/home/u877349608/domains/muraridubey.com/public_html/codeigniter/app/Views/kd_project/dashboard_view.php')
 3 SYSTEMPATH/View/View.php(237): CodeIgniter\View\View->CodeIgniter\View\{closure}()
 4 SYSTEMPATH/Common.php(1171): CodeIgniter\View\View->render('kd_project/dashboard_view', [], true)
 5 APPPATH/Controllers/Dashboard_controller.php(37): view('kd_project/dashboard_view', [...])
 6 SYSTEMPATH/CodeIgniter.php(933): App\Controllers\Dashboard_controller->index()
 7 SYSTEMPATH/CodeIgniter.php(509): CodeIgniter\CodeIgniter->runController(Object(App\Controllers\Dashboard_controller))
 8 SYSTEMPATH/CodeIgniter.php(355): CodeIgniter\CodeIgniter->handleRequest(null, Object(Config\Cache), false)
 9 SYSTEMPATH/Boot.php(325): CodeIgniter\CodeIgniter->run()
10 SYSTEMPATH/Boot.php(67): CodeIgniter\Boot::runCodeIgniter(Object(CodeIgniter\CodeIgniter))
11 FCPATH/index.php(56): CodeIgniter\Boot::bootWeb(Object(Config\Paths))
WARNING - 2024-09-22 07:43:51 --> [DEPRECATED] number_format(): Passing null to parameter #1 ($num) of type float is deprecated in APPPATH/Views/kd_project/dashboard_view.php on line 164.
 1 APPPATH/Views/kd_project/dashboard_view.php(164): number_format(null, 2)
 2 SYSTEMPATH/View/View.php(234): include('/home/u877349608/domains/muraridubey.com/public_html/codeigniter/app/Views/kd_project/dashboard_view.php')
 3 SYSTEMPATH/View/View.php(237): CodeIgniter\View\View->CodeIgniter\View\{closure}()
 4 SYSTEMPATH/Common.php(1171): CodeIgniter\View\View->render('kd_project/dashboard_view', [], true)
 5 APPPATH/Controllers/Dashboard_controller.php(37): view('kd_project/dashboard_view', [...])
 6 SYSTEMPATH/CodeIgniter.php(933): App\Controllers\Dashboard_controller->index()
 7 SYSTEMPATH/CodeIgniter.php(509): CodeIgniter\CodeIgniter->runController(Object(App\Controllers\Dashboard_controller))
 8 SYSTEMPATH/CodeIgniter.php(355): CodeIgniter\CodeIgniter->handleRequest(null, Object(Config\Cache), false)
 9 SYSTEMPATH/Boot.php(325): CodeIgniter\CodeIgniter->run()
10 SYSTEMPATH/Boot.php(67): CodeIgniter\Boot::runCodeIgniter(Object(CodeIgniter\CodeIgniter))
11 FCPATH/index.php(56): CodeIgniter\Boot::bootWeb(Object(Config\Paths))
WARNING - 2024-09-22 07:43:51 --> [DEPRECATED] number_format(): Passing null to parameter #1 ($num) of type float is deprecated in APPPATH/Views/kd_project/dashboard_view.php on line 168.
 1 APPPATH/Views/kd_project/dashboard_view.php(168): number_format(null, 2)
 2 SYSTEMPATH/View/View.php(234): include('/home/u877349608/domains/muraridubey.com/public_html/codeigniter/app/Views/kd_project/dashboard_view.php')
 3 SYSTEMPATH/View/View.php(237): CodeIgniter\View\View->CodeIgniter\View\{closure}()
 4 SYSTEMPATH/Common.php(1171): CodeIgniter\View\View->render('kd_project/dashboard_view', [], true)
 5 APPPATH/Controllers/Dashboard_controller.php(37): view('kd_project/dashboard_view', [...])
 6 SYSTEMPATH/CodeIgniter.php(933): App\Controllers\Dashboard_controller->index()
 7 SYSTEMPATH/CodeIgniter.php(509): CodeIgniter\CodeIgniter->runController(Object(App\Controllers\Dashboard_controller))
 8 SYSTEMPATH/CodeIgniter.php(355): CodeIgniter\CodeIgniter->handleRequest(null, Object(Config\Cache), false)
 9 SYSTEMPATH/Boot.php(325): CodeIgniter\CodeIgniter->run()
10 SYSTEMPATH/Boot.php(67): CodeIgniter\Boot::runCodeIgniter(Object(CodeIgniter\CodeIgniter))
11 FCPATH/index.php(56): CodeIgniter\Boot::bootWeb(Object(Config\Paths))
WARNING - 2024-09-22 07:43:51 --> [DEPRECATED] number_format(): Passing null to parameter #1 ($num) of type float is deprecated in APPPATH/Views/kd_project/dashboard_view.php on line 161.
 1 APPPATH/Views/kd_project/dashboard_view.php(161): number_format(null, 2)
 2 SYSTEMPATH/View/View.php(234): include('/home/u877349608/domains/muraridubey.com/public_html/codeigniter/app/Views/kd_project/dashboard_view.php')
 3 SYSTEMPATH/View/View.php(237): CodeIgniter\View\View->CodeIgniter\View\{closure}()
 4 SYSTEMPATH/Common.php(1171): CodeIgniter\View\View->render('kd_project/dashboard_view', [], true)
 5 APPPATH/Controllers/Dashboard_controller.php(37): view('kd_project/dashboard_view', [...])
 6 SYSTEMPATH/CodeIgniter.php(933): App\Controllers\Dashboard_controller->index()
 7 SYSTEMPATH/CodeIgniter.php(509): CodeIgniter\CodeIgniter->runController(Object(App\Controllers\Dashboard_controller))
 8 SYSTEMPATH/CodeIgniter.php(355): CodeIgniter\CodeIgniter->handleRequest(null, Object(Config\Cache), false)
 9 SYSTEMPATH/Boot.php(325): CodeIgniter\CodeIgniter->run()
10 SYSTEMPATH/Boot.php(67): CodeIgniter\Boot::runCodeIgniter(Object(CodeIgniter\CodeIgniter))
11 FCPATH/index.php(56): CodeIgniter\Boot::bootWeb(Object(Config\Paths))
WARNING - 2024-09-22 07:43:51 --> [DEPRECATED] number_format(): Passing null to parameter #1 ($num) of type float is deprecated in APPPATH/Views/kd_project/dashboard_view.php on line 168.
 1 APPPATH/Views/kd_project/dashboard_view.php(168): number_format(null, 2)
 2 SYSTEMPATH/View/View.php(234): include('/home/u877349608/domains/muraridubey.com/public_html/codeigniter/app/Views/kd_project/dashboard_view.php')
 3 SYSTEMPATH/View/View.php(237): CodeIgniter\View\View->CodeIgniter\View\{closure}()
 4 SYSTEMPATH/Common.php(1171): CodeIgniter\View\View->render('kd_project/dashboard_view', [], true)
 5 APPPATH/Controllers/Dashboard_controller.php(37): view('kd_project/dashboard_view', [...])
 6 SYSTEMPATH/CodeIgniter.php(933): App\Controllers\Dashboard_controller->index()
 7 SYSTEMPATH/CodeIgniter.php(509): CodeIgniter\CodeIgniter->runController(Object(App\Controllers\Dashboard_controller))
 8 SYSTEMPATH/CodeIgniter.php(355): CodeIgniter\CodeIgniter->handleRequest(null, Object(Config\Cache), false)
 9 SYSTEMPATH/Boot.php(325): CodeIgniter\CodeIgniter->run()
10 SYSTEMPATH/Boot.php(67): CodeIgniter\Boot::runCodeIgniter(Object(CodeIgniter\CodeIgniter))
11 FCPATH/index.php(56): CodeIgniter\Boot::bootWeb(Object(Config\Paths))
WARNING - 2024-09-22 07:43:51 --> [DEPRECATED] number_format(): Passing null to parameter #1 ($num) of type float is deprecated in APPPATH/Views/kd_project/dashboard_view.php on line 161.
 1 APPPATH/Views/kd_project/dashboard_view.php(161): number_format(null, 2)
 2 SYSTEMPATH/View/View.php(234): include('/home/u877349608/domains/muraridubey.com/public_html/codeigniter/app/Views/kd_project/dashboard_view.php')
 3 SYSTEMPATH/View/View.php(237): CodeIgniter\View\View->CodeIgniter\View\{closure}()
 4 SYSTEMPATH/Common.php(1171): CodeIgniter\View\View->render('kd_project/dashboard_view', [], true)
 5 APPPATH/Controllers/Dashboard_controller.php(37): view('kd_project/dashboard_view', [...])
 6 SYSTEMPATH/CodeIgniter.php(933): App\Controllers\Dashboard_controller->index()
 7 SYSTEMPATH/CodeIgniter.php(509): CodeIgniter\CodeIgniter->runController(Object(App\Controllers\Dashboard_controller))
 8 SYSTEMPATH/CodeIgniter.php(355): CodeIgniter\CodeIgniter->handleRequest(null, Object(Config\Cache), false)
 9 SYSTEMPATH/Boot.php(325): CodeIgniter\CodeIgniter->run()
10 SYSTEMPATH/Boot.php(67): CodeIgniter\Boot::runCodeIgniter(Object(CodeIgniter\CodeIgniter))
11 FCPATH/index.php(56): CodeIgniter\Boot::bootWeb(Object(Config\Paths))
WARNING - 2024-09-22 07:43:51 --> [DEPRECATED] number_format(): Passing null to parameter #1 ($num) of type float is deprecated in APPPATH/Views/kd_project/dashboard_view.php on line 168.
 1 APPPATH/Views/kd_project/dashboard_view.php(168): number_format(null, 2)
 2 SYSTEMPATH/View/View.php(234): include('/home/u877349608/domains/muraridubey.com/public_html/codeigniter/app/Views/kd_project/dashboard_view.php')
 3 SYSTEMPATH/View/View.php(237): CodeIgniter\View\View->CodeIgniter\View\{closure}()
 4 SYSTEMPATH/Common.php(1171): CodeIgniter\View\View->render('kd_project/dashboard_view', [], true)
 5 APPPATH/Controllers/Dashboard_controller.php(37): view('kd_project/dashboard_view', [...])
 6 SYSTEMPATH/CodeIgniter.php(933): App\Controllers\Dashboard_controller->index()
 7 SYSTEMPATH/CodeIgniter.php(509): CodeIgniter\CodeIgniter->runController(Object(App\Controllers\Dashboard_controller))
 8 SYSTEMPATH/CodeIgniter.php(355): CodeIgniter\CodeIgniter->handleRequest(null, Object(Config\Cache), false)
 9 SYSTEMPATH/Boot.php(325): CodeIgniter\CodeIgniter->run()
10 SYSTEMPATH/Boot.php(67): CodeIgniter\Boot::runCodeIgniter(Object(CodeIgniter\CodeIgniter))
11 FCPATH/index.php(56): CodeIgniter\Boot::bootWeb(Object(Config\Paths))
INFO - 2024-09-22 07:45:25 --> Session: Class initialized using 'CodeIgniter\Session\Handlers\FileHandler' driver.
INFO - 2024-09-22 07:45:49 --> Session: Class initialized using 'CodeIgniter\Session\Handlers\FileHandler' driver.
WARNING - 2024-09-22 07:45:49 --> [DEPRECATED] number_format(): Passing null to parameter #1 ($num) of type float is deprecated in APPPATH/Views/kd_project/dashboard_view.php on line 160.
 1 APPPATH/Views/kd_project/dashboard_view.php(160): number_format(null, 2)
 2 SYSTEMPATH/View/View.php(234): include('/home/u877349608/domains/muraridubey.com/public_html/codeigniter/app/Views/kd_project/dashboard_view.php')
 3 SYSTEMPATH/View/View.php(237): CodeIgniter\View\View->CodeIgniter\View\{closure}()
 4 SYSTEMPATH/Common.php(1171): CodeIgniter\View\View->render('kd_project/dashboard_view', [], true)
 5 APPPATH/Controllers/Dashboard_controller.php(37): view('kd_project/dashboard_view', [...])
 6 SYSTEMPATH/CodeIgniter.php(933): App\Controllers\Dashboard_controller->index()
 7 SYSTEMPATH/CodeIgniter.php(509): CodeIgniter\CodeIgniter->runController(Object(App\Controllers\Dashboard_controller))
 8 SYSTEMPATH/CodeIgniter.php(355): CodeIgniter\CodeIgniter->handleRequest(null, Object(Config\Cache), false)
 9 SYSTEMPATH/Boot.php(325): CodeIgniter\CodeIgniter->run()
10 SYSTEMPATH/Boot.php(67): CodeIgniter\Boot::runCodeIgniter(Object(CodeIgniter\CodeIgniter))
11 FCPATH/index.php(56): CodeIgniter\Boot::bootWeb(Object(Config\Paths))
WARNING - 2024-09-22 07:45:49 --> [DEPRECATED] number_format(): Passing null to parameter #1 ($num) of type float is deprecated in APPPATH/Views/kd_project/dashboard_view.php on line 168.
 1 APPPATH/Views/kd_project/dashboard_view.php(168): number_format(null, 2)
 2 SYSTEMPATH/View/View.php(234): include('/home/u877349608/domains/muraridubey.com/public_html/codeigniter/app/Views/kd_project/dashboard_view.php')
 3 SYSTEMPATH/View/View.php(237): CodeIgniter\View\View->CodeIgniter\View\{closure}()
 4 SYSTEMPATH/Common.php(1171): CodeIgniter\View\View->render('kd_project/dashboard_view', [], true)
 5 APPPATH/Controllers/Dashboard_controller.php(37): view('kd_project/dashboard_view', [...])
 6 SYSTEMPATH/CodeIgniter.php(933): App\Controllers\Dashboard_controller->index()
 7 SYSTEMPATH/CodeIgniter.php(509): CodeIgniter\CodeIgniter->runController(Object(App\Controllers\Dashboard_controller))
 8 SYSTEMPATH/CodeIgniter.php(355): CodeIgniter\CodeIgniter->handleRequest(null, Object(Config\Cache), false)
 9 SYSTEMPATH/Boot.php(325): CodeIgniter\CodeIgniter->run()
10 SYSTEMPATH/Boot.php(67): CodeIgniter\Boot::runCodeIgniter(Object(CodeIgniter\CodeIgniter))
11 FCPATH/index.php(56): CodeIgniter\Boot::bootWeb(Object(Config\Paths))
WARNING - 2024-09-22 07:45:49 --> [DEPRECATED] number_format(): Passing null to parameter #1 ($num) of type float is deprecated in APPPATH/Views/kd_project/dashboard_view.php on line 160.
 1 APPPATH/Views/kd_project/dashboard_view.php(160): number_format(null, 2)
 2 SYSTEMPATH/View/View.php(234): include('/home/u877349608/domains/muraridubey.com/public_html/codeigniter/app/Views/kd_project/dashboard_view.php')
 3 SYSTEMPATH/View/View.php(237): CodeIgniter\View\View->CodeIgniter\View\{closure}()
 4 SYSTEMPATH/Common.php(1171): CodeIgniter\View\View->render('kd_project/dashboard_view', [], true)
 5 APPPATH/Controllers/Dashboard_controller.php(37): view('kd_project/dashboard_view', [...])
 6 SYSTEMPATH/CodeIgniter.php(933): App\Controllers\Dashboard_controller->index()
 7 SYSTEMPATH/CodeIgniter.php(509): CodeIgniter\CodeIgniter->runController(Object(App\Controllers\Dashboard_controller))
 8 SYSTEMPATH/CodeIgniter.php(355): CodeIgniter\CodeIgniter->handleRequest(null, Object(Config\Cache), false)
 9 SYSTEMPATH/Boot.php(325): CodeIgniter\CodeIgniter->run()
10 SYSTEMPATH/Boot.php(67): CodeIgniter\Boot::runCodeIgniter(Object(CodeIgniter\CodeIgniter))
11 FCPATH/index.php(56): CodeIgniter\Boot::bootWeb(Object(Config\Paths))
WARNING - 2024-09-22 07:45:49 --> [DEPRECATED] number_format(): Passing null to parameter #1 ($num) of type float is deprecated in APPPATH/Views/kd_project/dashboard_view.php on line 168.
 1 APPPATH/Views/kd_project/dashboard_view.php(168): number_format(null, 2)
 2 SYSTEMPATH/View/View.php(234): include('/home/u877349608/domains/muraridubey.com/public_html/codeigniter/app/Views/kd_project/dashboard_view.php')
 3 SYSTEMPATH/View/View.php(237): CodeIgniter\View\View->CodeIgniter\View\{closure}()
 4 SYSTEMPATH/Common.php(1171): CodeIgniter\View\View->render('kd_project/dashboard_view', [], true)
 5 APPPATH/Controllers/Dashboard_controller.php(37): view('kd_project/dashboard_view', [...])
 6 SYSTEMPATH/CodeIgniter.php(933): App\Controllers\Dashboard_controller->index()
 7 SYSTEMPATH/CodeIgniter.php(509): CodeIgniter\CodeIgniter->runController(Object(App\Controllers\Dashboard_controller))
 8 SYSTEMPATH/CodeIgniter.php(355): CodeIgniter\CodeIgniter->handleRequest(null, Object(Config\Cache), false)
 9 SYSTEMPATH/Boot.php(325): CodeIgniter\CodeIgniter->run()
10 SYSTEMPATH/Boot.php(67): CodeIgniter\Boot::runCodeIgniter(Object(CodeIgniter\CodeIgniter))
11 FCPATH/index.php(56): CodeIgniter\Boot::bootWeb(Object(Config\Paths))
WARNING - 2024-09-22 07:45:49 --> [DEPRECATED] number_format(): Passing null to parameter #1 ($num) of type float is deprecated in APPPATH/Views/kd_project/dashboard_view.php on line 161.
 1 APPPATH/Views/kd_project/dashboard_view.php(161): number_format(null, 2)
 2 SYSTEMPATH/View/View.php(234): include('/home/u877349608/domains/muraridubey.com/public_html/codeigniter/app/Views/kd_project/dashboard_view.php')
 3 SYSTEMPATH/View/View.php(237): CodeIgniter\View\View->CodeIgniter\View\{closure}()
 4 SYSTEMPATH/Common.php(1171): CodeIgniter\View\View->render('kd_project/dashboard_view', [], true)
 5 APPPATH/Controllers/Dashboard_controller.php(37): view('kd_project/dashboard_view', [...])
 6 SYSTEMPATH/CodeIgniter.php(933): App\Controllers\Dashboard_controller->index()
 7 SYSTEMPATH/CodeIgniter.php(509): CodeIgniter\CodeIgniter->runController(Object(App\Controllers\Dashboard_controller))
 8 SYSTEMPATH/CodeIgniter.php(355): CodeIgniter\CodeIgniter->handleRequest(null, Object(Config\Cache), false)
 9 SYSTEMPATH/Boot.php(325): CodeIgniter\CodeIgniter->run()
10 SYSTEMPATH/Boot.php(67): CodeIgniter\Boot::runCodeIgniter(Object(CodeIgniter\CodeIgniter))
11 FCPATH/index.php(56): CodeIgniter\Boot::bootWeb(Object(Config\Paths))
WARNING - 2024-09-22 07:45:49 --> [DEPRECATED] number_format(): Passing null to parameter #1 ($num) of type float is deprecated in APPPATH/Views/kd_project/dashboard_view.php on line 168.
 1 APPPATH/Views/kd_project/dashboard_view.php(168): number_format(null, 2)
 2 SYSTEMPATH/View/View.php(234): include('/home/u877349608/domains/muraridubey.com/public_html/codeigniter/app/Views/kd_project/dashboard_view.php')
 3 SYSTEMPATH/View/View.php(237): CodeIgniter\View\View->CodeIgniter\View\{closure}()
 4 SYSTEMPATH/Common.php(1171): CodeIgniter\View\View->render('kd_project/dashboard_view', [], true)
 5 APPPATH/Controllers/Dashboard_controller.php(37): view('kd_project/dashboard_view', [...])
 6 SYSTEMPATH/CodeIgniter.php(933): App\Controllers\Dashboard_controller->index()
 7 SYSTEMPATH/CodeIgniter.php(509): CodeIgniter\CodeIgniter->runController(Object(App\Controllers\Dashboard_controller))
 8 SYSTEMPATH/CodeIgniter.php(355): CodeIgniter\CodeIgniter->handleRequest(null, Object(Config\Cache), false)
 9 SYSTEMPATH/Boot.php(325): CodeIgniter\CodeIgniter->run()
10 SYSTEMPATH/Boot.php(67): CodeIgniter\Boot::runCodeIgniter(Object(CodeIgniter\CodeIgniter))
11 FCPATH/index.php(56): CodeIgniter\Boot::bootWeb(Object(Config\Paths))
WARNING - 2024-09-22 07:45:49 --> [DEPRECATED] number_format(): Passing null to parameter #1 ($num) of type float is deprecated in APPPATH/Views/kd_project/dashboard_view.php on line 164.
 1 APPPATH/Views/kd_project/dashboard_view.php(164): number_format(null, 2)
 2 SYSTEMPATH/View/View.php(234): include('/home/u877349608/domains/muraridubey.com/public_html/codeigniter/app/Views/kd_project/dashboard_view.php')
 3 SYSTEMPATH/View/View.php(237): CodeIgniter\View\View->CodeIgniter\View\{closure}()
 4 SYSTEMPATH/Common.php(1171): CodeIgniter\View\View->render('kd_project/dashboard_view', [], true)
 5 APPPATH/Controllers/Dashboard_controller.php(37): view('kd_project/dashboard_view', [...])
 6 SYSTEMPATH/CodeIgniter.php(933): App\Controllers\Dashboard_controller->index()
 7 SYSTEMPATH/CodeIgniter.php(509): CodeIgniter\CodeIgniter->runController(Object(App\Controllers\Dashboard_controller))
 8 SYSTEMPATH/CodeIgniter.php(355): CodeIgniter\CodeIgniter->handleRequest(null, Object(Config\Cache), false)
 9 SYSTEMPATH/Boot.php(325): CodeIgniter\CodeIgniter->run()
10 SYSTEMPATH/Boot.php(67): CodeIgniter\Boot::runCodeIgniter(Object(CodeIgniter\CodeIgniter))
11 FCPATH/index.php(56): CodeIgniter\Boot::bootWeb(Object(Config\Paths))
WARNING - 2024-09-22 07:45:49 --> [DEPRECATED] number_format(): Passing null to parameter #1 ($num) of type float is deprecated in APPPATH/Views/kd_project/dashboard_view.php on line 168.
 1 APPPATH/Views/kd_project/dashboard_view.php(168): number_format(null, 2)
 2 SYSTEMPATH/View/View.php(234): include('/home/u877349608/domains/muraridubey.com/public_html/codeigniter/app/Views/kd_project/dashboard_view.php')
 3 SYSTEMPATH/View/View.php(237): CodeIgniter\View\View->CodeIgniter\View\{closure}()
 4 SYSTEMPATH/Common.php(1171): CodeIgniter\View\View->render('kd_project/dashboard_view', [], true)
 5 APPPATH/Controllers/Dashboard_controller.php(37): view('kd_project/dashboard_view', [...])
 6 SYSTEMPATH/CodeIgniter.php(933): App\Controllers\Dashboard_controller->index()
 7 SYSTEMPATH/CodeIgniter.php(509): CodeIgniter\CodeIgniter->runController(Object(App\Controllers\Dashboard_controller))
 8 SYSTEMPATH/CodeIgniter.php(355): CodeIgniter\CodeIgniter->handleRequest(null, Object(Config\Cache), false)
 9 SYSTEMPATH/Boot.php(325): CodeIgniter\CodeIgniter->run()
10 SYSTEMPATH/Boot.php(67): CodeIgniter\Boot::runCodeIgniter(Object(CodeIgniter\CodeIgniter))
11 FCPATH/index.php(56): CodeIgniter\Boot::bootWeb(Object(Config\Paths))
WARNING - 2024-09-22 07:45:49 --> [DEPRECATED] number_format(): Passing null to parameter #1 ($num) of type float is deprecated in APPPATH/Views/kd_project/dashboard_view.php on line 161.
 1 APPPATH/Views/kd_project/dashboard_view.php(161): number_format(null, 2)
 2 SYSTEMPATH/View/View.php(234): include('/home/u877349608/domains/muraridubey.com/public_html/codeigniter/app/Views/kd_project/dashboard_view.php')
 3 SYSTEMPATH/View/View.php(237): CodeIgniter\View\View->CodeIgniter\View\{closure}()
 4 SYSTEMPATH/Common.php(1171): CodeIgniter\View\View->render('kd_project/dashboard_view', [], true)
 5 APPPATH/Controllers/Dashboard_controller.php(37): view('kd_project/dashboard_view', [...])
 6 SYSTEMPATH/CodeIgniter.php(933): App\Controllers\Dashboard_controller->index()
 7 SYSTEMPATH/CodeIgniter.php(509): CodeIgniter\CodeIgniter->runController(Object(App\Controllers\Dashboard_controller))
 8 SYSTEMPATH/CodeIgniter.php(355): CodeIgniter\CodeIgniter->handleRequest(null, Object(Config\Cache), false)
 9 SYSTEMPATH/Boot.php(325): CodeIgniter\CodeIgniter->run()
10 SYSTEMPATH/Boot.php(67): CodeIgniter\Boot::runCodeIgniter(Object(CodeIgniter\CodeIgniter))
11 FCPATH/index.php(56): CodeIgniter\Boot::bootWeb(Object(Config\Paths))
WARNING - 2024-09-22 07:45:49 --> [DEPRECATED] number_format(): Passing null to parameter #1 ($num) of type float is deprecated in APPPATH/Views/kd_project/dashboard_view.php on line 168.
 1 APPPATH/Views/kd_project/dashboard_view.php(168): number_format(null, 2)
 2 SYSTEMPATH/View/View.php(234): include('/home/u877349608/domains/muraridubey.com/public_html/codeigniter/app/Views/kd_project/dashboard_view.php')
 3 SYSTEMPATH/View/View.php(237): CodeIgniter\View\View->CodeIgniter\View\{closure}()
 4 SYSTEMPATH/Common.php(1171): CodeIgniter\View\View->render('kd_project/dashboard_view', [], true)
 5 APPPATH/Controllers/Dashboard_controller.php(37): view('kd_project/dashboard_view', [...])
 6 SYSTEMPATH/CodeIgniter.php(933): App\Controllers\Dashboard_controller->index()
 7 SYSTEMPATH/CodeIgniter.php(509): CodeIgniter\CodeIgniter->runController(Object(App\Controllers\Dashboard_controller))
 8 SYSTEMPATH/CodeIgniter.php(355): CodeIgniter\CodeIgniter->handleRequest(null, Object(Config\Cache), false)
 9 SYSTEMPATH/Boot.php(325): CodeIgniter\CodeIgniter->run()
10 SYSTEMPATH/Boot.php(67): CodeIgniter\Boot::runCodeIgniter(Object(CodeIgniter\CodeIgniter))
11 FCPATH/index.php(56): CodeIgniter\Boot::bootWeb(Object(Config\Paths))
WARNING - 2024-09-22 07:45:49 --> [DEPRECATED] number_format(): Passing null to parameter #1 ($num) of type float is deprecated in APPPATH/Views/kd_project/dashboard_view.php on line 161.
 1 APPPATH/Views/kd_project/dashboard_view.php(161): number_format(null, 2)
 2 SYSTEMPATH/View/View.php(234): include('/home/u877349608/domains/muraridubey.com/public_html/codeigniter/app/Views/kd_project/dashboard_view.php')
 3 SYSTEMPATH/View/View.php(237): CodeIgniter\View\View->CodeIgniter\View\{closure}()
 4 SYSTEMPATH/Common.php(1171): CodeIgniter\View\View->render('kd_project/dashboard_view', [], true)
 5 APPPATH/Controllers/Dashboard_controller.php(37): view('kd_project/dashboard_view', [...])
 6 SYSTEMPATH/CodeIgniter.php(933): App\Controllers\Dashboard_controller->index()
 7 SYSTEMPATH/CodeIgniter.php(509): CodeIgniter\CodeIgniter->runController(Object(App\Controllers\Dashboard_controller))
 8 SYSTEMPATH/CodeIgniter.php(355): CodeIgniter\CodeIgniter->handleRequest(null, Object(Config\Cache), false)
 9 SYSTEMPATH/Boot.php(325): CodeIgniter\CodeIgniter->run()
10 SYSTEMPATH/Boot.php(67): CodeIgniter\Boot::runCodeIgniter(Object(CodeIgniter\CodeIgniter))
11 FCPATH/index.php(56): CodeIgniter\Boot::bootWeb(Object(Config\Paths))
WARNING - 2024-09-22 07:45:49 --> [DEPRECATED] number_format(): Passing null to parameter #1 ($num) of type float is deprecated in APPPATH/Views/kd_project/dashboard_view.php on line 168.
 1 APPPATH/Views/kd_project/dashboard_view.php(168): number_format(null, 2)
 2 SYSTEMPATH/View/View.php(234): include('/home/u877349608/domains/muraridubey.com/public_html/codeigniter/app/Views/kd_project/dashboard_view.php')
 3 SYSTEMPATH/View/View.php(237): CodeIgniter\View\View->CodeIgniter\View\{closure}()
 4 SYSTEMPATH/Common.php(1171): CodeIgniter\View\View->render('kd_project/dashboard_view', [], true)
 5 APPPATH/Controllers/Dashboard_controller.php(37): view('kd_project/dashboard_view', [...])
 6 SYSTEMPATH/CodeIgniter.php(933): App\Controllers\Dashboard_controller->index()
 7 SYSTEMPATH/CodeIgniter.php(509): CodeIgniter\CodeIgniter->runController(Object(App\Controllers\Dashboard_controller))
 8 SYSTEMPATH/CodeIgniter.php(355): CodeIgniter\CodeIgniter->handleRequest(null, Object(Config\Cache), false)
 9 SYSTEMPATH/Boot.php(325): CodeIgniter\CodeIgniter->run()
10 SYSTEMPATH/Boot.php(67): CodeIgniter\Boot::runCodeIgniter(Object(CodeIgniter\CodeIgniter))
11 FCPATH/index.php(56): CodeIgniter\Boot::bootWeb(Object(Config\Paths))
INFO - 2024-09-22 07:46:12 --> Session: Class initialized using 'CodeIgniter\Session\Handlers\FileHandler' driver.
INFO - 2024-09-22 07:48:24 --> Session: Class initialized using 'CodeIgniter\Session\Handlers\FileHandler' driver.
WARNING - 2024-09-22 07:48:24 --> [DEPRECATED] number_format(): Passing null to parameter #1 ($num) of type float is deprecated in APPPATH/Views/kd_project/dashboard_view.php on line 160.
 1 APPPATH/Views/kd_project/dashboard_view.php(160): number_format(null, 2)
 2 SYSTEMPATH/View/View.php(234): include('/home/u877349608/domains/muraridubey.com/public_html/codeigniter/app/Views/kd_project/dashboard_view.php')
 3 SYSTEMPATH/View/View.php(237): CodeIgniter\View\View->CodeIgniter\View\{closure}()
 4 SYSTEMPATH/Common.php(1171): CodeIgniter\View\View->render('kd_project/dashboard_view', [], true)
 5 APPPATH/Controllers/Dashboard_controller.php(37): view('kd_project/dashboard_view', [...])
 6 SYSTEMPATH/CodeIgniter.php(933): App\Controllers\Dashboard_controller->index()
 7 SYSTEMPATH/CodeIgniter.php(509): CodeIgniter\CodeIgniter->runController(Object(App\Controllers\Dashboard_controller))
 8 SYSTEMPATH/CodeIgniter.php(355): CodeIgniter\CodeIgniter->handleRequest(null, Object(Config\Cache), false)
 9 SYSTEMPATH/Boot.php(325): CodeIgniter\CodeIgniter->run()
10 SYSTEMPATH/Boot.php(67): CodeIgniter\Boot::runCodeIgniter(Object(CodeIgniter\CodeIgniter))
11 FCPATH/index.php(56): CodeIgniter\Boot::bootWeb(Object(Config\Paths))
WARNING - 2024-09-22 07:48:24 --> [DEPRECATED] number_format(): Passing null to parameter #1 ($num) of type float is deprecated in APPPATH/Views/kd_project/dashboard_view.php on line 168.
 1 APPPATH/Views/kd_project/dashboard_view.php(168): number_format(null, 2)
 2 SYSTEMPATH/View/View.php(234): include('/home/u877349608/domains/muraridubey.com/public_html/codeigniter/app/Views/kd_project/dashboard_view.php')
 3 SYSTEMPATH/View/View.php(237): CodeIgniter\View\View->CodeIgniter\View\{closure}()
 4 SYSTEMPATH/Common.php(1171): CodeIgniter\View\View->render('kd_project/dashboard_view', [], true)
 5 APPPATH/Controllers/Dashboard_controller.php(37): view('kd_project/dashboard_view', [...])
 6 SYSTEMPATH/CodeIgniter.php(933): App\Controllers\Dashboard_controller->index()
 7 SYSTEMPATH/CodeIgniter.php(509): CodeIgniter\CodeIgniter->runController(Object(App\Controllers\Dashboard_controller))
 8 SYSTEMPATH/CodeIgniter.php(355): CodeIgniter\CodeIgniter->handleRequest(null, Object(Config\Cache), false)
 9 SYSTEMPATH/Boot.php(325): CodeIgniter\CodeIgniter->run()
10 SYSTEMPATH/Boot.php(67): CodeIgniter\Boot::runCodeIgniter(Object(CodeIgniter\CodeIgniter))
11 FCPATH/index.php(56): CodeIgniter\Boot::bootWeb(Object(Config\Paths))
WARNING - 2024-09-22 07:48:24 --> [DEPRECATED] number_format(): Passing null to parameter #1 ($num) of type float is deprecated in APPPATH/Views/kd_project/dashboard_view.php on line 160.
 1 APPPATH/Views/kd_project/dashboard_view.php(160): number_format(null, 2)
 2 SYSTEMPATH/View/View.php(234): include('/home/u877349608/domains/muraridubey.com/public_html/codeigniter/app/Views/kd_project/dashboard_view.php')
 3 SYSTEMPATH/View/View.php(237): CodeIgniter\View\View->CodeIgniter\View\{closure}()
 4 SYSTEMPATH/Common.php(1171): CodeIgniter\View\View->render('kd_project/dashboard_view', [], true)
 5 APPPATH/Controllers/Dashboard_controller.php(37): view('kd_project/dashboard_view', [...])
 6 SYSTEMPATH/CodeIgniter.php(933): App\Controllers\Dashboard_controller->index()
 7 SYSTEMPATH/CodeIgniter.php(509): CodeIgniter\CodeIgniter->runController(Object(App\Controllers\Dashboard_controller))
 8 SYSTEMPATH/CodeIgniter.php(355): CodeIgniter\CodeIgniter->handleRequest(null, Object(Config\Cache), false)
 9 SYSTEMPATH/Boot.php(325): CodeIgniter\CodeIgniter->run()
10 SYSTEMPATH/Boot.php(67): CodeIgniter\Boot::runCodeIgniter(Object(CodeIgniter\CodeIgniter))
11 FCPATH/index.php(56): CodeIgniter\Boot::bootWeb(Object(Config\Paths))
WARNING - 2024-09-22 07:48:24 --> [DEPRECATED] number_format(): Passing null to parameter #1 ($num) of type float is deprecated in APPPATH/Views/kd_project/dashboard_view.php on line 168.
 1 APPPATH/Views/kd_project/dashboard_view.php(168): number_format(null, 2)
 2 SYSTEMPATH/View/View.php(234): include('/home/u877349608/domains/muraridubey.com/public_html/codeigniter/app/Views/kd_project/dashboard_view.php')
 3 SYSTEMPATH/View/View.php(237): CodeIgniter\View\View->CodeIgniter\View\{closure}()
 4 SYSTEMPATH/Common.php(1171): CodeIgniter\View\View->render('kd_project/dashboard_view', [], true)
 5 APPPATH/Controllers/Dashboard_controller.php(37): view('kd_project/dashboard_view', [...])
 6 SYSTEMPATH/CodeIgniter.php(933): App\Controllers\Dashboard_controller->index()
 7 SYSTEMPATH/CodeIgniter.php(509): CodeIgniter\CodeIgniter->runController(Object(App\Controllers\Dashboard_controller))
 8 SYSTEMPATH/CodeIgniter.php(355): CodeIgniter\CodeIgniter->handleRequest(null, Object(Config\Cache), false)
 9 SYSTEMPATH/Boot.php(325): CodeIgniter\CodeIgniter->run()
10 SYSTEMPATH/Boot.php(67): CodeIgniter\Boot::runCodeIgniter(Object(CodeIgniter\CodeIgniter))
11 FCPATH/index.php(56): CodeIgniter\Boot::bootWeb(Object(Config\Paths))
WARNING - 2024-09-22 07:48:24 --> [DEPRECATED] number_format(): Passing null to parameter #1 ($num) of type float is deprecated in APPPATH/Views/kd_project/dashboard_view.php on line 161.
 1 APPPATH/Views/kd_project/dashboard_view.php(161): number_format(null, 2)
 2 SYSTEMPATH/View/View.php(234): include('/home/u877349608/domains/muraridubey.com/public_html/codeigniter/app/Views/kd_project/dashboard_view.php')
 3 SYSTEMPATH/View/View.php(237): CodeIgniter\View\View->CodeIgniter\View\{closure}()
 4 SYSTEMPATH/Common.php(1171): CodeIgniter\View\View->render('kd_project/dashboard_view', [], true)
 5 APPPATH/Controllers/Dashboard_controller.php(37): view('kd_project/dashboard_view', [...])
 6 SYSTEMPATH/CodeIgniter.php(933): App\Controllers\Dashboard_controller->index()
 7 SYSTEMPATH/CodeIgniter.php(509): CodeIgniter\CodeIgniter->runController(Object(App\Controllers\Dashboard_controller))
 8 SYSTEMPATH/CodeIgniter.php(355): CodeIgniter\CodeIgniter->handleRequest(null, Object(Config\Cache), false)
 9 SYSTEMPATH/Boot.php(325): CodeIgniter\CodeIgniter->run()
10 SYSTEMPATH/Boot.php(67): CodeIgniter\Boot::runCodeIgniter(Object(CodeIgniter\CodeIgniter))
11 FCPATH/index.php(56): CodeIgniter\Boot::bootWeb(Object(Config\Paths))
WARNING - 2024-09-22 07:48:24 --> [DEPRECATED] number_format(): Passing null to parameter #1 ($num) of type float is deprecated in APPPATH/Views/kd_project/dashboard_view.php on line 168.
 1 APPPATH/Views/kd_project/dashboard_view.php(168): number_format(null, 2)
 2 SYSTEMPATH/View/View.php(234): include('/home/u877349608/domains/muraridubey.com/public_html/codeigniter/app/Views/kd_project/dashboard_view.php')
 3 SYSTEMPATH/View/View.php(237): CodeIgniter\View\View->CodeIgniter\View\{closure}()
 4 SYSTEMPATH/Common.php(1171): CodeIgniter\View\View->render('kd_project/dashboard_view', [], true)
 5 APPPATH/Controllers/Dashboard_controller.php(37): view('kd_project/dashboard_view', [...])
 6 SYSTEMPATH/CodeIgniter.php(933): App\Controllers\Dashboard_controller->index()
 7 SYSTEMPATH/CodeIgniter.php(509): CodeIgniter\CodeIgniter->runController(Object(App\Controllers\Dashboard_controller))
 8 SYSTEMPATH/CodeIgniter.php(355): CodeIgniter\CodeIgniter->handleRequest(null, Object(Config\Cache), false)
 9 SYSTEMPATH/Boot.php(325): CodeIgniter\CodeIgniter->run()
10 SYSTEMPATH/Boot.php(67): CodeIgniter\Boot::runCodeIgniter(Object(CodeIgniter\CodeIgniter))
11 FCPATH/index.php(56): CodeIgniter\Boot::bootWeb(Object(Config\Paths))
WARNING - 2024-09-22 07:48:24 --> [DEPRECATED] number_format(): Passing null to parameter #1 ($num) of type float is deprecated in APPPATH/Views/kd_project/dashboard_view.php on line 164.
 1 APPPATH/Views/kd_project/dashboard_view.php(164): number_format(null, 2)
 2 SYSTEMPATH/View/View.php(234): include('/home/u877349608/domains/muraridubey.com/public_html/codeigniter/app/Views/kd_project/dashboard_view.php')
 3 SYSTEMPATH/View/View.php(237): CodeIgniter\View\View->CodeIgniter\View\{closure}()
 4 SYSTEMPATH/Common.php(1171): CodeIgniter\View\View->render('kd_project/dashboard_view', [], true)
 5 APPPATH/Controllers/Dashboard_controller.php(37): view('kd_project/dashboard_view', [...])
 6 SYSTEMPATH/CodeIgniter.php(933): App\Controllers\Dashboard_controller->index()
 7 SYSTEMPATH/CodeIgniter.php(509): CodeIgniter\CodeIgniter->runController(Object(App\Controllers\Dashboard_controller))
 8 SYSTEMPATH/CodeIgniter.php(355): CodeIgniter\CodeIgniter->handleRequest(null, Object(Config\Cache), false)
 9 SYSTEMPATH/Boot.php(325): CodeIgniter\CodeIgniter->run()
10 SYSTEMPATH/Boot.php(67): CodeIgniter\Boot::runCodeIgniter(Object(CodeIgniter\CodeIgniter))
11 FCPATH/index.php(56): CodeIgniter\Boot::bootWeb(Object(Config\Paths))
WARNING - 2024-09-22 07:48:24 --> [DEPRECATED] number_format(): Passing null to parameter #1 ($num) of type float is deprecated in APPPATH/Views/kd_project/dashboard_view.php on line 168.
 1 APPPATH/Views/kd_project/dashboard_view.php(168): number_format(null, 2)
 2 SYSTEMPATH/View/View.php(234): include('/home/u877349608/domains/muraridubey.com/public_html/codeigniter/app/Views/kd_project/dashboard_view.php')
 3 SYSTEMPATH/View/View.php(237): CodeIgniter\View\View->CodeIgniter\View\{closure}()
 4 SYSTEMPATH/Common.php(1171): CodeIgniter\View\View->render('kd_project/dashboard_view', [], true)
 5 APPPATH/Controllers/Dashboard_controller.php(37): view('kd_project/dashboard_view', [...])
 6 SYSTEMPATH/CodeIgniter.php(933): App\Controllers\Dashboard_controller->index()
 7 SYSTEMPATH/CodeIgniter.php(509): CodeIgniter\CodeIgniter->runController(Object(App\Controllers\Dashboard_controller))
 8 SYSTEMPATH/CodeIgniter.php(355): CodeIgniter\CodeIgniter->handleRequest(null, Object(Config\Cache), false)
 9 SYSTEMPATH/Boot.php(325): CodeIgniter\CodeIgniter->run()
10 SYSTEMPATH/Boot.php(67): CodeIgniter\Boot::runCodeIgniter(Object(CodeIgniter\CodeIgniter))
11 FCPATH/index.php(56): CodeIgniter\Boot::bootWeb(Object(Config\Paths))
WARNING - 2024-09-22 07:48:24 --> [DEPRECATED] number_format(): Passing null to parameter #1 ($num) of type float is deprecated in APPPATH/Views/kd_project/dashboard_view.php on line 161.
 1 APPPATH/Views/kd_project/dashboard_view.php(161): number_format(null, 2)
 2 SYSTEMPATH/View/View.php(234): include('/home/u877349608/domains/muraridubey.com/public_html/codeigniter/app/Views/kd_project/dashboard_view.php')
 3 SYSTEMPATH/View/View.php(237): CodeIgniter\View\View->CodeIgniter\View\{closure}()
 4 SYSTEMPATH/Common.php(1171): CodeIgniter\View\View->render('kd_project/dashboard_view', [], true)
 5 APPPATH/Controllers/Dashboard_controller.php(37): view('kd_project/dashboard_view', [...])
 6 SYSTEMPATH/CodeIgniter.php(933): App\Controllers\Dashboard_controller->index()
 7 SYSTEMPATH/CodeIgniter.php(509): CodeIgniter\CodeIgniter->runController(Object(App\Controllers\Dashboard_controller))
 8 SYSTEMPATH/CodeIgniter.php(355): CodeIgniter\CodeIgniter->handleRequest(null, Object(Config\Cache), false)
 9 SYSTEMPATH/Boot.php(325): CodeIgniter\CodeIgniter->run()
10 SYSTEMPATH/Boot.php(67): CodeIgniter\Boot::runCodeIgniter(Object(CodeIgniter\CodeIgniter))
11 FCPATH/index.php(56): CodeIgniter\Boot::bootWeb(Object(Config\Paths))
WARNING - 2024-09-22 07:48:24 --> [DEPRECATED] number_format(): Passing null to parameter #1 ($num) of type float is deprecated in APPPATH/Views/kd_project/dashboard_view.php on line 168.
 1 APPPATH/Views/kd_project/dashboard_view.php(168): number_format(null, 2)
 2 SYSTEMPATH/View/View.php(234): include('/home/u877349608/domains/muraridubey.com/public_html/codeigniter/app/Views/kd_project/dashboard_view.php')
 3 SYSTEMPATH/View/View.php(237): CodeIgniter\View\View->CodeIgniter\View\{closure}()
 4 SYSTEMPATH/Common.php(1171): CodeIgniter\View\View->render('kd_project/dashboard_view', [], true)
 5 APPPATH/Controllers/Dashboard_controller.php(37): view('kd_project/dashboard_view', [...])
 6 SYSTEMPATH/CodeIgniter.php(933): App\Controllers\Dashboard_controller->index()
 7 SYSTEMPATH/CodeIgniter.php(509): CodeIgniter\CodeIgniter->runController(Object(App\Controllers\Dashboard_controller))
 8 SYSTEMPATH/CodeIgniter.php(355): CodeIgniter\CodeIgniter->handleRequest(null, Object(Config\Cache), false)
 9 SYSTEMPATH/Boot.php(325): CodeIgniter\CodeIgniter->run()
10 SYSTEMPATH/Boot.php(67): CodeIgniter\Boot::runCodeIgniter(Object(CodeIgniter\CodeIgniter))
11 FCPATH/index.php(56): CodeIgniter\Boot::bootWeb(Object(Config\Paths))
WARNING - 2024-09-22 07:48:24 --> [DEPRECATED] number_format(): Passing null to parameter #1 ($num) of type float is deprecated in APPPATH/Views/kd_project/dashboard_view.php on line 161.
 1 APPPATH/Views/kd_project/dashboard_view.php(161): number_format(null, 2)
 2 SYSTEMPATH/View/View.php(234): include('/home/u877349608/domains/muraridubey.com/public_html/codeigniter/app/Views/kd_project/dashboard_view.php')
 3 SYSTEMPATH/View/View.php(237): CodeIgniter\View\View->CodeIgniter\View\{closure}()
 4 SYSTEMPATH/Common.php(1171): CodeIgniter\View\View->render('kd_project/dashboard_view', [], true)
 5 APPPATH/Controllers/Dashboard_controller.php(37): view('kd_project/dashboard_view', [...])
 6 SYSTEMPATH/CodeIgniter.php(933): App\Controllers\Dashboard_controller->index()
 7 SYSTEMPATH/CodeIgniter.php(509): CodeIgniter\CodeIgniter->runController(Object(App\Controllers\Dashboard_controller))
 8 SYSTEMPATH/CodeIgniter.php(355): CodeIgniter\CodeIgniter->handleRequest(null, Object(Config\Cache), false)
 9 SYSTEMPATH/Boot.php(325): CodeIgniter\CodeIgniter->run()
10 SYSTEMPATH/Boot.php(67): CodeIgniter\Boot::runCodeIgniter(Object(CodeIgniter\CodeIgniter))
11 FCPATH/index.php(56): CodeIgniter\Boot::bootWeb(Object(Config\Paths))
WARNING - 2024-09-22 07:48:24 --> [DEPRECATED] number_format(): Passing null to parameter #1 ($num) of type float is deprecated in APPPATH/Views/kd_project/dashboard_view.php on line 168.
 1 APPPATH/Views/kd_project/dashboard_view.php(168): number_format(null, 2)
 2 SYSTEMPATH/View/View.php(234): include('/home/u877349608/domains/muraridubey.com/public_html/codeigniter/app/Views/kd_project/dashboard_view.php')
 3 SYSTEMPATH/View/View.php(237): CodeIgniter\View\View->CodeIgniter\View\{closure}()
 4 SYSTEMPATH/Common.php(1171): CodeIgniter\View\View->render('kd_project/dashboard_view', [], true)
 5 APPPATH/Controllers/Dashboard_controller.php(37): view('kd_project/dashboard_view', [...])
 6 SYSTEMPATH/CodeIgniter.php(933): App\Controllers\Dashboard_controller->index()
 7 SYSTEMPATH/CodeIgniter.php(509): CodeIgniter\CodeIgniter->runController(Object(App\Controllers\Dashboard_controller))
 8 SYSTEMPATH/CodeIgniter.php(355): CodeIgniter\CodeIgniter->handleRequest(null, Object(Config\Cache), false)
 9 SYSTEMPATH/Boot.php(325): CodeIgniter\CodeIgniter->run()
10 SYSTEMPATH/Boot.php(67): CodeIgniter\Boot::runCodeIgniter(Object(CodeIgniter\CodeIgniter))
11 FCPATH/index.php(56): CodeIgniter\Boot::bootWeb(Object(Config\Paths))
INFO - 2024-09-22 07:48:36 --> Session: Class initialized using 'CodeIgniter\Session\Handlers\FileHandler' driver.
INFO - 2024-09-22 07:48:37 --> Session: Class initialized using 'CodeIgniter\Session\Handlers\FileHandler' driver.
INFO - 2024-09-22 07:48:38 --> Session: Class initialized using 'CodeIgniter\Session\Handlers\FileHandler' driver.
INFO - 2024-09-22 07:49:43 --> Session: Class initialized using 'CodeIgniter\Session\Handlers\FileHandler' driver.
WARNING - 2024-09-22 07:49:43 --> [DEPRECATED] number_format(): Passing null to parameter #1 ($num) of type float is deprecated in APPPATH/Views/kd_project/dashboard_view.php on line 160.
 1 APPPATH/Views/kd_project/dashboard_view.php(160): number_format(null, 2)
 2 SYSTEMPATH/View/View.php(234): include('/home/u877349608/domains/muraridubey.com/public_html/codeigniter/app/Views/kd_project/dashboard_view.php')
 3 SYSTEMPATH/View/View.php(237): CodeIgniter\View\View->CodeIgniter\View\{closure}()
 4 SYSTEMPATH/Common.php(1171): CodeIgniter\View\View->render('kd_project/dashboard_view', [], true)
 5 APPPATH/Controllers/Dashboard_controller.php(37): view('kd_project/dashboard_view', [...])
 6 SYSTEMPATH/CodeIgniter.php(933): App\Controllers\Dashboard_controller->index()
 7 SYSTEMPATH/CodeIgniter.php(509): CodeIgniter\CodeIgniter->runController(Object(App\Controllers\Dashboard_controller))
 8 SYSTEMPATH/CodeIgniter.php(355): CodeIgniter\CodeIgniter->handleRequest(null, Object(Config\Cache), false)
 9 SYSTEMPATH/Boot.php(325): CodeIgniter\CodeIgniter->run()
10 SYSTEMPATH/Boot.php(67): CodeIgniter\Boot::runCodeIgniter(Object(CodeIgniter\CodeIgniter))
11 FCPATH/index.php(56): CodeIgniter\Boot::bootWeb(Object(Config\Paths))
WARNING - 2024-09-22 07:49:43 --> [DEPRECATED] number_format(): Passing null to parameter #1 ($num) of type float is deprecated in APPPATH/Views/kd_project/dashboard_view.php on line 168.
 1 APPPATH/Views/kd_project/dashboard_view.php(168): number_format(null, 2)
 2 SYSTEMPATH/View/View.php(234): include('/home/u877349608/domains/muraridubey.com/public_html/codeigniter/app/Views/kd_project/dashboard_view.php')
 3 SYSTEMPATH/View/View.php(237): CodeIgniter\View\View->CodeIgniter\View\{closure}()
 4 SYSTEMPATH/Common.php(1171): CodeIgniter\View\View->render('kd_project/dashboard_view', [], true)
 5 APPPATH/Controllers/Dashboard_controller.php(37): view('kd_project/dashboard_view', [...])
 6 SYSTEMPATH/CodeIgniter.php(933): App\Controllers\Dashboard_controller->index()
 7 SYSTEMPATH/CodeIgniter.php(509): CodeIgniter\CodeIgniter->runController(Object(App\Controllers\Dashboard_controller))
 8 SYSTEMPATH/CodeIgniter.php(355): CodeIgniter\CodeIgniter->handleRequest(null, Object(Config\Cache), false)
 9 SYSTEMPATH/Boot.php(325): CodeIgniter\CodeIgniter->run()
10 SYSTEMPATH/Boot.php(67): CodeIgniter\Boot::runCodeIgniter(Object(CodeIgniter\CodeIgniter))
11 FCPATH/index.php(56): CodeIgniter\Boot::bootWeb(Object(Config\Paths))
WARNING - 2024-09-22 07:49:43 --> [DEPRECATED] number_format(): Passing null to parameter #1 ($num) of type float is deprecated in APPPATH/Views/kd_project/dashboard_view.php on line 160.
 1 APPPATH/Views/kd_project/dashboard_view.php(160): number_format(null, 2)
 2 SYSTEMPATH/View/View.php(234): include('/home/u877349608/domains/muraridubey.com/public_html/codeigniter/app/Views/kd_project/dashboard_view.php')
 3 SYSTEMPATH/View/View.php(237): CodeIgniter\View\View->CodeIgniter\View\{closure}()
 4 SYSTEMPATH/Common.php(1171): CodeIgniter\View\View->render('kd_project/dashboard_view', [], true)
 5 APPPATH/Controllers/Dashboard_controller.php(37): view('kd_project/dashboard_view', [...])
 6 SYSTEMPATH/CodeIgniter.php(933): App\Controllers\Dashboard_controller->index()
 7 SYSTEMPATH/CodeIgniter.php(509): CodeIgniter\CodeIgniter->runController(Object(App\Controllers\Dashboard_controller))
 8 SYSTEMPATH/CodeIgniter.php(355): CodeIgniter\CodeIgniter->handleRequest(null, Object(Config\Cache), false)
 9 SYSTEMPATH/Boot.php(325): CodeIgniter\CodeIgniter->run()
10 SYSTEMPATH/Boot.php(67): CodeIgniter\Boot::runCodeIgniter(Object(CodeIgniter\CodeIgniter))
11 FCPATH/index.php(56): CodeIgniter\Boot::bootWeb(Object(Config\Paths))
WARNING - 2024-09-22 07:49:43 --> [DEPRECATED] number_format(): Passing null to parameter #1 ($num) of type float is deprecated in APPPATH/Views/kd_project/dashboard_view.php on line 168.
 1 APPPATH/Views/kd_project/dashboard_view.php(168): number_format(null, 2)
 2 SYSTEMPATH/View/View.php(234): include('/home/u877349608/domains/muraridubey.com/public_html/codeigniter/app/Views/kd_project/dashboard_view.php')
 3 SYSTEMPATH/View/View.php(237): CodeIgniter\View\View->CodeIgniter\View\{closure}()
 4 SYSTEMPATH/Common.php(1171): CodeIgniter\View\View->render('kd_project/dashboard_view', [], true)
 5 APPPATH/Controllers/Dashboard_controller.php(37): view('kd_project/dashboard_view', [...])
 6 SYSTEMPATH/CodeIgniter.php(933): App\Controllers\Dashboard_controller->index()
 7 SYSTEMPATH/CodeIgniter.php(509): CodeIgniter\CodeIgniter->runController(Object(App\Controllers\Dashboard_controller))
 8 SYSTEMPATH/CodeIgniter.php(355): CodeIgniter\CodeIgniter->handleRequest(null, Object(Config\Cache), false)
 9 SYSTEMPATH/Boot.php(325): CodeIgniter\CodeIgniter->run()
10 SYSTEMPATH/Boot.php(67): CodeIgniter\Boot::runCodeIgniter(Object(CodeIgniter\CodeIgniter))
11 FCPATH/index.php(56): CodeIgniter\Boot::bootWeb(Object(Config\Paths))
WARNING - 2024-09-22 07:49:43 --> [DEPRECATED] number_format(): Passing null to parameter #1 ($num) of type float is deprecated in APPPATH/Views/kd_project/dashboard_view.php on line 161.
 1 APPPATH/Views/kd_project/dashboard_view.php(161): number_format(null, 2)
 2 SYSTEMPATH/View/View.php(234): include('/home/u877349608/domains/muraridubey.com/public_html/codeigniter/app/Views/kd_project/dashboard_view.php')
 3 SYSTEMPATH/View/View.php(237): CodeIgniter\View\View->CodeIgniter\View\{closure}()
 4 SYSTEMPATH/Common.php(1171): CodeIgniter\View\View->render('kd_project/dashboard_view', [], true)
 5 APPPATH/Controllers/Dashboard_controller.php(37): view('kd_project/dashboard_view', [...])
 6 SYSTEMPATH/CodeIgniter.php(933): App\Controllers\Dashboard_controller->index()
 7 SYSTEMPATH/CodeIgniter.php(509): CodeIgniter\CodeIgniter->runController(Object(App\Controllers\Dashboard_controller))
 8 SYSTEMPATH/CodeIgniter.php(355): CodeIgniter\CodeIgniter->handleRequest(null, Object(Config\Cache), false)
 9 SYSTEMPATH/Boot.php(325): CodeIgniter\CodeIgniter->run()
10 SYSTEMPATH/Boot.php(67): CodeIgniter\Boot::runCodeIgniter(Object(CodeIgniter\CodeIgniter))
11 FCPATH/index.php(56): CodeIgniter\Boot::bootWeb(Object(Config\Paths))
WARNING - 2024-09-22 07:49:43 --> [DEPRECATED] number_format(): Passing null to parameter #1 ($num) of type float is deprecated in APPPATH/Views/kd_project/dashboard_view.php on line 168.
 1 APPPATH/Views/kd_project/dashboard_view.php(168): number_format(null, 2)
 2 SYSTEMPATH/View/View.php(234): include('/home/u877349608/domains/muraridubey.com/public_html/codeigniter/app/Views/kd_project/dashboard_view.php')
 3 SYSTEMPATH/View/View.php(237): CodeIgniter\View\View->CodeIgniter\View\{closure}()
 4 SYSTEMPATH/Common.php(1171): CodeIgniter\View\View->render('kd_project/dashboard_view', [], true)
 5 APPPATH/Controllers/Dashboard_controller.php(37): view('kd_project/dashboard_view', [...])
 6 SYSTEMPATH/CodeIgniter.php(933): App\Controllers\Dashboard_controller->index()
 7 SYSTEMPATH/CodeIgniter.php(509): CodeIgniter\CodeIgniter->runController(Object(App\Controllers\Dashboard_controller))
 8 SYSTEMPATH/CodeIgniter.php(355): CodeIgniter\CodeIgniter->handleRequest(null, Object(Config\Cache), false)
 9 SYSTEMPATH/Boot.php(325): CodeIgniter\CodeIgniter->run()
10 SYSTEMPATH/Boot.php(67): CodeIgniter\Boot::runCodeIgniter(Object(CodeIgniter\CodeIgniter))
11 FCPATH/index.php(56): CodeIgniter\Boot::bootWeb(Object(Config\Paths))
WARNING - 2024-09-22 07:49:43 --> [DEPRECATED] number_format(): Passing null to parameter #1 ($num) of type float is deprecated in APPPATH/Views/kd_project/dashboard_view.php on line 164.
 1 APPPATH/Views/kd_project/dashboard_view.php(164): number_format(null, 2)
 2 SYSTEMPATH/View/View.php(234): include('/home/u877349608/domains/muraridubey.com/public_html/codeigniter/app/Views/kd_project/dashboard_view.php')
 3 SYSTEMPATH/View/View.php(237): CodeIgniter\View\View->CodeIgniter\View\{closure}()
 4 SYSTEMPATH/Common.php(1171): CodeIgniter\View\View->render('kd_project/dashboard_view', [], true)
 5 APPPATH/Controllers/Dashboard_controller.php(37): view('kd_project/dashboard_view', [...])
 6 SYSTEMPATH/CodeIgniter.php(933): App\Controllers\Dashboard_controller->index()
 7 SYSTEMPATH/CodeIgniter.php(509): CodeIgniter\CodeIgniter->runController(Object(App\Controllers\Dashboard_controller))
 8 SYSTEMPATH/CodeIgniter.php(355): CodeIgniter\CodeIgniter->handleRequest(null, Object(Config\Cache), false)
 9 SYSTEMPATH/Boot.php(325): CodeIgniter\CodeIgniter->run()
10 SYSTEMPATH/Boot.php(67): CodeIgniter\Boot::runCodeIgniter(Object(CodeIgniter\CodeIgniter))
11 FCPATH/index.php(56): CodeIgniter\Boot::bootWeb(Object(Config\Paths))
WARNING - 2024-09-22 07:49:43 --> [DEPRECATED] number_format(): Passing null to parameter #1 ($num) of type float is deprecated in APPPATH/Views/kd_project/dashboard_view.php on line 168.
 1 APPPATH/Views/kd_project/dashboard_view.php(168): number_format(null, 2)
 2 SYSTEMPATH/View/View.php(234): include('/home/u877349608/domains/muraridubey.com/public_html/codeigniter/app/Views/kd_project/dashboard_view.php')
 3 SYSTEMPATH/View/View.php(237): CodeIgniter\View\View->CodeIgniter\View\{closure}()
 4 SYSTEMPATH/Common.php(1171): CodeIgniter\View\View->render('kd_project/dashboard_view', [], true)
 5 APPPATH/Controllers/Dashboard_controller.php(37): view('kd_project/dashboard_view', [...])
 6 SYSTEMPATH/CodeIgniter.php(933): App\Controllers\Dashboard_controller->index()
 7 SYSTEMPATH/CodeIgniter.php(509): CodeIgniter\CodeIgniter->runController(Object(App\Controllers\Dashboard_controller))
 8 SYSTEMPATH/CodeIgniter.php(355): CodeIgniter\CodeIgniter->handleRequest(null, Object(Config\Cache), false)
 9 SYSTEMPATH/Boot.php(325): CodeIgniter\CodeIgniter->run()
10 SYSTEMPATH/Boot.php(67): CodeIgniter\Boot::runCodeIgniter(Object(CodeIgniter\CodeIgniter))
11 FCPATH/index.php(56): CodeIgniter\Boot::bootWeb(Object(Config\Paths))
WARNING - 2024-09-22 07:49:43 --> [DEPRECATED] number_format(): Passing null to parameter #1 ($num) of type float is deprecated in APPPATH/Views/kd_project/dashboard_view.php on line 161.
 1 APPPATH/Views/kd_project/dashboard_view.php(161): number_format(null, 2)
 2 SYSTEMPATH/View/View.php(234): include('/home/u877349608/domains/muraridubey.com/public_html/codeigniter/app/Views/kd_project/dashboard_view.php')
 3 SYSTEMPATH/View/View.php(237): CodeIgniter\View\View->CodeIgniter\View\{closure}()
 4 SYSTEMPATH/Common.php(1171): CodeIgniter\View\View->render('kd_project/dashboard_view', [], true)
 5 APPPATH/Controllers/Dashboard_controller.php(37): view('kd_project/dashboard_view', [...])
 6 SYSTEMPATH/CodeIgniter.php(933): App\Controllers\Dashboard_controller->index()
 7 SYSTEMPATH/CodeIgniter.php(509): CodeIgniter\CodeIgniter->runController(Object(App\Controllers\Dashboard_controller))
 8 SYSTEMPATH/CodeIgniter.php(355): CodeIgniter\CodeIgniter->handleRequest(null, Object(Config\Cache), false)
 9 SYSTEMPATH/Boot.php(325): CodeIgniter\CodeIgniter->run()
10 SYSTEMPATH/Boot.php(67): CodeIgniter\Boot::runCodeIgniter(Object(CodeIgniter\CodeIgniter))
11 FCPATH/index.php(56): CodeIgniter\Boot::bootWeb(Object(Config\Paths))
WARNING - 2024-09-22 07:49:43 --> [DEPRECATED] number_format(): Passing null to parameter #1 ($num) of type float is deprecated in APPPATH/Views/kd_project/dashboard_view.php on line 168.
 1 APPPATH/Views/kd_project/dashboard_view.php(168): number_format(null, 2)
 2 SYSTEMPATH/View/View.php(234): include('/home/u877349608/domains/muraridubey.com/public_html/codeigniter/app/Views/kd_project/dashboard_view.php')
 3 SYSTEMPATH/View/View.php(237): CodeIgniter\View\View->CodeIgniter\View\{closure}()
 4 SYSTEMPATH/Common.php(1171): CodeIgniter\View\View->render('kd_project/dashboard_view', [], true)
 5 APPPATH/Controllers/Dashboard_controller.php(37): view('kd_project/dashboard_view', [...])
 6 SYSTEMPATH/CodeIgniter.php(933): App\Controllers\Dashboard_controller->index()
 7 SYSTEMPATH/CodeIgniter.php(509): CodeIgniter\CodeIgniter->runController(Object(App\Controllers\Dashboard_controller))
 8 SYSTEMPATH/CodeIgniter.php(355): CodeIgniter\CodeIgniter->handleRequest(null, Object(Config\Cache), false)
 9 SYSTEMPATH/Boot.php(325): CodeIgniter\CodeIgniter->run()
10 SYSTEMPATH/Boot.php(67): CodeIgniter\Boot::runCodeIgniter(Object(CodeIgniter\CodeIgniter))
11 FCPATH/index.php(56): CodeIgniter\Boot::bootWeb(Object(Config\Paths))
WARNING - 2024-09-22 07:49:43 --> [DEPRECATED] number_format(): Passing null to parameter #1 ($num) of type float is deprecated in APPPATH/Views/kd_project/dashboard_view.php on line 161.
 1 APPPATH/Views/kd_project/dashboard_view.php(161): number_format(null, 2)
 2 SYSTEMPATH/View/View.php(234): include('/home/u877349608/domains/muraridubey.com/public_html/codeigniter/app/Views/kd_project/dashboard_view.php')
 3 SYSTEMPATH/View/View.php(237): CodeIgniter\View\View->CodeIgniter\View\{closure}()
 4 SYSTEMPATH/Common.php(1171): CodeIgniter\View\View->render('kd_project/dashboard_view', [], true)
 5 APPPATH/Controllers/Dashboard_controller.php(37): view('kd_project/dashboard_view', [...])
 6 SYSTEMPATH/CodeIgniter.php(933): App\Controllers\Dashboard_controller->index()
 7 SYSTEMPATH/CodeIgniter.php(509): CodeIgniter\CodeIgniter->runController(Object(App\Controllers\Dashboard_controller))
 8 SYSTEMPATH/CodeIgniter.php(355): CodeIgniter\CodeIgniter->handleRequest(null, Object(Config\Cache), false)
 9 SYSTEMPATH/Boot.php(325): CodeIgniter\CodeIgniter->run()
10 SYSTEMPATH/Boot.php(67): CodeIgniter\Boot::runCodeIgniter(Object(CodeIgniter\CodeIgniter))
11 FCPATH/index.php(56): CodeIgniter\Boot::bootWeb(Object(Config\Paths))
WARNING - 2024-09-22 07:49:43 --> [DEPRECATED] number_format(): Passing null to parameter #1 ($num) of type float is deprecated in APPPATH/Views/kd_project/dashboard_view.php on line 168.
 1 APPPATH/Views/kd_project/dashboard_view.php(168): number_format(null, 2)
 2 SYSTEMPATH/View/View.php(234): include('/home/u877349608/domains/muraridubey.com/public_html/codeigniter/app/Views/kd_project/dashboard_view.php')
 3 SYSTEMPATH/View/View.php(237): CodeIgniter\View\View->CodeIgniter\View\{closure}()
 4 SYSTEMPATH/Common.php(1171): CodeIgniter\View\View->render('kd_project/dashboard_view', [], true)
 5 APPPATH/Controllers/Dashboard_controller.php(37): view('kd_project/dashboard_view', [...])
 6 SYSTEMPATH/CodeIgniter.php(933): App\Controllers\Dashboard_controller->index()
 7 SYSTEMPATH/CodeIgniter.php(509): CodeIgniter\CodeIgniter->runController(Object(App\Controllers\Dashboard_controller))
 8 SYSTEMPATH/CodeIgniter.php(355): CodeIgniter\CodeIgniter->handleRequest(null, Object(Config\Cache), false)
 9 SYSTEMPATH/Boot.php(325): CodeIgniter\CodeIgniter->run()
10 SYSTEMPATH/Boot.php(67): CodeIgniter\Boot::runCodeIgniter(Object(CodeIgniter\CodeIgniter))
11 FCPATH/index.php(56): CodeIgniter\Boot::bootWeb(Object(Config\Paths))
INFO - 2024-09-22 07:49:57 --> Session: Class initialized using 'CodeIgniter\Session\Handlers\FileHandler' driver.
INFO - 2024-09-22 07:49:59 --> Session: Class initialized using 'CodeIgniter\Session\Handlers\FileHandler' driver.
INFO - 2024-09-22 07:50:15 --> Session: Class initialized using 'CodeIgniter\Session\Handlers\FileHandler' driver.
INFO - 2024-09-22 07:50:57 --> Session: Class initialized using 'CodeIgniter\Session\Handlers\FileHandler' driver.
INFO - 2024-09-22 07:51:17 --> Session: Class initialized using 'CodeIgniter\Session\Handlers\FileHandler' driver.
INFO - 2024-09-22 07:51:23 --> Session: Class initialized using 'CodeIgniter\Session\Handlers\FileHandler' driver.
WARNING - 2024-09-22 07:51:23 --> [DEPRECATED] number_format(): Passing null to parameter #1 ($num) of type float is deprecated in APPPATH/Views/kd_project/dashboard_view.php on line 160.
 1 APPPATH/Views/kd_project/dashboard_view.php(160): number_format(null, 2)
 2 SYSTEMPATH/View/View.php(234): include('/home/u877349608/domains/muraridubey.com/public_html/codeigniter/app/Views/kd_project/dashboard_view.php')
 3 SYSTEMPATH/View/View.php(237): CodeIgniter\View\View->CodeIgniter\View\{closure}()
 4 SYSTEMPATH/Common.php(1171): CodeIgniter\View\View->render('kd_project/dashboard_view', [], true)
 5 APPPATH/Controllers/Dashboard_controller.php(37): view('kd_project/dashboard_view', [...])
 6 SYSTEMPATH/CodeIgniter.php(933): App\Controllers\Dashboard_controller->index()
 7 SYSTEMPATH/CodeIgniter.php(509): CodeIgniter\CodeIgniter->runController(Object(App\Controllers\Dashboard_controller))
 8 SYSTEMPATH/CodeIgniter.php(355): CodeIgniter\CodeIgniter->handleRequest(null, Object(Config\Cache), false)
 9 SYSTEMPATH/Boot.php(325): CodeIgniter\CodeIgniter->run()
10 SYSTEMPATH/Boot.php(67): CodeIgniter\Boot::runCodeIgniter(Object(CodeIgniter\CodeIgniter))
11 FCPATH/index.php(56): CodeIgniter\Boot::bootWeb(Object(Config\Paths))
WARNING - 2024-09-22 07:51:23 --> [DEPRECATED] number_format(): Passing null to parameter #1 ($num) of type float is deprecated in APPPATH/Views/kd_project/dashboard_view.php on line 168.
 1 APPPATH/Views/kd_project/dashboard_view.php(168): number_format(null, 2)
 2 SYSTEMPATH/View/View.php(234): include('/home/u877349608/domains/muraridubey.com/public_html/codeigniter/app/Views/kd_project/dashboard_view.php')
 3 SYSTEMPATH/View/View.php(237): CodeIgniter\View\View->CodeIgniter\View\{closure}()
 4 SYSTEMPATH/Common.php(1171): CodeIgniter\View\View->render('kd_project/dashboard_view', [], true)
 5 APPPATH/Controllers/Dashboard_controller.php(37): view('kd_project/dashboard_view', [...])
 6 SYSTEMPATH/CodeIgniter.php(933): App\Controllers\Dashboard_controller->index()
 7 SYSTEMPATH/CodeIgniter.php(509): CodeIgniter\CodeIgniter->runController(Object(App\Controllers\Dashboard_controller))
 8 SYSTEMPATH/CodeIgniter.php(355): CodeIgniter\CodeIgniter->handleRequest(null, Object(Config\Cache), false)
 9 SYSTEMPATH/Boot.php(325): CodeIgniter\CodeIgniter->run()
10 SYSTEMPATH/Boot.php(67): CodeIgniter\Boot::runCodeIgniter(Object(CodeIgniter\CodeIgniter))
11 FCPATH/index.php(56): CodeIgniter\Boot::bootWeb(Object(Config\Paths))
WARNING - 2024-09-22 07:51:23 --> [DEPRECATED] number_format(): Passing null to parameter #1 ($num) of type float is deprecated in APPPATH/Views/kd_project/dashboard_view.php on line 160.
 1 APPPATH/Views/kd_project/dashboard_view.php(160): number_format(null, 2)
 2 SYSTEMPATH/View/View.php(234): include('/home/u877349608/domains/muraridubey.com/public_html/codeigniter/app/Views/kd_project/dashboard_view.php')
 3 SYSTEMPATH/View/View.php(237): CodeIgniter\View\View->CodeIgniter\View\{closure}()
 4 SYSTEMPATH/Common.php(1171): CodeIgniter\View\View->render('kd_project/dashboard_view', [], true)
 5 APPPATH/Controllers/Dashboard_controller.php(37): view('kd_project/dashboard_view', [...])
 6 SYSTEMPATH/CodeIgniter.php(933): App\Controllers\Dashboard_controller->index()
 7 SYSTEMPATH/CodeIgniter.php(509): CodeIgniter\CodeIgniter->runController(Object(App\Controllers\Dashboard_controller))
 8 SYSTEMPATH/CodeIgniter.php(355): CodeIgniter\CodeIgniter->handleRequest(null, Object(Config\Cache), false)
 9 SYSTEMPATH/Boot.php(325): CodeIgniter\CodeIgniter->run()
10 SYSTEMPATH/Boot.php(67): CodeIgniter\Boot::runCodeIgniter(Object(CodeIgniter\CodeIgniter))
11 FCPATH/index.php(56): CodeIgniter\Boot::bootWeb(Object(Config\Paths))
WARNING - 2024-09-22 07:51:23 --> [DEPRECATED] number_format(): Passing null to parameter #1 ($num) of type float is deprecated in APPPATH/Views/kd_project/dashboard_view.php on line 168.
 1 APPPATH/Views/kd_project/dashboard_view.php(168): number_format(null, 2)
 2 SYSTEMPATH/View/View.php(234): include('/home/u877349608/domains/muraridubey.com/public_html/codeigniter/app/Views/kd_project/dashboard_view.php')
 3 SYSTEMPATH/View/View.php(237): CodeIgniter\View\View->CodeIgniter\View\{closure}()
 4 SYSTEMPATH/Common.php(1171): CodeIgniter\View\View->render('kd_project/dashboard_view', [], true)
 5 APPPATH/Controllers/Dashboard_controller.php(37): view('kd_project/dashboard_view', [...])
 6 SYSTEMPATH/CodeIgniter.php(933): App\Controllers\Dashboard_controller->index()
 7 SYSTEMPATH/CodeIgniter.php(509): CodeIgniter\CodeIgniter->runController(Object(App\Controllers\Dashboard_controller))
 8 SYSTEMPATH/CodeIgniter.php(355): CodeIgniter\CodeIgniter->handleRequest(null, Object(Config\Cache), false)
 9 SYSTEMPATH/Boot.php(325): CodeIgniter\CodeIgniter->run()
10 SYSTEMPATH/Boot.php(67): CodeIgniter\Boot::runCodeIgniter(Object(CodeIgniter\CodeIgniter))
11 FCPATH/index.php(56): CodeIgniter\Boot::bootWeb(Object(Config\Paths))
WARNING - 2024-09-22 07:51:23 --> [DEPRECATED] number_format(): Passing null to parameter #1 ($num) of type float is deprecated in APPPATH/Views/kd_project/dashboard_view.php on line 161.
 1 APPPATH/Views/kd_project/dashboard_view.php(161): number_format(null, 2)
 2 SYSTEMPATH/View/View.php(234): include('/home/u877349608/domains/muraridubey.com/public_html/codeigniter/app/Views/kd_project/dashboard_view.php')
 3 SYSTEMPATH/View/View.php(237): CodeIgniter\View\View->CodeIgniter\View\{closure}()
 4 SYSTEMPATH/Common.php(1171): CodeIgniter\View\View->render('kd_project/dashboard_view', [], true)
 5 APPPATH/Controllers/Dashboard_controller.php(37): view('kd_project/dashboard_view', [...])
 6 SYSTEMPATH/CodeIgniter.php(933): App\Controllers\Dashboard_controller->index()
 7 SYSTEMPATH/CodeIgniter.php(509): CodeIgniter\CodeIgniter->runController(Object(App\Controllers\Dashboard_controller))
 8 SYSTEMPATH/CodeIgniter.php(355): CodeIgniter\CodeIgniter->handleRequest(null, Object(Config\Cache), false)
 9 SYSTEMPATH/Boot.php(325): CodeIgniter\CodeIgniter->run()
10 SYSTEMPATH/Boot.php(67): CodeIgniter\Boot::runCodeIgniter(Object(CodeIgniter\CodeIgniter))
11 FCPATH/index.php(56): CodeIgniter\Boot::bootWeb(Object(Config\Paths))
WARNING - 2024-09-22 07:51:23 --> [DEPRECATED] number_format(): Passing null to parameter #1 ($num) of type float is deprecated in APPPATH/Views/kd_project/dashboard_view.php on line 168.
 1 APPPATH/Views/kd_project/dashboard_view.php(168): number_format(null, 2)
 2 SYSTEMPATH/View/View.php(234): include('/home/u877349608/domains/muraridubey.com/public_html/codeigniter/app/Views/kd_project/dashboard_view.php')
 3 SYSTEMPATH/View/View.php(237): CodeIgniter\View\View->CodeIgniter\View\{closure}()
 4 SYSTEMPATH/Common.php(1171): CodeIgniter\View\View->render('kd_project/dashboard_view', [], true)
 5 APPPATH/Controllers/Dashboard_controller.php(37): view('kd_project/dashboard_view', [...])
 6 SYSTEMPATH/CodeIgniter.php(933): App\Controllers\Dashboard_controller->index()
 7 SYSTEMPATH/CodeIgniter.php(509): CodeIgniter\CodeIgniter->runController(Object(App\Controllers\Dashboard_controller))
 8 SYSTEMPATH/CodeIgniter.php(355): CodeIgniter\CodeIgniter->handleRequest(null, Object(Config\Cache), false)
 9 SYSTEMPATH/Boot.php(325): CodeIgniter\CodeIgniter->run()
10 SYSTEMPATH/Boot.php(67): CodeIgniter\Boot::runCodeIgniter(Object(CodeIgniter\CodeIgniter))
11 FCPATH/index.php(56): CodeIgniter\Boot::bootWeb(Object(Config\Paths))
WARNING - 2024-09-22 07:51:23 --> [DEPRECATED] number_format(): Passing null to parameter #1 ($num) of type float is deprecated in APPPATH/Views/kd_project/dashboard_view.php on line 164.
 1 APPPATH/Views/kd_project/dashboard_view.php(164): number_format(null, 2)
 2 SYSTEMPATH/View/View.php(234): include('/home/u877349608/domains/muraridubey.com/public_html/codeigniter/app/Views/kd_project/dashboard_view.php')
 3 SYSTEMPATH/View/View.php(237): CodeIgniter\View\View->CodeIgniter\View\{closure}()
 4 SYSTEMPATH/Common.php(1171): CodeIgniter\View\View->render('kd_project/dashboard_view', [], true)
 5 APPPATH/Controllers/Dashboard_controller.php(37): view('kd_project/dashboard_view', [...])
 6 SYSTEMPATH/CodeIgniter.php(933): App\Controllers\Dashboard_controller->index()
 7 SYSTEMPATH/CodeIgniter.php(509): CodeIgniter\CodeIgniter->runController(Object(App\Controllers\Dashboard_controller))
 8 SYSTEMPATH/CodeIgniter.php(355): CodeIgniter\CodeIgniter->handleRequest(null, Object(Config\Cache), false)
 9 SYSTEMPATH/Boot.php(325): CodeIgniter\CodeIgniter->run()
10 SYSTEMPATH/Boot.php(67): CodeIgniter\Boot::runCodeIgniter(Object(CodeIgniter\CodeIgniter))
11 FCPATH/index.php(56): CodeIgniter\Boot::bootWeb(Object(Config\Paths))
WARNING - 2024-09-22 07:51:23 --> [DEPRECATED] number_format(): Passing null to parameter #1 ($num) of type float is deprecated in APPPATH/Views/kd_project/dashboard_view.php on line 168.
 1 APPPATH/Views/kd_project/dashboard_view.php(168): number_format(null, 2)
 2 SYSTEMPATH/View/View.php(234): include('/home/u877349608/domains/muraridubey.com/public_html/codeigniter/app/Views/kd_project/dashboard_view.php')
 3 SYSTEMPATH/View/View.php(237): CodeIgniter\View\View->CodeIgniter\View\{closure}()
 4 SYSTEMPATH/Common.php(1171): CodeIgniter\View\View->render('kd_project/dashboard_view', [], true)
 5 APPPATH/Controllers/Dashboard_controller.php(37): view('kd_project/dashboard_view', [...])
 6 SYSTEMPATH/CodeIgniter.php(933): App\Controllers\Dashboard_controller->index()
 7 SYSTEMPATH/CodeIgniter.php(509): CodeIgniter\CodeIgniter->runController(Object(App\Controllers\Dashboard_controller))
 8 SYSTEMPATH/CodeIgniter.php(355): CodeIgniter\CodeIgniter->handleRequest(null, Object(Config\Cache), false)
 9 SYSTEMPATH/Boot.php(325): CodeIgniter\CodeIgniter->run()
10 SYSTEMPATH/Boot.php(67): CodeIgniter\Boot::runCodeIgniter(Object(CodeIgniter\CodeIgniter))
11 FCPATH/index.php(56): CodeIgniter\Boot::bootWeb(Object(Config\Paths))
WARNING - 2024-09-22 07:51:23 --> [DEPRECATED] number_format(): Passing null to parameter #1 ($num) of type float is deprecated in APPPATH/Views/kd_project/dashboard_view.php on line 161.
 1 APPPATH/Views/kd_project/dashboard_view.php(161): number_format(null, 2)
 2 SYSTEMPATH/View/View.php(234): include('/home/u877349608/domains/muraridubey.com/public_html/codeigniter/app/Views/kd_project/dashboard_view.php')
 3 SYSTEMPATH/View/View.php(237): CodeIgniter\View\View->CodeIgniter\View\{closure}()
 4 SYSTEMPATH/Common.php(1171): CodeIgniter\View\View->render('kd_project/dashboard_view', [], true)
 5 APPPATH/Controllers/Dashboard_controller.php(37): view('kd_project/dashboard_view', [...])
 6 SYSTEMPATH/CodeIgniter.php(933): App\Controllers\Dashboard_controller->index()
 7 SYSTEMPATH/CodeIgniter.php(509): CodeIgniter\CodeIgniter->runController(Object(App\Controllers\Dashboard_controller))
 8 SYSTEMPATH/CodeIgniter.php(355): CodeIgniter\CodeIgniter->handleRequest(null, Object(Config\Cache), false)
 9 SYSTEMPATH/Boot.php(325): CodeIgniter\CodeIgniter->run()
10 SYSTEMPATH/Boot.php(67): CodeIgniter\Boot::runCodeIgniter(Object(CodeIgniter\CodeIgniter))
11 FCPATH/index.php(56): CodeIgniter\Boot::bootWeb(Object(Config\Paths))
WARNING - 2024-09-22 07:51:23 --> [DEPRECATED] number_format(): Passing null to parameter #1 ($num) of type float is deprecated in APPPATH/Views/kd_project/dashboard_view.php on line 168.
 1 APPPATH/Views/kd_project/dashboard_view.php(168): number_format(null, 2)
 2 SYSTEMPATH/View/View.php(234): include('/home/u877349608/domains/muraridubey.com/public_html/codeigniter/app/Views/kd_project/dashboard_view.php')
 3 SYSTEMPATH/View/View.php(237): CodeIgniter\View\View->CodeIgniter\View\{closure}()
 4 SYSTEMPATH/Common.php(1171): CodeIgniter\View\View->render('kd_project/dashboard_view', [], true)
 5 APPPATH/Controllers/Dashboard_controller.php(37): view('kd_project/dashboard_view', [...])
 6 SYSTEMPATH/CodeIgniter.php(933): App\Controllers\Dashboard_controller->index()
 7 SYSTEMPATH/CodeIgniter.php(509): CodeIgniter\CodeIgniter->runController(Object(App\Controllers\Dashboard_controller))
 8 SYSTEMPATH/CodeIgniter.php(355): CodeIgniter\CodeIgniter->handleRequest(null, Object(Config\Cache), false)
 9 SYSTEMPATH/Boot.php(325): CodeIgniter\CodeIgniter->run()
10 SYSTEMPATH/Boot.php(67): CodeIgniter\Boot::runCodeIgniter(Object(CodeIgniter\CodeIgniter))
11 FCPATH/index.php(56): CodeIgniter\Boot::bootWeb(Object(Config\Paths))
WARNING - 2024-09-22 07:51:23 --> [DEPRECATED] number_format(): Passing null to parameter #1 ($num) of type float is deprecated in APPPATH/Views/kd_project/dashboard_view.php on line 161.
 1 APPPATH/Views/kd_project/dashboard_view.php(161): number_format(null, 2)
 2 SYSTEMPATH/View/View.php(234): include('/home/u877349608/domains/muraridubey.com/public_html/codeigniter/app/Views/kd_project/dashboard_view.php')
 3 SYSTEMPATH/View/View.php(237): CodeIgniter\View\View->CodeIgniter\View\{closure}()
 4 SYSTEMPATH/Common.php(1171): CodeIgniter\View\View->render('kd_project/dashboard_view', [], true)
 5 APPPATH/Controllers/Dashboard_controller.php(37): view('kd_project/dashboard_view', [...])
 6 SYSTEMPATH/CodeIgniter.php(933): App\Controllers\Dashboard_controller->index()
 7 SYSTEMPATH/CodeIgniter.php(509): CodeIgniter\CodeIgniter->runController(Object(App\Controllers\Dashboard_controller))
 8 SYSTEMPATH/CodeIgniter.php(355): CodeIgniter\CodeIgniter->handleRequest(null, Object(Config\Cache), false)
 9 SYSTEMPATH/Boot.php(325): CodeIgniter\CodeIgniter->run()
10 SYSTEMPATH/Boot.php(67): CodeIgniter\Boot::runCodeIgniter(Object(CodeIgniter\CodeIgniter))
11 FCPATH/index.php(56): CodeIgniter\Boot::bootWeb(Object(Config\Paths))
WARNING - 2024-09-22 07:51:23 --> [DEPRECATED] number_format(): Passing null to parameter #1 ($num) of type float is deprecated in APPPATH/Views/kd_project/dashboard_view.php on line 168.
 1 APPPATH/Views/kd_project/dashboard_view.php(168): number_format(null, 2)
 2 SYSTEMPATH/View/View.php(234): include('/home/u877349608/domains/muraridubey.com/public_html/codeigniter/app/Views/kd_project/dashboard_view.php')
 3 SYSTEMPATH/View/View.php(237): CodeIgniter\View\View->CodeIgniter\View\{closure}()
 4 SYSTEMPATH/Common.php(1171): CodeIgniter\View\View->render('kd_project/dashboard_view', [], true)
 5 APPPATH/Controllers/Dashboard_controller.php(37): view('kd_project/dashboard_view', [...])
 6 SYSTEMPATH/CodeIgniter.php(933): App\Controllers\Dashboard_controller->index()
 7 SYSTEMPATH/CodeIgniter.php(509): CodeIgniter\CodeIgniter->runController(Object(App\Controllers\Dashboard_controller))
 8 SYSTEMPATH/CodeIgniter.php(355): CodeIgniter\CodeIgniter->handleRequest(null, Object(Config\Cache), false)
 9 SYSTEMPATH/Boot.php(325): CodeIgniter\CodeIgniter->run()
10 SYSTEMPATH/Boot.php(67): CodeIgniter\Boot::runCodeIgniter(Object(CodeIgniter\CodeIgniter))
11 FCPATH/index.php(56): CodeIgniter\Boot::bootWeb(Object(Config\Paths))
INFO - 2024-09-22 07:52:10 --> Session: Class initialized using 'CodeIgniter\Session\Handlers\FileHandler' driver.
INFO - 2024-09-22 07:52:20 --> Session: Class initialized using 'CodeIgniter\Session\Handlers\FileHandler' driver.
INFO - 2024-09-22 07:52:59 --> Session: Class initialized using 'CodeIgniter\Session\Handlers\FileHandler' driver.
INFO - 2024-09-22 07:56:07 --> Session: Class initialized using 'CodeIgniter\Session\Handlers\FileHandler' driver.
INFO - 2024-09-22 07:56:09 --> Session: Class initialized using 'CodeIgniter\Session\Handlers\FileHandler' driver.
WARNING - 2024-09-22 07:56:09 --> [DEPRECATED] number_format(): Passing null to parameter #1 ($num) of type float is deprecated in APPPATH/Views/kd_project/dashboard_view.php on line 160.
 1 APPPATH/Views/kd_project/dashboard_view.php(160): number_format(null, 2)
 2 SYSTEMPATH/View/View.php(234): include('/home/u877349608/domains/muraridubey.com/public_html/codeigniter/app/Views/kd_project/dashboard_view.php')
 3 SYSTEMPATH/View/View.php(237): CodeIgniter\View\View->CodeIgniter\View\{closure}()
 4 SYSTEMPATH/Common.php(1171): CodeIgniter\View\View->render('kd_project/dashboard_view', [], true)
 5 APPPATH/Controllers/Dashboard_controller.php(37): view('kd_project/dashboard_view', [...])
 6 SYSTEMPATH/CodeIgniter.php(933): App\Controllers\Dashboard_controller->index()
 7 SYSTEMPATH/CodeIgniter.php(509): CodeIgniter\CodeIgniter->runController(Object(App\Controllers\Dashboard_controller))
 8 SYSTEMPATH/CodeIgniter.php(355): CodeIgniter\CodeIgniter->handleRequest(null, Object(Config\Cache), false)
 9 SYSTEMPATH/Boot.php(325): CodeIgniter\CodeIgniter->run()
10 SYSTEMPATH/Boot.php(67): CodeIgniter\Boot::runCodeIgniter(Object(CodeIgniter\CodeIgniter))
11 FCPATH/index.php(56): CodeIgniter\Boot::bootWeb(Object(Config\Paths))
WARNING - 2024-09-22 07:56:09 --> [DEPRECATED] number_format(): Passing null to parameter #1 ($num) of type float is deprecated in APPPATH/Views/kd_project/dashboard_view.php on line 168.
 1 APPPATH/Views/kd_project/dashboard_view.php(168): number_format(null, 2)
 2 SYSTEMPATH/View/View.php(234): include('/home/u877349608/domains/muraridubey.com/public_html/codeigniter/app/Views/kd_project/dashboard_view.php')
 3 SYSTEMPATH/View/View.php(237): CodeIgniter\View\View->CodeIgniter\View\{closure}()
 4 SYSTEMPATH/Common.php(1171): CodeIgniter\View\View->render('kd_project/dashboard_view', [], true)
 5 APPPATH/Controllers/Dashboard_controller.php(37): view('kd_project/dashboard_view', [...])
 6 SYSTEMPATH/CodeIgniter.php(933): App\Controllers\Dashboard_controller->index()
 7 SYSTEMPATH/CodeIgniter.php(509): CodeIgniter\CodeIgniter->runController(Object(App\Controllers\Dashboard_controller))
 8 SYSTEMPATH/CodeIgniter.php(355): CodeIgniter\CodeIgniter->handleRequest(null, Object(Config\Cache), false)
 9 SYSTEMPATH/Boot.php(325): CodeIgniter\CodeIgniter->run()
10 SYSTEMPATH/Boot.php(67): CodeIgniter\Boot::runCodeIgniter(Object(CodeIgniter\CodeIgniter))
11 FCPATH/index.php(56): CodeIgniter\Boot::bootWeb(Object(Config\Paths))
WARNING - 2024-09-22 07:56:09 --> [DEPRECATED] number_format(): Passing null to parameter #1 ($num) of type float is deprecated in APPPATH/Views/kd_project/dashboard_view.php on line 160.
 1 APPPATH/Views/kd_project/dashboard_view.php(160): number_format(null, 2)
 2 SYSTEMPATH/View/View.php(234): include('/home/u877349608/domains/muraridubey.com/public_html/codeigniter/app/Views/kd_project/dashboard_view.php')
 3 SYSTEMPATH/View/View.php(237): CodeIgniter\View\View->CodeIgniter\View\{closure}()
 4 SYSTEMPATH/Common.php(1171): CodeIgniter\View\View->render('kd_project/dashboard_view', [], true)
 5 APPPATH/Controllers/Dashboard_controller.php(37): view('kd_project/dashboard_view', [...])
 6 SYSTEMPATH/CodeIgniter.php(933): App\Controllers\Dashboard_controller->index()
 7 SYSTEMPATH/CodeIgniter.php(509): CodeIgniter\CodeIgniter->runController(Object(App\Controllers\Dashboard_controller))
 8 SYSTEMPATH/CodeIgniter.php(355): CodeIgniter\CodeIgniter->handleRequest(null, Object(Config\Cache), false)
 9 SYSTEMPATH/Boot.php(325): CodeIgniter\CodeIgniter->run()
10 SYSTEMPATH/Boot.php(67): CodeIgniter\Boot::runCodeIgniter(Object(CodeIgniter\CodeIgniter))
11 FCPATH/index.php(56): CodeIgniter\Boot::bootWeb(Object(Config\Paths))
WARNING - 2024-09-22 07:56:09 --> [DEPRECATED] number_format(): Passing null to parameter #1 ($num) of type float is deprecated in APPPATH/Views/kd_project/dashboard_view.php on line 168.
 1 APPPATH/Views/kd_project/dashboard_view.php(168): number_format(null, 2)
 2 SYSTEMPATH/View/View.php(234): include('/home/u877349608/domains/muraridubey.com/public_html/codeigniter/app/Views/kd_project/dashboard_view.php')
 3 SYSTEMPATH/View/View.php(237): CodeIgniter\View\View->CodeIgniter\View\{closure}()
 4 SYSTEMPATH/Common.php(1171): CodeIgniter\View\View->render('kd_project/dashboard_view', [], true)
 5 APPPATH/Controllers/Dashboard_controller.php(37): view('kd_project/dashboard_view', [...])
 6 SYSTEMPATH/CodeIgniter.php(933): App\Controllers\Dashboard_controller->index()
 7 SYSTEMPATH/CodeIgniter.php(509): CodeIgniter\CodeIgniter->runController(Object(App\Controllers\Dashboard_controller))
 8 SYSTEMPATH/CodeIgniter.php(355): CodeIgniter\CodeIgniter->handleRequest(null, Object(Config\Cache), false)
 9 SYSTEMPATH/Boot.php(325): CodeIgniter\CodeIgniter->run()
10 SYSTEMPATH/Boot.php(67): CodeIgniter\Boot::runCodeIgniter(Object(CodeIgniter\CodeIgniter))
11 FCPATH/index.php(56): CodeIgniter\Boot::bootWeb(Object(Config\Paths))
WARNING - 2024-09-22 07:56:09 --> [DEPRECATED] number_format(): Passing null to parameter #1 ($num) of type float is deprecated in APPPATH/Views/kd_project/dashboard_view.php on line 161.
 1 APPPATH/Views/kd_project/dashboard_view.php(161): number_format(null, 2)
 2 SYSTEMPATH/View/View.php(234): include('/home/u877349608/domains/muraridubey.com/public_html/codeigniter/app/Views/kd_project/dashboard_view.php')
 3 SYSTEMPATH/View/View.php(237): CodeIgniter\View\View->CodeIgniter\View\{closure}()
 4 SYSTEMPATH/Common.php(1171): CodeIgniter\View\View->render('kd_project/dashboard_view', [], true)
 5 APPPATH/Controllers/Dashboard_controller.php(37): view('kd_project/dashboard_view', [...])
 6 SYSTEMPATH/CodeIgniter.php(933): App\Controllers\Dashboard_controller->index()
 7 SYSTEMPATH/CodeIgniter.php(509): CodeIgniter\CodeIgniter->runController(Object(App\Controllers\Dashboard_controller))
 8 SYSTEMPATH/CodeIgniter.php(355): CodeIgniter\CodeIgniter->handleRequest(null, Object(Config\Cache), false)
 9 SYSTEMPATH/Boot.php(325): CodeIgniter\CodeIgniter->run()
10 SYSTEMPATH/Boot.php(67): CodeIgniter\Boot::runCodeIgniter(Object(CodeIgniter\CodeIgniter))
11 FCPATH/index.php(56): CodeIgniter\Boot::bootWeb(Object(Config\Paths))
WARNING - 2024-09-22 07:56:09 --> [DEPRECATED] number_format(): Passing null to parameter #1 ($num) of type float is deprecated in APPPATH/Views/kd_project/dashboard_view.php on line 168.
 1 APPPATH/Views/kd_project/dashboard_view.php(168): number_format(null, 2)
 2 SYSTEMPATH/View/View.php(234): include('/home/u877349608/domains/muraridubey.com/public_html/codeigniter/app/Views/kd_project/dashboard_view.php')
 3 SYSTEMPATH/View/View.php(237): CodeIgniter\View\View->CodeIgniter\View\{closure}()
 4 SYSTEMPATH/Common.php(1171): CodeIgniter\View\View->render('kd_project/dashboard_view', [], true)
 5 APPPATH/Controllers/Dashboard_controller.php(37): view('kd_project/dashboard_view', [...])
 6 SYSTEMPATH/CodeIgniter.php(933): App\Controllers\Dashboard_controller->index()
 7 SYSTEMPATH/CodeIgniter.php(509): CodeIgniter\CodeIgniter->runController(Object(App\Controllers\Dashboard_controller))
 8 SYSTEMPATH/CodeIgniter.php(355): CodeIgniter\CodeIgniter->handleRequest(null, Object(Config\Cache), false)
 9 SYSTEMPATH/Boot.php(325): CodeIgniter\CodeIgniter->run()
10 SYSTEMPATH/Boot.php(67): CodeIgniter\Boot::runCodeIgniter(Object(CodeIgniter\CodeIgniter))
11 FCPATH/index.php(56): CodeIgniter\Boot::bootWeb(Object(Config\Paths))
WARNING - 2024-09-22 07:56:09 --> [DEPRECATED] number_format(): Passing null to parameter #1 ($num) of type float is deprecated in APPPATH/Views/kd_project/dashboard_view.php on line 164.
 1 APPPATH/Views/kd_project/dashboard_view.php(164): number_format(null, 2)
 2 SYSTEMPATH/View/View.php(234): include('/home/u877349608/domains/muraridubey.com/public_html/codeigniter/app/Views/kd_project/dashboard_view.php')
 3 SYSTEMPATH/View/View.php(237): CodeIgniter\View\View->CodeIgniter\View\{closure}()
 4 SYSTEMPATH/Common.php(1171): CodeIgniter\View\View->render('kd_project/dashboard_view', [], true)
 5 APPPATH/Controllers/Dashboard_controller.php(37): view('kd_project/dashboard_view', [...])
 6 SYSTEMPATH/CodeIgniter.php(933): App\Controllers\Dashboard_controller->index()
 7 SYSTEMPATH/CodeIgniter.php(509): CodeIgniter\CodeIgniter->runController(Object(App\Controllers\Dashboard_controller))
 8 SYSTEMPATH/CodeIgniter.php(355): CodeIgniter\CodeIgniter->handleRequest(null, Object(Config\Cache), false)
 9 SYSTEMPATH/Boot.php(325): CodeIgniter\CodeIgniter->run()
10 SYSTEMPATH/Boot.php(67): CodeIgniter\Boot::runCodeIgniter(Object(CodeIgniter\CodeIgniter))
11 FCPATH/index.php(56): CodeIgniter\Boot::bootWeb(Object(Config\Paths))
WARNING - 2024-09-22 07:56:09 --> [DEPRECATED] number_format(): Passing null to parameter #1 ($num) of type float is deprecated in APPPATH/Views/kd_project/dashboard_view.php on line 168.
 1 APPPATH/Views/kd_project/dashboard_view.php(168): number_format(null, 2)
 2 SYSTEMPATH/View/View.php(234): include('/home/u877349608/domains/muraridubey.com/public_html/codeigniter/app/Views/kd_project/dashboard_view.php')
 3 SYSTEMPATH/View/View.php(237): CodeIgniter\View\View->CodeIgniter\View\{closure}()
 4 SYSTEMPATH/Common.php(1171): CodeIgniter\View\View->render('kd_project/dashboard_view', [], true)
 5 APPPATH/Controllers/Dashboard_controller.php(37): view('kd_project/dashboard_view', [...])
 6 SYSTEMPATH/CodeIgniter.php(933): App\Controllers\Dashboard_controller->index()
 7 SYSTEMPATH/CodeIgniter.php(509): CodeIgniter\CodeIgniter->runController(Object(App\Controllers\Dashboard_controller))
 8 SYSTEMPATH/CodeIgniter.php(355): CodeIgniter\CodeIgniter->handleRequest(null, Object(Config\Cache), false)
 9 SYSTEMPATH/Boot.php(325): CodeIgniter\CodeIgniter->run()
10 SYSTEMPATH/Boot.php(67): CodeIgniter\Boot::runCodeIgniter(Object(CodeIgniter\CodeIgniter))
11 FCPATH/index.php(56): CodeIgniter\Boot::bootWeb(Object(Config\Paths))
WARNING - 2024-09-22 07:56:09 --> [DEPRECATED] number_format(): Passing null to parameter #1 ($num) of type float is deprecated in APPPATH/Views/kd_project/dashboard_view.php on line 161.
 1 APPPATH/Views/kd_project/dashboard_view.php(161): number_format(null, 2)
 2 SYSTEMPATH/View/View.php(234): include('/home/u877349608/domains/muraridubey.com/public_html/codeigniter/app/Views/kd_project/dashboard_view.php')
 3 SYSTEMPATH/View/View.php(237): CodeIgniter\View\View->CodeIgniter\View\{closure}()
 4 SYSTEMPATH/Common.php(1171): CodeIgniter\View\View->render('kd_project/dashboard_view', [], true)
 5 APPPATH/Controllers/Dashboard_controller.php(37): view('kd_project/dashboard_view', [...])
 6 SYSTEMPATH/CodeIgniter.php(933): App\Controllers\Dashboard_controller->index()
 7 SYSTEMPATH/CodeIgniter.php(509): CodeIgniter\CodeIgniter->runController(Object(App\Controllers\Dashboard_controller))
 8 SYSTEMPATH/CodeIgniter.php(355): CodeIgniter\CodeIgniter->handleRequest(null, Object(Config\Cache), false)
 9 SYSTEMPATH/Boot.php(325): CodeIgniter\CodeIgniter->run()
10 SYSTEMPATH/Boot.php(67): CodeIgniter\Boot::runCodeIgniter(Object(CodeIgniter\CodeIgniter))
11 FCPATH/index.php(56): CodeIgniter\Boot::bootWeb(Object(Config\Paths))
WARNING - 2024-09-22 07:56:09 --> [DEPRECATED] number_format(): Passing null to parameter #1 ($num) of type float is deprecated in APPPATH/Views/kd_project/dashboard_view.php on line 168.
 1 APPPATH/Views/kd_project/dashboard_view.php(168): number_format(null, 2)
 2 SYSTEMPATH/View/View.php(234): include('/home/u877349608/domains/muraridubey.com/public_html/codeigniter/app/Views/kd_project/dashboard_view.php')
 3 SYSTEMPATH/View/View.php(237): CodeIgniter\View\View->CodeIgniter\View\{closure}()
 4 SYSTEMPATH/Common.php(1171): CodeIgniter\View\View->render('kd_project/dashboard_view', [], true)
 5 APPPATH/Controllers/Dashboard_controller.php(37): view('kd_project/dashboard_view', [...])
 6 SYSTEMPATH/CodeIgniter.php(933): App\Controllers\Dashboard_controller->index()
 7 SYSTEMPATH/CodeIgniter.php(509): CodeIgniter\CodeIgniter->runController(Object(App\Controllers\Dashboard_controller))
 8 SYSTEMPATH/CodeIgniter.php(355): CodeIgniter\CodeIgniter->handleRequest(null, Object(Config\Cache), false)
 9 SYSTEMPATH/Boot.php(325): CodeIgniter\CodeIgniter->run()
10 SYSTEMPATH/Boot.php(67): CodeIgniter\Boot::runCodeIgniter(Object(CodeIgniter\CodeIgniter))
11 FCPATH/index.php(56): CodeIgniter\Boot::bootWeb(Object(Config\Paths))
WARNING - 2024-09-22 07:56:09 --> [DEPRECATED] number_format(): Passing null to parameter #1 ($num) of type float is deprecated in APPPATH/Views/kd_project/dashboard_view.php on line 161.
 1 APPPATH/Views/kd_project/dashboard_view.php(161): number_format(null, 2)
 2 SYSTEMPATH/View/View.php(234): include('/home/u877349608/domains/muraridubey.com/public_html/codeigniter/app/Views/kd_project/dashboard_view.php')
 3 SYSTEMPATH/View/View.php(237): CodeIgniter\View\View->CodeIgniter\View\{closure}()
 4 SYSTEMPATH/Common.php(1171): CodeIgniter\View\View->render('kd_project/dashboard_view', [], true)
 5 APPPATH/Controllers/Dashboard_controller.php(37): view('kd_project/dashboard_view', [...])
 6 SYSTEMPATH/CodeIgniter.php(933): App\Controllers\Dashboard_controller->index()
 7 SYSTEMPATH/CodeIgniter.php(509): CodeIgniter\CodeIgniter->runController(Object(App\Controllers\Dashboard_controller))
 8 SYSTEMPATH/CodeIgniter.php(355): CodeIgniter\CodeIgniter->handleRequest(null, Object(Config\Cache), false)
 9 SYSTEMPATH/Boot.php(325): CodeIgniter\CodeIgniter->run()
10 SYSTEMPATH/Boot.php(67): CodeIgniter\Boot::runCodeIgniter(Object(CodeIgniter\CodeIgniter))
11 FCPATH/index.php(56): CodeIgniter\Boot::bootWeb(Object(Config\Paths))
WARNING - 2024-09-22 07:56:09 --> [DEPRECATED] number_format(): Passing null to parameter #1 ($num) of type float is deprecated in APPPATH/Views/kd_project/dashboard_view.php on line 168.
 1 APPPATH/Views/kd_project/dashboard_view.php(168): number_format(null, 2)
 2 SYSTEMPATH/View/View.php(234): include('/home/u877349608/domains/muraridubey.com/public_html/codeigniter/app/Views/kd_project/dashboard_view.php')
 3 SYSTEMPATH/View/View.php(237): CodeIgniter\View\View->CodeIgniter\View\{closure}()
 4 SYSTEMPATH/Common.php(1171): CodeIgniter\View\View->render('kd_project/dashboard_view', [], true)
 5 APPPATH/Controllers/Dashboard_controller.php(37): view('kd_project/dashboard_view', [...])
 6 SYSTEMPATH/CodeIgniter.php(933): App\Controllers\Dashboard_controller->index()
 7 SYSTEMPATH/CodeIgniter.php(509): CodeIgniter\CodeIgniter->runController(Object(App\Controllers\Dashboard_controller))
 8 SYSTEMPATH/CodeIgniter.php(355): CodeIgniter\CodeIgniter->handleRequest(null, Object(Config\Cache), false)
 9 SYSTEMPATH/Boot.php(325): CodeIgniter\CodeIgniter->run()
10 SYSTEMPATH/Boot.php(67): CodeIgniter\Boot::runCodeIgniter(Object(CodeIgniter\CodeIgniter))
11 FCPATH/index.php(56): CodeIgniter\Boot::bootWeb(Object(Config\Paths))
INFO - 2024-09-22 07:56:10 --> Session: Class initialized using 'CodeIgniter\Session\Handlers\FileHandler' driver.
INFO - 2024-09-22 07:56:10 --> Session: Class initialized using 'CodeIgniter\Session\Handlers\FileHandler' driver.
INFO - 2024-09-22 07:56:17 --> Session: Class initialized using 'CodeIgniter\Session\Handlers\FileHandler' driver.
INFO - 2024-09-22 07:56:17 --> Session: Class initialized using 'CodeIgniter\Session\Handlers\FileHandler' driver.
INFO - 2024-09-22 07:56:27 --> Session: Class initialized using 'CodeIgniter\Session\Handlers\FileHandler' driver.
INFO - 2024-09-22 07:56:28 --> Session: Class initialized using 'CodeIgniter\Session\Handlers\FileHandler' driver.
INFO - 2024-09-22 07:56:33 --> Session: Class initialized using 'CodeIgniter\Session\Handlers\FileHandler' driver.
INFO - 2024-09-22 07:56:33 --> Session: Class initialized using 'CodeIgniter\Session\Handlers\FileHandler' driver.
INFO - 2024-09-22 07:56:41 --> Session: Class initialized using 'CodeIgniter\Session\Handlers\FileHandler' driver.
INFO - 2024-09-22 07:56:41 --> Session: Class initialized using 'CodeIgniter\Session\Handlers\FileHandler' driver.
INFO - 2024-09-22 07:56:49 --> Session: Class initialized using 'CodeIgniter\Session\Handlers\FileHandler' driver.
INFO - 2024-09-22 07:56:49 --> Session: Class initialized using 'CodeIgniter\Session\Handlers\FileHandler' driver.
INFO - 2024-09-22 07:56:57 --> Session: Class initialized using 'CodeIgniter\Session\Handlers\FileHandler' driver.
INFO - 2024-09-22 07:58:01 --> Session: Class initialized using 'CodeIgniter\Session\Handlers\FileHandler' driver.
INFO - 2024-09-22 07:58:08 --> Session: Class initialized using 'CodeIgniter\Session\Handlers\FileHandler' driver.
INFO - 2024-09-22 07:58:24 --> Session: Class initialized using 'CodeIgniter\Session\Handlers\FileHandler' driver.
INFO - 2024-09-22 07:58:42 --> Session: Class initialized using 'CodeIgniter\Session\Handlers\FileHandler' driver.
INFO - 2024-09-22 07:58:47 --> Session: Class initialized using 'CodeIgniter\Session\Handlers\FileHandler' driver.
WARNING - 2024-09-22 07:58:47 --> [DEPRECATED] number_format(): Passing null to parameter #1 ($num) of type float is deprecated in APPPATH/Views/kd_project/dashboard_view.php on line 160.
 1 APPPATH/Views/kd_project/dashboard_view.php(160): number_format(null, 2)
 2 SYSTEMPATH/View/View.php(234): include('/home/u877349608/domains/muraridubey.com/public_html/codeigniter/app/Views/kd_project/dashboard_view.php')
 3 SYSTEMPATH/View/View.php(237): CodeIgniter\View\View->CodeIgniter\View\{closure}()
 4 SYSTEMPATH/Common.php(1171): CodeIgniter\View\View->render('kd_project/dashboard_view', [], true)
 5 APPPATH/Controllers/Dashboard_controller.php(37): view('kd_project/dashboard_view', [...])
 6 SYSTEMPATH/CodeIgniter.php(933): App\Controllers\Dashboard_controller->index()
 7 SYSTEMPATH/CodeIgniter.php(509): CodeIgniter\CodeIgniter->runController(Object(App\Controllers\Dashboard_controller))
 8 SYSTEMPATH/CodeIgniter.php(355): CodeIgniter\CodeIgniter->handleRequest(null, Object(Config\Cache), false)
 9 SYSTEMPATH/Boot.php(325): CodeIgniter\CodeIgniter->run()
10 SYSTEMPATH/Boot.php(67): CodeIgniter\Boot::runCodeIgniter(Object(CodeIgniter\CodeIgniter))
11 FCPATH/index.php(56): CodeIgniter\Boot::bootWeb(Object(Config\Paths))
WARNING - 2024-09-22 07:58:47 --> [DEPRECATED] number_format(): Passing null to parameter #1 ($num) of type float is deprecated in APPPATH/Views/kd_project/dashboard_view.php on line 168.
 1 APPPATH/Views/kd_project/dashboard_view.php(168): number_format(null, 2)
 2 SYSTEMPATH/View/View.php(234): include('/home/u877349608/domains/muraridubey.com/public_html/codeigniter/app/Views/kd_project/dashboard_view.php')
 3 SYSTEMPATH/View/View.php(237): CodeIgniter\View\View->CodeIgniter\View\{closure}()
 4 SYSTEMPATH/Common.php(1171): CodeIgniter\View\View->render('kd_project/dashboard_view', [], true)
 5 APPPATH/Controllers/Dashboard_controller.php(37): view('kd_project/dashboard_view', [...])
 6 SYSTEMPATH/CodeIgniter.php(933): App\Controllers\Dashboard_controller->index()
 7 SYSTEMPATH/CodeIgniter.php(509): CodeIgniter\CodeIgniter->runController(Object(App\Controllers\Dashboard_controller))
 8 SYSTEMPATH/CodeIgniter.php(355): CodeIgniter\CodeIgniter->handleRequest(null, Object(Config\Cache), false)
 9 SYSTEMPATH/Boot.php(325): CodeIgniter\CodeIgniter->run()
10 SYSTEMPATH/Boot.php(67): CodeIgniter\Boot::runCodeIgniter(Object(CodeIgniter\CodeIgniter))
11 FCPATH/index.php(56): CodeIgniter\Boot::bootWeb(Object(Config\Paths))
WARNING - 2024-09-22 07:58:47 --> [DEPRECATED] number_format(): Passing null to parameter #1 ($num) of type float is deprecated in APPPATH/Views/kd_project/dashboard_view.php on line 160.
 1 APPPATH/Views/kd_project/dashboard_view.php(160): number_format(null, 2)
 2 SYSTEMPATH/View/View.php(234): include('/home/u877349608/domains/muraridubey.com/public_html/codeigniter/app/Views/kd_project/dashboard_view.php')
 3 SYSTEMPATH/View/View.php(237): CodeIgniter\View\View->CodeIgniter\View\{closure}()
 4 SYSTEMPATH/Common.php(1171): CodeIgniter\View\View->render('kd_project/dashboard_view', [], true)
 5 APPPATH/Controllers/Dashboard_controller.php(37): view('kd_project/dashboard_view', [...])
 6 SYSTEMPATH/CodeIgniter.php(933): App\Controllers\Dashboard_controller->index()
 7 SYSTEMPATH/CodeIgniter.php(509): CodeIgniter\CodeIgniter->runController(Object(App\Controllers\Dashboard_controller))
 8 SYSTEMPATH/CodeIgniter.php(355): CodeIgniter\CodeIgniter->handleRequest(null, Object(Config\Cache), false)
 9 SYSTEMPATH/Boot.php(325): CodeIgniter\CodeIgniter->run()
10 SYSTEMPATH/Boot.php(67): CodeIgniter\Boot::runCodeIgniter(Object(CodeIgniter\CodeIgniter))
11 FCPATH/index.php(56): CodeIgniter\Boot::bootWeb(Object(Config\Paths))
WARNING - 2024-09-22 07:58:47 --> [DEPRECATED] number_format(): Passing null to parameter #1 ($num) of type float is deprecated in APPPATH/Views/kd_project/dashboard_view.php on line 168.
 1 APPPATH/Views/kd_project/dashboard_view.php(168): number_format(null, 2)
 2 SYSTEMPATH/View/View.php(234): include('/home/u877349608/domains/muraridubey.com/public_html/codeigniter/app/Views/kd_project/dashboard_view.php')
 3 SYSTEMPATH/View/View.php(237): CodeIgniter\View\View->CodeIgniter\View\{closure}()
 4 SYSTEMPATH/Common.php(1171): CodeIgniter\View\View->render('kd_project/dashboard_view', [], true)
 5 APPPATH/Controllers/Dashboard_controller.php(37): view('kd_project/dashboard_view', [...])
 6 SYSTEMPATH/CodeIgniter.php(933): App\Controllers\Dashboard_controller->index()
 7 SYSTEMPATH/CodeIgniter.php(509): CodeIgniter\CodeIgniter->runController(Object(App\Controllers\Dashboard_controller))
 8 SYSTEMPATH/CodeIgniter.php(355): CodeIgniter\CodeIgniter->handleRequest(null, Object(Config\Cache), false)
 9 SYSTEMPATH/Boot.php(325): CodeIgniter\CodeIgniter->run()
10 SYSTEMPATH/Boot.php(67): CodeIgniter\Boot::runCodeIgniter(Object(CodeIgniter\CodeIgniter))
11 FCPATH/index.php(56): CodeIgniter\Boot::bootWeb(Object(Config\Paths))
WARNING - 2024-09-22 07:58:47 --> [DEPRECATED] number_format(): Passing null to parameter #1 ($num) of type float is deprecated in APPPATH/Views/kd_project/dashboard_view.php on line 161.
 1 APPPATH/Views/kd_project/dashboard_view.php(161): number_format(null, 2)
 2 SYSTEMPATH/View/View.php(234): include('/home/u877349608/domains/muraridubey.com/public_html/codeigniter/app/Views/kd_project/dashboard_view.php')
 3 SYSTEMPATH/View/View.php(237): CodeIgniter\View\View->CodeIgniter\View\{closure}()
 4 SYSTEMPATH/Common.php(1171): CodeIgniter\View\View->render('kd_project/dashboard_view', [], true)
 5 APPPATH/Controllers/Dashboard_controller.php(37): view('kd_project/dashboard_view', [...])
 6 SYSTEMPATH/CodeIgniter.php(933): App\Controllers\Dashboard_controller->index()
 7 SYSTEMPATH/CodeIgniter.php(509): CodeIgniter\CodeIgniter->runController(Object(App\Controllers\Dashboard_controller))
 8 SYSTEMPATH/CodeIgniter.php(355): CodeIgniter\CodeIgniter->handleRequest(null, Object(Config\Cache), false)
 9 SYSTEMPATH/Boot.php(325): CodeIgniter\CodeIgniter->run()
10 SYSTEMPATH/Boot.php(67): CodeIgniter\Boot::runCodeIgniter(Object(CodeIgniter\CodeIgniter))
11 FCPATH/index.php(56): CodeIgniter\Boot::bootWeb(Object(Config\Paths))
WARNING - 2024-09-22 07:58:47 --> [DEPRECATED] number_format(): Passing null to parameter #1 ($num) of type float is deprecated in APPPATH/Views/kd_project/dashboard_view.php on line 168.
 1 APPPATH/Views/kd_project/dashboard_view.php(168): number_format(null, 2)
 2 SYSTEMPATH/View/View.php(234): include('/home/u877349608/domains/muraridubey.com/public_html/codeigniter/app/Views/kd_project/dashboard_view.php')
 3 SYSTEMPATH/View/View.php(237): CodeIgniter\View\View->CodeIgniter\View\{closure}()
 4 SYSTEMPATH/Common.php(1171): CodeIgniter\View\View->render('kd_project/dashboard_view', [], true)
 5 APPPATH/Controllers/Dashboard_controller.php(37): view('kd_project/dashboard_view', [...])
 6 SYSTEMPATH/CodeIgniter.php(933): App\Controllers\Dashboard_controller->index()
 7 SYSTEMPATH/CodeIgniter.php(509): CodeIgniter\CodeIgniter->runController(Object(App\Controllers\Dashboard_controller))
 8 SYSTEMPATH/CodeIgniter.php(355): CodeIgniter\CodeIgniter->handleRequest(null, Object(Config\Cache), false)
 9 SYSTEMPATH/Boot.php(325): CodeIgniter\CodeIgniter->run()
10 SYSTEMPATH/Boot.php(67): CodeIgniter\Boot::runCodeIgniter(Object(CodeIgniter\CodeIgniter))
11 FCPATH/index.php(56): CodeIgniter\Boot::bootWeb(Object(Config\Paths))
WARNING - 2024-09-22 07:58:47 --> [DEPRECATED] number_format(): Passing null to parameter #1 ($num) of type float is deprecated in APPPATH/Views/kd_project/dashboard_view.php on line 164.
 1 APPPATH/Views/kd_project/dashboard_view.php(164): number_format(null, 2)
 2 SYSTEMPATH/View/View.php(234): include('/home/u877349608/domains/muraridubey.com/public_html/codeigniter/app/Views/kd_project/dashboard_view.php')
 3 SYSTEMPATH/View/View.php(237): CodeIgniter\View\View->CodeIgniter\View\{closure}()
 4 SYSTEMPATH/Common.php(1171): CodeIgniter\View\View->render('kd_project/dashboard_view', [], true)
 5 APPPATH/Controllers/Dashboard_controller.php(37): view('kd_project/dashboard_view', [...])
 6 SYSTEMPATH/CodeIgniter.php(933): App\Controllers\Dashboard_controller->index()
 7 SYSTEMPATH/CodeIgniter.php(509): CodeIgniter\CodeIgniter->runController(Object(App\Controllers\Dashboard_controller))
 8 SYSTEMPATH/CodeIgniter.php(355): CodeIgniter\CodeIgniter->handleRequest(null, Object(Config\Cache), false)
 9 SYSTEMPATH/Boot.php(325): CodeIgniter\CodeIgniter->run()
10 SYSTEMPATH/Boot.php(67): CodeIgniter\Boot::runCodeIgniter(Object(CodeIgniter\CodeIgniter))
11 FCPATH/index.php(56): CodeIgniter\Boot::bootWeb(Object(Config\Paths))
WARNING - 2024-09-22 07:58:47 --> [DEPRECATED] number_format(): Passing null to parameter #1 ($num) of type float is deprecated in APPPATH/Views/kd_project/dashboard_view.php on line 168.
 1 APPPATH/Views/kd_project/dashboard_view.php(168): number_format(null, 2)
 2 SYSTEMPATH/View/View.php(234): include('/home/u877349608/domains/muraridubey.com/public_html/codeigniter/app/Views/kd_project/dashboard_view.php')
 3 SYSTEMPATH/View/View.php(237): CodeIgniter\View\View->CodeIgniter\View\{closure}()
 4 SYSTEMPATH/Common.php(1171): CodeIgniter\View\View->render('kd_project/dashboard_view', [], true)
 5 APPPATH/Controllers/Dashboard_controller.php(37): view('kd_project/dashboard_view', [...])
 6 SYSTEMPATH/CodeIgniter.php(933): App\Controllers\Dashboard_controller->index()
 7 SYSTEMPATH/CodeIgniter.php(509): CodeIgniter\CodeIgniter->runController(Object(App\Controllers\Dashboard_controller))
 8 SYSTEMPATH/CodeIgniter.php(355): CodeIgniter\CodeIgniter->handleRequest(null, Object(Config\Cache), false)
 9 SYSTEMPATH/Boot.php(325): CodeIgniter\CodeIgniter->run()
10 SYSTEMPATH/Boot.php(67): CodeIgniter\Boot::runCodeIgniter(Object(CodeIgniter\CodeIgniter))
11 FCPATH/index.php(56): CodeIgniter\Boot::bootWeb(Object(Config\Paths))
WARNING - 2024-09-22 07:58:47 --> [DEPRECATED] number_format(): Passing null to parameter #1 ($num) of type float is deprecated in APPPATH/Views/kd_project/dashboard_view.php on line 161.
 1 APPPATH/Views/kd_project/dashboard_view.php(161): number_format(null, 2)
 2 SYSTEMPATH/View/View.php(234): include('/home/u877349608/domains/muraridubey.com/public_html/codeigniter/app/Views/kd_project/dashboard_view.php')
 3 SYSTEMPATH/View/View.php(237): CodeIgniter\View\View->CodeIgniter\View\{closure}()
 4 SYSTEMPATH/Common.php(1171): CodeIgniter\View\View->render('kd_project/dashboard_view', [], true)
 5 APPPATH/Controllers/Dashboard_controller.php(37): view('kd_project/dashboard_view', [...])
 6 SYSTEMPATH/CodeIgniter.php(933): App\Controllers\Dashboard_controller->index()
 7 SYSTEMPATH/CodeIgniter.php(509): CodeIgniter\CodeIgniter->runController(Object(App\Controllers\Dashboard_controller))
 8 SYSTEMPATH/CodeIgniter.php(355): CodeIgniter\CodeIgniter->handleRequest(null, Object(Config\Cache), false)
 9 SYSTEMPATH/Boot.php(325): CodeIgniter\CodeIgniter->run()
10 SYSTEMPATH/Boot.php(67): CodeIgniter\Boot::runCodeIgniter(Object(CodeIgniter\CodeIgniter))
11 FCPATH/index.php(56): CodeIgniter\Boot::bootWeb(Object(Config\Paths))
WARNING - 2024-09-22 07:58:47 --> [DEPRECATED] number_format(): Passing null to parameter #1 ($num) of type float is deprecated in APPPATH/Views/kd_project/dashboard_view.php on line 168.
 1 APPPATH/Views/kd_project/dashboard_view.php(168): number_format(null, 2)
 2 SYSTEMPATH/View/View.php(234): include('/home/u877349608/domains/muraridubey.com/public_html/codeigniter/app/Views/kd_project/dashboard_view.php')
 3 SYSTEMPATH/View/View.php(237): CodeIgniter\View\View->CodeIgniter\View\{closure}()
 4 SYSTEMPATH/Common.php(1171): CodeIgniter\View\View->render('kd_project/dashboard_view', [], true)
 5 APPPATH/Controllers/Dashboard_controller.php(37): view('kd_project/dashboard_view', [...])
 6 SYSTEMPATH/CodeIgniter.php(933): App\Controllers\Dashboard_controller->index()
 7 SYSTEMPATH/CodeIgniter.php(509): CodeIgniter\CodeIgniter->runController(Object(App\Controllers\Dashboard_controller))
 8 SYSTEMPATH/CodeIgniter.php(355): CodeIgniter\CodeIgniter->handleRequest(null, Object(Config\Cache), false)
 9 SYSTEMPATH/Boot.php(325): CodeIgniter\CodeIgniter->run()
10 SYSTEMPATH/Boot.php(67): CodeIgniter\Boot::runCodeIgniter(Object(CodeIgniter\CodeIgniter))
11 FCPATH/index.php(56): CodeIgniter\Boot::bootWeb(Object(Config\Paths))
WARNING - 2024-09-22 07:58:47 --> [DEPRECATED] number_format(): Passing null to parameter #1 ($num) of type float is deprecated in APPPATH/Views/kd_project/dashboard_view.php on line 161.
 1 APPPATH/Views/kd_project/dashboard_view.php(161): number_format(null, 2)
 2 SYSTEMPATH/View/View.php(234): include('/home/u877349608/domains/muraridubey.com/public_html/codeigniter/app/Views/kd_project/dashboard_view.php')
 3 SYSTEMPATH/View/View.php(237): CodeIgniter\View\View->CodeIgniter\View\{closure}()
 4 SYSTEMPATH/Common.php(1171): CodeIgniter\View\View->render('kd_project/dashboard_view', [], true)
 5 APPPATH/Controllers/Dashboard_controller.php(37): view('kd_project/dashboard_view', [...])
 6 SYSTEMPATH/CodeIgniter.php(933): App\Controllers\Dashboard_controller->index()
 7 SYSTEMPATH/CodeIgniter.php(509): CodeIgniter\CodeIgniter->runController(Object(App\Controllers\Dashboard_controller))
 8 SYSTEMPATH/CodeIgniter.php(355): CodeIgniter\CodeIgniter->handleRequest(null, Object(Config\Cache), false)
 9 SYSTEMPATH/Boot.php(325): CodeIgniter\CodeIgniter->run()
10 SYSTEMPATH/Boot.php(67): CodeIgniter\Boot::runCodeIgniter(Object(CodeIgniter\CodeIgniter))
11 FCPATH/index.php(56): CodeIgniter\Boot::bootWeb(Object(Config\Paths))
WARNING - 2024-09-22 07:58:47 --> [DEPRECATED] number_format(): Passing null to parameter #1 ($num) of type float is deprecated in APPPATH/Views/kd_project/dashboard_view.php on line 168.
 1 APPPATH/Views/kd_project/dashboard_view.php(168): number_format(null, 2)
 2 SYSTEMPATH/View/View.php(234): include('/home/u877349608/domains/muraridubey.com/public_html/codeigniter/app/Views/kd_project/dashboard_view.php')
 3 SYSTEMPATH/View/View.php(237): CodeIgniter\View\View->CodeIgniter\View\{closure}()
 4 SYSTEMPATH/Common.php(1171): CodeIgniter\View\View->render('kd_project/dashboard_view', [], true)
 5 APPPATH/Controllers/Dashboard_controller.php(37): view('kd_project/dashboard_view', [...])
 6 SYSTEMPATH/CodeIgniter.php(933): App\Controllers\Dashboard_controller->index()
 7 SYSTEMPATH/CodeIgniter.php(509): CodeIgniter\CodeIgniter->runController(Object(App\Controllers\Dashboard_controller))
 8 SYSTEMPATH/CodeIgniter.php(355): CodeIgniter\CodeIgniter->handleRequest(null, Object(Config\Cache), false)
 9 SYSTEMPATH/Boot.php(325): CodeIgniter\CodeIgniter->run()
10 SYSTEMPATH/Boot.php(67): CodeIgniter\Boot::runCodeIgniter(Object(CodeIgniter\CodeIgniter))
11 FCPATH/index.php(56): CodeIgniter\Boot::bootWeb(Object(Config\Paths))
INFO - 2024-09-22 08:08:41 --> Session: Class initialized using 'CodeIgniter\Session\Handlers\FileHandler' driver.
INFO - 2024-09-22 08:10:34 --> Session: Class initialized using 'CodeIgniter\Session\Handlers\FileHandler' driver.
INFO - 2024-09-22 08:10:38 --> Session: Class initialized using 'CodeIgniter\Session\Handlers\FileHandler' driver.
INFO - 2024-09-22 08:12:15 --> Session: Class initialized using 'CodeIgniter\Session\Handlers\FileHandler' driver.
INFO - 2024-09-22 08:12:18 --> Session: Class initialized using 'CodeIgniter\Session\Handlers\FileHandler' driver.
INFO - 2024-09-22 08:12:35 --> Session: Class initialized using 'CodeIgniter\Session\Handlers\FileHandler' driver.
INFO - 2024-09-22 08:12:42 --> Session: Class initialized using 'CodeIgniter\Session\Handlers\FileHandler' driver.
INFO - 2024-09-22 08:12:59 --> Session: Class initialized using 'CodeIgniter\Session\Handlers\FileHandler' driver.
INFO - 2024-09-22 08:13:23 --> Session: Class initialized using 'CodeIgniter\Session\Handlers\FileHandler' driver.
INFO - 2024-09-22 08:13:35 --> Session: Class initialized using 'CodeIgniter\Session\Handlers\FileHandler' driver.
INFO - 2024-09-22 08:14:07 --> Session: Class initialized using 'CodeIgniter\Session\Handlers\FileHandler' driver.
INFO - 2024-09-22 08:14:09 --> Session: Class initialized using 'CodeIgniter\Session\Handlers\FileHandler' driver.
INFO - 2024-09-22 08:14:46 --> Session: Class initialized using 'CodeIgniter\Session\Handlers\FileHandler' driver.
INFO - 2024-09-22 08:14:55 --> Session: Class initialized using 'CodeIgniter\Session\Handlers\FileHandler' driver.
INFO - 2024-09-22 08:15:28 --> Session: Class initialized using 'CodeIgniter\Session\Handlers\FileHandler' driver.
INFO - 2024-09-22 08:15:52 --> Session: Class initialized using 'CodeIgniter\Session\Handlers\FileHandler' driver.
INFO - 2024-09-22 08:15:56 --> Session: Class initialized using 'CodeIgniter\Session\Handlers\FileHandler' driver.
INFO - 2024-09-22 08:16:08 --> Session: Class initialized using 'CodeIgniter\Session\Handlers\FileHandler' driver.
INFO - 2024-09-22 08:18:28 --> Session: Class initialized using 'CodeIgniter\Session\Handlers\FileHandler' driver.
INFO - 2024-09-22 08:18:35 --> Session: Class initialized using 'CodeIgniter\Session\Handlers\FileHandler' driver.
INFO - 2024-09-22 08:19:16 --> Session: Class initialized using 'CodeIgniter\Session\Handlers\FileHandler' driver.
WARNING - 2024-09-22 08:19:16 --> [DEPRECATED] number_format(): Passing null to parameter #1 ($num) of type float is deprecated in APPPATH/Views/kd_project/dashboard_view.php on line 160.
 1 APPPATH/Views/kd_project/dashboard_view.php(160): number_format(null, 2)
 2 SYSTEMPATH/View/View.php(234): include('/home/u877349608/domains/muraridubey.com/public_html/codeigniter/app/Views/kd_project/dashboard_view.php')
 3 SYSTEMPATH/View/View.php(237): CodeIgniter\View\View->CodeIgniter\View\{closure}()
 4 SYSTEMPATH/Common.php(1171): CodeIgniter\View\View->render('kd_project/dashboard_view', [], true)
 5 APPPATH/Controllers/Dashboard_controller.php(37): view('kd_project/dashboard_view', [...])
 6 SYSTEMPATH/CodeIgniter.php(933): App\Controllers\Dashboard_controller->index()
 7 SYSTEMPATH/CodeIgniter.php(509): CodeIgniter\CodeIgniter->runController(Object(App\Controllers\Dashboard_controller))
 8 SYSTEMPATH/CodeIgniter.php(355): CodeIgniter\CodeIgniter->handleRequest(null, Object(Config\Cache), false)
 9 SYSTEMPATH/Boot.php(325): CodeIgniter\CodeIgniter->run()
10 SYSTEMPATH/Boot.php(67): CodeIgniter\Boot::runCodeIgniter(Object(CodeIgniter\CodeIgniter))
11 FCPATH/index.php(56): CodeIgniter\Boot::bootWeb(Object(Config\Paths))
WARNING - 2024-09-22 08:19:16 --> [DEPRECATED] number_format(): Passing null to parameter #1 ($num) of type float is deprecated in APPPATH/Views/kd_project/dashboard_view.php on line 168.
 1 APPPATH/Views/kd_project/dashboard_view.php(168): number_format(null, 2)
 2 SYSTEMPATH/View/View.php(234): include('/home/u877349608/domains/muraridubey.com/public_html/codeigniter/app/Views/kd_project/dashboard_view.php')
 3 SYSTEMPATH/View/View.php(237): CodeIgniter\View\View->CodeIgniter\View\{closure}()
 4 SYSTEMPATH/Common.php(1171): CodeIgniter\View\View->render('kd_project/dashboard_view', [], true)
 5 APPPATH/Controllers/Dashboard_controller.php(37): view('kd_project/dashboard_view', [...])
 6 SYSTEMPATH/CodeIgniter.php(933): App\Controllers\Dashboard_controller->index()
 7 SYSTEMPATH/CodeIgniter.php(509): CodeIgniter\CodeIgniter->runController(Object(App\Controllers\Dashboard_controller))
 8 SYSTEMPATH/CodeIgniter.php(355): CodeIgniter\CodeIgniter->handleRequest(null, Object(Config\Cache), false)
 9 SYSTEMPATH/Boot.php(325): CodeIgniter\CodeIgniter->run()
10 SYSTEMPATH/Boot.php(67): CodeIgniter\Boot::runCodeIgniter(Object(CodeIgniter\CodeIgniter))
11 FCPATH/index.php(56): CodeIgniter\Boot::bootWeb(Object(Config\Paths))
WARNING - 2024-09-22 08:19:16 --> [DEPRECATED] number_format(): Passing null to parameter #1 ($num) of type float is deprecated in APPPATH/Views/kd_project/dashboard_view.php on line 160.
 1 APPPATH/Views/kd_project/dashboard_view.php(160): number_format(null, 2)
 2 SYSTEMPATH/View/View.php(234): include('/home/u877349608/domains/muraridubey.com/public_html/codeigniter/app/Views/kd_project/dashboard_view.php')
 3 SYSTEMPATH/View/View.php(237): CodeIgniter\View\View->CodeIgniter\View\{closure}()
 4 SYSTEMPATH/Common.php(1171): CodeIgniter\View\View->render('kd_project/dashboard_view', [], true)
 5 APPPATH/Controllers/Dashboard_controller.php(37): view('kd_project/dashboard_view', [...])
 6 SYSTEMPATH/CodeIgniter.php(933): App\Controllers\Dashboard_controller->index()
 7 SYSTEMPATH/CodeIgniter.php(509): CodeIgniter\CodeIgniter->runController(Object(App\Controllers\Dashboard_controller))
 8 SYSTEMPATH/CodeIgniter.php(355): CodeIgniter\CodeIgniter->handleRequest(null, Object(Config\Cache), false)
 9 SYSTEMPATH/Boot.php(325): CodeIgniter\CodeIgniter->run()
10 SYSTEMPATH/Boot.php(67): CodeIgniter\Boot::runCodeIgniter(Object(CodeIgniter\CodeIgniter))
11 FCPATH/index.php(56): CodeIgniter\Boot::bootWeb(Object(Config\Paths))
WARNING - 2024-09-22 08:19:16 --> [DEPRECATED] number_format(): Passing null to parameter #1 ($num) of type float is deprecated in APPPATH/Views/kd_project/dashboard_view.php on line 168.
 1 APPPATH/Views/kd_project/dashboard_view.php(168): number_format(null, 2)
 2 SYSTEMPATH/View/View.php(234): include('/home/u877349608/domains/muraridubey.com/public_html/codeigniter/app/Views/kd_project/dashboard_view.php')
 3 SYSTEMPATH/View/View.php(237): CodeIgniter\View\View->CodeIgniter\View\{closure}()
 4 SYSTEMPATH/Common.php(1171): CodeIgniter\View\View->render('kd_project/dashboard_view', [], true)
 5 APPPATH/Controllers/Dashboard_controller.php(37): view('kd_project/dashboard_view', [...])
 6 SYSTEMPATH/CodeIgniter.php(933): App\Controllers\Dashboard_controller->index()
 7 SYSTEMPATH/CodeIgniter.php(509): CodeIgniter\CodeIgniter->runController(Object(App\Controllers\Dashboard_controller))
 8 SYSTEMPATH/CodeIgniter.php(355): CodeIgniter\CodeIgniter->handleRequest(null, Object(Config\Cache), false)
 9 SYSTEMPATH/Boot.php(325): CodeIgniter\CodeIgniter->run()
10 SYSTEMPATH/Boot.php(67): CodeIgniter\Boot::runCodeIgniter(Object(CodeIgniter\CodeIgniter))
11 FCPATH/index.php(56): CodeIgniter\Boot::bootWeb(Object(Config\Paths))
WARNING - 2024-09-22 08:19:16 --> [DEPRECATED] number_format(): Passing null to parameter #1 ($num) of type float is deprecated in APPPATH/Views/kd_project/dashboard_view.php on line 161.
 1 APPPATH/Views/kd_project/dashboard_view.php(161): number_format(null, 2)
 2 SYSTEMPATH/View/View.php(234): include('/home/u877349608/domains/muraridubey.com/public_html/codeigniter/app/Views/kd_project/dashboard_view.php')
 3 SYSTEMPATH/View/View.php(237): CodeIgniter\View\View->CodeIgniter\View\{closure}()
 4 SYSTEMPATH/Common.php(1171): CodeIgniter\View\View->render('kd_project/dashboard_view', [], true)
 5 APPPATH/Controllers/Dashboard_controller.php(37): view('kd_project/dashboard_view', [...])
 6 SYSTEMPATH/CodeIgniter.php(933): App\Controllers\Dashboard_controller->index()
 7 SYSTEMPATH/CodeIgniter.php(509): CodeIgniter\CodeIgniter->runController(Object(App\Controllers\Dashboard_controller))
 8 SYSTEMPATH/CodeIgniter.php(355): CodeIgniter\CodeIgniter->handleRequest(null, Object(Config\Cache), false)
 9 SYSTEMPATH/Boot.php(325): CodeIgniter\CodeIgniter->run()
10 SYSTEMPATH/Boot.php(67): CodeIgniter\Boot::runCodeIgniter(Object(CodeIgniter\CodeIgniter))
11 FCPATH/index.php(56): CodeIgniter\Boot::bootWeb(Object(Config\Paths))
WARNING - 2024-09-22 08:19:16 --> [DEPRECATED] number_format(): Passing null to parameter #1 ($num) of type float is deprecated in APPPATH/Views/kd_project/dashboard_view.php on line 168.
 1 APPPATH/Views/kd_project/dashboard_view.php(168): number_format(null, 2)
 2 SYSTEMPATH/View/View.php(234): include('/home/u877349608/domains/muraridubey.com/public_html/codeigniter/app/Views/kd_project/dashboard_view.php')
 3 SYSTEMPATH/View/View.php(237): CodeIgniter\View\View->CodeIgniter\View\{closure}()
 4 SYSTEMPATH/Common.php(1171): CodeIgniter\View\View->render('kd_project/dashboard_view', [], true)
 5 APPPATH/Controllers/Dashboard_controller.php(37): view('kd_project/dashboard_view', [...])
 6 SYSTEMPATH/CodeIgniter.php(933): App\Controllers\Dashboard_controller->index()
 7 SYSTEMPATH/CodeIgniter.php(509): CodeIgniter\CodeIgniter->runController(Object(App\Controllers\Dashboard_controller))
 8 SYSTEMPATH/CodeIgniter.php(355): CodeIgniter\CodeIgniter->handleRequest(null, Object(Config\Cache), false)
 9 SYSTEMPATH/Boot.php(325): CodeIgniter\CodeIgniter->run()
10 SYSTEMPATH/Boot.php(67): CodeIgniter\Boot::runCodeIgniter(Object(CodeIgniter\CodeIgniter))
11 FCPATH/index.php(56): CodeIgniter\Boot::bootWeb(Object(Config\Paths))
WARNING - 2024-09-22 08:19:16 --> [DEPRECATED] number_format(): Passing null to parameter #1 ($num) of type float is deprecated in APPPATH/Views/kd_project/dashboard_view.php on line 164.
 1 APPPATH/Views/kd_project/dashboard_view.php(164): number_format(null, 2)
 2 SYSTEMPATH/View/View.php(234): include('/home/u877349608/domains/muraridubey.com/public_html/codeigniter/app/Views/kd_project/dashboard_view.php')
 3 SYSTEMPATH/View/View.php(237): CodeIgniter\View\View->CodeIgniter\View\{closure}()
 4 SYSTEMPATH/Common.php(1171): CodeIgniter\View\View->render('kd_project/dashboard_view', [], true)
 5 APPPATH/Controllers/Dashboard_controller.php(37): view('kd_project/dashboard_view', [...])
 6 SYSTEMPATH/CodeIgniter.php(933): App\Controllers\Dashboard_controller->index()
 7 SYSTEMPATH/CodeIgniter.php(509): CodeIgniter\CodeIgniter->runController(Object(App\Controllers\Dashboard_controller))
 8 SYSTEMPATH/CodeIgniter.php(355): CodeIgniter\CodeIgniter->handleRequest(null, Object(Config\Cache), false)
 9 SYSTEMPATH/Boot.php(325): CodeIgniter\CodeIgniter->run()
10 SYSTEMPATH/Boot.php(67): CodeIgniter\Boot::runCodeIgniter(Object(CodeIgniter\CodeIgniter))
11 FCPATH/index.php(56): CodeIgniter\Boot::bootWeb(Object(Config\Paths))
WARNING - 2024-09-22 08:19:16 --> [DEPRECATED] number_format(): Passing null to parameter #1 ($num) of type float is deprecated in APPPATH/Views/kd_project/dashboard_view.php on line 168.
 1 APPPATH/Views/kd_project/dashboard_view.php(168): number_format(null, 2)
 2 SYSTEMPATH/View/View.php(234): include('/home/u877349608/domains/muraridubey.com/public_html/codeigniter/app/Views/kd_project/dashboard_view.php')
 3 SYSTEMPATH/View/View.php(237): CodeIgniter\View\View->CodeIgniter\View\{closure}()
 4 SYSTEMPATH/Common.php(1171): CodeIgniter\View\View->render('kd_project/dashboard_view', [], true)
 5 APPPATH/Controllers/Dashboard_controller.php(37): view('kd_project/dashboard_view', [...])
 6 SYSTEMPATH/CodeIgniter.php(933): App\Controllers\Dashboard_controller->index()
 7 SYSTEMPATH/CodeIgniter.php(509): CodeIgniter\CodeIgniter->runController(Object(App\Controllers\Dashboard_controller))
 8 SYSTEMPATH/CodeIgniter.php(355): CodeIgniter\CodeIgniter->handleRequest(null, Object(Config\Cache), false)
 9 SYSTEMPATH/Boot.php(325): CodeIgniter\CodeIgniter->run()
10 SYSTEMPATH/Boot.php(67): CodeIgniter\Boot::runCodeIgniter(Object(CodeIgniter\CodeIgniter))
11 FCPATH/index.php(56): CodeIgniter\Boot::bootWeb(Object(Config\Paths))
WARNING - 2024-09-22 08:19:16 --> [DEPRECATED] number_format(): Passing null to parameter #1 ($num) of type float is deprecated in APPPATH/Views/kd_project/dashboard_view.php on line 161.
 1 APPPATH/Views/kd_project/dashboard_view.php(161): number_format(null, 2)
 2 SYSTEMPATH/View/View.php(234): include('/home/u877349608/domains/muraridubey.com/public_html/codeigniter/app/Views/kd_project/dashboard_view.php')
 3 SYSTEMPATH/View/View.php(237): CodeIgniter\View\View->CodeIgniter\View\{closure}()
 4 SYSTEMPATH/Common.php(1171): CodeIgniter\View\View->render('kd_project/dashboard_view', [], true)
 5 APPPATH/Controllers/Dashboard_controller.php(37): view('kd_project/dashboard_view', [...])
 6 SYSTEMPATH/CodeIgniter.php(933): App\Controllers\Dashboard_controller->index()
 7 SYSTEMPATH/CodeIgniter.php(509): CodeIgniter\CodeIgniter->runController(Object(App\Controllers\Dashboard_controller))
 8 SYSTEMPATH/CodeIgniter.php(355): CodeIgniter\CodeIgniter->handleRequest(null, Object(Config\Cache), false)
 9 SYSTEMPATH/Boot.php(325): CodeIgniter\CodeIgniter->run()
10 SYSTEMPATH/Boot.php(67): CodeIgniter\Boot::runCodeIgniter(Object(CodeIgniter\CodeIgniter))
11 FCPATH/index.php(56): CodeIgniter\Boot::bootWeb(Object(Config\Paths))
WARNING - 2024-09-22 08:19:16 --> [DEPRECATED] number_format(): Passing null to parameter #1 ($num) of type float is deprecated in APPPATH/Views/kd_project/dashboard_view.php on line 168.
 1 APPPATH/Views/kd_project/dashboard_view.php(168): number_format(null, 2)
 2 SYSTEMPATH/View/View.php(234): include('/home/u877349608/domains/muraridubey.com/public_html/codeigniter/app/Views/kd_project/dashboard_view.php')
 3 SYSTEMPATH/View/View.php(237): CodeIgniter\View\View->CodeIgniter\View\{closure}()
 4 SYSTEMPATH/Common.php(1171): CodeIgniter\View\View->render('kd_project/dashboard_view', [], true)
 5 APPPATH/Controllers/Dashboard_controller.php(37): view('kd_project/dashboard_view', [...])
 6 SYSTEMPATH/CodeIgniter.php(933): App\Controllers\Dashboard_controller->index()
 7 SYSTEMPATH/CodeIgniter.php(509): CodeIgniter\CodeIgniter->runController(Object(App\Controllers\Dashboard_controller))
 8 SYSTEMPATH/CodeIgniter.php(355): CodeIgniter\CodeIgniter->handleRequest(null, Object(Config\Cache), false)
 9 SYSTEMPATH/Boot.php(325): CodeIgniter\CodeIgniter->run()
10 SYSTEMPATH/Boot.php(67): CodeIgniter\Boot::runCodeIgniter(Object(CodeIgniter\CodeIgniter))
11 FCPATH/index.php(56): CodeIgniter\Boot::bootWeb(Object(Config\Paths))
WARNING - 2024-09-22 08:19:16 --> [DEPRECATED] number_format(): Passing null to parameter #1 ($num) of type float is deprecated in APPPATH/Views/kd_project/dashboard_view.php on line 161.
 1 APPPATH/Views/kd_project/dashboard_view.php(161): number_format(null, 2)
 2 SYSTEMPATH/View/View.php(234): include('/home/u877349608/domains/muraridubey.com/public_html/codeigniter/app/Views/kd_project/dashboard_view.php')
 3 SYSTEMPATH/View/View.php(237): CodeIgniter\View\View->CodeIgniter\View\{closure}()
 4 SYSTEMPATH/Common.php(1171): CodeIgniter\View\View->render('kd_project/dashboard_view', [], true)
 5 APPPATH/Controllers/Dashboard_controller.php(37): view('kd_project/dashboard_view', [...])
 6 SYSTEMPATH/CodeIgniter.php(933): App\Controllers\Dashboard_controller->index()
 7 SYSTEMPATH/CodeIgniter.php(509): CodeIgniter\CodeIgniter->runController(Object(App\Controllers\Dashboard_controller))
 8 SYSTEMPATH/CodeIgniter.php(355): CodeIgniter\CodeIgniter->handleRequest(null, Object(Config\Cache), false)
 9 SYSTEMPATH/Boot.php(325): CodeIgniter\CodeIgniter->run()
10 SYSTEMPATH/Boot.php(67): CodeIgniter\Boot::runCodeIgniter(Object(CodeIgniter\CodeIgniter))
11 FCPATH/index.php(56): CodeIgniter\Boot::bootWeb(Object(Config\Paths))
WARNING - 2024-09-22 08:19:16 --> [DEPRECATED] number_format(): Passing null to parameter #1 ($num) of type float is deprecated in APPPATH/Views/kd_project/dashboard_view.php on line 168.
 1 APPPATH/Views/kd_project/dashboard_view.php(168): number_format(null, 2)
 2 SYSTEMPATH/View/View.php(234): include('/home/u877349608/domains/muraridubey.com/public_html/codeigniter/app/Views/kd_project/dashboard_view.php')
 3 SYSTEMPATH/View/View.php(237): CodeIgniter\View\View->CodeIgniter\View\{closure}()
 4 SYSTEMPATH/Common.php(1171): CodeIgniter\View\View->render('kd_project/dashboard_view', [], true)
 5 APPPATH/Controllers/Dashboard_controller.php(37): view('kd_project/dashboard_view', [...])
 6 SYSTEMPATH/CodeIgniter.php(933): App\Controllers\Dashboard_controller->index()
 7 SYSTEMPATH/CodeIgniter.php(509): CodeIgniter\CodeIgniter->runController(Object(App\Controllers\Dashboard_controller))
 8 SYSTEMPATH/CodeIgniter.php(355): CodeIgniter\CodeIgniter->handleRequest(null, Object(Config\Cache), false)
 9 SYSTEMPATH/Boot.php(325): CodeIgniter\CodeIgniter->run()
10 SYSTEMPATH/Boot.php(67): CodeIgniter\Boot::runCodeIgniter(Object(CodeIgniter\CodeIgniter))
11 FCPATH/index.php(56): CodeIgniter\Boot::bootWeb(Object(Config\Paths))
INFO - 2024-09-22 08:21:56 --> Session: Class initialized using 'CodeIgniter\Session\Handlers\FileHandler' driver.
INFO - 2024-09-22 08:21:56 --> Session: Class initialized using 'CodeIgniter\Session\Handlers\FileHandler' driver.
INFO - 2024-09-22 08:22:05 --> Session: Class initialized using 'CodeIgniter\Session\Handlers\FileHandler' driver.
INFO - 2024-09-22 08:22:05 --> Session: Class initialized using 'CodeIgniter\Session\Handlers\FileHandler' driver.
INFO - 2024-09-22 08:22:09 --> Session: Class initialized using 'CodeIgniter\Session\Handlers\FileHandler' driver.
WARNING - 2024-09-22 08:22:09 --> [DEPRECATED] number_format(): Passing null to parameter #1 ($num) of type float is deprecated in APPPATH/Views/kd_project/dashboard_view.php on line 160.
 1 APPPATH/Views/kd_project/dashboard_view.php(160): number_format(null, 2)
 2 SYSTEMPATH/View/View.php(234): include('/home/u877349608/domains/muraridubey.com/public_html/codeigniter/app/Views/kd_project/dashboard_view.php')
 3 SYSTEMPATH/View/View.php(237): CodeIgniter\View\View->CodeIgniter\View\{closure}()
 4 SYSTEMPATH/Common.php(1171): CodeIgniter\View\View->render('kd_project/dashboard_view', [], true)
 5 APPPATH/Controllers/Dashboard_controller.php(37): view('kd_project/dashboard_view', [...])
 6 SYSTEMPATH/CodeIgniter.php(933): App\Controllers\Dashboard_controller->index()
 7 SYSTEMPATH/CodeIgniter.php(509): CodeIgniter\CodeIgniter->runController(Object(App\Controllers\Dashboard_controller))
 8 SYSTEMPATH/CodeIgniter.php(355): CodeIgniter\CodeIgniter->handleRequest(null, Object(Config\Cache), false)
 9 SYSTEMPATH/Boot.php(325): CodeIgniter\CodeIgniter->run()
10 SYSTEMPATH/Boot.php(67): CodeIgniter\Boot::runCodeIgniter(Object(CodeIgniter\CodeIgniter))
11 FCPATH/index.php(56): CodeIgniter\Boot::bootWeb(Object(Config\Paths))
WARNING - 2024-09-22 08:22:09 --> [DEPRECATED] number_format(): Passing null to parameter #1 ($num) of type float is deprecated in APPPATH/Views/kd_project/dashboard_view.php on line 168.
 1 APPPATH/Views/kd_project/dashboard_view.php(168): number_format(null, 2)
 2 SYSTEMPATH/View/View.php(234): include('/home/u877349608/domains/muraridubey.com/public_html/codeigniter/app/Views/kd_project/dashboard_view.php')
 3 SYSTEMPATH/View/View.php(237): CodeIgniter\View\View->CodeIgniter\View\{closure}()
 4 SYSTEMPATH/Common.php(1171): CodeIgniter\View\View->render('kd_project/dashboard_view', [], true)
 5 APPPATH/Controllers/Dashboard_controller.php(37): view('kd_project/dashboard_view', [...])
 6 SYSTEMPATH/CodeIgniter.php(933): App\Controllers\Dashboard_controller->index()
 7 SYSTEMPATH/CodeIgniter.php(509): CodeIgniter\CodeIgniter->runController(Object(App\Controllers\Dashboard_controller))
 8 SYSTEMPATH/CodeIgniter.php(355): CodeIgniter\CodeIgniter->handleRequest(null, Object(Config\Cache), false)
 9 SYSTEMPATH/Boot.php(325): CodeIgniter\CodeIgniter->run()
10 SYSTEMPATH/Boot.php(67): CodeIgniter\Boot::runCodeIgniter(Object(CodeIgniter\CodeIgniter))
11 FCPATH/index.php(56): CodeIgniter\Boot::bootWeb(Object(Config\Paths))
WARNING - 2024-09-22 08:22:09 --> [DEPRECATED] number_format(): Passing null to parameter #1 ($num) of type float is deprecated in APPPATH/Views/kd_project/dashboard_view.php on line 160.
 1 APPPATH/Views/kd_project/dashboard_view.php(160): number_format(null, 2)
 2 SYSTEMPATH/View/View.php(234): include('/home/u877349608/domains/muraridubey.com/public_html/codeigniter/app/Views/kd_project/dashboard_view.php')
 3 SYSTEMPATH/View/View.php(237): CodeIgniter\View\View->CodeIgniter\View\{closure}()
 4 SYSTEMPATH/Common.php(1171): CodeIgniter\View\View->render('kd_project/dashboard_view', [], true)
 5 APPPATH/Controllers/Dashboard_controller.php(37): view('kd_project/dashboard_view', [...])
 6 SYSTEMPATH/CodeIgniter.php(933): App\Controllers\Dashboard_controller->index()
 7 SYSTEMPATH/CodeIgniter.php(509): CodeIgniter\CodeIgniter->runController(Object(App\Controllers\Dashboard_controller))
 8 SYSTEMPATH/CodeIgniter.php(355): CodeIgniter\CodeIgniter->handleRequest(null, Object(Config\Cache), false)
 9 SYSTEMPATH/Boot.php(325): CodeIgniter\CodeIgniter->run()
10 SYSTEMPATH/Boot.php(67): CodeIgniter\Boot::runCodeIgniter(Object(CodeIgniter\CodeIgniter))
11 FCPATH/index.php(56): CodeIgniter\Boot::bootWeb(Object(Config\Paths))
WARNING - 2024-09-22 08:22:09 --> [DEPRECATED] number_format(): Passing null to parameter #1 ($num) of type float is deprecated in APPPATH/Views/kd_project/dashboard_view.php on line 168.
 1 APPPATH/Views/kd_project/dashboard_view.php(168): number_format(null, 2)
 2 SYSTEMPATH/View/View.php(234): include('/home/u877349608/domains/muraridubey.com/public_html/codeigniter/app/Views/kd_project/dashboard_view.php')
 3 SYSTEMPATH/View/View.php(237): CodeIgniter\View\View->CodeIgniter\View\{closure}()
 4 SYSTEMPATH/Common.php(1171): CodeIgniter\View\View->render('kd_project/dashboard_view', [], true)
 5 APPPATH/Controllers/Dashboard_controller.php(37): view('kd_project/dashboard_view', [...])
 6 SYSTEMPATH/CodeIgniter.php(933): App\Controllers\Dashboard_controller->index()
 7 SYSTEMPATH/CodeIgniter.php(509): CodeIgniter\CodeIgniter->runController(Object(App\Controllers\Dashboard_controller))
 8 SYSTEMPATH/CodeIgniter.php(355): CodeIgniter\CodeIgniter->handleRequest(null, Object(Config\Cache), false)
 9 SYSTEMPATH/Boot.php(325): CodeIgniter\CodeIgniter->run()
10 SYSTEMPATH/Boot.php(67): CodeIgniter\Boot::runCodeIgniter(Object(CodeIgniter\CodeIgniter))
11 FCPATH/index.php(56): CodeIgniter\Boot::bootWeb(Object(Config\Paths))
WARNING - 2024-09-22 08:22:09 --> [DEPRECATED] number_format(): Passing null to parameter #1 ($num) of type float is deprecated in APPPATH/Views/kd_project/dashboard_view.php on line 161.
 1 APPPATH/Views/kd_project/dashboard_view.php(161): number_format(null, 2)
 2 SYSTEMPATH/View/View.php(234): include('/home/u877349608/domains/muraridubey.com/public_html/codeigniter/app/Views/kd_project/dashboard_view.php')
 3 SYSTEMPATH/View/View.php(237): CodeIgniter\View\View->CodeIgniter\View\{closure}()
 4 SYSTEMPATH/Common.php(1171): CodeIgniter\View\View->render('kd_project/dashboard_view', [], true)
 5 APPPATH/Controllers/Dashboard_controller.php(37): view('kd_project/dashboard_view', [...])
 6 SYSTEMPATH/CodeIgniter.php(933): App\Controllers\Dashboard_controller->index()
 7 SYSTEMPATH/CodeIgniter.php(509): CodeIgniter\CodeIgniter->runController(Object(App\Controllers\Dashboard_controller))
 8 SYSTEMPATH/CodeIgniter.php(355): CodeIgniter\CodeIgniter->handleRequest(null, Object(Config\Cache), false)
 9 SYSTEMPATH/Boot.php(325): CodeIgniter\CodeIgniter->run()
10 SYSTEMPATH/Boot.php(67): CodeIgniter\Boot::runCodeIgniter(Object(CodeIgniter\CodeIgniter))
11 FCPATH/index.php(56): CodeIgniter\Boot::bootWeb(Object(Config\Paths))
WARNING - 2024-09-22 08:22:09 --> [DEPRECATED] number_format(): Passing null to parameter #1 ($num) of type float is deprecated in APPPATH/Views/kd_project/dashboard_view.php on line 168.
 1 APPPATH/Views/kd_project/dashboard_view.php(168): number_format(null, 2)
 2 SYSTEMPATH/View/View.php(234): include('/home/u877349608/domains/muraridubey.com/public_html/codeigniter/app/Views/kd_project/dashboard_view.php')
 3 SYSTEMPATH/View/View.php(237): CodeIgniter\View\View->CodeIgniter\View\{closure}()
 4 SYSTEMPATH/Common.php(1171): CodeIgniter\View\View->render('kd_project/dashboard_view', [], true)
 5 APPPATH/Controllers/Dashboard_controller.php(37): view('kd_project/dashboard_view', [...])
 6 SYSTEMPATH/CodeIgniter.php(933): App\Controllers\Dashboard_controller->index()
 7 SYSTEMPATH/CodeIgniter.php(509): CodeIgniter\CodeIgniter->runController(Object(App\Controllers\Dashboard_controller))
 8 SYSTEMPATH/CodeIgniter.php(355): CodeIgniter\CodeIgniter->handleRequest(null, Object(Config\Cache), false)
 9 SYSTEMPATH/Boot.php(325): CodeIgniter\CodeIgniter->run()
10 SYSTEMPATH/Boot.php(67): CodeIgniter\Boot::runCodeIgniter(Object(CodeIgniter\CodeIgniter))
11 FCPATH/index.php(56): CodeIgniter\Boot::bootWeb(Object(Config\Paths))
WARNING - 2024-09-22 08:22:09 --> [DEPRECATED] number_format(): Passing null to parameter #1 ($num) of type float is deprecated in APPPATH/Views/kd_project/dashboard_view.php on line 161.
 1 APPPATH/Views/kd_project/dashboard_view.php(161): number_format(null, 2)
 2 SYSTEMPATH/View/View.php(234): include('/home/u877349608/domains/muraridubey.com/public_html/codeigniter/app/Views/kd_project/dashboard_view.php')
 3 SYSTEMPATH/View/View.php(237): CodeIgniter\View\View->CodeIgniter\View\{closure}()
 4 SYSTEMPATH/Common.php(1171): CodeIgniter\View\View->render('kd_project/dashboard_view', [], true)
 5 APPPATH/Controllers/Dashboard_controller.php(37): view('kd_project/dashboard_view', [...])
 6 SYSTEMPATH/CodeIgniter.php(933): App\Controllers\Dashboard_controller->index()
 7 SYSTEMPATH/CodeIgniter.php(509): CodeIgniter\CodeIgniter->runController(Object(App\Controllers\Dashboard_controller))
 8 SYSTEMPATH/CodeIgniter.php(355): CodeIgniter\CodeIgniter->handleRequest(null, Object(Config\Cache), false)
 9 SYSTEMPATH/Boot.php(325): CodeIgniter\CodeIgniter->run()
10 SYSTEMPATH/Boot.php(67): CodeIgniter\Boot::runCodeIgniter(Object(CodeIgniter\CodeIgniter))
11 FCPATH/index.php(56): CodeIgniter\Boot::bootWeb(Object(Config\Paths))
WARNING - 2024-09-22 08:22:09 --> [DEPRECATED] number_format(): Passing null to parameter #1 ($num) of type float is deprecated in APPPATH/Views/kd_project/dashboard_view.php on line 168.
 1 APPPATH/Views/kd_project/dashboard_view.php(168): number_format(null, 2)
 2 SYSTEMPATH/View/View.php(234): include('/home/u877349608/domains/muraridubey.com/public_html/codeigniter/app/Views/kd_project/dashboard_view.php')
 3 SYSTEMPATH/View/View.php(237): CodeIgniter\View\View->CodeIgniter\View\{closure}()
 4 SYSTEMPATH/Common.php(1171): CodeIgniter\View\View->render('kd_project/dashboard_view', [], true)
 5 APPPATH/Controllers/Dashboard_controller.php(37): view('kd_project/dashboard_view', [...])
 6 SYSTEMPATH/CodeIgniter.php(933): App\Controllers\Dashboard_controller->index()
 7 SYSTEMPATH/CodeIgniter.php(509): CodeIgniter\CodeIgniter->runController(Object(App\Controllers\Dashboard_controller))
 8 SYSTEMPATH/CodeIgniter.php(355): CodeIgniter\CodeIgniter->handleRequest(null, Object(Config\Cache), false)
 9 SYSTEMPATH/Boot.php(325): CodeIgniter\CodeIgniter->run()
10 SYSTEMPATH/Boot.php(67): CodeIgniter\Boot::runCodeIgniter(Object(CodeIgniter\CodeIgniter))
11 FCPATH/index.php(56): CodeIgniter\Boot::bootWeb(Object(Config\Paths))
WARNING - 2024-09-22 08:22:09 --> [DEPRECATED] number_format(): Passing null to parameter #1 ($num) of type float is deprecated in APPPATH/Views/kd_project/dashboard_view.php on line 164.
 1 APPPATH/Views/kd_project/dashboard_view.php(164): number_format(null, 2)
 2 SYSTEMPATH/View/View.php(234): include('/home/u877349608/domains/muraridubey.com/public_html/codeigniter/app/Views/kd_project/dashboard_view.php')
 3 SYSTEMPATH/View/View.php(237): CodeIgniter\View\View->CodeIgniter\View\{closure}()
 4 SYSTEMPATH/Common.php(1171): CodeIgniter\View\View->render('kd_project/dashboard_view', [], true)
 5 APPPATH/Controllers/Dashboard_controller.php(37): view('kd_project/dashboard_view', [...])
 6 SYSTEMPATH/CodeIgniter.php(933): App\Controllers\Dashboard_controller->index()
 7 SYSTEMPATH/CodeIgniter.php(509): CodeIgniter\CodeIgniter->runController(Object(App\Controllers\Dashboard_controller))
 8 SYSTEMPATH/CodeIgniter.php(355): CodeIgniter\CodeIgniter->handleRequest(null, Object(Config\Cache), false)
 9 SYSTEMPATH/Boot.php(325): CodeIgniter\CodeIgniter->run()
10 SYSTEMPATH/Boot.php(67): CodeIgniter\Boot::runCodeIgniter(Object(CodeIgniter\CodeIgniter))
11 FCPATH/index.php(56): CodeIgniter\Boot::bootWeb(Object(Config\Paths))
WARNING - 2024-09-22 08:22:09 --> [DEPRECATED] number_format(): Passing null to parameter #1 ($num) of type float is deprecated in APPPATH/Views/kd_project/dashboard_view.php on line 168.
 1 APPPATH/Views/kd_project/dashboard_view.php(168): number_format(null, 2)
 2 SYSTEMPATH/View/View.php(234): include('/home/u877349608/domains/muraridubey.com/public_html/codeigniter/app/Views/kd_project/dashboard_view.php')
 3 SYSTEMPATH/View/View.php(237): CodeIgniter\View\View->CodeIgniter\View\{closure}()
 4 SYSTEMPATH/Common.php(1171): CodeIgniter\View\View->render('kd_project/dashboard_view', [], true)
 5 APPPATH/Controllers/Dashboard_controller.php(37): view('kd_project/dashboard_view', [...])
 6 SYSTEMPATH/CodeIgniter.php(933): App\Controllers\Dashboard_controller->index()
 7 SYSTEMPATH/CodeIgniter.php(509): CodeIgniter\CodeIgniter->runController(Object(App\Controllers\Dashboard_controller))
 8 SYSTEMPATH/CodeIgniter.php(355): CodeIgniter\CodeIgniter->handleRequest(null, Object(Config\Cache), false)
 9 SYSTEMPATH/Boot.php(325): CodeIgniter\CodeIgniter->run()
10 SYSTEMPATH/Boot.php(67): CodeIgniter\Boot::runCodeIgniter(Object(CodeIgniter\CodeIgniter))
11 FCPATH/index.php(56): CodeIgniter\Boot::bootWeb(Object(Config\Paths))
WARNING - 2024-09-22 08:22:09 --> [DEPRECATED] number_format(): Passing null to parameter #1 ($num) of type float is deprecated in APPPATH/Views/kd_project/dashboard_view.php on line 161.
 1 APPPATH/Views/kd_project/dashboard_view.php(161): number_format(null, 2)
 2 SYSTEMPATH/View/View.php(234): include('/home/u877349608/domains/muraridubey.com/public_html/codeigniter/app/Views/kd_project/dashboard_view.php')
 3 SYSTEMPATH/View/View.php(237): CodeIgniter\View\View->CodeIgniter\View\{closure}()
 4 SYSTEMPATH/Common.php(1171): CodeIgniter\View\View->render('kd_project/dashboard_view', [], true)
 5 APPPATH/Controllers/Dashboard_controller.php(37): view('kd_project/dashboard_view', [...])
 6 SYSTEMPATH/CodeIgniter.php(933): App\Controllers\Dashboard_controller->index()
 7 SYSTEMPATH/CodeIgniter.php(509): CodeIgniter\CodeIgniter->runController(Object(App\Controllers\Dashboard_controller))
 8 SYSTEMPATH/CodeIgniter.php(355): CodeIgniter\CodeIgniter->handleRequest(null, Object(Config\Cache), false)
 9 SYSTEMPATH/Boot.php(325): CodeIgniter\CodeIgniter->run()
10 SYSTEMPATH/Boot.php(67): CodeIgniter\Boot::runCodeIgniter(Object(CodeIgniter\CodeIgniter))
11 FCPATH/index.php(56): CodeIgniter\Boot::bootWeb(Object(Config\Paths))
WARNING - 2024-09-22 08:22:09 --> [DEPRECATED] number_format(): Passing null to parameter #1 ($num) of type float is deprecated in APPPATH/Views/kd_project/dashboard_view.php on line 168.
 1 APPPATH/Views/kd_project/dashboard_view.php(168): number_format(null, 2)
 2 SYSTEMPATH/View/View.php(234): include('/home/u877349608/domains/muraridubey.com/public_html/codeigniter/app/Views/kd_project/dashboard_view.php')
 3 SYSTEMPATH/View/View.php(237): CodeIgniter\View\View->CodeIgniter\View\{closure}()
 4 SYSTEMPATH/Common.php(1171): CodeIgniter\View\View->render('kd_project/dashboard_view', [], true)
 5 APPPATH/Controllers/Dashboard_controller.php(37): view('kd_project/dashboard_view', [...])
 6 SYSTEMPATH/CodeIgniter.php(933): App\Controllers\Dashboard_controller->index()
 7 SYSTEMPATH/CodeIgniter.php(509): CodeIgniter\CodeIgniter->runController(Object(App\Controllers\Dashboard_controller))
 8 SYSTEMPATH/CodeIgniter.php(355): CodeIgniter\CodeIgniter->handleRequest(null, Object(Config\Cache), false)
 9 SYSTEMPATH/Boot.php(325): CodeIgniter\CodeIgniter->run()
10 SYSTEMPATH/Boot.php(67): CodeIgniter\Boot::runCodeIgniter(Object(CodeIgniter\CodeIgniter))
11 FCPATH/index.php(56): CodeIgniter\Boot::bootWeb(Object(Config\Paths))
WARNING - 2024-09-22 08:22:09 --> [DEPRECATED] number_format(): Passing null to parameter #1 ($num) of type float is deprecated in APPPATH/Views/kd_project/dashboard_view.php on line 161.
 1 APPPATH/Views/kd_project/dashboard_view.php(161): number_format(null, 2)
 2 SYSTEMPATH/View/View.php(234): include('/home/u877349608/domains/muraridubey.com/public_html/codeigniter/app/Views/kd_project/dashboard_view.php')
 3 SYSTEMPATH/View/View.php(237): CodeIgniter\View\View->CodeIgniter\View\{closure}()
 4 SYSTEMPATH/Common.php(1171): CodeIgniter\View\View->render('kd_project/dashboard_view', [], true)
 5 APPPATH/Controllers/Dashboard_controller.php(37): view('kd_project/dashboard_view', [...])
 6 SYSTEMPATH/CodeIgniter.php(933): App\Controllers\Dashboard_controller->index()
 7 SYSTEMPATH/CodeIgniter.php(509): CodeIgniter\CodeIgniter->runController(Object(App\Controllers\Dashboard_controller))
 8 SYSTEMPATH/CodeIgniter.php(355): CodeIgniter\CodeIgniter->handleRequest(null, Object(Config\Cache), false)
 9 SYSTEMPATH/Boot.php(325): CodeIgniter\CodeIgniter->run()
10 SYSTEMPATH/Boot.php(67): CodeIgniter\Boot::runCodeIgniter(Object(CodeIgniter\CodeIgniter))
11 FCPATH/index.php(56): CodeIgniter\Boot::bootWeb(Object(Config\Paths))
WARNING - 2024-09-22 08:22:09 --> [DEPRECATED] number_format(): Passing null to parameter #1 ($num) of type float is deprecated in APPPATH/Views/kd_project/dashboard_view.php on line 168.
 1 APPPATH/Views/kd_project/dashboard_view.php(168): number_format(null, 2)
 2 SYSTEMPATH/View/View.php(234): include('/home/u877349608/domains/muraridubey.com/public_html/codeigniter/app/Views/kd_project/dashboard_view.php')
 3 SYSTEMPATH/View/View.php(237): CodeIgniter\View\View->CodeIgniter\View\{closure}()
 4 SYSTEMPATH/Common.php(1171): CodeIgniter\View\View->render('kd_project/dashboard_view', [], true)
 5 APPPATH/Controllers/Dashboard_controller.php(37): view('kd_project/dashboard_view', [...])
 6 SYSTEMPATH/CodeIgniter.php(933): App\Controllers\Dashboard_controller->index()
 7 SYSTEMPATH/CodeIgniter.php(509): CodeIgniter\CodeIgniter->runController(Object(App\Controllers\Dashboard_controller))
 8 SYSTEMPATH/CodeIgniter.php(355): CodeIgniter\CodeIgniter->handleRequest(null, Object(Config\Cache), false)
 9 SYSTEMPATH/Boot.php(325): CodeIgniter\CodeIgniter->run()
10 SYSTEMPATH/Boot.php(67): CodeIgniter\Boot::runCodeIgniter(Object(CodeIgniter\CodeIgniter))
11 FCPATH/index.php(56): CodeIgniter\Boot::bootWeb(Object(Config\Paths))
INFO - 2024-09-22 08:23:53 --> Session: Class initialized using 'CodeIgniter\Session\Handlers\FileHandler' driver.
WARNING - 2024-09-22 08:23:53 --> [DEPRECATED] number_format(): Passing null to parameter #1 ($num) of type float is deprecated in APPPATH/Views/kd_project/dashboard_view.php on line 160.
 1 APPPATH/Views/kd_project/dashboard_view.php(160): number_format(null, 2)
 2 SYSTEMPATH/View/View.php(234): include('/home/u877349608/domains/muraridubey.com/public_html/codeigniter/app/Views/kd_project/dashboard_view.php')
 3 SYSTEMPATH/View/View.php(237): CodeIgniter\View\View->CodeIgniter\View\{closure}()
 4 SYSTEMPATH/Common.php(1171): CodeIgniter\View\View->render('kd_project/dashboard_view', [], true)
 5 APPPATH/Controllers/Dashboard_controller.php(37): view('kd_project/dashboard_view', [...])
 6 SYSTEMPATH/CodeIgniter.php(933): App\Controllers\Dashboard_controller->index()
 7 SYSTEMPATH/CodeIgniter.php(509): CodeIgniter\CodeIgniter->runController(Object(App\Controllers\Dashboard_controller))
 8 SYSTEMPATH/CodeIgniter.php(355): CodeIgniter\CodeIgniter->handleRequest(null, Object(Config\Cache), false)
 9 SYSTEMPATH/Boot.php(325): CodeIgniter\CodeIgniter->run()
10 SYSTEMPATH/Boot.php(67): CodeIgniter\Boot::runCodeIgniter(Object(CodeIgniter\CodeIgniter))
11 FCPATH/index.php(56): CodeIgniter\Boot::bootWeb(Object(Config\Paths))
WARNING - 2024-09-22 08:23:53 --> [DEPRECATED] number_format(): Passing null to parameter #1 ($num) of type float is deprecated in APPPATH/Views/kd_project/dashboard_view.php on line 168.
 1 APPPATH/Views/kd_project/dashboard_view.php(168): number_format(null, 2)
 2 SYSTEMPATH/View/View.php(234): include('/home/u877349608/domains/muraridubey.com/public_html/codeigniter/app/Views/kd_project/dashboard_view.php')
 3 SYSTEMPATH/View/View.php(237): CodeIgniter\View\View->CodeIgniter\View\{closure}()
 4 SYSTEMPATH/Common.php(1171): CodeIgniter\View\View->render('kd_project/dashboard_view', [], true)
 5 APPPATH/Controllers/Dashboard_controller.php(37): view('kd_project/dashboard_view', [...])
 6 SYSTEMPATH/CodeIgniter.php(933): App\Controllers\Dashboard_controller->index()
 7 SYSTEMPATH/CodeIgniter.php(509): CodeIgniter\CodeIgniter->runController(Object(App\Controllers\Dashboard_controller))
 8 SYSTEMPATH/CodeIgniter.php(355): CodeIgniter\CodeIgniter->handleRequest(null, Object(Config\Cache), false)
 9 SYSTEMPATH/Boot.php(325): CodeIgniter\CodeIgniter->run()
10 SYSTEMPATH/Boot.php(67): CodeIgniter\Boot::runCodeIgniter(Object(CodeIgniter\CodeIgniter))
11 FCPATH/index.php(56): CodeIgniter\Boot::bootWeb(Object(Config\Paths))
WARNING - 2024-09-22 08:23:53 --> [DEPRECATED] number_format(): Passing null to parameter #1 ($num) of type float is deprecated in APPPATH/Views/kd_project/dashboard_view.php on line 160.
 1 APPPATH/Views/kd_project/dashboard_view.php(160): number_format(null, 2)
 2 SYSTEMPATH/View/View.php(234): include('/home/u877349608/domains/muraridubey.com/public_html/codeigniter/app/Views/kd_project/dashboard_view.php')
 3 SYSTEMPATH/View/View.php(237): CodeIgniter\View\View->CodeIgniter\View\{closure}()
 4 SYSTEMPATH/Common.php(1171): CodeIgniter\View\View->render('kd_project/dashboard_view', [], true)
 5 APPPATH/Controllers/Dashboard_controller.php(37): view('kd_project/dashboard_view', [...])
 6 SYSTEMPATH/CodeIgniter.php(933): App\Controllers\Dashboard_controller->index()
 7 SYSTEMPATH/CodeIgniter.php(509): CodeIgniter\CodeIgniter->runController(Object(App\Controllers\Dashboard_controller))
 8 SYSTEMPATH/CodeIgniter.php(355): CodeIgniter\CodeIgniter->handleRequest(null, Object(Config\Cache), false)
 9 SYSTEMPATH/Boot.php(325): CodeIgniter\CodeIgniter->run()
10 SYSTEMPATH/Boot.php(67): CodeIgniter\Boot::runCodeIgniter(Object(CodeIgniter\CodeIgniter))
11 FCPATH/index.php(56): CodeIgniter\Boot::bootWeb(Object(Config\Paths))
WARNING - 2024-09-22 08:23:53 --> [DEPRECATED] number_format(): Passing null to parameter #1 ($num) of type float is deprecated in APPPATH/Views/kd_project/dashboard_view.php on line 168.
 1 APPPATH/Views/kd_project/dashboard_view.php(168): number_format(null, 2)
 2 SYSTEMPATH/View/View.php(234): include('/home/u877349608/domains/muraridubey.com/public_html/codeigniter/app/Views/kd_project/dashboard_view.php')
 3 SYSTEMPATH/View/View.php(237): CodeIgniter\View\View->CodeIgniter\View\{closure}()
 4 SYSTEMPATH/Common.php(1171): CodeIgniter\View\View->render('kd_project/dashboard_view', [], true)
 5 APPPATH/Controllers/Dashboard_controller.php(37): view('kd_project/dashboard_view', [...])
 6 SYSTEMPATH/CodeIgniter.php(933): App\Controllers\Dashboard_controller->index()
 7 SYSTEMPATH/CodeIgniter.php(509): CodeIgniter\CodeIgniter->runController(Object(App\Controllers\Dashboard_controller))
 8 SYSTEMPATH/CodeIgniter.php(355): CodeIgniter\CodeIgniter->handleRequest(null, Object(Config\Cache), false)
 9 SYSTEMPATH/Boot.php(325): CodeIgniter\CodeIgniter->run()
10 SYSTEMPATH/Boot.php(67): CodeIgniter\Boot::runCodeIgniter(Object(CodeIgniter\CodeIgniter))
11 FCPATH/index.php(56): CodeIgniter\Boot::bootWeb(Object(Config\Paths))
WARNING - 2024-09-22 08:23:53 --> [DEPRECATED] number_format(): Passing null to parameter #1 ($num) of type float is deprecated in APPPATH/Views/kd_project/dashboard_view.php on line 161.
 1 APPPATH/Views/kd_project/dashboard_view.php(161): number_format(null, 2)
 2 SYSTEMPATH/View/View.php(234): include('/home/u877349608/domains/muraridubey.com/public_html/codeigniter/app/Views/kd_project/dashboard_view.php')
 3 SYSTEMPATH/View/View.php(237): CodeIgniter\View\View->CodeIgniter\View\{closure}()
 4 SYSTEMPATH/Common.php(1171): CodeIgniter\View\View->render('kd_project/dashboard_view', [], true)
 5 APPPATH/Controllers/Dashboard_controller.php(37): view('kd_project/dashboard_view', [...])
 6 SYSTEMPATH/CodeIgniter.php(933): App\Controllers\Dashboard_controller->index()
 7 SYSTEMPATH/CodeIgniter.php(509): CodeIgniter\CodeIgniter->runController(Object(App\Controllers\Dashboard_controller))
 8 SYSTEMPATH/CodeIgniter.php(355): CodeIgniter\CodeIgniter->handleRequest(null, Object(Config\Cache), false)
 9 SYSTEMPATH/Boot.php(325): CodeIgniter\CodeIgniter->run()
10 SYSTEMPATH/Boot.php(67): CodeIgniter\Boot::runCodeIgniter(Object(CodeIgniter\CodeIgniter))
11 FCPATH/index.php(56): CodeIgniter\Boot::bootWeb(Object(Config\Paths))
WARNING - 2024-09-22 08:23:53 --> [DEPRECATED] number_format(): Passing null to parameter #1 ($num) of type float is deprecated in APPPATH/Views/kd_project/dashboard_view.php on line 168.
 1 APPPATH/Views/kd_project/dashboard_view.php(168): number_format(null, 2)
 2 SYSTEMPATH/View/View.php(234): include('/home/u877349608/domains/muraridubey.com/public_html/codeigniter/app/Views/kd_project/dashboard_view.php')
 3 SYSTEMPATH/View/View.php(237): CodeIgniter\View\View->CodeIgniter\View\{closure}()
 4 SYSTEMPATH/Common.php(1171): CodeIgniter\View\View->render('kd_project/dashboard_view', [], true)
 5 APPPATH/Controllers/Dashboard_controller.php(37): view('kd_project/dashboard_view', [...])
 6 SYSTEMPATH/CodeIgniter.php(933): App\Controllers\Dashboard_controller->index()
 7 SYSTEMPATH/CodeIgniter.php(509): CodeIgniter\CodeIgniter->runController(Object(App\Controllers\Dashboard_controller))
 8 SYSTEMPATH/CodeIgniter.php(355): CodeIgniter\CodeIgniter->handleRequest(null, Object(Config\Cache), false)
 9 SYSTEMPATH/Boot.php(325): CodeIgniter\CodeIgniter->run()
10 SYSTEMPATH/Boot.php(67): CodeIgniter\Boot::runCodeIgniter(Object(CodeIgniter\CodeIgniter))
11 FCPATH/index.php(56): CodeIgniter\Boot::bootWeb(Object(Config\Paths))
WARNING - 2024-09-22 08:23:53 --> [DEPRECATED] number_format(): Passing null to parameter #1 ($num) of type float is deprecated in APPPATH/Views/kd_project/dashboard_view.php on line 161.
 1 APPPATH/Views/kd_project/dashboard_view.php(161): number_format(null, 2)
 2 SYSTEMPATH/View/View.php(234): include('/home/u877349608/domains/muraridubey.com/public_html/codeigniter/app/Views/kd_project/dashboard_view.php')
 3 SYSTEMPATH/View/View.php(237): CodeIgniter\View\View->CodeIgniter\View\{closure}()
 4 SYSTEMPATH/Common.php(1171): CodeIgniter\View\View->render('kd_project/dashboard_view', [], true)
 5 APPPATH/Controllers/Dashboard_controller.php(37): view('kd_project/dashboard_view', [...])
 6 SYSTEMPATH/CodeIgniter.php(933): App\Controllers\Dashboard_controller->index()
 7 SYSTEMPATH/CodeIgniter.php(509): CodeIgniter\CodeIgniter->runController(Object(App\Controllers\Dashboard_controller))
 8 SYSTEMPATH/CodeIgniter.php(355): CodeIgniter\CodeIgniter->handleRequest(null, Object(Config\Cache), false)
 9 SYSTEMPATH/Boot.php(325): CodeIgniter\CodeIgniter->run()
10 SYSTEMPATH/Boot.php(67): CodeIgniter\Boot::runCodeIgniter(Object(CodeIgniter\CodeIgniter))
11 FCPATH/index.php(56): CodeIgniter\Boot::bootWeb(Object(Config\Paths))
WARNING - 2024-09-22 08:23:53 --> [DEPRECATED] number_format(): Passing null to parameter #1 ($num) of type float is deprecated in APPPATH/Views/kd_project/dashboard_view.php on line 168.
 1 APPPATH/Views/kd_project/dashboard_view.php(168): number_format(null, 2)
 2 SYSTEMPATH/View/View.php(234): include('/home/u877349608/domains/muraridubey.com/public_html/codeigniter/app/Views/kd_project/dashboard_view.php')
 3 SYSTEMPATH/View/View.php(237): CodeIgniter\View\View->CodeIgniter\View\{closure}()
 4 SYSTEMPATH/Common.php(1171): CodeIgniter\View\View->render('kd_project/dashboard_view', [], true)
 5 APPPATH/Controllers/Dashboard_controller.php(37): view('kd_project/dashboard_view', [...])
 6 SYSTEMPATH/CodeIgniter.php(933): App\Controllers\Dashboard_controller->index()
 7 SYSTEMPATH/CodeIgniter.php(509): CodeIgniter\CodeIgniter->runController(Object(App\Controllers\Dashboard_controller))
 8 SYSTEMPATH/CodeIgniter.php(355): CodeIgniter\CodeIgniter->handleRequest(null, Object(Config\Cache), false)
 9 SYSTEMPATH/Boot.php(325): CodeIgniter\CodeIgniter->run()
10 SYSTEMPATH/Boot.php(67): CodeIgniter\Boot::runCodeIgniter(Object(CodeIgniter\CodeIgniter))
11 FCPATH/index.php(56): CodeIgniter\Boot::bootWeb(Object(Config\Paths))
WARNING - 2024-09-22 08:23:53 --> [DEPRECATED] number_format(): Passing null to parameter #1 ($num) of type float is deprecated in APPPATH/Views/kd_project/dashboard_view.php on line 164.
 1 APPPATH/Views/kd_project/dashboard_view.php(164): number_format(null, 2)
 2 SYSTEMPATH/View/View.php(234): include('/home/u877349608/domains/muraridubey.com/public_html/codeigniter/app/Views/kd_project/dashboard_view.php')
 3 SYSTEMPATH/View/View.php(237): CodeIgniter\View\View->CodeIgniter\View\{closure}()
 4 SYSTEMPATH/Common.php(1171): CodeIgniter\View\View->render('kd_project/dashboard_view', [], true)
 5 APPPATH/Controllers/Dashboard_controller.php(37): view('kd_project/dashboard_view', [...])
 6 SYSTEMPATH/CodeIgniter.php(933): App\Controllers\Dashboard_controller->index()
 7 SYSTEMPATH/CodeIgniter.php(509): CodeIgniter\CodeIgniter->runController(Object(App\Controllers\Dashboard_controller))
 8 SYSTEMPATH/CodeIgniter.php(355): CodeIgniter\CodeIgniter->handleRequest(null, Object(Config\Cache), false)
 9 SYSTEMPATH/Boot.php(325): CodeIgniter\CodeIgniter->run()
10 SYSTEMPATH/Boot.php(67): CodeIgniter\Boot::runCodeIgniter(Object(CodeIgniter\CodeIgniter))
11 FCPATH/index.php(56): CodeIgniter\Boot::bootWeb(Object(Config\Paths))
WARNING - 2024-09-22 08:23:53 --> [DEPRECATED] number_format(): Passing null to parameter #1 ($num) of type float is deprecated in APPPATH/Views/kd_project/dashboard_view.php on line 168.
 1 APPPATH/Views/kd_project/dashboard_view.php(168): number_format(null, 2)
 2 SYSTEMPATH/View/View.php(234): include('/home/u877349608/domains/muraridubey.com/public_html/codeigniter/app/Views/kd_project/dashboard_view.php')
 3 SYSTEMPATH/View/View.php(237): CodeIgniter\View\View->CodeIgniter\View\{closure}()
 4 SYSTEMPATH/Common.php(1171): CodeIgniter\View\View->render('kd_project/dashboard_view', [], true)
 5 APPPATH/Controllers/Dashboard_controller.php(37): view('kd_project/dashboard_view', [...])
 6 SYSTEMPATH/CodeIgniter.php(933): App\Controllers\Dashboard_controller->index()
 7 SYSTEMPATH/CodeIgniter.php(509): CodeIgniter\CodeIgniter->runController(Object(App\Controllers\Dashboard_controller))
 8 SYSTEMPATH/CodeIgniter.php(355): CodeIgniter\CodeIgniter->handleRequest(null, Object(Config\Cache), false)
 9 SYSTEMPATH/Boot.php(325): CodeIgniter\CodeIgniter->run()
10 SYSTEMPATH/Boot.php(67): CodeIgniter\Boot::runCodeIgniter(Object(CodeIgniter\CodeIgniter))
11 FCPATH/index.php(56): CodeIgniter\Boot::bootWeb(Object(Config\Paths))
WARNING - 2024-09-22 08:23:53 --> [DEPRECATED] number_format(): Passing null to parameter #1 ($num) of type float is deprecated in APPPATH/Views/kd_project/dashboard_view.php on line 161.
 1 APPPATH/Views/kd_project/dashboard_view.php(161): number_format(null, 2)
 2 SYSTEMPATH/View/View.php(234): include('/home/u877349608/domains/muraridubey.com/public_html/codeigniter/app/Views/kd_project/dashboard_view.php')
 3 SYSTEMPATH/View/View.php(237): CodeIgniter\View\View->CodeIgniter\View\{closure}()
 4 SYSTEMPATH/Common.php(1171): CodeIgniter\View\View->render('kd_project/dashboard_view', [], true)
 5 APPPATH/Controllers/Dashboard_controller.php(37): view('kd_project/dashboard_view', [...])
 6 SYSTEMPATH/CodeIgniter.php(933): App\Controllers\Dashboard_controller->index()
 7 SYSTEMPATH/CodeIgniter.php(509): CodeIgniter\CodeIgniter->runController(Object(App\Controllers\Dashboard_controller))
 8 SYSTEMPATH/CodeIgniter.php(355): CodeIgniter\CodeIgniter->handleRequest(null, Object(Config\Cache), false)
 9 SYSTEMPATH/Boot.php(325): CodeIgniter\CodeIgniter->run()
10 SYSTEMPATH/Boot.php(67): CodeIgniter\Boot::runCodeIgniter(Object(CodeIgniter\CodeIgniter))
11 FCPATH/index.php(56): CodeIgniter\Boot::bootWeb(Object(Config\Paths))
WARNING - 2024-09-22 08:23:53 --> [DEPRECATED] number_format(): Passing null to parameter #1 ($num) of type float is deprecated in APPPATH/Views/kd_project/dashboard_view.php on line 168.
 1 APPPATH/Views/kd_project/dashboard_view.php(168): number_format(null, 2)
 2 SYSTEMPATH/View/View.php(234): include('/home/u877349608/domains/muraridubey.com/public_html/codeigniter/app/Views/kd_project/dashboard_view.php')
 3 SYSTEMPATH/View/View.php(237): CodeIgniter\View\View->CodeIgniter\View\{closure}()
 4 SYSTEMPATH/Common.php(1171): CodeIgniter\View\View->render('kd_project/dashboard_view', [], true)
 5 APPPATH/Controllers/Dashboard_controller.php(37): view('kd_project/dashboard_view', [...])
 6 SYSTEMPATH/CodeIgniter.php(933): App\Controllers\Dashboard_controller->index()
 7 SYSTEMPATH/CodeIgniter.php(509): CodeIgniter\CodeIgniter->runController(Object(App\Controllers\Dashboard_controller))
 8 SYSTEMPATH/CodeIgniter.php(355): CodeIgniter\CodeIgniter->handleRequest(null, Object(Config\Cache), false)
 9 SYSTEMPATH/Boot.php(325): CodeIgniter\CodeIgniter->run()
10 SYSTEMPATH/Boot.php(67): CodeIgniter\Boot::runCodeIgniter(Object(CodeIgniter\CodeIgniter))
11 FCPATH/index.php(56): CodeIgniter\Boot::bootWeb(Object(Config\Paths))
WARNING - 2024-09-22 08:23:53 --> [DEPRECATED] number_format(): Passing null to parameter #1 ($num) of type float is deprecated in APPPATH/Views/kd_project/dashboard_view.php on line 161.
 1 APPPATH/Views/kd_project/dashboard_view.php(161): number_format(null, 2)
 2 SYSTEMPATH/View/View.php(234): include('/home/u877349608/domains/muraridubey.com/public_html/codeigniter/app/Views/kd_project/dashboard_view.php')
 3 SYSTEMPATH/View/View.php(237): CodeIgniter\View\View->CodeIgniter\View\{closure}()
 4 SYSTEMPATH/Common.php(1171): CodeIgniter\View\View->render('kd_project/dashboard_view', [], true)
 5 APPPATH/Controllers/Dashboard_controller.php(37): view('kd_project/dashboard_view', [...])
 6 SYSTEMPATH/CodeIgniter.php(933): App\Controllers\Dashboard_controller->index()
 7 SYSTEMPATH/CodeIgniter.php(509): CodeIgniter\CodeIgniter->runController(Object(App\Controllers\Dashboard_controller))
 8 SYSTEMPATH/CodeIgniter.php(355): CodeIgniter\CodeIgniter->handleRequest(null, Object(Config\Cache), false)
 9 SYSTEMPATH/Boot.php(325): CodeIgniter\CodeIgniter->run()
10 SYSTEMPATH/Boot.php(67): CodeIgniter\Boot::runCodeIgniter(Object(CodeIgniter\CodeIgniter))
11 FCPATH/index.php(56): CodeIgniter\Boot::bootWeb(Object(Config\Paths))
WARNING - 2024-09-22 08:23:53 --> [DEPRECATED] number_format(): Passing null to parameter #1 ($num) of type float is deprecated in APPPATH/Views/kd_project/dashboard_view.php on line 168.
 1 APPPATH/Views/kd_project/dashboard_view.php(168): number_format(null, 2)
 2 SYSTEMPATH/View/View.php(234): include('/home/u877349608/domains/muraridubey.com/public_html/codeigniter/app/Views/kd_project/dashboard_view.php')
 3 SYSTEMPATH/View/View.php(237): CodeIgniter\View\View->CodeIgniter\View\{closure}()
 4 SYSTEMPATH/Common.php(1171): CodeIgniter\View\View->render('kd_project/dashboard_view', [], true)
 5 APPPATH/Controllers/Dashboard_controller.php(37): view('kd_project/dashboard_view', [...])
 6 SYSTEMPATH/CodeIgniter.php(933): App\Controllers\Dashboard_controller->index()
 7 SYSTEMPATH/CodeIgniter.php(509): CodeIgniter\CodeIgniter->runController(Object(App\Controllers\Dashboard_controller))
 8 SYSTEMPATH/CodeIgniter.php(355): CodeIgniter\CodeIgniter->handleRequest(null, Object(Config\Cache), false)
 9 SYSTEMPATH/Boot.php(325): CodeIgniter\CodeIgniter->run()
10 SYSTEMPATH/Boot.php(67): CodeIgniter\Boot::runCodeIgniter(Object(CodeIgniter\CodeIgniter))
11 FCPATH/index.php(56): CodeIgniter\Boot::bootWeb(Object(Config\Paths))
INFO - 2024-09-22 08:26:38 --> Session: Class initialized using 'CodeIgniter\Session\Handlers\FileHandler' driver.
WARNING - 2024-09-22 08:26:38 --> [DEPRECATED] number_format(): Passing null to parameter #1 ($num) of type float is deprecated in APPPATH/Views/kd_project/dashboard_view.php on line 160.
 1 APPPATH/Views/kd_project/dashboard_view.php(160): number_format(null, 2)
 2 SYSTEMPATH/View/View.php(234): include('/home/u877349608/domains/muraridubey.com/public_html/codeigniter/app/Views/kd_project/dashboard_view.php')
 3 SYSTEMPATH/View/View.php(237): CodeIgniter\View\View->CodeIgniter\View\{closure}()
 4 SYSTEMPATH/Common.php(1171): CodeIgniter\View\View->render('kd_project/dashboard_view', [], true)
 5 APPPATH/Controllers/Dashboard_controller.php(37): view('kd_project/dashboard_view', [...])
 6 SYSTEMPATH/CodeIgniter.php(933): App\Controllers\Dashboard_controller->index()
 7 SYSTEMPATH/CodeIgniter.php(509): CodeIgniter\CodeIgniter->runController(Object(App\Controllers\Dashboard_controller))
 8 SYSTEMPATH/CodeIgniter.php(355): CodeIgniter\CodeIgniter->handleRequest(null, Object(Config\Cache), false)
 9 SYSTEMPATH/Boot.php(325): CodeIgniter\CodeIgniter->run()
10 SYSTEMPATH/Boot.php(67): CodeIgniter\Boot::runCodeIgniter(Object(CodeIgniter\CodeIgniter))
11 FCPATH/index.php(56): CodeIgniter\Boot::bootWeb(Object(Config\Paths))
WARNING - 2024-09-22 08:26:38 --> [DEPRECATED] number_format(): Passing null to parameter #1 ($num) of type float is deprecated in APPPATH/Views/kd_project/dashboard_view.php on line 168.
 1 APPPATH/Views/kd_project/dashboard_view.php(168): number_format(null, 2)
 2 SYSTEMPATH/View/View.php(234): include('/home/u877349608/domains/muraridubey.com/public_html/codeigniter/app/Views/kd_project/dashboard_view.php')
 3 SYSTEMPATH/View/View.php(237): CodeIgniter\View\View->CodeIgniter\View\{closure}()
 4 SYSTEMPATH/Common.php(1171): CodeIgniter\View\View->render('kd_project/dashboard_view', [], true)
 5 APPPATH/Controllers/Dashboard_controller.php(37): view('kd_project/dashboard_view', [...])
 6 SYSTEMPATH/CodeIgniter.php(933): App\Controllers\Dashboard_controller->index()
 7 SYSTEMPATH/CodeIgniter.php(509): CodeIgniter\CodeIgniter->runController(Object(App\Controllers\Dashboard_controller))
 8 SYSTEMPATH/CodeIgniter.php(355): CodeIgniter\CodeIgniter->handleRequest(null, Object(Config\Cache), false)
 9 SYSTEMPATH/Boot.php(325): CodeIgniter\CodeIgniter->run()
10 SYSTEMPATH/Boot.php(67): CodeIgniter\Boot::runCodeIgniter(Object(CodeIgniter\CodeIgniter))
11 FCPATH/index.php(56): CodeIgniter\Boot::bootWeb(Object(Config\Paths))
WARNING - 2024-09-22 08:26:38 --> [DEPRECATED] number_format(): Passing null to parameter #1 ($num) of type float is deprecated in APPPATH/Views/kd_project/dashboard_view.php on line 160.
 1 APPPATH/Views/kd_project/dashboard_view.php(160): number_format(null, 2)
 2 SYSTEMPATH/View/View.php(234): include('/home/u877349608/domains/muraridubey.com/public_html/codeigniter/app/Views/kd_project/dashboard_view.php')
 3 SYSTEMPATH/View/View.php(237): CodeIgniter\View\View->CodeIgniter\View\{closure}()
 4 SYSTEMPATH/Common.php(1171): CodeIgniter\View\View->render('kd_project/dashboard_view', [], true)
 5 APPPATH/Controllers/Dashboard_controller.php(37): view('kd_project/dashboard_view', [...])
 6 SYSTEMPATH/CodeIgniter.php(933): App\Controllers\Dashboard_controller->index()
 7 SYSTEMPATH/CodeIgniter.php(509): CodeIgniter\CodeIgniter->runController(Object(App\Controllers\Dashboard_controller))
 8 SYSTEMPATH/CodeIgniter.php(355): CodeIgniter\CodeIgniter->handleRequest(null, Object(Config\Cache), false)
 9 SYSTEMPATH/Boot.php(325): CodeIgniter\CodeIgniter->run()
10 SYSTEMPATH/Boot.php(67): CodeIgniter\Boot::runCodeIgniter(Object(CodeIgniter\CodeIgniter))
11 FCPATH/index.php(56): CodeIgniter\Boot::bootWeb(Object(Config\Paths))
WARNING - 2024-09-22 08:26:38 --> [DEPRECATED] number_format(): Passing null to parameter #1 ($num) of type float is deprecated in APPPATH/Views/kd_project/dashboard_view.php on line 168.
 1 APPPATH/Views/kd_project/dashboard_view.php(168): number_format(null, 2)
 2 SYSTEMPATH/View/View.php(234): include('/home/u877349608/domains/muraridubey.com/public_html/codeigniter/app/Views/kd_project/dashboard_view.php')
 3 SYSTEMPATH/View/View.php(237): CodeIgniter\View\View->CodeIgniter\View\{closure}()
 4 SYSTEMPATH/Common.php(1171): CodeIgniter\View\View->render('kd_project/dashboard_view', [], true)
 5 APPPATH/Controllers/Dashboard_controller.php(37): view('kd_project/dashboard_view', [...])
 6 SYSTEMPATH/CodeIgniter.php(933): App\Controllers\Dashboard_controller->index()
 7 SYSTEMPATH/CodeIgniter.php(509): CodeIgniter\CodeIgniter->runController(Object(App\Controllers\Dashboard_controller))
 8 SYSTEMPATH/CodeIgniter.php(355): CodeIgniter\CodeIgniter->handleRequest(null, Object(Config\Cache), false)
 9 SYSTEMPATH/Boot.php(325): CodeIgniter\CodeIgniter->run()
10 SYSTEMPATH/Boot.php(67): CodeIgniter\Boot::runCodeIgniter(Object(CodeIgniter\CodeIgniter))
11 FCPATH/index.php(56): CodeIgniter\Boot::bootWeb(Object(Config\Paths))
WARNING - 2024-09-22 08:26:38 --> [DEPRECATED] number_format(): Passing null to parameter #1 ($num) of type float is deprecated in APPPATH/Views/kd_project/dashboard_view.php on line 161.
 1 APPPATH/Views/kd_project/dashboard_view.php(161): number_format(null, 2)
 2 SYSTEMPATH/View/View.php(234): include('/home/u877349608/domains/muraridubey.com/public_html/codeigniter/app/Views/kd_project/dashboard_view.php')
 3 SYSTEMPATH/View/View.php(237): CodeIgniter\View\View->CodeIgniter\View\{closure}()
 4 SYSTEMPATH/Common.php(1171): CodeIgniter\View\View->render('kd_project/dashboard_view', [], true)
 5 APPPATH/Controllers/Dashboard_controller.php(37): view('kd_project/dashboard_view', [...])
 6 SYSTEMPATH/CodeIgniter.php(933): App\Controllers\Dashboard_controller->index()
 7 SYSTEMPATH/CodeIgniter.php(509): CodeIgniter\CodeIgniter->runController(Object(App\Controllers\Dashboard_controller))
 8 SYSTEMPATH/CodeIgniter.php(355): CodeIgniter\CodeIgniter->handleRequest(null, Object(Config\Cache), false)
 9 SYSTEMPATH/Boot.php(325): CodeIgniter\CodeIgniter->run()
10 SYSTEMPATH/Boot.php(67): CodeIgniter\Boot::runCodeIgniter(Object(CodeIgniter\CodeIgniter))
11 FCPATH/index.php(56): CodeIgniter\Boot::bootWeb(Object(Config\Paths))
WARNING - 2024-09-22 08:26:38 --> [DEPRECATED] number_format(): Passing null to parameter #1 ($num) of type float is deprecated in APPPATH/Views/kd_project/dashboard_view.php on line 168.
 1 APPPATH/Views/kd_project/dashboard_view.php(168): number_format(null, 2)
 2 SYSTEMPATH/View/View.php(234): include('/home/u877349608/domains/muraridubey.com/public_html/codeigniter/app/Views/kd_project/dashboard_view.php')
 3 SYSTEMPATH/View/View.php(237): CodeIgniter\View\View->CodeIgniter\View\{closure}()
 4 SYSTEMPATH/Common.php(1171): CodeIgniter\View\View->render('kd_project/dashboard_view', [], true)
 5 APPPATH/Controllers/Dashboard_controller.php(37): view('kd_project/dashboard_view', [...])
 6 SYSTEMPATH/CodeIgniter.php(933): App\Controllers\Dashboard_controller->index()
 7 SYSTEMPATH/CodeIgniter.php(509): CodeIgniter\CodeIgniter->runController(Object(App\Controllers\Dashboard_controller))
 8 SYSTEMPATH/CodeIgniter.php(355): CodeIgniter\CodeIgniter->handleRequest(null, Object(Config\Cache), false)
 9 SYSTEMPATH/Boot.php(325): CodeIgniter\CodeIgniter->run()
10 SYSTEMPATH/Boot.php(67): CodeIgniter\Boot::runCodeIgniter(Object(CodeIgniter\CodeIgniter))
11 FCPATH/index.php(56): CodeIgniter\Boot::bootWeb(Object(Config\Paths))
WARNING - 2024-09-22 08:26:38 --> [DEPRECATED] number_format(): Passing null to parameter #1 ($num) of type float is deprecated in APPPATH/Views/kd_project/dashboard_view.php on line 161.
 1 APPPATH/Views/kd_project/dashboard_view.php(161): number_format(null, 2)
 2 SYSTEMPATH/View/View.php(234): include('/home/u877349608/domains/muraridubey.com/public_html/codeigniter/app/Views/kd_project/dashboard_view.php')
 3 SYSTEMPATH/View/View.php(237): CodeIgniter\View\View->CodeIgniter\View\{closure}()
 4 SYSTEMPATH/Common.php(1171): CodeIgniter\View\View->render('kd_project/dashboard_view', [], true)
 5 APPPATH/Controllers/Dashboard_controller.php(37): view('kd_project/dashboard_view', [...])
 6 SYSTEMPATH/CodeIgniter.php(933): App\Controllers\Dashboard_controller->index()
 7 SYSTEMPATH/CodeIgniter.php(509): CodeIgniter\CodeIgniter->runController(Object(App\Controllers\Dashboard_controller))
 8 SYSTEMPATH/CodeIgniter.php(355): CodeIgniter\CodeIgniter->handleRequest(null, Object(Config\Cache), false)
 9 SYSTEMPATH/Boot.php(325): CodeIgniter\CodeIgniter->run()
10 SYSTEMPATH/Boot.php(67): CodeIgniter\Boot::runCodeIgniter(Object(CodeIgniter\CodeIgniter))
11 FCPATH/index.php(56): CodeIgniter\Boot::bootWeb(Object(Config\Paths))
WARNING - 2024-09-22 08:26:38 --> [DEPRECATED] number_format(): Passing null to parameter #1 ($num) of type float is deprecated in APPPATH/Views/kd_project/dashboard_view.php on line 168.
 1 APPPATH/Views/kd_project/dashboard_view.php(168): number_format(null, 2)
 2 SYSTEMPATH/View/View.php(234): include('/home/u877349608/domains/muraridubey.com/public_html/codeigniter/app/Views/kd_project/dashboard_view.php')
 3 SYSTEMPATH/View/View.php(237): CodeIgniter\View\View->CodeIgniter\View\{closure}()
 4 SYSTEMPATH/Common.php(1171): CodeIgniter\View\View->render('kd_project/dashboard_view', [], true)
 5 APPPATH/Controllers/Dashboard_controller.php(37): view('kd_project/dashboard_view', [...])
 6 SYSTEMPATH/CodeIgniter.php(933): App\Controllers\Dashboard_controller->index()
 7 SYSTEMPATH/CodeIgniter.php(509): CodeIgniter\CodeIgniter->runController(Object(App\Controllers\Dashboard_controller))
 8 SYSTEMPATH/CodeIgniter.php(355): CodeIgniter\CodeIgniter->handleRequest(null, Object(Config\Cache), false)
 9 SYSTEMPATH/Boot.php(325): CodeIgniter\CodeIgniter->run()
10 SYSTEMPATH/Boot.php(67): CodeIgniter\Boot::runCodeIgniter(Object(CodeIgniter\CodeIgniter))
11 FCPATH/index.php(56): CodeIgniter\Boot::bootWeb(Object(Config\Paths))
WARNING - 2024-09-22 08:26:38 --> [DEPRECATED] number_format(): Passing null to parameter #1 ($num) of type float is deprecated in APPPATH/Views/kd_project/dashboard_view.php on line 164.
 1 APPPATH/Views/kd_project/dashboard_view.php(164): number_format(null, 2)
 2 SYSTEMPATH/View/View.php(234): include('/home/u877349608/domains/muraridubey.com/public_html/codeigniter/app/Views/kd_project/dashboard_view.php')
 3 SYSTEMPATH/View/View.php(237): CodeIgniter\View\View->CodeIgniter\View\{closure}()
 4 SYSTEMPATH/Common.php(1171): CodeIgniter\View\View->render('kd_project/dashboard_view', [], true)
 5 APPPATH/Controllers/Dashboard_controller.php(37): view('kd_project/dashboard_view', [...])
 6 SYSTEMPATH/CodeIgniter.php(933): App\Controllers\Dashboard_controller->index()
 7 SYSTEMPATH/CodeIgniter.php(509): CodeIgniter\CodeIgniter->runController(Object(App\Controllers\Dashboard_controller))
 8 SYSTEMPATH/CodeIgniter.php(355): CodeIgniter\CodeIgniter->handleRequest(null, Object(Config\Cache), false)
 9 SYSTEMPATH/Boot.php(325): CodeIgniter\CodeIgniter->run()
10 SYSTEMPATH/Boot.php(67): CodeIgniter\Boot::runCodeIgniter(Object(CodeIgniter\CodeIgniter))
11 FCPATH/index.php(56): CodeIgniter\Boot::bootWeb(Object(Config\Paths))
WARNING - 2024-09-22 08:26:38 --> [DEPRECATED] number_format(): Passing null to parameter #1 ($num) of type float is deprecated in APPPATH/Views/kd_project/dashboard_view.php on line 168.
 1 APPPATH/Views/kd_project/dashboard_view.php(168): number_format(null, 2)
 2 SYSTEMPATH/View/View.php(234): include('/home/u877349608/domains/muraridubey.com/public_html/codeigniter/app/Views/kd_project/dashboard_view.php')
 3 SYSTEMPATH/View/View.php(237): CodeIgniter\View\View->CodeIgniter\View\{closure}()
 4 SYSTEMPATH/Common.php(1171): CodeIgniter\View\View->render('kd_project/dashboard_view', [], true)
 5 APPPATH/Controllers/Dashboard_controller.php(37): view('kd_project/dashboard_view', [...])
 6 SYSTEMPATH/CodeIgniter.php(933): App\Controllers\Dashboard_controller->index()
 7 SYSTEMPATH/CodeIgniter.php(509): CodeIgniter\CodeIgniter->runController(Object(App\Controllers\Dashboard_controller))
 8 SYSTEMPATH/CodeIgniter.php(355): CodeIgniter\CodeIgniter->handleRequest(null, Object(Config\Cache), false)
 9 SYSTEMPATH/Boot.php(325): CodeIgniter\CodeIgniter->run()
10 SYSTEMPATH/Boot.php(67): CodeIgniter\Boot::runCodeIgniter(Object(CodeIgniter\CodeIgniter))
11 FCPATH/index.php(56): CodeIgniter\Boot::bootWeb(Object(Config\Paths))
WARNING - 2024-09-22 08:26:38 --> [DEPRECATED] number_format(): Passing null to parameter #1 ($num) of type float is deprecated in APPPATH/Views/kd_project/dashboard_view.php on line 161.
 1 APPPATH/Views/kd_project/dashboard_view.php(161): number_format(null, 2)
 2 SYSTEMPATH/View/View.php(234): include('/home/u877349608/domains/muraridubey.com/public_html/codeigniter/app/Views/kd_project/dashboard_view.php')
 3 SYSTEMPATH/View/View.php(237): CodeIgniter\View\View->CodeIgniter\View\{closure}()
 4 SYSTEMPATH/Common.php(1171): CodeIgniter\View\View->render('kd_project/dashboard_view', [], true)
 5 APPPATH/Controllers/Dashboard_controller.php(37): view('kd_project/dashboard_view', [...])
 6 SYSTEMPATH/CodeIgniter.php(933): App\Controllers\Dashboard_controller->index()
 7 SYSTEMPATH/CodeIgniter.php(509): CodeIgniter\CodeIgniter->runController(Object(App\Controllers\Dashboard_controller))
 8 SYSTEMPATH/CodeIgniter.php(355): CodeIgniter\CodeIgniter->handleRequest(null, Object(Config\Cache), false)
 9 SYSTEMPATH/Boot.php(325): CodeIgniter\CodeIgniter->run()
10 SYSTEMPATH/Boot.php(67): CodeIgniter\Boot::runCodeIgniter(Object(CodeIgniter\CodeIgniter))
11 FCPATH/index.php(56): CodeIgniter\Boot::bootWeb(Object(Config\Paths))
WARNING - 2024-09-22 08:26:38 --> [DEPRECATED] number_format(): Passing null to parameter #1 ($num) of type float is deprecated in APPPATH/Views/kd_project/dashboard_view.php on line 168.
 1 APPPATH/Views/kd_project/dashboard_view.php(168): number_format(null, 2)
 2 SYSTEMPATH/View/View.php(234): include('/home/u877349608/domains/muraridubey.com/public_html/codeigniter/app/Views/kd_project/dashboard_view.php')
 3 SYSTEMPATH/View/View.php(237): CodeIgniter\View\View->CodeIgniter\View\{closure}()
 4 SYSTEMPATH/Common.php(1171): CodeIgniter\View\View->render('kd_project/dashboard_view', [], true)
 5 APPPATH/Controllers/Dashboard_controller.php(37): view('kd_project/dashboard_view', [...])
 6 SYSTEMPATH/CodeIgniter.php(933): App\Controllers\Dashboard_controller->index()
 7 SYSTEMPATH/CodeIgniter.php(509): CodeIgniter\CodeIgniter->runController(Object(App\Controllers\Dashboard_controller))
 8 SYSTEMPATH/CodeIgniter.php(355): CodeIgniter\CodeIgniter->handleRequest(null, Object(Config\Cache), false)
 9 SYSTEMPATH/Boot.php(325): CodeIgniter\CodeIgniter->run()
10 SYSTEMPATH/Boot.php(67): CodeIgniter\Boot::runCodeIgniter(Object(CodeIgniter\CodeIgniter))
11 FCPATH/index.php(56): CodeIgniter\Boot::bootWeb(Object(Config\Paths))
WARNING - 2024-09-22 08:26:38 --> [DEPRECATED] number_format(): Passing null to parameter #1 ($num) of type float is deprecated in APPPATH/Views/kd_project/dashboard_view.php on line 161.
 1 APPPATH/Views/kd_project/dashboard_view.php(161): number_format(null, 2)
 2 SYSTEMPATH/View/View.php(234): include('/home/u877349608/domains/muraridubey.com/public_html/codeigniter/app/Views/kd_project/dashboard_view.php')
 3 SYSTEMPATH/View/View.php(237): CodeIgniter\View\View->CodeIgniter\View\{closure}()
 4 SYSTEMPATH/Common.php(1171): CodeIgniter\View\View->render('kd_project/dashboard_view', [], true)
 5 APPPATH/Controllers/Dashboard_controller.php(37): view('kd_project/dashboard_view', [...])
 6 SYSTEMPATH/CodeIgniter.php(933): App\Controllers\Dashboard_controller->index()
 7 SYSTEMPATH/CodeIgniter.php(509): CodeIgniter\CodeIgniter->runController(Object(App\Controllers\Dashboard_controller))
 8 SYSTEMPATH/CodeIgniter.php(355): CodeIgniter\CodeIgniter->handleRequest(null, Object(Config\Cache), false)
 9 SYSTEMPATH/Boot.php(325): CodeIgniter\CodeIgniter->run()
10 SYSTEMPATH/Boot.php(67): CodeIgniter\Boot::runCodeIgniter(Object(CodeIgniter\CodeIgniter))
11 FCPATH/index.php(56): CodeIgniter\Boot::bootWeb(Object(Config\Paths))
WARNING - 2024-09-22 08:26:38 --> [DEPRECATED] number_format(): Passing null to parameter #1 ($num) of type float is deprecated in APPPATH/Views/kd_project/dashboard_view.php on line 168.
 1 APPPATH/Views/kd_project/dashboard_view.php(168): number_format(null, 2)
 2 SYSTEMPATH/View/View.php(234): include('/home/u877349608/domains/muraridubey.com/public_html/codeigniter/app/Views/kd_project/dashboard_view.php')
 3 SYSTEMPATH/View/View.php(237): CodeIgniter\View\View->CodeIgniter\View\{closure}()
 4 SYSTEMPATH/Common.php(1171): CodeIgniter\View\View->render('kd_project/dashboard_view', [], true)
 5 APPPATH/Controllers/Dashboard_controller.php(37): view('kd_project/dashboard_view', [...])
 6 SYSTEMPATH/CodeIgniter.php(933): App\Controllers\Dashboard_controller->index()
 7 SYSTEMPATH/CodeIgniter.php(509): CodeIgniter\CodeIgniter->runController(Object(App\Controllers\Dashboard_controller))
 8 SYSTEMPATH/CodeIgniter.php(355): CodeIgniter\CodeIgniter->handleRequest(null, Object(Config\Cache), false)
 9 SYSTEMPATH/Boot.php(325): CodeIgniter\CodeIgniter->run()
10 SYSTEMPATH/Boot.php(67): CodeIgniter\Boot::runCodeIgniter(Object(CodeIgniter\CodeIgniter))
11 FCPATH/index.php(56): CodeIgniter\Boot::bootWeb(Object(Config\Paths))
INFO - 2024-09-22 08:26:50 --> Session: Class initialized using 'CodeIgniter\Session\Handlers\FileHandler' driver.
INFO - 2024-09-22 08:26:50 --> Session: Class initialized using 'CodeIgniter\Session\Handlers\FileHandler' driver.
INFO - 2024-09-22 08:26:58 --> Session: Class initialized using 'CodeIgniter\Session\Handlers\FileHandler' driver.
INFO - 2024-09-22 08:26:58 --> Session: Class initialized using 'CodeIgniter\Session\Handlers\FileHandler' driver.
INFO - 2024-09-22 08:29:15 --> Session: Class initialized using 'CodeIgniter\Session\Handlers\FileHandler' driver.
INFO - 2024-09-22 08:29:15 --> Session: Class initialized using 'CodeIgniter\Session\Handlers\FileHandler' driver.
INFO - 2024-09-22 08:29:20 --> Session: Class initialized using 'CodeIgniter\Session\Handlers\FileHandler' driver.
INFO - 2024-09-22 08:29:29 --> Session: Class initialized using 'CodeIgniter\Session\Handlers\FileHandler' driver.
INFO - 2024-09-22 08:29:29 --> Session: Class initialized using 'CodeIgniter\Session\Handlers\FileHandler' driver.
INFO - 2024-09-22 08:29:37 --> Session: Class initialized using 'CodeIgniter\Session\Handlers\FileHandler' driver.
INFO - 2024-09-22 08:29:37 --> Session: Class initialized using 'CodeIgniter\Session\Handlers\FileHandler' driver.
INFO - 2024-09-22 08:29:40 --> Session: Class initialized using 'CodeIgniter\Session\Handlers\FileHandler' driver.
INFO - 2024-09-22 08:29:46 --> Session: Class initialized using 'CodeIgniter\Session\Handlers\FileHandler' driver.
WARNING - 2024-09-22 08:29:46 --> [DEPRECATED] number_format(): Passing null to parameter #1 ($num) of type float is deprecated in APPPATH/Views/kd_project/dashboard_view.php on line 160.
 1 APPPATH/Views/kd_project/dashboard_view.php(160): number_format(null, 2)
 2 SYSTEMPATH/View/View.php(234): include('/home/u877349608/domains/muraridubey.com/public_html/codeigniter/app/Views/kd_project/dashboard_view.php')
 3 SYSTEMPATH/View/View.php(237): CodeIgniter\View\View->CodeIgniter\View\{closure}()
 4 SYSTEMPATH/Common.php(1171): CodeIgniter\View\View->render('kd_project/dashboard_view', [], true)
 5 APPPATH/Controllers/Dashboard_controller.php(37): view('kd_project/dashboard_view', [...])
 6 SYSTEMPATH/CodeIgniter.php(933): App\Controllers\Dashboard_controller->index()
 7 SYSTEMPATH/CodeIgniter.php(509): CodeIgniter\CodeIgniter->runController(Object(App\Controllers\Dashboard_controller))
 8 SYSTEMPATH/CodeIgniter.php(355): CodeIgniter\CodeIgniter->handleRequest(null, Object(Config\Cache), false)
 9 SYSTEMPATH/Boot.php(325): CodeIgniter\CodeIgniter->run()
10 SYSTEMPATH/Boot.php(67): CodeIgniter\Boot::runCodeIgniter(Object(CodeIgniter\CodeIgniter))
11 FCPATH/index.php(56): CodeIgniter\Boot::bootWeb(Object(Config\Paths))
WARNING - 2024-09-22 08:29:46 --> [DEPRECATED] number_format(): Passing null to parameter #1 ($num) of type float is deprecated in APPPATH/Views/kd_project/dashboard_view.php on line 168.
 1 APPPATH/Views/kd_project/dashboard_view.php(168): number_format(null, 2)
 2 SYSTEMPATH/View/View.php(234): include('/home/u877349608/domains/muraridubey.com/public_html/codeigniter/app/Views/kd_project/dashboard_view.php')
 3 SYSTEMPATH/View/View.php(237): CodeIgniter\View\View->CodeIgniter\View\{closure}()
 4 SYSTEMPATH/Common.php(1171): CodeIgniter\View\View->render('kd_project/dashboard_view', [], true)
 5 APPPATH/Controllers/Dashboard_controller.php(37): view('kd_project/dashboard_view', [...])
 6 SYSTEMPATH/CodeIgniter.php(933): App\Controllers\Dashboard_controller->index()
 7 SYSTEMPATH/CodeIgniter.php(509): CodeIgniter\CodeIgniter->runController(Object(App\Controllers\Dashboard_controller))
 8 SYSTEMPATH/CodeIgniter.php(355): CodeIgniter\CodeIgniter->handleRequest(null, Object(Config\Cache), false)
 9 SYSTEMPATH/Boot.php(325): CodeIgniter\CodeIgniter->run()
10 SYSTEMPATH/Boot.php(67): CodeIgniter\Boot::runCodeIgniter(Object(CodeIgniter\CodeIgniter))
11 FCPATH/index.php(56): CodeIgniter\Boot::bootWeb(Object(Config\Paths))
WARNING - 2024-09-22 08:29:46 --> [DEPRECATED] number_format(): Passing null to parameter #1 ($num) of type float is deprecated in APPPATH/Views/kd_project/dashboard_view.php on line 160.
 1 APPPATH/Views/kd_project/dashboard_view.php(160): number_format(null, 2)
 2 SYSTEMPATH/View/View.php(234): include('/home/u877349608/domains/muraridubey.com/public_html/codeigniter/app/Views/kd_project/dashboard_view.php')
 3 SYSTEMPATH/View/View.php(237): CodeIgniter\View\View->CodeIgniter\View\{closure}()
 4 SYSTEMPATH/Common.php(1171): CodeIgniter\View\View->render('kd_project/dashboard_view', [], true)
 5 APPPATH/Controllers/Dashboard_controller.php(37): view('kd_project/dashboard_view', [...])
 6 SYSTEMPATH/CodeIgniter.php(933): App\Controllers\Dashboard_controller->index()
 7 SYSTEMPATH/CodeIgniter.php(509): CodeIgniter\CodeIgniter->runController(Object(App\Controllers\Dashboard_controller))
 8 SYSTEMPATH/CodeIgniter.php(355): CodeIgniter\CodeIgniter->handleRequest(null, Object(Config\Cache), false)
 9 SYSTEMPATH/Boot.php(325): CodeIgniter\CodeIgniter->run()
10 SYSTEMPATH/Boot.php(67): CodeIgniter\Boot::runCodeIgniter(Object(CodeIgniter\CodeIgniter))
11 FCPATH/index.php(56): CodeIgniter\Boot::bootWeb(Object(Config\Paths))
WARNING - 2024-09-22 08:29:46 --> [DEPRECATED] number_format(): Passing null to parameter #1 ($num) of type float is deprecated in APPPATH/Views/kd_project/dashboard_view.php on line 168.
 1 APPPATH/Views/kd_project/dashboard_view.php(168): number_format(null, 2)
 2 SYSTEMPATH/View/View.php(234): include('/home/u877349608/domains/muraridubey.com/public_html/codeigniter/app/Views/kd_project/dashboard_view.php')
 3 SYSTEMPATH/View/View.php(237): CodeIgniter\View\View->CodeIgniter\View\{closure}()
 4 SYSTEMPATH/Common.php(1171): CodeIgniter\View\View->render('kd_project/dashboard_view', [], true)
 5 APPPATH/Controllers/Dashboard_controller.php(37): view('kd_project/dashboard_view', [...])
 6 SYSTEMPATH/CodeIgniter.php(933): App\Controllers\Dashboard_controller->index()
 7 SYSTEMPATH/CodeIgniter.php(509): CodeIgniter\CodeIgniter->runController(Object(App\Controllers\Dashboard_controller))
 8 SYSTEMPATH/CodeIgniter.php(355): CodeIgniter\CodeIgniter->handleRequest(null, Object(Config\Cache), false)
 9 SYSTEMPATH/Boot.php(325): CodeIgniter\CodeIgniter->run()
10 SYSTEMPATH/Boot.php(67): CodeIgniter\Boot::runCodeIgniter(Object(CodeIgniter\CodeIgniter))
11 FCPATH/index.php(56): CodeIgniter\Boot::bootWeb(Object(Config\Paths))
WARNING - 2024-09-22 08:29:46 --> [DEPRECATED] number_format(): Passing null to parameter #1 ($num) of type float is deprecated in APPPATH/Views/kd_project/dashboard_view.php on line 161.
 1 APPPATH/Views/kd_project/dashboard_view.php(161): number_format(null, 2)
 2 SYSTEMPATH/View/View.php(234): include('/home/u877349608/domains/muraridubey.com/public_html/codeigniter/app/Views/kd_project/dashboard_view.php')
 3 SYSTEMPATH/View/View.php(237): CodeIgniter\View\View->CodeIgniter\View\{closure}()
 4 SYSTEMPATH/Common.php(1171): CodeIgniter\View\View->render('kd_project/dashboard_view', [], true)
 5 APPPATH/Controllers/Dashboard_controller.php(37): view('kd_project/dashboard_view', [...])
 6 SYSTEMPATH/CodeIgniter.php(933): App\Controllers\Dashboard_controller->index()
 7 SYSTEMPATH/CodeIgniter.php(509): CodeIgniter\CodeIgniter->runController(Object(App\Controllers\Dashboard_controller))
 8 SYSTEMPATH/CodeIgniter.php(355): CodeIgniter\CodeIgniter->handleRequest(null, Object(Config\Cache), false)
 9 SYSTEMPATH/Boot.php(325): CodeIgniter\CodeIgniter->run()
10 SYSTEMPATH/Boot.php(67): CodeIgniter\Boot::runCodeIgniter(Object(CodeIgniter\CodeIgniter))
11 FCPATH/index.php(56): CodeIgniter\Boot::bootWeb(Object(Config\Paths))
WARNING - 2024-09-22 08:29:46 --> [DEPRECATED] number_format(): Passing null to parameter #1 ($num) of type float is deprecated in APPPATH/Views/kd_project/dashboard_view.php on line 168.
 1 APPPATH/Views/kd_project/dashboard_view.php(168): number_format(null, 2)
 2 SYSTEMPATH/View/View.php(234): include('/home/u877349608/domains/muraridubey.com/public_html/codeigniter/app/Views/kd_project/dashboard_view.php')
 3 SYSTEMPATH/View/View.php(237): CodeIgniter\View\View->CodeIgniter\View\{closure}()
 4 SYSTEMPATH/Common.php(1171): CodeIgniter\View\View->render('kd_project/dashboard_view', [], true)
 5 APPPATH/Controllers/Dashboard_controller.php(37): view('kd_project/dashboard_view', [...])
 6 SYSTEMPATH/CodeIgniter.php(933): App\Controllers\Dashboard_controller->index()
 7 SYSTEMPATH/CodeIgniter.php(509): CodeIgniter\CodeIgniter->runController(Object(App\Controllers\Dashboard_controller))
 8 SYSTEMPATH/CodeIgniter.php(355): CodeIgniter\CodeIgniter->handleRequest(null, Object(Config\Cache), false)
 9 SYSTEMPATH/Boot.php(325): CodeIgniter\CodeIgniter->run()
10 SYSTEMPATH/Boot.php(67): CodeIgniter\Boot::runCodeIgniter(Object(CodeIgniter\CodeIgniter))
11 FCPATH/index.php(56): CodeIgniter\Boot::bootWeb(Object(Config\Paths))
WARNING - 2024-09-22 08:29:46 --> [DEPRECATED] number_format(): Passing null to parameter #1 ($num) of type float is deprecated in APPPATH/Views/kd_project/dashboard_view.php on line 161.
 1 APPPATH/Views/kd_project/dashboard_view.php(161): number_format(null, 2)
 2 SYSTEMPATH/View/View.php(234): include('/home/u877349608/domains/muraridubey.com/public_html/codeigniter/app/Views/kd_project/dashboard_view.php')
 3 SYSTEMPATH/View/View.php(237): CodeIgniter\View\View->CodeIgniter\View\{closure}()
 4 SYSTEMPATH/Common.php(1171): CodeIgniter\View\View->render('kd_project/dashboard_view', [], true)
 5 APPPATH/Controllers/Dashboard_controller.php(37): view('kd_project/dashboard_view', [...])
 6 SYSTEMPATH/CodeIgniter.php(933): App\Controllers\Dashboard_controller->index()
 7 SYSTEMPATH/CodeIgniter.php(509): CodeIgniter\CodeIgniter->runController(Object(App\Controllers\Dashboard_controller))
 8 SYSTEMPATH/CodeIgniter.php(355): CodeIgniter\CodeIgniter->handleRequest(null, Object(Config\Cache), false)
 9 SYSTEMPATH/Boot.php(325): CodeIgniter\CodeIgniter->run()
10 SYSTEMPATH/Boot.php(67): CodeIgniter\Boot::runCodeIgniter(Object(CodeIgniter\CodeIgniter))
11 FCPATH/index.php(56): CodeIgniter\Boot::bootWeb(Object(Config\Paths))
WARNING - 2024-09-22 08:29:46 --> [DEPRECATED] number_format(): Passing null to parameter #1 ($num) of type float is deprecated in APPPATH/Views/kd_project/dashboard_view.php on line 168.
 1 APPPATH/Views/kd_project/dashboard_view.php(168): number_format(null, 2)
 2 SYSTEMPATH/View/View.php(234): include('/home/u877349608/domains/muraridubey.com/public_html/codeigniter/app/Views/kd_project/dashboard_view.php')
 3 SYSTEMPATH/View/View.php(237): CodeIgniter\View\View->CodeIgniter\View\{closure}()
 4 SYSTEMPATH/Common.php(1171): CodeIgniter\View\View->render('kd_project/dashboard_view', [], true)
 5 APPPATH/Controllers/Dashboard_controller.php(37): view('kd_project/dashboard_view', [...])
 6 SYSTEMPATH/CodeIgniter.php(933): App\Controllers\Dashboard_controller->index()
 7 SYSTEMPATH/CodeIgniter.php(509): CodeIgniter\CodeIgniter->runController(Object(App\Controllers\Dashboard_controller))
 8 SYSTEMPATH/CodeIgniter.php(355): CodeIgniter\CodeIgniter->handleRequest(null, Object(Config\Cache), false)
 9 SYSTEMPATH/Boot.php(325): CodeIgniter\CodeIgniter->run()
10 SYSTEMPATH/Boot.php(67): CodeIgniter\Boot::runCodeIgniter(Object(CodeIgniter\CodeIgniter))
11 FCPATH/index.php(56): CodeIgniter\Boot::bootWeb(Object(Config\Paths))
WARNING - 2024-09-22 08:29:46 --> [DEPRECATED] number_format(): Passing null to parameter #1 ($num) of type float is deprecated in APPPATH/Views/kd_project/dashboard_view.php on line 164.
 1 APPPATH/Views/kd_project/dashboard_view.php(164): number_format(null, 2)
 2 SYSTEMPATH/View/View.php(234): include('/home/u877349608/domains/muraridubey.com/public_html/codeigniter/app/Views/kd_project/dashboard_view.php')
 3 SYSTEMPATH/View/View.php(237): CodeIgniter\View\View->CodeIgniter\View\{closure}()
 4 SYSTEMPATH/Common.php(1171): CodeIgniter\View\View->render('kd_project/dashboard_view', [], true)
 5 APPPATH/Controllers/Dashboard_controller.php(37): view('kd_project/dashboard_view', [...])
 6 SYSTEMPATH/CodeIgniter.php(933): App\Controllers\Dashboard_controller->index()
 7 SYSTEMPATH/CodeIgniter.php(509): CodeIgniter\CodeIgniter->runController(Object(App\Controllers\Dashboard_controller))
 8 SYSTEMPATH/CodeIgniter.php(355): CodeIgniter\CodeIgniter->handleRequest(null, Object(Config\Cache), false)
 9 SYSTEMPATH/Boot.php(325): CodeIgniter\CodeIgniter->run()
10 SYSTEMPATH/Boot.php(67): CodeIgniter\Boot::runCodeIgniter(Object(CodeIgniter\CodeIgniter))
11 FCPATH/index.php(56): CodeIgniter\Boot::bootWeb(Object(Config\Paths))
WARNING - 2024-09-22 08:29:46 --> [DEPRECATED] number_format(): Passing null to parameter #1 ($num) of type float is deprecated in APPPATH/Views/kd_project/dashboard_view.php on line 168.
 1 APPPATH/Views/kd_project/dashboard_view.php(168): number_format(null, 2)
 2 SYSTEMPATH/View/View.php(234): include('/home/u877349608/domains/muraridubey.com/public_html/codeigniter/app/Views/kd_project/dashboard_view.php')
 3 SYSTEMPATH/View/View.php(237): CodeIgniter\View\View->CodeIgniter\View\{closure}()
 4 SYSTEMPATH/Common.php(1171): CodeIgniter\View\View->render('kd_project/dashboard_view', [], true)
 5 APPPATH/Controllers/Dashboard_controller.php(37): view('kd_project/dashboard_view', [...])
 6 SYSTEMPATH/CodeIgniter.php(933): App\Controllers\Dashboard_controller->index()
 7 SYSTEMPATH/CodeIgniter.php(509): CodeIgniter\CodeIgniter->runController(Object(App\Controllers\Dashboard_controller))
 8 SYSTEMPATH/CodeIgniter.php(355): CodeIgniter\CodeIgniter->handleRequest(null, Object(Config\Cache), false)
 9 SYSTEMPATH/Boot.php(325): CodeIgniter\CodeIgniter->run()
10 SYSTEMPATH/Boot.php(67): CodeIgniter\Boot::runCodeIgniter(Object(CodeIgniter\CodeIgniter))
11 FCPATH/index.php(56): CodeIgniter\Boot::bootWeb(Object(Config\Paths))
WARNING - 2024-09-22 08:29:46 --> [DEPRECATED] number_format(): Passing null to parameter #1 ($num) of type float is deprecated in APPPATH/Views/kd_project/dashboard_view.php on line 161.
 1 APPPATH/Views/kd_project/dashboard_view.php(161): number_format(null, 2)
 2 SYSTEMPATH/View/View.php(234): include('/home/u877349608/domains/muraridubey.com/public_html/codeigniter/app/Views/kd_project/dashboard_view.php')
 3 SYSTEMPATH/View/View.php(237): CodeIgniter\View\View->CodeIgniter\View\{closure}()
 4 SYSTEMPATH/Common.php(1171): CodeIgniter\View\View->render('kd_project/dashboard_view', [], true)
 5 APPPATH/Controllers/Dashboard_controller.php(37): view('kd_project/dashboard_view', [...])
 6 SYSTEMPATH/CodeIgniter.php(933): App\Controllers\Dashboard_controller->index()
 7 SYSTEMPATH/CodeIgniter.php(509): CodeIgniter\CodeIgniter->runController(Object(App\Controllers\Dashboard_controller))
 8 SYSTEMPATH/CodeIgniter.php(355): CodeIgniter\CodeIgniter->handleRequest(null, Object(Config\Cache), false)
 9 SYSTEMPATH/Boot.php(325): CodeIgniter\CodeIgniter->run()
10 SYSTEMPATH/Boot.php(67): CodeIgniter\Boot::runCodeIgniter(Object(CodeIgniter\CodeIgniter))
11 FCPATH/index.php(56): CodeIgniter\Boot::bootWeb(Object(Config\Paths))
WARNING - 2024-09-22 08:29:46 --> [DEPRECATED] number_format(): Passing null to parameter #1 ($num) of type float is deprecated in APPPATH/Views/kd_project/dashboard_view.php on line 168.
 1 APPPATH/Views/kd_project/dashboard_view.php(168): number_format(null, 2)
 2 SYSTEMPATH/View/View.php(234): include('/home/u877349608/domains/muraridubey.com/public_html/codeigniter/app/Views/kd_project/dashboard_view.php')
 3 SYSTEMPATH/View/View.php(237): CodeIgniter\View\View->CodeIgniter\View\{closure}()
 4 SYSTEMPATH/Common.php(1171): CodeIgniter\View\View->render('kd_project/dashboard_view', [], true)
 5 APPPATH/Controllers/Dashboard_controller.php(37): view('kd_project/dashboard_view', [...])
 6 SYSTEMPATH/CodeIgniter.php(933): App\Controllers\Dashboard_controller->index()
 7 SYSTEMPATH/CodeIgniter.php(509): CodeIgniter\CodeIgniter->runController(Object(App\Controllers\Dashboard_controller))
 8 SYSTEMPATH/CodeIgniter.php(355): CodeIgniter\CodeIgniter->handleRequest(null, Object(Config\Cache), false)
 9 SYSTEMPATH/Boot.php(325): CodeIgniter\CodeIgniter->run()
10 SYSTEMPATH/Boot.php(67): CodeIgniter\Boot::runCodeIgniter(Object(CodeIgniter\CodeIgniter))
11 FCPATH/index.php(56): CodeIgniter\Boot::bootWeb(Object(Config\Paths))
WARNING - 2024-09-22 08:29:46 --> [DEPRECATED] number_format(): Passing null to parameter #1 ($num) of type float is deprecated in APPPATH/Views/kd_project/dashboard_view.php on line 161.
 1 APPPATH/Views/kd_project/dashboard_view.php(161): number_format(null, 2)
 2 SYSTEMPATH/View/View.php(234): include('/home/u877349608/domains/muraridubey.com/public_html/codeigniter/app/Views/kd_project/dashboard_view.php')
 3 SYSTEMPATH/View/View.php(237): CodeIgniter\View\View->CodeIgniter\View\{closure}()
 4 SYSTEMPATH/Common.php(1171): CodeIgniter\View\View->render('kd_project/dashboard_view', [], true)
 5 APPPATH/Controllers/Dashboard_controller.php(37): view('kd_project/dashboard_view', [...])
 6 SYSTEMPATH/CodeIgniter.php(933): App\Controllers\Dashboard_controller->index()
 7 SYSTEMPATH/CodeIgniter.php(509): CodeIgniter\CodeIgniter->runController(Object(App\Controllers\Dashboard_controller))
 8 SYSTEMPATH/CodeIgniter.php(355): CodeIgniter\CodeIgniter->handleRequest(null, Object(Config\Cache), false)
 9 SYSTEMPATH/Boot.php(325): CodeIgniter\CodeIgniter->run()
10 SYSTEMPATH/Boot.php(67): CodeIgniter\Boot::runCodeIgniter(Object(CodeIgniter\CodeIgniter))
11 FCPATH/index.php(56): CodeIgniter\Boot::bootWeb(Object(Config\Paths))
WARNING - 2024-09-22 08:29:46 --> [DEPRECATED] number_format(): Passing null to parameter #1 ($num) of type float is deprecated in APPPATH/Views/kd_project/dashboard_view.php on line 168.
 1 APPPATH/Views/kd_project/dashboard_view.php(168): number_format(null, 2)
 2 SYSTEMPATH/View/View.php(234): include('/home/u877349608/domains/muraridubey.com/public_html/codeigniter/app/Views/kd_project/dashboard_view.php')
 3 SYSTEMPATH/View/View.php(237): CodeIgniter\View\View->CodeIgniter\View\{closure}()
 4 SYSTEMPATH/Common.php(1171): CodeIgniter\View\View->render('kd_project/dashboard_view', [], true)
 5 APPPATH/Controllers/Dashboard_controller.php(37): view('kd_project/dashboard_view', [...])
 6 SYSTEMPATH/CodeIgniter.php(933): App\Controllers\Dashboard_controller->index()
 7 SYSTEMPATH/CodeIgniter.php(509): CodeIgniter\CodeIgniter->runController(Object(App\Controllers\Dashboard_controller))
 8 SYSTEMPATH/CodeIgniter.php(355): CodeIgniter\CodeIgniter->handleRequest(null, Object(Config\Cache), false)
 9 SYSTEMPATH/Boot.php(325): CodeIgniter\CodeIgniter->run()
10 SYSTEMPATH/Boot.php(67): CodeIgniter\Boot::runCodeIgniter(Object(CodeIgniter\CodeIgniter))
11 FCPATH/index.php(56): CodeIgniter\Boot::bootWeb(Object(Config\Paths))
INFO - 2024-09-22 08:31:12 --> Session: Class initialized using 'CodeIgniter\Session\Handlers\FileHandler' driver.
INFO - 2024-09-22 08:31:13 --> Session: Class initialized using 'CodeIgniter\Session\Handlers\FileHandler' driver.
INFO - 2024-09-22 08:31:27 --> Session: Class initialized using 'CodeIgniter\Session\Handlers\FileHandler' driver.
INFO - 2024-09-22 08:31:57 --> Session: Class initialized using 'CodeIgniter\Session\Handlers\FileHandler' driver.
INFO - 2024-09-22 08:32:12 --> Session: Class initialized using 'CodeIgniter\Session\Handlers\FileHandler' driver.
INFO - 2024-09-22 08:33:29 --> Session: Class initialized using 'CodeIgniter\Session\Handlers\FileHandler' driver.
WARNING - 2024-09-22 08:33:29 --> [DEPRECATED] number_format(): Passing null to parameter #1 ($num) of type float is deprecated in APPPATH/Views/kd_project/dashboard_view.php on line 160.
 1 APPPATH/Views/kd_project/dashboard_view.php(160): number_format(null, 2)
 2 SYSTEMPATH/View/View.php(234): include('/home/u877349608/domains/muraridubey.com/public_html/codeigniter/app/Views/kd_project/dashboard_view.php')
 3 SYSTEMPATH/View/View.php(237): CodeIgniter\View\View->CodeIgniter\View\{closure}()
 4 SYSTEMPATH/Common.php(1171): CodeIgniter\View\View->render('kd_project/dashboard_view', [], true)
 5 APPPATH/Controllers/Dashboard_controller.php(37): view('kd_project/dashboard_view', [...])
 6 SYSTEMPATH/CodeIgniter.php(933): App\Controllers\Dashboard_controller->index()
 7 SYSTEMPATH/CodeIgniter.php(509): CodeIgniter\CodeIgniter->runController(Object(App\Controllers\Dashboard_controller))
 8 SYSTEMPATH/CodeIgniter.php(355): CodeIgniter\CodeIgniter->handleRequest(null, Object(Config\Cache), false)
 9 SYSTEMPATH/Boot.php(325): CodeIgniter\CodeIgniter->run()
10 SYSTEMPATH/Boot.php(67): CodeIgniter\Boot::runCodeIgniter(Object(CodeIgniter\CodeIgniter))
11 FCPATH/index.php(56): CodeIgniter\Boot::bootWeb(Object(Config\Paths))
WARNING - 2024-09-22 08:33:29 --> [DEPRECATED] number_format(): Passing null to parameter #1 ($num) of type float is deprecated in APPPATH/Views/kd_project/dashboard_view.php on line 168.
 1 APPPATH/Views/kd_project/dashboard_view.php(168): number_format(null, 2)
 2 SYSTEMPATH/View/View.php(234): include('/home/u877349608/domains/muraridubey.com/public_html/codeigniter/app/Views/kd_project/dashboard_view.php')
 3 SYSTEMPATH/View/View.php(237): CodeIgniter\View\View->CodeIgniter\View\{closure}()
 4 SYSTEMPATH/Common.php(1171): CodeIgniter\View\View->render('kd_project/dashboard_view', [], true)
 5 APPPATH/Controllers/Dashboard_controller.php(37): view('kd_project/dashboard_view', [...])
 6 SYSTEMPATH/CodeIgniter.php(933): App\Controllers\Dashboard_controller->index()
 7 SYSTEMPATH/CodeIgniter.php(509): CodeIgniter\CodeIgniter->runController(Object(App\Controllers\Dashboard_controller))
 8 SYSTEMPATH/CodeIgniter.php(355): CodeIgniter\CodeIgniter->handleRequest(null, Object(Config\Cache), false)
 9 SYSTEMPATH/Boot.php(325): CodeIgniter\CodeIgniter->run()
10 SYSTEMPATH/Boot.php(67): CodeIgniter\Boot::runCodeIgniter(Object(CodeIgniter\CodeIgniter))
11 FCPATH/index.php(56): CodeIgniter\Boot::bootWeb(Object(Config\Paths))
WARNING - 2024-09-22 08:33:29 --> [DEPRECATED] number_format(): Passing null to parameter #1 ($num) of type float is deprecated in APPPATH/Views/kd_project/dashboard_view.php on line 160.
 1 APPPATH/Views/kd_project/dashboard_view.php(160): number_format(null, 2)
 2 SYSTEMPATH/View/View.php(234): include('/home/u877349608/domains/muraridubey.com/public_html/codeigniter/app/Views/kd_project/dashboard_view.php')
 3 SYSTEMPATH/View/View.php(237): CodeIgniter\View\View->CodeIgniter\View\{closure}()
 4 SYSTEMPATH/Common.php(1171): CodeIgniter\View\View->render('kd_project/dashboard_view', [], true)
 5 APPPATH/Controllers/Dashboard_controller.php(37): view('kd_project/dashboard_view', [...])
 6 SYSTEMPATH/CodeIgniter.php(933): App\Controllers\Dashboard_controller->index()
 7 SYSTEMPATH/CodeIgniter.php(509): CodeIgniter\CodeIgniter->runController(Object(App\Controllers\Dashboard_controller))
 8 SYSTEMPATH/CodeIgniter.php(355): CodeIgniter\CodeIgniter->handleRequest(null, Object(Config\Cache), false)
 9 SYSTEMPATH/Boot.php(325): CodeIgniter\CodeIgniter->run()
10 SYSTEMPATH/Boot.php(67): CodeIgniter\Boot::runCodeIgniter(Object(CodeIgniter\CodeIgniter))
11 FCPATH/index.php(56): CodeIgniter\Boot::bootWeb(Object(Config\Paths))
WARNING - 2024-09-22 08:33:29 --> [DEPRECATED] number_format(): Passing null to parameter #1 ($num) of type float is deprecated in APPPATH/Views/kd_project/dashboard_view.php on line 168.
 1 APPPATH/Views/kd_project/dashboard_view.php(168): number_format(null, 2)
 2 SYSTEMPATH/View/View.php(234): include('/home/u877349608/domains/muraridubey.com/public_html/codeigniter/app/Views/kd_project/dashboard_view.php')
 3 SYSTEMPATH/View/View.php(237): CodeIgniter\View\View->CodeIgniter\View\{closure}()
 4 SYSTEMPATH/Common.php(1171): CodeIgniter\View\View->render('kd_project/dashboard_view', [], true)
 5 APPPATH/Controllers/Dashboard_controller.php(37): view('kd_project/dashboard_view', [...])
 6 SYSTEMPATH/CodeIgniter.php(933): App\Controllers\Dashboard_controller->index()
 7 SYSTEMPATH/CodeIgniter.php(509): CodeIgniter\CodeIgniter->runController(Object(App\Controllers\Dashboard_controller))
 8 SYSTEMPATH/CodeIgniter.php(355): CodeIgniter\CodeIgniter->handleRequest(null, Object(Config\Cache), false)
 9 SYSTEMPATH/Boot.php(325): CodeIgniter\CodeIgniter->run()
10 SYSTEMPATH/Boot.php(67): CodeIgniter\Boot::runCodeIgniter(Object(CodeIgniter\CodeIgniter))
11 FCPATH/index.php(56): CodeIgniter\Boot::bootWeb(Object(Config\Paths))
WARNING - 2024-09-22 08:33:29 --> [DEPRECATED] number_format(): Passing null to parameter #1 ($num) of type float is deprecated in APPPATH/Views/kd_project/dashboard_view.php on line 161.
 1 APPPATH/Views/kd_project/dashboard_view.php(161): number_format(null, 2)
 2 SYSTEMPATH/View/View.php(234): include('/home/u877349608/domains/muraridubey.com/public_html/codeigniter/app/Views/kd_project/dashboard_view.php')
 3 SYSTEMPATH/View/View.php(237): CodeIgniter\View\View->CodeIgniter\View\{closure}()
 4 SYSTEMPATH/Common.php(1171): CodeIgniter\View\View->render('kd_project/dashboard_view', [], true)
 5 APPPATH/Controllers/Dashboard_controller.php(37): view('kd_project/dashboard_view', [...])
 6 SYSTEMPATH/CodeIgniter.php(933): App\Controllers\Dashboard_controller->index()
 7 SYSTEMPATH/CodeIgniter.php(509): CodeIgniter\CodeIgniter->runController(Object(App\Controllers\Dashboard_controller))
 8 SYSTEMPATH/CodeIgniter.php(355): CodeIgniter\CodeIgniter->handleRequest(null, Object(Config\Cache), false)
 9 SYSTEMPATH/Boot.php(325): CodeIgniter\CodeIgniter->run()
10 SYSTEMPATH/Boot.php(67): CodeIgniter\Boot::runCodeIgniter(Object(CodeIgniter\CodeIgniter))
11 FCPATH/index.php(56): CodeIgniter\Boot::bootWeb(Object(Config\Paths))
WARNING - 2024-09-22 08:33:29 --> [DEPRECATED] number_format(): Passing null to parameter #1 ($num) of type float is deprecated in APPPATH/Views/kd_project/dashboard_view.php on line 168.
 1 APPPATH/Views/kd_project/dashboard_view.php(168): number_format(null, 2)
 2 SYSTEMPATH/View/View.php(234): include('/home/u877349608/domains/muraridubey.com/public_html/codeigniter/app/Views/kd_project/dashboard_view.php')
 3 SYSTEMPATH/View/View.php(237): CodeIgniter\View\View->CodeIgniter\View\{closure}()
 4 SYSTEMPATH/Common.php(1171): CodeIgniter\View\View->render('kd_project/dashboard_view', [], true)
 5 APPPATH/Controllers/Dashboard_controller.php(37): view('kd_project/dashboard_view', [...])
 6 SYSTEMPATH/CodeIgniter.php(933): App\Controllers\Dashboard_controller->index()
 7 SYSTEMPATH/CodeIgniter.php(509): CodeIgniter\CodeIgniter->runController(Object(App\Controllers\Dashboard_controller))
 8 SYSTEMPATH/CodeIgniter.php(355): CodeIgniter\CodeIgniter->handleRequest(null, Object(Config\Cache), false)
 9 SYSTEMPATH/Boot.php(325): CodeIgniter\CodeIgniter->run()
10 SYSTEMPATH/Boot.php(67): CodeIgniter\Boot::runCodeIgniter(Object(CodeIgniter\CodeIgniter))
11 FCPATH/index.php(56): CodeIgniter\Boot::bootWeb(Object(Config\Paths))
WARNING - 2024-09-22 08:33:29 --> [DEPRECATED] number_format(): Passing null to parameter #1 ($num) of type float is deprecated in APPPATH/Views/kd_project/dashboard_view.php on line 161.
 1 APPPATH/Views/kd_project/dashboard_view.php(161): number_format(null, 2)
 2 SYSTEMPATH/View/View.php(234): include('/home/u877349608/domains/muraridubey.com/public_html/codeigniter/app/Views/kd_project/dashboard_view.php')
 3 SYSTEMPATH/View/View.php(237): CodeIgniter\View\View->CodeIgniter\View\{closure}()
 4 SYSTEMPATH/Common.php(1171): CodeIgniter\View\View->render('kd_project/dashboard_view', [], true)
 5 APPPATH/Controllers/Dashboard_controller.php(37): view('kd_project/dashboard_view', [...])
 6 SYSTEMPATH/CodeIgniter.php(933): App\Controllers\Dashboard_controller->index()
 7 SYSTEMPATH/CodeIgniter.php(509): CodeIgniter\CodeIgniter->runController(Object(App\Controllers\Dashboard_controller))
 8 SYSTEMPATH/CodeIgniter.php(355): CodeIgniter\CodeIgniter->handleRequest(null, Object(Config\Cache), false)
 9 SYSTEMPATH/Boot.php(325): CodeIgniter\CodeIgniter->run()
10 SYSTEMPATH/Boot.php(67): CodeIgniter\Boot::runCodeIgniter(Object(CodeIgniter\CodeIgniter))
11 FCPATH/index.php(56): CodeIgniter\Boot::bootWeb(Object(Config\Paths))
WARNING - 2024-09-22 08:33:29 --> [DEPRECATED] number_format(): Passing null to parameter #1 ($num) of type float is deprecated in APPPATH/Views/kd_project/dashboard_view.php on line 168.
 1 APPPATH/Views/kd_project/dashboard_view.php(168): number_format(null, 2)
 2 SYSTEMPATH/View/View.php(234): include('/home/u877349608/domains/muraridubey.com/public_html/codeigniter/app/Views/kd_project/dashboard_view.php')
 3 SYSTEMPATH/View/View.php(237): CodeIgniter\View\View->CodeIgniter\View\{closure}()
 4 SYSTEMPATH/Common.php(1171): CodeIgniter\View\View->render('kd_project/dashboard_view', [], true)
 5 APPPATH/Controllers/Dashboard_controller.php(37): view('kd_project/dashboard_view', [...])
 6 SYSTEMPATH/CodeIgniter.php(933): App\Controllers\Dashboard_controller->index()
 7 SYSTEMPATH/CodeIgniter.php(509): CodeIgniter\CodeIgniter->runController(Object(App\Controllers\Dashboard_controller))
 8 SYSTEMPATH/CodeIgniter.php(355): CodeIgniter\CodeIgniter->handleRequest(null, Object(Config\Cache), false)
 9 SYSTEMPATH/Boot.php(325): CodeIgniter\CodeIgniter->run()
10 SYSTEMPATH/Boot.php(67): CodeIgniter\Boot::runCodeIgniter(Object(CodeIgniter\CodeIgniter))
11 FCPATH/index.php(56): CodeIgniter\Boot::bootWeb(Object(Config\Paths))
WARNING - 2024-09-22 08:33:29 --> [DEPRECATED] number_format(): Passing null to parameter #1 ($num) of type float is deprecated in APPPATH/Views/kd_project/dashboard_view.php on line 164.
 1 APPPATH/Views/kd_project/dashboard_view.php(164): number_format(null, 2)
 2 SYSTEMPATH/View/View.php(234): include('/home/u877349608/domains/muraridubey.com/public_html/codeigniter/app/Views/kd_project/dashboard_view.php')
 3 SYSTEMPATH/View/View.php(237): CodeIgniter\View\View->CodeIgniter\View\{closure}()
 4 SYSTEMPATH/Common.php(1171): CodeIgniter\View\View->render('kd_project/dashboard_view', [], true)
 5 APPPATH/Controllers/Dashboard_controller.php(37): view('kd_project/dashboard_view', [...])
 6 SYSTEMPATH/CodeIgniter.php(933): App\Controllers\Dashboard_controller->index()
 7 SYSTEMPATH/CodeIgniter.php(509): CodeIgniter\CodeIgniter->runController(Object(App\Controllers\Dashboard_controller))
 8 SYSTEMPATH/CodeIgniter.php(355): CodeIgniter\CodeIgniter->handleRequest(null, Object(Config\Cache), false)
 9 SYSTEMPATH/Boot.php(325): CodeIgniter\CodeIgniter->run()
10 SYSTEMPATH/Boot.php(67): CodeIgniter\Boot::runCodeIgniter(Object(CodeIgniter\CodeIgniter))
11 FCPATH/index.php(56): CodeIgniter\Boot::bootWeb(Object(Config\Paths))
WARNING - 2024-09-22 08:33:29 --> [DEPRECATED] number_format(): Passing null to parameter #1 ($num) of type float is deprecated in APPPATH/Views/kd_project/dashboard_view.php on line 168.
 1 APPPATH/Views/kd_project/dashboard_view.php(168): number_format(null, 2)
 2 SYSTEMPATH/View/View.php(234): include('/home/u877349608/domains/muraridubey.com/public_html/codeigniter/app/Views/kd_project/dashboard_view.php')
 3 SYSTEMPATH/View/View.php(237): CodeIgniter\View\View->CodeIgniter\View\{closure}()
 4 SYSTEMPATH/Common.php(1171): CodeIgniter\View\View->render('kd_project/dashboard_view', [], true)
 5 APPPATH/Controllers/Dashboard_controller.php(37): view('kd_project/dashboard_view', [...])
 6 SYSTEMPATH/CodeIgniter.php(933): App\Controllers\Dashboard_controller->index()
 7 SYSTEMPATH/CodeIgniter.php(509): CodeIgniter\CodeIgniter->runController(Object(App\Controllers\Dashboard_controller))
 8 SYSTEMPATH/CodeIgniter.php(355): CodeIgniter\CodeIgniter->handleRequest(null, Object(Config\Cache), false)
 9 SYSTEMPATH/Boot.php(325): CodeIgniter\CodeIgniter->run()
10 SYSTEMPATH/Boot.php(67): CodeIgniter\Boot::runCodeIgniter(Object(CodeIgniter\CodeIgniter))
11 FCPATH/index.php(56): CodeIgniter\Boot::bootWeb(Object(Config\Paths))
WARNING - 2024-09-22 08:33:29 --> [DEPRECATED] number_format(): Passing null to parameter #1 ($num) of type float is deprecated in APPPATH/Views/kd_project/dashboard_view.php on line 161.
 1 APPPATH/Views/kd_project/dashboard_view.php(161): number_format(null, 2)
 2 SYSTEMPATH/View/View.php(234): include('/home/u877349608/domains/muraridubey.com/public_html/codeigniter/app/Views/kd_project/dashboard_view.php')
 3 SYSTEMPATH/View/View.php(237): CodeIgniter\View\View->CodeIgniter\View\{closure}()
 4 SYSTEMPATH/Common.php(1171): CodeIgniter\View\View->render('kd_project/dashboard_view', [], true)
 5 APPPATH/Controllers/Dashboard_controller.php(37): view('kd_project/dashboard_view', [...])
 6 SYSTEMPATH/CodeIgniter.php(933): App\Controllers\Dashboard_controller->index()
 7 SYSTEMPATH/CodeIgniter.php(509): CodeIgniter\CodeIgniter->runController(Object(App\Controllers\Dashboard_controller))
 8 SYSTEMPATH/CodeIgniter.php(355): CodeIgniter\CodeIgniter->handleRequest(null, Object(Config\Cache), false)
 9 SYSTEMPATH/Boot.php(325): CodeIgniter\CodeIgniter->run()
10 SYSTEMPATH/Boot.php(67): CodeIgniter\Boot::runCodeIgniter(Object(CodeIgniter\CodeIgniter))
11 FCPATH/index.php(56): CodeIgniter\Boot::bootWeb(Object(Config\Paths))
WARNING - 2024-09-22 08:33:29 --> [DEPRECATED] number_format(): Passing null to parameter #1 ($num) of type float is deprecated in APPPATH/Views/kd_project/dashboard_view.php on line 168.
 1 APPPATH/Views/kd_project/dashboard_view.php(168): number_format(null, 2)
 2 SYSTEMPATH/View/View.php(234): include('/home/u877349608/domains/muraridubey.com/public_html/codeigniter/app/Views/kd_project/dashboard_view.php')
 3 SYSTEMPATH/View/View.php(237): CodeIgniter\View\View->CodeIgniter\View\{closure}()
 4 SYSTEMPATH/Common.php(1171): CodeIgniter\View\View->render('kd_project/dashboard_view', [], true)
 5 APPPATH/Controllers/Dashboard_controller.php(37): view('kd_project/dashboard_view', [...])
 6 SYSTEMPATH/CodeIgniter.php(933): App\Controllers\Dashboard_controller->index()
 7 SYSTEMPATH/CodeIgniter.php(509): CodeIgniter\CodeIgniter->runController(Object(App\Controllers\Dashboard_controller))
 8 SYSTEMPATH/CodeIgniter.php(355): CodeIgniter\CodeIgniter->handleRequest(null, Object(Config\Cache), false)
 9 SYSTEMPATH/Boot.php(325): CodeIgniter\CodeIgniter->run()
10 SYSTEMPATH/Boot.php(67): CodeIgniter\Boot::runCodeIgniter(Object(CodeIgniter\CodeIgniter))
11 FCPATH/index.php(56): CodeIgniter\Boot::bootWeb(Object(Config\Paths))
WARNING - 2024-09-22 08:33:29 --> [DEPRECATED] number_format(): Passing null to parameter #1 ($num) of type float is deprecated in APPPATH/Views/kd_project/dashboard_view.php on line 161.
 1 APPPATH/Views/kd_project/dashboard_view.php(161): number_format(null, 2)
 2 SYSTEMPATH/View/View.php(234): include('/home/u877349608/domains/muraridubey.com/public_html/codeigniter/app/Views/kd_project/dashboard_view.php')
 3 SYSTEMPATH/View/View.php(237): CodeIgniter\View\View->CodeIgniter\View\{closure}()
 4 SYSTEMPATH/Common.php(1171): CodeIgniter\View\View->render('kd_project/dashboard_view', [], true)
 5 APPPATH/Controllers/Dashboard_controller.php(37): view('kd_project/dashboard_view', [...])
 6 SYSTEMPATH/CodeIgniter.php(933): App\Controllers\Dashboard_controller->index()
 7 SYSTEMPATH/CodeIgniter.php(509): CodeIgniter\CodeIgniter->runController(Object(App\Controllers\Dashboard_controller))
 8 SYSTEMPATH/CodeIgniter.php(355): CodeIgniter\CodeIgniter->handleRequest(null, Object(Config\Cache), false)
 9 SYSTEMPATH/Boot.php(325): CodeIgniter\CodeIgniter->run()
10 SYSTEMPATH/Boot.php(67): CodeIgniter\Boot::runCodeIgniter(Object(CodeIgniter\CodeIgniter))
11 FCPATH/index.php(56): CodeIgniter\Boot::bootWeb(Object(Config\Paths))
WARNING - 2024-09-22 08:33:29 --> [DEPRECATED] number_format(): Passing null to parameter #1 ($num) of type float is deprecated in APPPATH/Views/kd_project/dashboard_view.php on line 168.
 1 APPPATH/Views/kd_project/dashboard_view.php(168): number_format(null, 2)
 2 SYSTEMPATH/View/View.php(234): include('/home/u877349608/domains/muraridubey.com/public_html/codeigniter/app/Views/kd_project/dashboard_view.php')
 3 SYSTEMPATH/View/View.php(237): CodeIgniter\View\View->CodeIgniter\View\{closure}()
 4 SYSTEMPATH/Common.php(1171): CodeIgniter\View\View->render('kd_project/dashboard_view', [], true)
 5 APPPATH/Controllers/Dashboard_controller.php(37): view('kd_project/dashboard_view', [...])
 6 SYSTEMPATH/CodeIgniter.php(933): App\Controllers\Dashboard_controller->index()
 7 SYSTEMPATH/CodeIgniter.php(509): CodeIgniter\CodeIgniter->runController(Object(App\Controllers\Dashboard_controller))
 8 SYSTEMPATH/CodeIgniter.php(355): CodeIgniter\CodeIgniter->handleRequest(null, Object(Config\Cache), false)
 9 SYSTEMPATH/Boot.php(325): CodeIgniter\CodeIgniter->run()
10 SYSTEMPATH/Boot.php(67): CodeIgniter\Boot::runCodeIgniter(Object(CodeIgniter\CodeIgniter))
11 FCPATH/index.php(56): CodeIgniter\Boot::bootWeb(Object(Config\Paths))
INFO - 2024-09-22 12:58:42 --> Session: Class initialized using 'CodeIgniter\Session\Handlers\FileHandler' driver.
INFO - 2024-09-22 12:58:51 --> Session: Class initialized using 'CodeIgniter\Session\Handlers\FileHandler' driver.
INFO - 2024-09-22 12:58:51 --> Session: Class initialized using 'CodeIgniter\Session\Handlers\FileHandler' driver.
INFO - 2024-09-22 12:59:55 --> Session: Class initialized using 'CodeIgniter\Session\Handlers\FileHandler' driver.
WARNING - 2024-09-22 12:59:55 --> [DEPRECATED] number_format(): Passing null to parameter #1 ($num) of type float is deprecated in APPPATH/Views/kd_project/dashboard_view.php on line 160.
 1 APPPATH/Views/kd_project/dashboard_view.php(160): number_format(null, 2)
 2 SYSTEMPATH/View/View.php(234): include('/home/u877349608/domains/muraridubey.com/public_html/codeigniter/app/Views/kd_project/dashboard_view.php')
 3 SYSTEMPATH/View/View.php(237): CodeIgniter\View\View->CodeIgniter\View\{closure}()
 4 SYSTEMPATH/Common.php(1171): CodeIgniter\View\View->render('kd_project/dashboard_view', [], true)
 5 APPPATH/Controllers/Dashboard_controller.php(37): view('kd_project/dashboard_view', [...])
 6 SYSTEMPATH/CodeIgniter.php(933): App\Controllers\Dashboard_controller->index()
 7 SYSTEMPATH/CodeIgniter.php(509): CodeIgniter\CodeIgniter->runController(Object(App\Controllers\Dashboard_controller))
 8 SYSTEMPATH/CodeIgniter.php(355): CodeIgniter\CodeIgniter->handleRequest(null, Object(Config\Cache), false)
 9 SYSTEMPATH/Boot.php(325): CodeIgniter\CodeIgniter->run()
10 SYSTEMPATH/Boot.php(67): CodeIgniter\Boot::runCodeIgniter(Object(CodeIgniter\CodeIgniter))
11 FCPATH/index.php(56): CodeIgniter\Boot::bootWeb(Object(Config\Paths))
WARNING - 2024-09-22 12:59:55 --> [DEPRECATED] number_format(): Passing null to parameter #1 ($num) of type float is deprecated in APPPATH/Views/kd_project/dashboard_view.php on line 168.
 1 APPPATH/Views/kd_project/dashboard_view.php(168): number_format(null, 2)
 2 SYSTEMPATH/View/View.php(234): include('/home/u877349608/domains/muraridubey.com/public_html/codeigniter/app/Views/kd_project/dashboard_view.php')
 3 SYSTEMPATH/View/View.php(237): CodeIgniter\View\View->CodeIgniter\View\{closure}()
 4 SYSTEMPATH/Common.php(1171): CodeIgniter\View\View->render('kd_project/dashboard_view', [], true)
 5 APPPATH/Controllers/Dashboard_controller.php(37): view('kd_project/dashboard_view', [...])
 6 SYSTEMPATH/CodeIgniter.php(933): App\Controllers\Dashboard_controller->index()
 7 SYSTEMPATH/CodeIgniter.php(509): CodeIgniter\CodeIgniter->runController(Object(App\Controllers\Dashboard_controller))
 8 SYSTEMPATH/CodeIgniter.php(355): CodeIgniter\CodeIgniter->handleRequest(null, Object(Config\Cache), false)
 9 SYSTEMPATH/Boot.php(325): CodeIgniter\CodeIgniter->run()
10 SYSTEMPATH/Boot.php(67): CodeIgniter\Boot::runCodeIgniter(Object(CodeIgniter\CodeIgniter))
11 FCPATH/index.php(56): CodeIgniter\Boot::bootWeb(Object(Config\Paths))
WARNING - 2024-09-22 12:59:55 --> [DEPRECATED] number_format(): Passing null to parameter #1 ($num) of type float is deprecated in APPPATH/Views/kd_project/dashboard_view.php on line 160.
 1 APPPATH/Views/kd_project/dashboard_view.php(160): number_format(null, 2)
 2 SYSTEMPATH/View/View.php(234): include('/home/u877349608/domains/muraridubey.com/public_html/codeigniter/app/Views/kd_project/dashboard_view.php')
 3 SYSTEMPATH/View/View.php(237): CodeIgniter\View\View->CodeIgniter\View\{closure}()
 4 SYSTEMPATH/Common.php(1171): CodeIgniter\View\View->render('kd_project/dashboard_view', [], true)
 5 APPPATH/Controllers/Dashboard_controller.php(37): view('kd_project/dashboard_view', [...])
 6 SYSTEMPATH/CodeIgniter.php(933): App\Controllers\Dashboard_controller->index()
 7 SYSTEMPATH/CodeIgniter.php(509): CodeIgniter\CodeIgniter->runController(Object(App\Controllers\Dashboard_controller))
 8 SYSTEMPATH/CodeIgniter.php(355): CodeIgniter\CodeIgniter->handleRequest(null, Object(Config\Cache), false)
 9 SYSTEMPATH/Boot.php(325): CodeIgniter\CodeIgniter->run()
10 SYSTEMPATH/Boot.php(67): CodeIgniter\Boot::runCodeIgniter(Object(CodeIgniter\CodeIgniter))
11 FCPATH/index.php(56): CodeIgniter\Boot::bootWeb(Object(Config\Paths))
WARNING - 2024-09-22 12:59:55 --> [DEPRECATED] number_format(): Passing null to parameter #1 ($num) of type float is deprecated in APPPATH/Views/kd_project/dashboard_view.php on line 168.
 1 APPPATH/Views/kd_project/dashboard_view.php(168): number_format(null, 2)
 2 SYSTEMPATH/View/View.php(234): include('/home/u877349608/domains/muraridubey.com/public_html/codeigniter/app/Views/kd_project/dashboard_view.php')
 3 SYSTEMPATH/View/View.php(237): CodeIgniter\View\View->CodeIgniter\View\{closure}()
 4 SYSTEMPATH/Common.php(1171): CodeIgniter\View\View->render('kd_project/dashboard_view', [], true)
 5 APPPATH/Controllers/Dashboard_controller.php(37): view('kd_project/dashboard_view', [...])
 6 SYSTEMPATH/CodeIgniter.php(933): App\Controllers\Dashboard_controller->index()
 7 SYSTEMPATH/CodeIgniter.php(509): CodeIgniter\CodeIgniter->runController(Object(App\Controllers\Dashboard_controller))
 8 SYSTEMPATH/CodeIgniter.php(355): CodeIgniter\CodeIgniter->handleRequest(null, Object(Config\Cache), false)
 9 SYSTEMPATH/Boot.php(325): CodeIgniter\CodeIgniter->run()
10 SYSTEMPATH/Boot.php(67): CodeIgniter\Boot::runCodeIgniter(Object(CodeIgniter\CodeIgniter))
11 FCPATH/index.php(56): CodeIgniter\Boot::bootWeb(Object(Config\Paths))
WARNING - 2024-09-22 12:59:55 --> [DEPRECATED] number_format(): Passing null to parameter #1 ($num) of type float is deprecated in APPPATH/Views/kd_project/dashboard_view.php on line 161.
 1 APPPATH/Views/kd_project/dashboard_view.php(161): number_format(null, 2)
 2 SYSTEMPATH/View/View.php(234): include('/home/u877349608/domains/muraridubey.com/public_html/codeigniter/app/Views/kd_project/dashboard_view.php')
 3 SYSTEMPATH/View/View.php(237): CodeIgniter\View\View->CodeIgniter\View\{closure}()
 4 SYSTEMPATH/Common.php(1171): CodeIgniter\View\View->render('kd_project/dashboard_view', [], true)
 5 APPPATH/Controllers/Dashboard_controller.php(37): view('kd_project/dashboard_view', [...])
 6 SYSTEMPATH/CodeIgniter.php(933): App\Controllers\Dashboard_controller->index()
 7 SYSTEMPATH/CodeIgniter.php(509): CodeIgniter\CodeIgniter->runController(Object(App\Controllers\Dashboard_controller))
 8 SYSTEMPATH/CodeIgniter.php(355): CodeIgniter\CodeIgniter->handleRequest(null, Object(Config\Cache), false)
 9 SYSTEMPATH/Boot.php(325): CodeIgniter\CodeIgniter->run()
10 SYSTEMPATH/Boot.php(67): CodeIgniter\Boot::runCodeIgniter(Object(CodeIgniter\CodeIgniter))
11 FCPATH/index.php(56): CodeIgniter\Boot::bootWeb(Object(Config\Paths))
WARNING - 2024-09-22 12:59:55 --> [DEPRECATED] number_format(): Passing null to parameter #1 ($num) of type float is deprecated in APPPATH/Views/kd_project/dashboard_view.php on line 168.
 1 APPPATH/Views/kd_project/dashboard_view.php(168): number_format(null, 2)
 2 SYSTEMPATH/View/View.php(234): include('/home/u877349608/domains/muraridubey.com/public_html/codeigniter/app/Views/kd_project/dashboard_view.php')
 3 SYSTEMPATH/View/View.php(237): CodeIgniter\View\View->CodeIgniter\View\{closure}()
 4 SYSTEMPATH/Common.php(1171): CodeIgniter\View\View->render('kd_project/dashboard_view', [], true)
 5 APPPATH/Controllers/Dashboard_controller.php(37): view('kd_project/dashboard_view', [...])
 6 SYSTEMPATH/CodeIgniter.php(933): App\Controllers\Dashboard_controller->index()
 7 SYSTEMPATH/CodeIgniter.php(509): CodeIgniter\CodeIgniter->runController(Object(App\Controllers\Dashboard_controller))
 8 SYSTEMPATH/CodeIgniter.php(355): CodeIgniter\CodeIgniter->handleRequest(null, Object(Config\Cache), false)
 9 SYSTEMPATH/Boot.php(325): CodeIgniter\CodeIgniter->run()
10 SYSTEMPATH/Boot.php(67): CodeIgniter\Boot::runCodeIgniter(Object(CodeIgniter\CodeIgniter))
11 FCPATH/index.php(56): CodeIgniter\Boot::bootWeb(Object(Config\Paths))
WARNING - 2024-09-22 12:59:55 --> [DEPRECATED] number_format(): Passing null to parameter #1 ($num) of type float is deprecated in APPPATH/Views/kd_project/dashboard_view.php on line 161.
 1 APPPATH/Views/kd_project/dashboard_view.php(161): number_format(null, 2)
 2 SYSTEMPATH/View/View.php(234): include('/home/u877349608/domains/muraridubey.com/public_html/codeigniter/app/Views/kd_project/dashboard_view.php')
 3 SYSTEMPATH/View/View.php(237): CodeIgniter\View\View->CodeIgniter\View\{closure}()
 4 SYSTEMPATH/Common.php(1171): CodeIgniter\View\View->render('kd_project/dashboard_view', [], true)
 5 APPPATH/Controllers/Dashboard_controller.php(37): view('kd_project/dashboard_view', [...])
 6 SYSTEMPATH/CodeIgniter.php(933): App\Controllers\Dashboard_controller->index()
 7 SYSTEMPATH/CodeIgniter.php(509): CodeIgniter\CodeIgniter->runController(Object(App\Controllers\Dashboard_controller))
 8 SYSTEMPATH/CodeIgniter.php(355): CodeIgniter\CodeIgniter->handleRequest(null, Object(Config\Cache), false)
 9 SYSTEMPATH/Boot.php(325): CodeIgniter\CodeIgniter->run()
10 SYSTEMPATH/Boot.php(67): CodeIgniter\Boot::runCodeIgniter(Object(CodeIgniter\CodeIgniter))
11 FCPATH/index.php(56): CodeIgniter\Boot::bootWeb(Object(Config\Paths))
WARNING - 2024-09-22 12:59:55 --> [DEPRECATED] number_format(): Passing null to parameter #1 ($num) of type float is deprecated in APPPATH/Views/kd_project/dashboard_view.php on line 168.
 1 APPPATH/Views/kd_project/dashboard_view.php(168): number_format(null, 2)
 2 SYSTEMPATH/View/View.php(234): include('/home/u877349608/domains/muraridubey.com/public_html/codeigniter/app/Views/kd_project/dashboard_view.php')
 3 SYSTEMPATH/View/View.php(237): CodeIgniter\View\View->CodeIgniter\View\{closure}()
 4 SYSTEMPATH/Common.php(1171): CodeIgniter\View\View->render('kd_project/dashboard_view', [], true)
 5 APPPATH/Controllers/Dashboard_controller.php(37): view('kd_project/dashboard_view', [...])
 6 SYSTEMPATH/CodeIgniter.php(933): App\Controllers\Dashboard_controller->index()
 7 SYSTEMPATH/CodeIgniter.php(509): CodeIgniter\CodeIgniter->runController(Object(App\Controllers\Dashboard_controller))
 8 SYSTEMPATH/CodeIgniter.php(355): CodeIgniter\CodeIgniter->handleRequest(null, Object(Config\Cache), false)
 9 SYSTEMPATH/Boot.php(325): CodeIgniter\CodeIgniter->run()
10 SYSTEMPATH/Boot.php(67): CodeIgniter\Boot::runCodeIgniter(Object(CodeIgniter\CodeIgniter))
11 FCPATH/index.php(56): CodeIgniter\Boot::bootWeb(Object(Config\Paths))
WARNING - 2024-09-22 12:59:55 --> [DEPRECATED] number_format(): Passing null to parameter #1 ($num) of type float is deprecated in APPPATH/Views/kd_project/dashboard_view.php on line 164.
 1 APPPATH/Views/kd_project/dashboard_view.php(164): number_format(null, 2)
 2 SYSTEMPATH/View/View.php(234): include('/home/u877349608/domains/muraridubey.com/public_html/codeigniter/app/Views/kd_project/dashboard_view.php')
 3 SYSTEMPATH/View/View.php(237): CodeIgniter\View\View->CodeIgniter\View\{closure}()
 4 SYSTEMPATH/Common.php(1171): CodeIgniter\View\View->render('kd_project/dashboard_view', [], true)
 5 APPPATH/Controllers/Dashboard_controller.php(37): view('kd_project/dashboard_view', [...])
 6 SYSTEMPATH/CodeIgniter.php(933): App\Controllers\Dashboard_controller->index()
 7 SYSTEMPATH/CodeIgniter.php(509): CodeIgniter\CodeIgniter->runController(Object(App\Controllers\Dashboard_controller))
 8 SYSTEMPATH/CodeIgniter.php(355): CodeIgniter\CodeIgniter->handleRequest(null, Object(Config\Cache), false)
 9 SYSTEMPATH/Boot.php(325): CodeIgniter\CodeIgniter->run()
10 SYSTEMPATH/Boot.php(67): CodeIgniter\Boot::runCodeIgniter(Object(CodeIgniter\CodeIgniter))
11 FCPATH/index.php(56): CodeIgniter\Boot::bootWeb(Object(Config\Paths))
WARNING - 2024-09-22 12:59:55 --> [DEPRECATED] number_format(): Passing null to parameter #1 ($num) of type float is deprecated in APPPATH/Views/kd_project/dashboard_view.php on line 168.
 1 APPPATH/Views/kd_project/dashboard_view.php(168): number_format(null, 2)
 2 SYSTEMPATH/View/View.php(234): include('/home/u877349608/domains/muraridubey.com/public_html/codeigniter/app/Views/kd_project/dashboard_view.php')
 3 SYSTEMPATH/View/View.php(237): CodeIgniter\View\View->CodeIgniter\View\{closure}()
 4 SYSTEMPATH/Common.php(1171): CodeIgniter\View\View->render('kd_project/dashboard_view', [], true)
 5 APPPATH/Controllers/Dashboard_controller.php(37): view('kd_project/dashboard_view', [...])
 6 SYSTEMPATH/CodeIgniter.php(933): App\Controllers\Dashboard_controller->index()
 7 SYSTEMPATH/CodeIgniter.php(509): CodeIgniter\CodeIgniter->runController(Object(App\Controllers\Dashboard_controller))
 8 SYSTEMPATH/CodeIgniter.php(355): CodeIgniter\CodeIgniter->handleRequest(null, Object(Config\Cache), false)
 9 SYSTEMPATH/Boot.php(325): CodeIgniter\CodeIgniter->run()
10 SYSTEMPATH/Boot.php(67): CodeIgniter\Boot::runCodeIgniter(Object(CodeIgniter\CodeIgniter))
11 FCPATH/index.php(56): CodeIgniter\Boot::bootWeb(Object(Config\Paths))
WARNING - 2024-09-22 12:59:55 --> [DEPRECATED] number_format(): Passing null to parameter #1 ($num) of type float is deprecated in APPPATH/Views/kd_project/dashboard_view.php on line 161.
 1 APPPATH/Views/kd_project/dashboard_view.php(161): number_format(null, 2)
 2 SYSTEMPATH/View/View.php(234): include('/home/u877349608/domains/muraridubey.com/public_html/codeigniter/app/Views/kd_project/dashboard_view.php')
 3 SYSTEMPATH/View/View.php(237): CodeIgniter\View\View->CodeIgniter\View\{closure}()
 4 SYSTEMPATH/Common.php(1171): CodeIgniter\View\View->render('kd_project/dashboard_view', [], true)
 5 APPPATH/Controllers/Dashboard_controller.php(37): view('kd_project/dashboard_view', [...])
 6 SYSTEMPATH/CodeIgniter.php(933): App\Controllers\Dashboard_controller->index()
 7 SYSTEMPATH/CodeIgniter.php(509): CodeIgniter\CodeIgniter->runController(Object(App\Controllers\Dashboard_controller))
 8 SYSTEMPATH/CodeIgniter.php(355): CodeIgniter\CodeIgniter->handleRequest(null, Object(Config\Cache), false)
 9 SYSTEMPATH/Boot.php(325): CodeIgniter\CodeIgniter->run()
10 SYSTEMPATH/Boot.php(67): CodeIgniter\Boot::runCodeIgniter(Object(CodeIgniter\CodeIgniter))
11 FCPATH/index.php(56): CodeIgniter\Boot::bootWeb(Object(Config\Paths))
WARNING - 2024-09-22 12:59:55 --> [DEPRECATED] number_format(): Passing null to parameter #1 ($num) of type float is deprecated in APPPATH/Views/kd_project/dashboard_view.php on line 168.
 1 APPPATH/Views/kd_project/dashboard_view.php(168): number_format(null, 2)
 2 SYSTEMPATH/View/View.php(234): include('/home/u877349608/domains/muraridubey.com/public_html/codeigniter/app/Views/kd_project/dashboard_view.php')
 3 SYSTEMPATH/View/View.php(237): CodeIgniter\View\View->CodeIgniter\View\{closure}()
 4 SYSTEMPATH/Common.php(1171): CodeIgniter\View\View->render('kd_project/dashboard_view', [], true)
 5 APPPATH/Controllers/Dashboard_controller.php(37): view('kd_project/dashboard_view', [...])
 6 SYSTEMPATH/CodeIgniter.php(933): App\Controllers\Dashboard_controller->index()
 7 SYSTEMPATH/CodeIgniter.php(509): CodeIgniter\CodeIgniter->runController(Object(App\Controllers\Dashboard_controller))
 8 SYSTEMPATH/CodeIgniter.php(355): CodeIgniter\CodeIgniter->handleRequest(null, Object(Config\Cache), false)
 9 SYSTEMPATH/Boot.php(325): CodeIgniter\CodeIgniter->run()
10 SYSTEMPATH/Boot.php(67): CodeIgniter\Boot::runCodeIgniter(Object(CodeIgniter\CodeIgniter))
11 FCPATH/index.php(56): CodeIgniter\Boot::bootWeb(Object(Config\Paths))
WARNING - 2024-09-22 12:59:55 --> [DEPRECATED] number_format(): Passing null to parameter #1 ($num) of type float is deprecated in APPPATH/Views/kd_project/dashboard_view.php on line 161.
 1 APPPATH/Views/kd_project/dashboard_view.php(161): number_format(null, 2)
 2 SYSTEMPATH/View/View.php(234): include('/home/u877349608/domains/muraridubey.com/public_html/codeigniter/app/Views/kd_project/dashboard_view.php')
 3 SYSTEMPATH/View/View.php(237): CodeIgniter\View\View->CodeIgniter\View\{closure}()
 4 SYSTEMPATH/Common.php(1171): CodeIgniter\View\View->render('kd_project/dashboard_view', [], true)
 5 APPPATH/Controllers/Dashboard_controller.php(37): view('kd_project/dashboard_view', [...])
 6 SYSTEMPATH/CodeIgniter.php(933): App\Controllers\Dashboard_controller->index()
 7 SYSTEMPATH/CodeIgniter.php(509): CodeIgniter\CodeIgniter->runController(Object(App\Controllers\Dashboard_controller))
 8 SYSTEMPATH/CodeIgniter.php(355): CodeIgniter\CodeIgniter->handleRequest(null, Object(Config\Cache), false)
 9 SYSTEMPATH/Boot.php(325): CodeIgniter\CodeIgniter->run()
10 SYSTEMPATH/Boot.php(67): CodeIgniter\Boot::runCodeIgniter(Object(CodeIgniter\CodeIgniter))
11 FCPATH/index.php(56): CodeIgniter\Boot::bootWeb(Object(Config\Paths))
WARNING - 2024-09-22 12:59:55 --> [DEPRECATED] number_format(): Passing null to parameter #1 ($num) of type float is deprecated in APPPATH/Views/kd_project/dashboard_view.php on line 168.
 1 APPPATH/Views/kd_project/dashboard_view.php(168): number_format(null, 2)
 2 SYSTEMPATH/View/View.php(234): include('/home/u877349608/domains/muraridubey.com/public_html/codeigniter/app/Views/kd_project/dashboard_view.php')
 3 SYSTEMPATH/View/View.php(237): CodeIgniter\View\View->CodeIgniter\View\{closure}()
 4 SYSTEMPATH/Common.php(1171): CodeIgniter\View\View->render('kd_project/dashboard_view', [], true)
 5 APPPATH/Controllers/Dashboard_controller.php(37): view('kd_project/dashboard_view', [...])
 6 SYSTEMPATH/CodeIgniter.php(933): App\Controllers\Dashboard_controller->index()
 7 SYSTEMPATH/CodeIgniter.php(509): CodeIgniter\CodeIgniter->runController(Object(App\Controllers\Dashboard_controller))
 8 SYSTEMPATH/CodeIgniter.php(355): CodeIgniter\CodeIgniter->handleRequest(null, Object(Config\Cache), false)
 9 SYSTEMPATH/Boot.php(325): CodeIgniter\CodeIgniter->run()
10 SYSTEMPATH/Boot.php(67): CodeIgniter\Boot::runCodeIgniter(Object(CodeIgniter\CodeIgniter))
11 FCPATH/index.php(56): CodeIgniter\Boot::bootWeb(Object(Config\Paths))
INFO - 2024-09-22 13:01:01 --> Session: Class initialized using 'CodeIgniter\Session\Handlers\FileHandler' driver.
INFO - 2024-09-22 13:02:10 --> Session: Class initialized using 'CodeIgniter\Session\Handlers\FileHandler' driver.
INFO - 2024-09-22 13:02:14 --> Session: Class initialized using 'CodeIgniter\Session\Handlers\FileHandler' driver.
INFO - 2024-09-22 13:02:17 --> Session: Class initialized using 'CodeIgniter\Session\Handlers\FileHandler' driver.
WARNING - 2024-09-22 13:02:17 --> [DEPRECATED] number_format(): Passing null to parameter #1 ($num) of type float is deprecated in APPPATH/Views/kd_project/dashboard_view.php on line 160.
 1 APPPATH/Views/kd_project/dashboard_view.php(160): number_format(null, 2)
 2 SYSTEMPATH/View/View.php(234): include('/home/u877349608/domains/muraridubey.com/public_html/codeigniter/app/Views/kd_project/dashboard_view.php')
 3 SYSTEMPATH/View/View.php(237): CodeIgniter\View\View->CodeIgniter\View\{closure}()
 4 SYSTEMPATH/Common.php(1171): CodeIgniter\View\View->render('kd_project/dashboard_view', [], true)
 5 APPPATH/Controllers/Dashboard_controller.php(37): view('kd_project/dashboard_view', [...])
 6 SYSTEMPATH/CodeIgniter.php(933): App\Controllers\Dashboard_controller->index()
 7 SYSTEMPATH/CodeIgniter.php(509): CodeIgniter\CodeIgniter->runController(Object(App\Controllers\Dashboard_controller))
 8 SYSTEMPATH/CodeIgniter.php(355): CodeIgniter\CodeIgniter->handleRequest(null, Object(Config\Cache), false)
 9 SYSTEMPATH/Boot.php(325): CodeIgniter\CodeIgniter->run()
10 SYSTEMPATH/Boot.php(67): CodeIgniter\Boot::runCodeIgniter(Object(CodeIgniter\CodeIgniter))
11 FCPATH/index.php(56): CodeIgniter\Boot::bootWeb(Object(Config\Paths))
WARNING - 2024-09-22 13:02:17 --> [DEPRECATED] number_format(): Passing null to parameter #1 ($num) of type float is deprecated in APPPATH/Views/kd_project/dashboard_view.php on line 168.
 1 APPPATH/Views/kd_project/dashboard_view.php(168): number_format(null, 2)
 2 SYSTEMPATH/View/View.php(234): include('/home/u877349608/domains/muraridubey.com/public_html/codeigniter/app/Views/kd_project/dashboard_view.php')
 3 SYSTEMPATH/View/View.php(237): CodeIgniter\View\View->CodeIgniter\View\{closure}()
 4 SYSTEMPATH/Common.php(1171): CodeIgniter\View\View->render('kd_project/dashboard_view', [], true)
 5 APPPATH/Controllers/Dashboard_controller.php(37): view('kd_project/dashboard_view', [...])
 6 SYSTEMPATH/CodeIgniter.php(933): App\Controllers\Dashboard_controller->index()
 7 SYSTEMPATH/CodeIgniter.php(509): CodeIgniter\CodeIgniter->runController(Object(App\Controllers\Dashboard_controller))
 8 SYSTEMPATH/CodeIgniter.php(355): CodeIgniter\CodeIgniter->handleRequest(null, Object(Config\Cache), false)
 9 SYSTEMPATH/Boot.php(325): CodeIgniter\CodeIgniter->run()
10 SYSTEMPATH/Boot.php(67): CodeIgniter\Boot::runCodeIgniter(Object(CodeIgniter\CodeIgniter))
11 FCPATH/index.php(56): CodeIgniter\Boot::bootWeb(Object(Config\Paths))
WARNING - 2024-09-22 13:02:17 --> [DEPRECATED] number_format(): Passing null to parameter #1 ($num) of type float is deprecated in APPPATH/Views/kd_project/dashboard_view.php on line 160.
 1 APPPATH/Views/kd_project/dashboard_view.php(160): number_format(null, 2)
 2 SYSTEMPATH/View/View.php(234): include('/home/u877349608/domains/muraridubey.com/public_html/codeigniter/app/Views/kd_project/dashboard_view.php')
 3 SYSTEMPATH/View/View.php(237): CodeIgniter\View\View->CodeIgniter\View\{closure}()
 4 SYSTEMPATH/Common.php(1171): CodeIgniter\View\View->render('kd_project/dashboard_view', [], true)
 5 APPPATH/Controllers/Dashboard_controller.php(37): view('kd_project/dashboard_view', [...])
 6 SYSTEMPATH/CodeIgniter.php(933): App\Controllers\Dashboard_controller->index()
 7 SYSTEMPATH/CodeIgniter.php(509): CodeIgniter\CodeIgniter->runController(Object(App\Controllers\Dashboard_controller))
 8 SYSTEMPATH/CodeIgniter.php(355): CodeIgniter\CodeIgniter->handleRequest(null, Object(Config\Cache), false)
 9 SYSTEMPATH/Boot.php(325): CodeIgniter\CodeIgniter->run()
10 SYSTEMPATH/Boot.php(67): CodeIgniter\Boot::runCodeIgniter(Object(CodeIgniter\CodeIgniter))
11 FCPATH/index.php(56): CodeIgniter\Boot::bootWeb(Object(Config\Paths))
WARNING - 2024-09-22 13:02:17 --> [DEPRECATED] number_format(): Passing null to parameter #1 ($num) of type float is deprecated in APPPATH/Views/kd_project/dashboard_view.php on line 168.
 1 APPPATH/Views/kd_project/dashboard_view.php(168): number_format(null, 2)
 2 SYSTEMPATH/View/View.php(234): include('/home/u877349608/domains/muraridubey.com/public_html/codeigniter/app/Views/kd_project/dashboard_view.php')
 3 SYSTEMPATH/View/View.php(237): CodeIgniter\View\View->CodeIgniter\View\{closure}()
 4 SYSTEMPATH/Common.php(1171): CodeIgniter\View\View->render('kd_project/dashboard_view', [], true)
 5 APPPATH/Controllers/Dashboard_controller.php(37): view('kd_project/dashboard_view', [...])
 6 SYSTEMPATH/CodeIgniter.php(933): App\Controllers\Dashboard_controller->index()
 7 SYSTEMPATH/CodeIgniter.php(509): CodeIgniter\CodeIgniter->runController(Object(App\Controllers\Dashboard_controller))
 8 SYSTEMPATH/CodeIgniter.php(355): CodeIgniter\CodeIgniter->handleRequest(null, Object(Config\Cache), false)
 9 SYSTEMPATH/Boot.php(325): CodeIgniter\CodeIgniter->run()
10 SYSTEMPATH/Boot.php(67): CodeIgniter\Boot::runCodeIgniter(Object(CodeIgniter\CodeIgniter))
11 FCPATH/index.php(56): CodeIgniter\Boot::bootWeb(Object(Config\Paths))
WARNING - 2024-09-22 13:02:17 --> [DEPRECATED] number_format(): Passing null to parameter #1 ($num) of type float is deprecated in APPPATH/Views/kd_project/dashboard_view.php on line 161.
 1 APPPATH/Views/kd_project/dashboard_view.php(161): number_format(null, 2)
 2 SYSTEMPATH/View/View.php(234): include('/home/u877349608/domains/muraridubey.com/public_html/codeigniter/app/Views/kd_project/dashboard_view.php')
 3 SYSTEMPATH/View/View.php(237): CodeIgniter\View\View->CodeIgniter\View\{closure}()
 4 SYSTEMPATH/Common.php(1171): CodeIgniter\View\View->render('kd_project/dashboard_view', [], true)
 5 APPPATH/Controllers/Dashboard_controller.php(37): view('kd_project/dashboard_view', [...])
 6 SYSTEMPATH/CodeIgniter.php(933): App\Controllers\Dashboard_controller->index()
 7 SYSTEMPATH/CodeIgniter.php(509): CodeIgniter\CodeIgniter->runController(Object(App\Controllers\Dashboard_controller))
 8 SYSTEMPATH/CodeIgniter.php(355): CodeIgniter\CodeIgniter->handleRequest(null, Object(Config\Cache), false)
 9 SYSTEMPATH/Boot.php(325): CodeIgniter\CodeIgniter->run()
10 SYSTEMPATH/Boot.php(67): CodeIgniter\Boot::runCodeIgniter(Object(CodeIgniter\CodeIgniter))
11 FCPATH/index.php(56): CodeIgniter\Boot::bootWeb(Object(Config\Paths))
WARNING - 2024-09-22 13:02:17 --> [DEPRECATED] number_format(): Passing null to parameter #1 ($num) of type float is deprecated in APPPATH/Views/kd_project/dashboard_view.php on line 168.
 1 APPPATH/Views/kd_project/dashboard_view.php(168): number_format(null, 2)
 2 SYSTEMPATH/View/View.php(234): include('/home/u877349608/domains/muraridubey.com/public_html/codeigniter/app/Views/kd_project/dashboard_view.php')
 3 SYSTEMPATH/View/View.php(237): CodeIgniter\View\View->CodeIgniter\View\{closure}()
 4 SYSTEMPATH/Common.php(1171): CodeIgniter\View\View->render('kd_project/dashboard_view', [], true)
 5 APPPATH/Controllers/Dashboard_controller.php(37): view('kd_project/dashboard_view', [...])
 6 SYSTEMPATH/CodeIgniter.php(933): App\Controllers\Dashboard_controller->index()
 7 SYSTEMPATH/CodeIgniter.php(509): CodeIgniter\CodeIgniter->runController(Object(App\Controllers\Dashboard_controller))
 8 SYSTEMPATH/CodeIgniter.php(355): CodeIgniter\CodeIgniter->handleRequest(null, Object(Config\Cache), false)
 9 SYSTEMPATH/Boot.php(325): CodeIgniter\CodeIgniter->run()
10 SYSTEMPATH/Boot.php(67): CodeIgniter\Boot::runCodeIgniter(Object(CodeIgniter\CodeIgniter))
11 FCPATH/index.php(56): CodeIgniter\Boot::bootWeb(Object(Config\Paths))
WARNING - 2024-09-22 13:02:17 --> [DEPRECATED] number_format(): Passing null to parameter #1 ($num) of type float is deprecated in APPPATH/Views/kd_project/dashboard_view.php on line 161.
 1 APPPATH/Views/kd_project/dashboard_view.php(161): number_format(null, 2)
 2 SYSTEMPATH/View/View.php(234): include('/home/u877349608/domains/muraridubey.com/public_html/codeigniter/app/Views/kd_project/dashboard_view.php')
 3 SYSTEMPATH/View/View.php(237): CodeIgniter\View\View->CodeIgniter\View\{closure}()
 4 SYSTEMPATH/Common.php(1171): CodeIgniter\View\View->render('kd_project/dashboard_view', [], true)
 5 APPPATH/Controllers/Dashboard_controller.php(37): view('kd_project/dashboard_view', [...])
 6 SYSTEMPATH/CodeIgniter.php(933): App\Controllers\Dashboard_controller->index()
 7 SYSTEMPATH/CodeIgniter.php(509): CodeIgniter\CodeIgniter->runController(Object(App\Controllers\Dashboard_controller))
 8 SYSTEMPATH/CodeIgniter.php(355): CodeIgniter\CodeIgniter->handleRequest(null, Object(Config\Cache), false)
 9 SYSTEMPATH/Boot.php(325): CodeIgniter\CodeIgniter->run()
10 SYSTEMPATH/Boot.php(67): CodeIgniter\Boot::runCodeIgniter(Object(CodeIgniter\CodeIgniter))
11 FCPATH/index.php(56): CodeIgniter\Boot::bootWeb(Object(Config\Paths))
WARNING - 2024-09-22 13:02:17 --> [DEPRECATED] number_format(): Passing null to parameter #1 ($num) of type float is deprecated in APPPATH/Views/kd_project/dashboard_view.php on line 168.
 1 APPPATH/Views/kd_project/dashboard_view.php(168): number_format(null, 2)
 2 SYSTEMPATH/View/View.php(234): include('/home/u877349608/domains/muraridubey.com/public_html/codeigniter/app/Views/kd_project/dashboard_view.php')
 3 SYSTEMPATH/View/View.php(237): CodeIgniter\View\View->CodeIgniter\View\{closure}()
 4 SYSTEMPATH/Common.php(1171): CodeIgniter\View\View->render('kd_project/dashboard_view', [], true)
 5 APPPATH/Controllers/Dashboard_controller.php(37): view('kd_project/dashboard_view', [...])
 6 SYSTEMPATH/CodeIgniter.php(933): App\Controllers\Dashboard_controller->index()
 7 SYSTEMPATH/CodeIgniter.php(509): CodeIgniter\CodeIgniter->runController(Object(App\Controllers\Dashboard_controller))
 8 SYSTEMPATH/CodeIgniter.php(355): CodeIgniter\CodeIgniter->handleRequest(null, Object(Config\Cache), false)
 9 SYSTEMPATH/Boot.php(325): CodeIgniter\CodeIgniter->run()
10 SYSTEMPATH/Boot.php(67): CodeIgniter\Boot::runCodeIgniter(Object(CodeIgniter\CodeIgniter))
11 FCPATH/index.php(56): CodeIgniter\Boot::bootWeb(Object(Config\Paths))
WARNING - 2024-09-22 13:02:17 --> [DEPRECATED] number_format(): Passing null to parameter #1 ($num) of type float is deprecated in APPPATH/Views/kd_project/dashboard_view.php on line 164.
 1 APPPATH/Views/kd_project/dashboard_view.php(164): number_format(null, 2)
 2 SYSTEMPATH/View/View.php(234): include('/home/u877349608/domains/muraridubey.com/public_html/codeigniter/app/Views/kd_project/dashboard_view.php')
 3 SYSTEMPATH/View/View.php(237): CodeIgniter\View\View->CodeIgniter\View\{closure}()
 4 SYSTEMPATH/Common.php(1171): CodeIgniter\View\View->render('kd_project/dashboard_view', [], true)
 5 APPPATH/Controllers/Dashboard_controller.php(37): view('kd_project/dashboard_view', [...])
 6 SYSTEMPATH/CodeIgniter.php(933): App\Controllers\Dashboard_controller->index()
 7 SYSTEMPATH/CodeIgniter.php(509): CodeIgniter\CodeIgniter->runController(Object(App\Controllers\Dashboard_controller))
 8 SYSTEMPATH/CodeIgniter.php(355): CodeIgniter\CodeIgniter->handleRequest(null, Object(Config\Cache), false)
 9 SYSTEMPATH/Boot.php(325): CodeIgniter\CodeIgniter->run()
10 SYSTEMPATH/Boot.php(67): CodeIgniter\Boot::runCodeIgniter(Object(CodeIgniter\CodeIgniter))
11 FCPATH/index.php(56): CodeIgniter\Boot::bootWeb(Object(Config\Paths))
WARNING - 2024-09-22 13:02:17 --> [DEPRECATED] number_format(): Passing null to parameter #1 ($num) of type float is deprecated in APPPATH/Views/kd_project/dashboard_view.php on line 168.
 1 APPPATH/Views/kd_project/dashboard_view.php(168): number_format(null, 2)
 2 SYSTEMPATH/View/View.php(234): include('/home/u877349608/domains/muraridubey.com/public_html/codeigniter/app/Views/kd_project/dashboard_view.php')
 3 SYSTEMPATH/View/View.php(237): CodeIgniter\View\View->CodeIgniter\View\{closure}()
 4 SYSTEMPATH/Common.php(1171): CodeIgniter\View\View->render('kd_project/dashboard_view', [], true)
 5 APPPATH/Controllers/Dashboard_controller.php(37): view('kd_project/dashboard_view', [...])
 6 SYSTEMPATH/CodeIgniter.php(933): App\Controllers\Dashboard_controller->index()
 7 SYSTEMPATH/CodeIgniter.php(509): CodeIgniter\CodeIgniter->runController(Object(App\Controllers\Dashboard_controller))
 8 SYSTEMPATH/CodeIgniter.php(355): CodeIgniter\CodeIgniter->handleRequest(null, Object(Config\Cache), false)
 9 SYSTEMPATH/Boot.php(325): CodeIgniter\CodeIgniter->run()
10 SYSTEMPATH/Boot.php(67): CodeIgniter\Boot::runCodeIgniter(Object(CodeIgniter\CodeIgniter))
11 FCPATH/index.php(56): CodeIgniter\Boot::bootWeb(Object(Config\Paths))
WARNING - 2024-09-22 13:02:17 --> [DEPRECATED] number_format(): Passing null to parameter #1 ($num) of type float is deprecated in APPPATH/Views/kd_project/dashboard_view.php on line 161.
 1 APPPATH/Views/kd_project/dashboard_view.php(161): number_format(null, 2)
 2 SYSTEMPATH/View/View.php(234): include('/home/u877349608/domains/muraridubey.com/public_html/codeigniter/app/Views/kd_project/dashboard_view.php')
 3 SYSTEMPATH/View/View.php(237): CodeIgniter\View\View->CodeIgniter\View\{closure}()
 4 SYSTEMPATH/Common.php(1171): CodeIgniter\View\View->render('kd_project/dashboard_view', [], true)
 5 APPPATH/Controllers/Dashboard_controller.php(37): view('kd_project/dashboard_view', [...])
 6 SYSTEMPATH/CodeIgniter.php(933): App\Controllers\Dashboard_controller->index()
 7 SYSTEMPATH/CodeIgniter.php(509): CodeIgniter\CodeIgniter->runController(Object(App\Controllers\Dashboard_controller))
 8 SYSTEMPATH/CodeIgniter.php(355): CodeIgniter\CodeIgniter->handleRequest(null, Object(Config\Cache), false)
 9 SYSTEMPATH/Boot.php(325): CodeIgniter\CodeIgniter->run()
10 SYSTEMPATH/Boot.php(67): CodeIgniter\Boot::runCodeIgniter(Object(CodeIgniter\CodeIgniter))
11 FCPATH/index.php(56): CodeIgniter\Boot::bootWeb(Object(Config\Paths))
WARNING - 2024-09-22 13:02:17 --> [DEPRECATED] number_format(): Passing null to parameter #1 ($num) of type float is deprecated in APPPATH/Views/kd_project/dashboard_view.php on line 168.
 1 APPPATH/Views/kd_project/dashboard_view.php(168): number_format(null, 2)
 2 SYSTEMPATH/View/View.php(234): include('/home/u877349608/domains/muraridubey.com/public_html/codeigniter/app/Views/kd_project/dashboard_view.php')
 3 SYSTEMPATH/View/View.php(237): CodeIgniter\View\View->CodeIgniter\View\{closure}()
 4 SYSTEMPATH/Common.php(1171): CodeIgniter\View\View->render('kd_project/dashboard_view', [], true)
 5 APPPATH/Controllers/Dashboard_controller.php(37): view('kd_project/dashboard_view', [...])
 6 SYSTEMPATH/CodeIgniter.php(933): App\Controllers\Dashboard_controller->index()
 7 SYSTEMPATH/CodeIgniter.php(509): CodeIgniter\CodeIgniter->runController(Object(App\Controllers\Dashboard_controller))
 8 SYSTEMPATH/CodeIgniter.php(355): CodeIgniter\CodeIgniter->handleRequest(null, Object(Config\Cache), false)
 9 SYSTEMPATH/Boot.php(325): CodeIgniter\CodeIgniter->run()
10 SYSTEMPATH/Boot.php(67): CodeIgniter\Boot::runCodeIgniter(Object(CodeIgniter\CodeIgniter))
11 FCPATH/index.php(56): CodeIgniter\Boot::bootWeb(Object(Config\Paths))
WARNING - 2024-09-22 13:02:17 --> [DEPRECATED] number_format(): Passing null to parameter #1 ($num) of type float is deprecated in APPPATH/Views/kd_project/dashboard_view.php on line 161.
 1 APPPATH/Views/kd_project/dashboard_view.php(161): number_format(null, 2)
 2 SYSTEMPATH/View/View.php(234): include('/home/u877349608/domains/muraridubey.com/public_html/codeigniter/app/Views/kd_project/dashboard_view.php')
 3 SYSTEMPATH/View/View.php(237): CodeIgniter\View\View->CodeIgniter\View\{closure}()
 4 SYSTEMPATH/Common.php(1171): CodeIgniter\View\View->render('kd_project/dashboard_view', [], true)
 5 APPPATH/Controllers/Dashboard_controller.php(37): view('kd_project/dashboard_view', [...])
 6 SYSTEMPATH/CodeIgniter.php(933): App\Controllers\Dashboard_controller->index()
 7 SYSTEMPATH/CodeIgniter.php(509): CodeIgniter\CodeIgniter->runController(Object(App\Controllers\Dashboard_controller))
 8 SYSTEMPATH/CodeIgniter.php(355): CodeIgniter\CodeIgniter->handleRequest(null, Object(Config\Cache), false)
 9 SYSTEMPATH/Boot.php(325): CodeIgniter\CodeIgniter->run()
10 SYSTEMPATH/Boot.php(67): CodeIgniter\Boot::runCodeIgniter(Object(CodeIgniter\CodeIgniter))
11 FCPATH/index.php(56): CodeIgniter\Boot::bootWeb(Object(Config\Paths))
WARNING - 2024-09-22 13:02:17 --> [DEPRECATED] number_format(): Passing null to parameter #1 ($num) of type float is deprecated in APPPATH/Views/kd_project/dashboard_view.php on line 168.
 1 APPPATH/Views/kd_project/dashboard_view.php(168): number_format(null, 2)
 2 SYSTEMPATH/View/View.php(234): include('/home/u877349608/domains/muraridubey.com/public_html/codeigniter/app/Views/kd_project/dashboard_view.php')
 3 SYSTEMPATH/View/View.php(237): CodeIgniter\View\View->CodeIgniter\View\{closure}()
 4 SYSTEMPATH/Common.php(1171): CodeIgniter\View\View->render('kd_project/dashboard_view', [], true)
 5 APPPATH/Controllers/Dashboard_controller.php(37): view('kd_project/dashboard_view', [...])
 6 SYSTEMPATH/CodeIgniter.php(933): App\Controllers\Dashboard_controller->index()
 7 SYSTEMPATH/CodeIgniter.php(509): CodeIgniter\CodeIgniter->runController(Object(App\Controllers\Dashboard_controller))
 8 SYSTEMPATH/CodeIgniter.php(355): CodeIgniter\CodeIgniter->handleRequest(null, Object(Config\Cache), false)
 9 SYSTEMPATH/Boot.php(325): CodeIgniter\CodeIgniter->run()
10 SYSTEMPATH/Boot.php(67): CodeIgniter\Boot::runCodeIgniter(Object(CodeIgniter\CodeIgniter))
11 FCPATH/index.php(56): CodeIgniter\Boot::bootWeb(Object(Config\Paths))
INFO - 2024-09-22 13:02:31 --> Session: Class initialized using 'CodeIgniter\Session\Handlers\FileHandler' driver.
INFO - 2024-09-22 13:02:37 --> Session: Class initialized using 'CodeIgniter\Session\Handlers\FileHandler' driver.
INFO - 2024-09-22 13:02:39 --> Session: Class initialized using 'CodeIgniter\Session\Handlers\FileHandler' driver.
INFO - 2024-09-22 13:03:09 --> Session: Class initialized using 'CodeIgniter\Session\Handlers\FileHandler' driver.
INFO - 2024-09-22 13:03:17 --> Session: Class initialized using 'CodeIgniter\Session\Handlers\FileHandler' driver.
INFO - 2024-09-22 13:03:56 --> Session: Class initialized using 'CodeIgniter\Session\Handlers\FileHandler' driver.
INFO - 2024-09-22 13:04:02 --> Session: Class initialized using 'CodeIgniter\Session\Handlers\FileHandler' driver.
WARNING - 2024-09-22 13:04:02 --> [DEPRECATED] number_format(): Passing null to parameter #1 ($num) of type float is deprecated in APPPATH/Views/kd_project/dashboard_view.php on line 160.
 1 APPPATH/Views/kd_project/dashboard_view.php(160): number_format(null, 2)
 2 SYSTEMPATH/View/View.php(234): include('/home/u877349608/domains/muraridubey.com/public_html/codeigniter/app/Views/kd_project/dashboard_view.php')
 3 SYSTEMPATH/View/View.php(237): CodeIgniter\View\View->CodeIgniter\View\{closure}()
 4 SYSTEMPATH/Common.php(1171): CodeIgniter\View\View->render('kd_project/dashboard_view', [], true)
 5 APPPATH/Controllers/Dashboard_controller.php(37): view('kd_project/dashboard_view', [...])
 6 SYSTEMPATH/CodeIgniter.php(933): App\Controllers\Dashboard_controller->index()
 7 SYSTEMPATH/CodeIgniter.php(509): CodeIgniter\CodeIgniter->runController(Object(App\Controllers\Dashboard_controller))
 8 SYSTEMPATH/CodeIgniter.php(355): CodeIgniter\CodeIgniter->handleRequest(null, Object(Config\Cache), false)
 9 SYSTEMPATH/Boot.php(325): CodeIgniter\CodeIgniter->run()
10 SYSTEMPATH/Boot.php(67): CodeIgniter\Boot::runCodeIgniter(Object(CodeIgniter\CodeIgniter))
11 FCPATH/index.php(56): CodeIgniter\Boot::bootWeb(Object(Config\Paths))
WARNING - 2024-09-22 13:04:02 --> [DEPRECATED] number_format(): Passing null to parameter #1 ($num) of type float is deprecated in APPPATH/Views/kd_project/dashboard_view.php on line 168.
 1 APPPATH/Views/kd_project/dashboard_view.php(168): number_format(null, 2)
 2 SYSTEMPATH/View/View.php(234): include('/home/u877349608/domains/muraridubey.com/public_html/codeigniter/app/Views/kd_project/dashboard_view.php')
 3 SYSTEMPATH/View/View.php(237): CodeIgniter\View\View->CodeIgniter\View\{closure}()
 4 SYSTEMPATH/Common.php(1171): CodeIgniter\View\View->render('kd_project/dashboard_view', [], true)
 5 APPPATH/Controllers/Dashboard_controller.php(37): view('kd_project/dashboard_view', [...])
 6 SYSTEMPATH/CodeIgniter.php(933): App\Controllers\Dashboard_controller->index()
 7 SYSTEMPATH/CodeIgniter.php(509): CodeIgniter\CodeIgniter->runController(Object(App\Controllers\Dashboard_controller))
 8 SYSTEMPATH/CodeIgniter.php(355): CodeIgniter\CodeIgniter->handleRequest(null, Object(Config\Cache), false)
 9 SYSTEMPATH/Boot.php(325): CodeIgniter\CodeIgniter->run()
10 SYSTEMPATH/Boot.php(67): CodeIgniter\Boot::runCodeIgniter(Object(CodeIgniter\CodeIgniter))
11 FCPATH/index.php(56): CodeIgniter\Boot::bootWeb(Object(Config\Paths))
WARNING - 2024-09-22 13:04:02 --> [DEPRECATED] number_format(): Passing null to parameter #1 ($num) of type float is deprecated in APPPATH/Views/kd_project/dashboard_view.php on line 160.
 1 APPPATH/Views/kd_project/dashboard_view.php(160): number_format(null, 2)
 2 SYSTEMPATH/View/View.php(234): include('/home/u877349608/domains/muraridubey.com/public_html/codeigniter/app/Views/kd_project/dashboard_view.php')
 3 SYSTEMPATH/View/View.php(237): CodeIgniter\View\View->CodeIgniter\View\{closure}()
 4 SYSTEMPATH/Common.php(1171): CodeIgniter\View\View->render('kd_project/dashboard_view', [], true)
 5 APPPATH/Controllers/Dashboard_controller.php(37): view('kd_project/dashboard_view', [...])
 6 SYSTEMPATH/CodeIgniter.php(933): App\Controllers\Dashboard_controller->index()
 7 SYSTEMPATH/CodeIgniter.php(509): CodeIgniter\CodeIgniter->runController(Object(App\Controllers\Dashboard_controller))
 8 SYSTEMPATH/CodeIgniter.php(355): CodeIgniter\CodeIgniter->handleRequest(null, Object(Config\Cache), false)
 9 SYSTEMPATH/Boot.php(325): CodeIgniter\CodeIgniter->run()
10 SYSTEMPATH/Boot.php(67): CodeIgniter\Boot::runCodeIgniter(Object(CodeIgniter\CodeIgniter))
11 FCPATH/index.php(56): CodeIgniter\Boot::bootWeb(Object(Config\Paths))
WARNING - 2024-09-22 13:04:02 --> [DEPRECATED] number_format(): Passing null to parameter #1 ($num) of type float is deprecated in APPPATH/Views/kd_project/dashboard_view.php on line 168.
 1 APPPATH/Views/kd_project/dashboard_view.php(168): number_format(null, 2)
 2 SYSTEMPATH/View/View.php(234): include('/home/u877349608/domains/muraridubey.com/public_html/codeigniter/app/Views/kd_project/dashboard_view.php')
 3 SYSTEMPATH/View/View.php(237): CodeIgniter\View\View->CodeIgniter\View\{closure}()
 4 SYSTEMPATH/Common.php(1171): CodeIgniter\View\View->render('kd_project/dashboard_view', [], true)
 5 APPPATH/Controllers/Dashboard_controller.php(37): view('kd_project/dashboard_view', [...])
 6 SYSTEMPATH/CodeIgniter.php(933): App\Controllers\Dashboard_controller->index()
 7 SYSTEMPATH/CodeIgniter.php(509): CodeIgniter\CodeIgniter->runController(Object(App\Controllers\Dashboard_controller))
 8 SYSTEMPATH/CodeIgniter.php(355): CodeIgniter\CodeIgniter->handleRequest(null, Object(Config\Cache), false)
 9 SYSTEMPATH/Boot.php(325): CodeIgniter\CodeIgniter->run()
10 SYSTEMPATH/Boot.php(67): CodeIgniter\Boot::runCodeIgniter(Object(CodeIgniter\CodeIgniter))
11 FCPATH/index.php(56): CodeIgniter\Boot::bootWeb(Object(Config\Paths))
WARNING - 2024-09-22 13:04:02 --> [DEPRECATED] number_format(): Passing null to parameter #1 ($num) of type float is deprecated in APPPATH/Views/kd_project/dashboard_view.php on line 161.
 1 APPPATH/Views/kd_project/dashboard_view.php(161): number_format(null, 2)
 2 SYSTEMPATH/View/View.php(234): include('/home/u877349608/domains/muraridubey.com/public_html/codeigniter/app/Views/kd_project/dashboard_view.php')
 3 SYSTEMPATH/View/View.php(237): CodeIgniter\View\View->CodeIgniter\View\{closure}()
 4 SYSTEMPATH/Common.php(1171): CodeIgniter\View\View->render('kd_project/dashboard_view', [], true)
 5 APPPATH/Controllers/Dashboard_controller.php(37): view('kd_project/dashboard_view', [...])
 6 SYSTEMPATH/CodeIgniter.php(933): App\Controllers\Dashboard_controller->index()
 7 SYSTEMPATH/CodeIgniter.php(509): CodeIgniter\CodeIgniter->runController(Object(App\Controllers\Dashboard_controller))
 8 SYSTEMPATH/CodeIgniter.php(355): CodeIgniter\CodeIgniter->handleRequest(null, Object(Config\Cache), false)
 9 SYSTEMPATH/Boot.php(325): CodeIgniter\CodeIgniter->run()
10 SYSTEMPATH/Boot.php(67): CodeIgniter\Boot::runCodeIgniter(Object(CodeIgniter\CodeIgniter))
11 FCPATH/index.php(56): CodeIgniter\Boot::bootWeb(Object(Config\Paths))
WARNING - 2024-09-22 13:04:02 --> [DEPRECATED] number_format(): Passing null to parameter #1 ($num) of type float is deprecated in APPPATH/Views/kd_project/dashboard_view.php on line 168.
 1 APPPATH/Views/kd_project/dashboard_view.php(168): number_format(null, 2)
 2 SYSTEMPATH/View/View.php(234): include('/home/u877349608/domains/muraridubey.com/public_html/codeigniter/app/Views/kd_project/dashboard_view.php')
 3 SYSTEMPATH/View/View.php(237): CodeIgniter\View\View->CodeIgniter\View\{closure}()
 4 SYSTEMPATH/Common.php(1171): CodeIgniter\View\View->render('kd_project/dashboard_view', [], true)
 5 APPPATH/Controllers/Dashboard_controller.php(37): view('kd_project/dashboard_view', [...])
 6 SYSTEMPATH/CodeIgniter.php(933): App\Controllers\Dashboard_controller->index()
 7 SYSTEMPATH/CodeIgniter.php(509): CodeIgniter\CodeIgniter->runController(Object(App\Controllers\Dashboard_controller))
 8 SYSTEMPATH/CodeIgniter.php(355): CodeIgniter\CodeIgniter->handleRequest(null, Object(Config\Cache), false)
 9 SYSTEMPATH/Boot.php(325): CodeIgniter\CodeIgniter->run()
10 SYSTEMPATH/Boot.php(67): CodeIgniter\Boot::runCodeIgniter(Object(CodeIgniter\CodeIgniter))
11 FCPATH/index.php(56): CodeIgniter\Boot::bootWeb(Object(Config\Paths))
WARNING - 2024-09-22 13:04:02 --> [DEPRECATED] number_format(): Passing null to parameter #1 ($num) of type float is deprecated in APPPATH/Views/kd_project/dashboard_view.php on line 161.
 1 APPPATH/Views/kd_project/dashboard_view.php(161): number_format(null, 2)
 2 SYSTEMPATH/View/View.php(234): include('/home/u877349608/domains/muraridubey.com/public_html/codeigniter/app/Views/kd_project/dashboard_view.php')
 3 SYSTEMPATH/View/View.php(237): CodeIgniter\View\View->CodeIgniter\View\{closure}()
 4 SYSTEMPATH/Common.php(1171): CodeIgniter\View\View->render('kd_project/dashboard_view', [], true)
 5 APPPATH/Controllers/Dashboard_controller.php(37): view('kd_project/dashboard_view', [...])
 6 SYSTEMPATH/CodeIgniter.php(933): App\Controllers\Dashboard_controller->index()
 7 SYSTEMPATH/CodeIgniter.php(509): CodeIgniter\CodeIgniter->runController(Object(App\Controllers\Dashboard_controller))
 8 SYSTEMPATH/CodeIgniter.php(355): CodeIgniter\CodeIgniter->handleRequest(null, Object(Config\Cache), false)
 9 SYSTEMPATH/Boot.php(325): CodeIgniter\CodeIgniter->run()
10 SYSTEMPATH/Boot.php(67): CodeIgniter\Boot::runCodeIgniter(Object(CodeIgniter\CodeIgniter))
11 FCPATH/index.php(56): CodeIgniter\Boot::bootWeb(Object(Config\Paths))
WARNING - 2024-09-22 13:04:02 --> [DEPRECATED] number_format(): Passing null to parameter #1 ($num) of type float is deprecated in APPPATH/Views/kd_project/dashboard_view.php on line 168.
 1 APPPATH/Views/kd_project/dashboard_view.php(168): number_format(null, 2)
 2 SYSTEMPATH/View/View.php(234): include('/home/u877349608/domains/muraridubey.com/public_html/codeigniter/app/Views/kd_project/dashboard_view.php')
 3 SYSTEMPATH/View/View.php(237): CodeIgniter\View\View->CodeIgniter\View\{closure}()
 4 SYSTEMPATH/Common.php(1171): CodeIgniter\View\View->render('kd_project/dashboard_view', [], true)
 5 APPPATH/Controllers/Dashboard_controller.php(37): view('kd_project/dashboard_view', [...])
 6 SYSTEMPATH/CodeIgniter.php(933): App\Controllers\Dashboard_controller->index()
 7 SYSTEMPATH/CodeIgniter.php(509): CodeIgniter\CodeIgniter->runController(Object(App\Controllers\Dashboard_controller))
 8 SYSTEMPATH/CodeIgniter.php(355): CodeIgniter\CodeIgniter->handleRequest(null, Object(Config\Cache), false)
 9 SYSTEMPATH/Boot.php(325): CodeIgniter\CodeIgniter->run()
10 SYSTEMPATH/Boot.php(67): CodeIgniter\Boot::runCodeIgniter(Object(CodeIgniter\CodeIgniter))
11 FCPATH/index.php(56): CodeIgniter\Boot::bootWeb(Object(Config\Paths))
WARNING - 2024-09-22 13:04:02 --> [DEPRECATED] number_format(): Passing null to parameter #1 ($num) of type float is deprecated in APPPATH/Views/kd_project/dashboard_view.php on line 164.
 1 APPPATH/Views/kd_project/dashboard_view.php(164): number_format(null, 2)
 2 SYSTEMPATH/View/View.php(234): include('/home/u877349608/domains/muraridubey.com/public_html/codeigniter/app/Views/kd_project/dashboard_view.php')
 3 SYSTEMPATH/View/View.php(237): CodeIgniter\View\View->CodeIgniter\View\{closure}()
 4 SYSTEMPATH/Common.php(1171): CodeIgniter\View\View->render('kd_project/dashboard_view', [], true)
 5 APPPATH/Controllers/Dashboard_controller.php(37): view('kd_project/dashboard_view', [...])
 6 SYSTEMPATH/CodeIgniter.php(933): App\Controllers\Dashboard_controller->index()
 7 SYSTEMPATH/CodeIgniter.php(509): CodeIgniter\CodeIgniter->runController(Object(App\Controllers\Dashboard_controller))
 8 SYSTEMPATH/CodeIgniter.php(355): CodeIgniter\CodeIgniter->handleRequest(null, Object(Config\Cache), false)
 9 SYSTEMPATH/Boot.php(325): CodeIgniter\CodeIgniter->run()
10 SYSTEMPATH/Boot.php(67): CodeIgniter\Boot::runCodeIgniter(Object(CodeIgniter\CodeIgniter))
11 FCPATH/index.php(56): CodeIgniter\Boot::bootWeb(Object(Config\Paths))
WARNING - 2024-09-22 13:04:02 --> [DEPRECATED] number_format(): Passing null to parameter #1 ($num) of type float is deprecated in APPPATH/Views/kd_project/dashboard_view.php on line 168.
 1 APPPATH/Views/kd_project/dashboard_view.php(168): number_format(null, 2)
 2 SYSTEMPATH/View/View.php(234): include('/home/u877349608/domains/muraridubey.com/public_html/codeigniter/app/Views/kd_project/dashboard_view.php')
 3 SYSTEMPATH/View/View.php(237): CodeIgniter\View\View->CodeIgniter\View\{closure}()
 4 SYSTEMPATH/Common.php(1171): CodeIgniter\View\View->render('kd_project/dashboard_view', [], true)
 5 APPPATH/Controllers/Dashboard_controller.php(37): view('kd_project/dashboard_view', [...])
 6 SYSTEMPATH/CodeIgniter.php(933): App\Controllers\Dashboard_controller->index()
 7 SYSTEMPATH/CodeIgniter.php(509): CodeIgniter\CodeIgniter->runController(Object(App\Controllers\Dashboard_controller))
 8 SYSTEMPATH/CodeIgniter.php(355): CodeIgniter\CodeIgniter->handleRequest(null, Object(Config\Cache), false)
 9 SYSTEMPATH/Boot.php(325): CodeIgniter\CodeIgniter->run()
10 SYSTEMPATH/Boot.php(67): CodeIgniter\Boot::runCodeIgniter(Object(CodeIgniter\CodeIgniter))
11 FCPATH/index.php(56): CodeIgniter\Boot::bootWeb(Object(Config\Paths))
WARNING - 2024-09-22 13:04:02 --> [DEPRECATED] number_format(): Passing null to parameter #1 ($num) of type float is deprecated in APPPATH/Views/kd_project/dashboard_view.php on line 161.
 1 APPPATH/Views/kd_project/dashboard_view.php(161): number_format(null, 2)
 2 SYSTEMPATH/View/View.php(234): include('/home/u877349608/domains/muraridubey.com/public_html/codeigniter/app/Views/kd_project/dashboard_view.php')
 3 SYSTEMPATH/View/View.php(237): CodeIgniter\View\View->CodeIgniter\View\{closure}()
 4 SYSTEMPATH/Common.php(1171): CodeIgniter\View\View->render('kd_project/dashboard_view', [], true)
 5 APPPATH/Controllers/Dashboard_controller.php(37): view('kd_project/dashboard_view', [...])
 6 SYSTEMPATH/CodeIgniter.php(933): App\Controllers\Dashboard_controller->index()
 7 SYSTEMPATH/CodeIgniter.php(509): CodeIgniter\CodeIgniter->runController(Object(App\Controllers\Dashboard_controller))
 8 SYSTEMPATH/CodeIgniter.php(355): CodeIgniter\CodeIgniter->handleRequest(null, Object(Config\Cache), false)
 9 SYSTEMPATH/Boot.php(325): CodeIgniter\CodeIgniter->run()
10 SYSTEMPATH/Boot.php(67): CodeIgniter\Boot::runCodeIgniter(Object(CodeIgniter\CodeIgniter))
11 FCPATH/index.php(56): CodeIgniter\Boot::bootWeb(Object(Config\Paths))
WARNING - 2024-09-22 13:04:02 --> [DEPRECATED] number_format(): Passing null to parameter #1 ($num) of type float is deprecated in APPPATH/Views/kd_project/dashboard_view.php on line 168.
 1 APPPATH/Views/kd_project/dashboard_view.php(168): number_format(null, 2)
 2 SYSTEMPATH/View/View.php(234): include('/home/u877349608/domains/muraridubey.com/public_html/codeigniter/app/Views/kd_project/dashboard_view.php')
 3 SYSTEMPATH/View/View.php(237): CodeIgniter\View\View->CodeIgniter\View\{closure}()
 4 SYSTEMPATH/Common.php(1171): CodeIgniter\View\View->render('kd_project/dashboard_view', [], true)
 5 APPPATH/Controllers/Dashboard_controller.php(37): view('kd_project/dashboard_view', [...])
 6 SYSTEMPATH/CodeIgniter.php(933): App\Controllers\Dashboard_controller->index()
 7 SYSTEMPATH/CodeIgniter.php(509): CodeIgniter\CodeIgniter->runController(Object(App\Controllers\Dashboard_controller))
 8 SYSTEMPATH/CodeIgniter.php(355): CodeIgniter\CodeIgniter->handleRequest(null, Object(Config\Cache), false)
 9 SYSTEMPATH/Boot.php(325): CodeIgniter\CodeIgniter->run()
10 SYSTEMPATH/Boot.php(67): CodeIgniter\Boot::runCodeIgniter(Object(CodeIgniter\CodeIgniter))
11 FCPATH/index.php(56): CodeIgniter\Boot::bootWeb(Object(Config\Paths))
WARNING - 2024-09-22 13:04:02 --> [DEPRECATED] number_format(): Passing null to parameter #1 ($num) of type float is deprecated in APPPATH/Views/kd_project/dashboard_view.php on line 161.
 1 APPPATH/Views/kd_project/dashboard_view.php(161): number_format(null, 2)
 2 SYSTEMPATH/View/View.php(234): include('/home/u877349608/domains/muraridubey.com/public_html/codeigniter/app/Views/kd_project/dashboard_view.php')
 3 SYSTEMPATH/View/View.php(237): CodeIgniter\View\View->CodeIgniter\View\{closure}()
 4 SYSTEMPATH/Common.php(1171): CodeIgniter\View\View->render('kd_project/dashboard_view', [], true)
 5 APPPATH/Controllers/Dashboard_controller.php(37): view('kd_project/dashboard_view', [...])
 6 SYSTEMPATH/CodeIgniter.php(933): App\Controllers\Dashboard_controller->index()
 7 SYSTEMPATH/CodeIgniter.php(509): CodeIgniter\CodeIgniter->runController(Object(App\Controllers\Dashboard_controller))
 8 SYSTEMPATH/CodeIgniter.php(355): CodeIgniter\CodeIgniter->handleRequest(null, Object(Config\Cache), false)
 9 SYSTEMPATH/Boot.php(325): CodeIgniter\CodeIgniter->run()
10 SYSTEMPATH/Boot.php(67): CodeIgniter\Boot::runCodeIgniter(Object(CodeIgniter\CodeIgniter))
11 FCPATH/index.php(56): CodeIgniter\Boot::bootWeb(Object(Config\Paths))
WARNING - 2024-09-22 13:04:02 --> [DEPRECATED] number_format(): Passing null to parameter #1 ($num) of type float is deprecated in APPPATH/Views/kd_project/dashboard_view.php on line 168.
 1 APPPATH/Views/kd_project/dashboard_view.php(168): number_format(null, 2)
 2 SYSTEMPATH/View/View.php(234): include('/home/u877349608/domains/muraridubey.com/public_html/codeigniter/app/Views/kd_project/dashboard_view.php')
 3 SYSTEMPATH/View/View.php(237): CodeIgniter\View\View->CodeIgniter\View\{closure}()
 4 SYSTEMPATH/Common.php(1171): CodeIgniter\View\View->render('kd_project/dashboard_view', [], true)
 5 APPPATH/Controllers/Dashboard_controller.php(37): view('kd_project/dashboard_view', [...])
 6 SYSTEMPATH/CodeIgniter.php(933): App\Controllers\Dashboard_controller->index()
 7 SYSTEMPATH/CodeIgniter.php(509): CodeIgniter\CodeIgniter->runController(Object(App\Controllers\Dashboard_controller))
 8 SYSTEMPATH/CodeIgniter.php(355): CodeIgniter\CodeIgniter->handleRequest(null, Object(Config\Cache), false)
 9 SYSTEMPATH/Boot.php(325): CodeIgniter\CodeIgniter->run()
10 SYSTEMPATH/Boot.php(67): CodeIgniter\Boot::runCodeIgniter(Object(CodeIgniter\CodeIgniter))
11 FCPATH/index.php(56): CodeIgniter\Boot::bootWeb(Object(Config\Paths))
INFO - 2024-09-22 15:33:56 --> Session: Class initialized using 'CodeIgniter\Session\Handlers\FileHandler' driver.
INFO - 2024-09-22 15:33:57 --> Session: Class initialized using 'CodeIgniter\Session\Handlers\FileHandler' driver.
INFO - 2024-09-22 15:41:19 --> Session: Class initialized using 'CodeIgniter\Session\Handlers\FileHandler' driver.
INFO - 2024-09-22 15:41:19 --> Session: Class initialized using 'CodeIgniter\Session\Handlers\FileHandler' driver.
INFO - 2024-09-22 15:41:26 --> Session: Class initialized using 'CodeIgniter\Session\Handlers\FileHandler' driver.
WARNING - 2024-09-22 15:41:26 --> [DEPRECATED] number_format(): Passing null to parameter #1 ($num) of type float is deprecated in APPPATH/Views/kd_project/dashboard_view.php on line 160.
 1 APPPATH/Views/kd_project/dashboard_view.php(160): number_format(null, 2)
 2 SYSTEMPATH/View/View.php(234): include('/home/u877349608/domains/muraridubey.com/public_html/codeigniter/app/Views/kd_project/dashboard_view.php')
 3 SYSTEMPATH/View/View.php(237): CodeIgniter\View\View->CodeIgniter\View\{closure}()
 4 SYSTEMPATH/Common.php(1171): CodeIgniter\View\View->render('kd_project/dashboard_view', [], true)
 5 APPPATH/Controllers/Dashboard_controller.php(37): view('kd_project/dashboard_view', [...])
 6 SYSTEMPATH/CodeIgniter.php(933): App\Controllers\Dashboard_controller->index()
 7 SYSTEMPATH/CodeIgniter.php(509): CodeIgniter\CodeIgniter->runController(Object(App\Controllers\Dashboard_controller))
 8 SYSTEMPATH/CodeIgniter.php(355): CodeIgniter\CodeIgniter->handleRequest(null, Object(Config\Cache), false)
 9 SYSTEMPATH/Boot.php(325): CodeIgniter\CodeIgniter->run()
10 SYSTEMPATH/Boot.php(67): CodeIgniter\Boot::runCodeIgniter(Object(CodeIgniter\CodeIgniter))
11 FCPATH/index.php(56): CodeIgniter\Boot::bootWeb(Object(Config\Paths))
WARNING - 2024-09-22 15:41:26 --> [DEPRECATED] number_format(): Passing null to parameter #1 ($num) of type float is deprecated in APPPATH/Views/kd_project/dashboard_view.php on line 168.
 1 APPPATH/Views/kd_project/dashboard_view.php(168): number_format(null, 2)
 2 SYSTEMPATH/View/View.php(234): include('/home/u877349608/domains/muraridubey.com/public_html/codeigniter/app/Views/kd_project/dashboard_view.php')
 3 SYSTEMPATH/View/View.php(237): CodeIgniter\View\View->CodeIgniter\View\{closure}()
 4 SYSTEMPATH/Common.php(1171): CodeIgniter\View\View->render('kd_project/dashboard_view', [], true)
 5 APPPATH/Controllers/Dashboard_controller.php(37): view('kd_project/dashboard_view', [...])
 6 SYSTEMPATH/CodeIgniter.php(933): App\Controllers\Dashboard_controller->index()
 7 SYSTEMPATH/CodeIgniter.php(509): CodeIgniter\CodeIgniter->runController(Object(App\Controllers\Dashboard_controller))
 8 SYSTEMPATH/CodeIgniter.php(355): CodeIgniter\CodeIgniter->handleRequest(null, Object(Config\Cache), false)
 9 SYSTEMPATH/Boot.php(325): CodeIgniter\CodeIgniter->run()
10 SYSTEMPATH/Boot.php(67): CodeIgniter\Boot::runCodeIgniter(Object(CodeIgniter\CodeIgniter))
11 FCPATH/index.php(56): CodeIgniter\Boot::bootWeb(Object(Config\Paths))
WARNING - 2024-09-22 15:41:26 --> [DEPRECATED] number_format(): Passing null to parameter #1 ($num) of type float is deprecated in APPPATH/Views/kd_project/dashboard_view.php on line 160.
 1 APPPATH/Views/kd_project/dashboard_view.php(160): number_format(null, 2)
 2 SYSTEMPATH/View/View.php(234): include('/home/u877349608/domains/muraridubey.com/public_html/codeigniter/app/Views/kd_project/dashboard_view.php')
 3 SYSTEMPATH/View/View.php(237): CodeIgniter\View\View->CodeIgniter\View\{closure}()
 4 SYSTEMPATH/Common.php(1171): CodeIgniter\View\View->render('kd_project/dashboard_view', [], true)
 5 APPPATH/Controllers/Dashboard_controller.php(37): view('kd_project/dashboard_view', [...])
 6 SYSTEMPATH/CodeIgniter.php(933): App\Controllers\Dashboard_controller->index()
 7 SYSTEMPATH/CodeIgniter.php(509): CodeIgniter\CodeIgniter->runController(Object(App\Controllers\Dashboard_controller))
 8 SYSTEMPATH/CodeIgniter.php(355): CodeIgniter\CodeIgniter->handleRequest(null, Object(Config\Cache), false)
 9 SYSTEMPATH/Boot.php(325): CodeIgniter\CodeIgniter->run()
10 SYSTEMPATH/Boot.php(67): CodeIgniter\Boot::runCodeIgniter(Object(CodeIgniter\CodeIgniter))
11 FCPATH/index.php(56): CodeIgniter\Boot::bootWeb(Object(Config\Paths))
WARNING - 2024-09-22 15:41:26 --> [DEPRECATED] number_format(): Passing null to parameter #1 ($num) of type float is deprecated in APPPATH/Views/kd_project/dashboard_view.php on line 168.
 1 APPPATH/Views/kd_project/dashboard_view.php(168): number_format(null, 2)
 2 SYSTEMPATH/View/View.php(234): include('/home/u877349608/domains/muraridubey.com/public_html/codeigniter/app/Views/kd_project/dashboard_view.php')
 3 SYSTEMPATH/View/View.php(237): CodeIgniter\View\View->CodeIgniter\View\{closure}()
 4 SYSTEMPATH/Common.php(1171): CodeIgniter\View\View->render('kd_project/dashboard_view', [], true)
 5 APPPATH/Controllers/Dashboard_controller.php(37): view('kd_project/dashboard_view', [...])
 6 SYSTEMPATH/CodeIgniter.php(933): App\Controllers\Dashboard_controller->index()
 7 SYSTEMPATH/CodeIgniter.php(509): CodeIgniter\CodeIgniter->runController(Object(App\Controllers\Dashboard_controller))
 8 SYSTEMPATH/CodeIgniter.php(355): CodeIgniter\CodeIgniter->handleRequest(null, Object(Config\Cache), false)
 9 SYSTEMPATH/Boot.php(325): CodeIgniter\CodeIgniter->run()
10 SYSTEMPATH/Boot.php(67): CodeIgniter\Boot::runCodeIgniter(Object(CodeIgniter\CodeIgniter))
11 FCPATH/index.php(56): CodeIgniter\Boot::bootWeb(Object(Config\Paths))
WARNING - 2024-09-22 15:41:26 --> [DEPRECATED] number_format(): Passing null to parameter #1 ($num) of type float is deprecated in APPPATH/Views/kd_project/dashboard_view.php on line 161.
 1 APPPATH/Views/kd_project/dashboard_view.php(161): number_format(null, 2)
 2 SYSTEMPATH/View/View.php(234): include('/home/u877349608/domains/muraridubey.com/public_html/codeigniter/app/Views/kd_project/dashboard_view.php')
 3 SYSTEMPATH/View/View.php(237): CodeIgniter\View\View->CodeIgniter\View\{closure}()
 4 SYSTEMPATH/Common.php(1171): CodeIgniter\View\View->render('kd_project/dashboard_view', [], true)
 5 APPPATH/Controllers/Dashboard_controller.php(37): view('kd_project/dashboard_view', [...])
 6 SYSTEMPATH/CodeIgniter.php(933): App\Controllers\Dashboard_controller->index()
 7 SYSTEMPATH/CodeIgniter.php(509): CodeIgniter\CodeIgniter->runController(Object(App\Controllers\Dashboard_controller))
 8 SYSTEMPATH/CodeIgniter.php(355): CodeIgniter\CodeIgniter->handleRequest(null, Object(Config\Cache), false)
 9 SYSTEMPATH/Boot.php(325): CodeIgniter\CodeIgniter->run()
10 SYSTEMPATH/Boot.php(67): CodeIgniter\Boot::runCodeIgniter(Object(CodeIgniter\CodeIgniter))
11 FCPATH/index.php(56): CodeIgniter\Boot::bootWeb(Object(Config\Paths))
WARNING - 2024-09-22 15:41:26 --> [DEPRECATED] number_format(): Passing null to parameter #1 ($num) of type float is deprecated in APPPATH/Views/kd_project/dashboard_view.php on line 168.
 1 APPPATH/Views/kd_project/dashboard_view.php(168): number_format(null, 2)
 2 SYSTEMPATH/View/View.php(234): include('/home/u877349608/domains/muraridubey.com/public_html/codeigniter/app/Views/kd_project/dashboard_view.php')
 3 SYSTEMPATH/View/View.php(237): CodeIgniter\View\View->CodeIgniter\View\{closure}()
 4 SYSTEMPATH/Common.php(1171): CodeIgniter\View\View->render('kd_project/dashboard_view', [], true)
 5 APPPATH/Controllers/Dashboard_controller.php(37): view('kd_project/dashboard_view', [...])
 6 SYSTEMPATH/CodeIgniter.php(933): App\Controllers\Dashboard_controller->index()
 7 SYSTEMPATH/CodeIgniter.php(509): CodeIgniter\CodeIgniter->runController(Object(App\Controllers\Dashboard_controller))
 8 SYSTEMPATH/CodeIgniter.php(355): CodeIgniter\CodeIgniter->handleRequest(null, Object(Config\Cache), false)
 9 SYSTEMPATH/Boot.php(325): CodeIgniter\CodeIgniter->run()
10 SYSTEMPATH/Boot.php(67): CodeIgniter\Boot::runCodeIgniter(Object(CodeIgniter\CodeIgniter))
11 FCPATH/index.php(56): CodeIgniter\Boot::bootWeb(Object(Config\Paths))
WARNING - 2024-09-22 15:41:26 --> [DEPRECATED] number_format(): Passing null to parameter #1 ($num) of type float is deprecated in APPPATH/Views/kd_project/dashboard_view.php on line 161.
 1 APPPATH/Views/kd_project/dashboard_view.php(161): number_format(null, 2)
 2 SYSTEMPATH/View/View.php(234): include('/home/u877349608/domains/muraridubey.com/public_html/codeigniter/app/Views/kd_project/dashboard_view.php')
 3 SYSTEMPATH/View/View.php(237): CodeIgniter\View\View->CodeIgniter\View\{closure}()
 4 SYSTEMPATH/Common.php(1171): CodeIgniter\View\View->render('kd_project/dashboard_view', [], true)
 5 APPPATH/Controllers/Dashboard_controller.php(37): view('kd_project/dashboard_view', [...])
 6 SYSTEMPATH/CodeIgniter.php(933): App\Controllers\Dashboard_controller->index()
 7 SYSTEMPATH/CodeIgniter.php(509): CodeIgniter\CodeIgniter->runController(Object(App\Controllers\Dashboard_controller))
 8 SYSTEMPATH/CodeIgniter.php(355): CodeIgniter\CodeIgniter->handleRequest(null, Object(Config\Cache), false)
 9 SYSTEMPATH/Boot.php(325): CodeIgniter\CodeIgniter->run()
10 SYSTEMPATH/Boot.php(67): CodeIgniter\Boot::runCodeIgniter(Object(CodeIgniter\CodeIgniter))
11 FCPATH/index.php(56): CodeIgniter\Boot::bootWeb(Object(Config\Paths))
WARNING - 2024-09-22 15:41:26 --> [DEPRECATED] number_format(): Passing null to parameter #1 ($num) of type float is deprecated in APPPATH/Views/kd_project/dashboard_view.php on line 168.
 1 APPPATH/Views/kd_project/dashboard_view.php(168): number_format(null, 2)
 2 SYSTEMPATH/View/View.php(234): include('/home/u877349608/domains/muraridubey.com/public_html/codeigniter/app/Views/kd_project/dashboard_view.php')
 3 SYSTEMPATH/View/View.php(237): CodeIgniter\View\View->CodeIgniter\View\{closure}()
 4 SYSTEMPATH/Common.php(1171): CodeIgniter\View\View->render('kd_project/dashboard_view', [], true)
 5 APPPATH/Controllers/Dashboard_controller.php(37): view('kd_project/dashboard_view', [...])
 6 SYSTEMPATH/CodeIgniter.php(933): App\Controllers\Dashboard_controller->index()
 7 SYSTEMPATH/CodeIgniter.php(509): CodeIgniter\CodeIgniter->runController(Object(App\Controllers\Dashboard_controller))
 8 SYSTEMPATH/CodeIgniter.php(355): CodeIgniter\CodeIgniter->handleRequest(null, Object(Config\Cache), false)
 9 SYSTEMPATH/Boot.php(325): CodeIgniter\CodeIgniter->run()
10 SYSTEMPATH/Boot.php(67): CodeIgniter\Boot::runCodeIgniter(Object(CodeIgniter\CodeIgniter))
11 FCPATH/index.php(56): CodeIgniter\Boot::bootWeb(Object(Config\Paths))
WARNING - 2024-09-22 15:41:26 --> [DEPRECATED] number_format(): Passing null to parameter #1 ($num) of type float is deprecated in APPPATH/Views/kd_project/dashboard_view.php on line 164.
 1 APPPATH/Views/kd_project/dashboard_view.php(164): number_format(null, 2)
 2 SYSTEMPATH/View/View.php(234): include('/home/u877349608/domains/muraridubey.com/public_html/codeigniter/app/Views/kd_project/dashboard_view.php')
 3 SYSTEMPATH/View/View.php(237): CodeIgniter\View\View->CodeIgniter\View\{closure}()
 4 SYSTEMPATH/Common.php(1171): CodeIgniter\View\View->render('kd_project/dashboard_view', [], true)
 5 APPPATH/Controllers/Dashboard_controller.php(37): view('kd_project/dashboard_view', [...])
 6 SYSTEMPATH/CodeIgniter.php(933): App\Controllers\Dashboard_controller->index()
 7 SYSTEMPATH/CodeIgniter.php(509): CodeIgniter\CodeIgniter->runController(Object(App\Controllers\Dashboard_controller))
 8 SYSTEMPATH/CodeIgniter.php(355): CodeIgniter\CodeIgniter->handleRequest(null, Object(Config\Cache), false)
 9 SYSTEMPATH/Boot.php(325): CodeIgniter\CodeIgniter->run()
10 SYSTEMPATH/Boot.php(67): CodeIgniter\Boot::runCodeIgniter(Object(CodeIgniter\CodeIgniter))
11 FCPATH/index.php(56): CodeIgniter\Boot::bootWeb(Object(Config\Paths))
WARNING - 2024-09-22 15:41:26 --> [DEPRECATED] number_format(): Passing null to parameter #1 ($num) of type float is deprecated in APPPATH/Views/kd_project/dashboard_view.php on line 168.
 1 APPPATH/Views/kd_project/dashboard_view.php(168): number_format(null, 2)
 2 SYSTEMPATH/View/View.php(234): include('/home/u877349608/domains/muraridubey.com/public_html/codeigniter/app/Views/kd_project/dashboard_view.php')
 3 SYSTEMPATH/View/View.php(237): CodeIgniter\View\View->CodeIgniter\View\{closure}()
 4 SYSTEMPATH/Common.php(1171): CodeIgniter\View\View->render('kd_project/dashboard_view', [], true)
 5 APPPATH/Controllers/Dashboard_controller.php(37): view('kd_project/dashboard_view', [...])
 6 SYSTEMPATH/CodeIgniter.php(933): App\Controllers\Dashboard_controller->index()
 7 SYSTEMPATH/CodeIgniter.php(509): CodeIgniter\CodeIgniter->runController(Object(App\Controllers\Dashboard_controller))
 8 SYSTEMPATH/CodeIgniter.php(355): CodeIgniter\CodeIgniter->handleRequest(null, Object(Config\Cache), false)
 9 SYSTEMPATH/Boot.php(325): CodeIgniter\CodeIgniter->run()
10 SYSTEMPATH/Boot.php(67): CodeIgniter\Boot::runCodeIgniter(Object(CodeIgniter\CodeIgniter))
11 FCPATH/index.php(56): CodeIgniter\Boot::bootWeb(Object(Config\Paths))
WARNING - 2024-09-22 15:41:26 --> [DEPRECATED] number_format(): Passing null to parameter #1 ($num) of type float is deprecated in APPPATH/Views/kd_project/dashboard_view.php on line 161.
 1 APPPATH/Views/kd_project/dashboard_view.php(161): number_format(null, 2)
 2 SYSTEMPATH/View/View.php(234): include('/home/u877349608/domains/muraridubey.com/public_html/codeigniter/app/Views/kd_project/dashboard_view.php')
 3 SYSTEMPATH/View/View.php(237): CodeIgniter\View\View->CodeIgniter\View\{closure}()
 4 SYSTEMPATH/Common.php(1171): CodeIgniter\View\View->render('kd_project/dashboard_view', [], true)
 5 APPPATH/Controllers/Dashboard_controller.php(37): view('kd_project/dashboard_view', [...])
 6 SYSTEMPATH/CodeIgniter.php(933): App\Controllers\Dashboard_controller->index()
 7 SYSTEMPATH/CodeIgniter.php(509): CodeIgniter\CodeIgniter->runController(Object(App\Controllers\Dashboard_controller))
 8 SYSTEMPATH/CodeIgniter.php(355): CodeIgniter\CodeIgniter->handleRequest(null, Object(Config\Cache), false)
 9 SYSTEMPATH/Boot.php(325): CodeIgniter\CodeIgniter->run()
10 SYSTEMPATH/Boot.php(67): CodeIgniter\Boot::runCodeIgniter(Object(CodeIgniter\CodeIgniter))
11 FCPATH/index.php(56): CodeIgniter\Boot::bootWeb(Object(Config\Paths))
WARNING - 2024-09-22 15:41:26 --> [DEPRECATED] number_format(): Passing null to parameter #1 ($num) of type float is deprecated in APPPATH/Views/kd_project/dashboard_view.php on line 168.
 1 APPPATH/Views/kd_project/dashboard_view.php(168): number_format(null, 2)
 2 SYSTEMPATH/View/View.php(234): include('/home/u877349608/domains/muraridubey.com/public_html/codeigniter/app/Views/kd_project/dashboard_view.php')
 3 SYSTEMPATH/View/View.php(237): CodeIgniter\View\View->CodeIgniter\View\{closure}()
 4 SYSTEMPATH/Common.php(1171): CodeIgniter\View\View->render('kd_project/dashboard_view', [], true)
 5 APPPATH/Controllers/Dashboard_controller.php(37): view('kd_project/dashboard_view', [...])
 6 SYSTEMPATH/CodeIgniter.php(933): App\Controllers\Dashboard_controller->index()
 7 SYSTEMPATH/CodeIgniter.php(509): CodeIgniter\CodeIgniter->runController(Object(App\Controllers\Dashboard_controller))
 8 SYSTEMPATH/CodeIgniter.php(355): CodeIgniter\CodeIgniter->handleRequest(null, Object(Config\Cache), false)
 9 SYSTEMPATH/Boot.php(325): CodeIgniter\CodeIgniter->run()
10 SYSTEMPATH/Boot.php(67): CodeIgniter\Boot::runCodeIgniter(Object(CodeIgniter\CodeIgniter))
11 FCPATH/index.php(56): CodeIgniter\Boot::bootWeb(Object(Config\Paths))
WARNING - 2024-09-22 15:41:26 --> [DEPRECATED] number_format(): Passing null to parameter #1 ($num) of type float is deprecated in APPPATH/Views/kd_project/dashboard_view.php on line 161.
 1 APPPATH/Views/kd_project/dashboard_view.php(161): number_format(null, 2)
 2 SYSTEMPATH/View/View.php(234): include('/home/u877349608/domains/muraridubey.com/public_html/codeigniter/app/Views/kd_project/dashboard_view.php')
 3 SYSTEMPATH/View/View.php(237): CodeIgniter\View\View->CodeIgniter\View\{closure}()
 4 SYSTEMPATH/Common.php(1171): CodeIgniter\View\View->render('kd_project/dashboard_view', [], true)
 5 APPPATH/Controllers/Dashboard_controller.php(37): view('kd_project/dashboard_view', [...])
 6 SYSTEMPATH/CodeIgniter.php(933): App\Controllers\Dashboard_controller->index()
 7 SYSTEMPATH/CodeIgniter.php(509): CodeIgniter\CodeIgniter->runController(Object(App\Controllers\Dashboard_controller))
 8 SYSTEMPATH/CodeIgniter.php(355): CodeIgniter\CodeIgniter->handleRequest(null, Object(Config\Cache), false)
 9 SYSTEMPATH/Boot.php(325): CodeIgniter\CodeIgniter->run()
10 SYSTEMPATH/Boot.php(67): CodeIgniter\Boot::runCodeIgniter(Object(CodeIgniter\CodeIgniter))
11 FCPATH/index.php(56): CodeIgniter\Boot::bootWeb(Object(Config\Paths))
WARNING - 2024-09-22 15:41:26 --> [DEPRECATED] number_format(): Passing null to parameter #1 ($num) of type float is deprecated in APPPATH/Views/kd_project/dashboard_view.php on line 168.
 1 APPPATH/Views/kd_project/dashboard_view.php(168): number_format(null, 2)
 2 SYSTEMPATH/View/View.php(234): include('/home/u877349608/domains/muraridubey.com/public_html/codeigniter/app/Views/kd_project/dashboard_view.php')
 3 SYSTEMPATH/View/View.php(237): CodeIgniter\View\View->CodeIgniter\View\{closure}()
 4 SYSTEMPATH/Common.php(1171): CodeIgniter\View\View->render('kd_project/dashboard_view', [], true)
 5 APPPATH/Controllers/Dashboard_controller.php(37): view('kd_project/dashboard_view', [...])
 6 SYSTEMPATH/CodeIgniter.php(933): App\Controllers\Dashboard_controller->index()
 7 SYSTEMPATH/CodeIgniter.php(509): CodeIgniter\CodeIgniter->runController(Object(App\Controllers\Dashboard_controller))
 8 SYSTEMPATH/CodeIgniter.php(355): CodeIgniter\CodeIgniter->handleRequest(null, Object(Config\Cache), false)
 9 SYSTEMPATH/Boot.php(325): CodeIgniter\CodeIgniter->run()
10 SYSTEMPATH/Boot.php(67): CodeIgniter\Boot::runCodeIgniter(Object(CodeIgniter\CodeIgniter))
11 FCPATH/index.php(56): CodeIgniter\Boot::bootWeb(Object(Config\Paths))
INFO - 2024-09-22 15:49:38 --> Session: Class initialized using 'CodeIgniter\Session\Handlers\FileHandler' driver.
INFO - 2024-09-22 15:49:42 --> Session: Class initialized using 'CodeIgniter\Session\Handlers\FileHandler' driver.
INFO - 2024-09-22 15:50:03 --> Session: Class initialized using 'CodeIgniter\Session\Handlers\FileHandler' driver.
INFO - 2024-09-22 15:57:44 --> Session: Class initialized using 'CodeIgniter\Session\Handlers\FileHandler' driver.
INFO - 2024-09-22 15:58:05 --> Session: Class initialized using 'CodeIgniter\Session\Handlers\FileHandler' driver.
INFO - 2024-09-22 16:06:32 --> Session: Class initialized using 'CodeIgniter\Session\Handlers\FileHandler' driver.
INFO - 2024-09-22 16:06:41 --> Session: Class initialized using 'CodeIgniter\Session\Handlers\FileHandler' driver.
WARNING - 2024-09-22 16:06:41 --> [DEPRECATED] number_format(): Passing null to parameter #1 ($num) of type float is deprecated in APPPATH/Views/kd_project/dashboard_view.php on line 160.
 1 APPPATH/Views/kd_project/dashboard_view.php(160): number_format(null, 2)
 2 SYSTEMPATH/View/View.php(234): include('/home/u877349608/domains/muraridubey.com/public_html/codeigniter/app/Views/kd_project/dashboard_view.php')
 3 SYSTEMPATH/View/View.php(237): CodeIgniter\View\View->CodeIgniter\View\{closure}()
 4 SYSTEMPATH/Common.php(1171): CodeIgniter\View\View->render('kd_project/dashboard_view', [], true)
 5 APPPATH/Controllers/Dashboard_controller.php(37): view('kd_project/dashboard_view', [...])
 6 SYSTEMPATH/CodeIgniter.php(933): App\Controllers\Dashboard_controller->index()
 7 SYSTEMPATH/CodeIgniter.php(509): CodeIgniter\CodeIgniter->runController(Object(App\Controllers\Dashboard_controller))
 8 SYSTEMPATH/CodeIgniter.php(355): CodeIgniter\CodeIgniter->handleRequest(null, Object(Config\Cache), false)
 9 SYSTEMPATH/Boot.php(325): CodeIgniter\CodeIgniter->run()
10 SYSTEMPATH/Boot.php(67): CodeIgniter\Boot::runCodeIgniter(Object(CodeIgniter\CodeIgniter))
11 FCPATH/index.php(56): CodeIgniter\Boot::bootWeb(Object(Config\Paths))
WARNING - 2024-09-22 16:06:41 --> [DEPRECATED] number_format(): Passing null to parameter #1 ($num) of type float is deprecated in APPPATH/Views/kd_project/dashboard_view.php on line 168.
 1 APPPATH/Views/kd_project/dashboard_view.php(168): number_format(null, 2)
 2 SYSTEMPATH/View/View.php(234): include('/home/u877349608/domains/muraridubey.com/public_html/codeigniter/app/Views/kd_project/dashboard_view.php')
 3 SYSTEMPATH/View/View.php(237): CodeIgniter\View\View->CodeIgniter\View\{closure}()
 4 SYSTEMPATH/Common.php(1171): CodeIgniter\View\View->render('kd_project/dashboard_view', [], true)
 5 APPPATH/Controllers/Dashboard_controller.php(37): view('kd_project/dashboard_view', [...])
 6 SYSTEMPATH/CodeIgniter.php(933): App\Controllers\Dashboard_controller->index()
 7 SYSTEMPATH/CodeIgniter.php(509): CodeIgniter\CodeIgniter->runController(Object(App\Controllers\Dashboard_controller))
 8 SYSTEMPATH/CodeIgniter.php(355): CodeIgniter\CodeIgniter->handleRequest(null, Object(Config\Cache), false)
 9 SYSTEMPATH/Boot.php(325): CodeIgniter\CodeIgniter->run()
10 SYSTEMPATH/Boot.php(67): CodeIgniter\Boot::runCodeIgniter(Object(CodeIgniter\CodeIgniter))
11 FCPATH/index.php(56): CodeIgniter\Boot::bootWeb(Object(Config\Paths))
WARNING - 2024-09-22 16:06:41 --> [DEPRECATED] number_format(): Passing null to parameter #1 ($num) of type float is deprecated in APPPATH/Views/kd_project/dashboard_view.php on line 160.
 1 APPPATH/Views/kd_project/dashboard_view.php(160): number_format(null, 2)
 2 SYSTEMPATH/View/View.php(234): include('/home/u877349608/domains/muraridubey.com/public_html/codeigniter/app/Views/kd_project/dashboard_view.php')
 3 SYSTEMPATH/View/View.php(237): CodeIgniter\View\View->CodeIgniter\View\{closure}()
 4 SYSTEMPATH/Common.php(1171): CodeIgniter\View\View->render('kd_project/dashboard_view', [], true)
 5 APPPATH/Controllers/Dashboard_controller.php(37): view('kd_project/dashboard_view', [...])
 6 SYSTEMPATH/CodeIgniter.php(933): App\Controllers\Dashboard_controller->index()
 7 SYSTEMPATH/CodeIgniter.php(509): CodeIgniter\CodeIgniter->runController(Object(App\Controllers\Dashboard_controller))
 8 SYSTEMPATH/CodeIgniter.php(355): CodeIgniter\CodeIgniter->handleRequest(null, Object(Config\Cache), false)
 9 SYSTEMPATH/Boot.php(325): CodeIgniter\CodeIgniter->run()
10 SYSTEMPATH/Boot.php(67): CodeIgniter\Boot::runCodeIgniter(Object(CodeIgniter\CodeIgniter))
11 FCPATH/index.php(56): CodeIgniter\Boot::bootWeb(Object(Config\Paths))
WARNING - 2024-09-22 16:06:41 --> [DEPRECATED] number_format(): Passing null to parameter #1 ($num) of type float is deprecated in APPPATH/Views/kd_project/dashboard_view.php on line 168.
 1 APPPATH/Views/kd_project/dashboard_view.php(168): number_format(null, 2)
 2 SYSTEMPATH/View/View.php(234): include('/home/u877349608/domains/muraridubey.com/public_html/codeigniter/app/Views/kd_project/dashboard_view.php')
 3 SYSTEMPATH/View/View.php(237): CodeIgniter\View\View->CodeIgniter\View\{closure}()
 4 SYSTEMPATH/Common.php(1171): CodeIgniter\View\View->render('kd_project/dashboard_view', [], true)
 5 APPPATH/Controllers/Dashboard_controller.php(37): view('kd_project/dashboard_view', [...])
 6 SYSTEMPATH/CodeIgniter.php(933): App\Controllers\Dashboard_controller->index()
 7 SYSTEMPATH/CodeIgniter.php(509): CodeIgniter\CodeIgniter->runController(Object(App\Controllers\Dashboard_controller))
 8 SYSTEMPATH/CodeIgniter.php(355): CodeIgniter\CodeIgniter->handleRequest(null, Object(Config\Cache), false)
 9 SYSTEMPATH/Boot.php(325): CodeIgniter\CodeIgniter->run()
10 SYSTEMPATH/Boot.php(67): CodeIgniter\Boot::runCodeIgniter(Object(CodeIgniter\CodeIgniter))
11 FCPATH/index.php(56): CodeIgniter\Boot::bootWeb(Object(Config\Paths))
WARNING - 2024-09-22 16:06:41 --> [DEPRECATED] number_format(): Passing null to parameter #1 ($num) of type float is deprecated in APPPATH/Views/kd_project/dashboard_view.php on line 161.
 1 APPPATH/Views/kd_project/dashboard_view.php(161): number_format(null, 2)
 2 SYSTEMPATH/View/View.php(234): include('/home/u877349608/domains/muraridubey.com/public_html/codeigniter/app/Views/kd_project/dashboard_view.php')
 3 SYSTEMPATH/View/View.php(237): CodeIgniter\View\View->CodeIgniter\View\{closure}()
 4 SYSTEMPATH/Common.php(1171): CodeIgniter\View\View->render('kd_project/dashboard_view', [], true)
 5 APPPATH/Controllers/Dashboard_controller.php(37): view('kd_project/dashboard_view', [...])
 6 SYSTEMPATH/CodeIgniter.php(933): App\Controllers\Dashboard_controller->index()
 7 SYSTEMPATH/CodeIgniter.php(509): CodeIgniter\CodeIgniter->runController(Object(App\Controllers\Dashboard_controller))
 8 SYSTEMPATH/CodeIgniter.php(355): CodeIgniter\CodeIgniter->handleRequest(null, Object(Config\Cache), false)
 9 SYSTEMPATH/Boot.php(325): CodeIgniter\CodeIgniter->run()
10 SYSTEMPATH/Boot.php(67): CodeIgniter\Boot::runCodeIgniter(Object(CodeIgniter\CodeIgniter))
11 FCPATH/index.php(56): CodeIgniter\Boot::bootWeb(Object(Config\Paths))
WARNING - 2024-09-22 16:06:41 --> [DEPRECATED] number_format(): Passing null to parameter #1 ($num) of type float is deprecated in APPPATH/Views/kd_project/dashboard_view.php on line 168.
 1 APPPATH/Views/kd_project/dashboard_view.php(168): number_format(null, 2)
 2 SYSTEMPATH/View/View.php(234): include('/home/u877349608/domains/muraridubey.com/public_html/codeigniter/app/Views/kd_project/dashboard_view.php')
 3 SYSTEMPATH/View/View.php(237): CodeIgniter\View\View->CodeIgniter\View\{closure}()
 4 SYSTEMPATH/Common.php(1171): CodeIgniter\View\View->render('kd_project/dashboard_view', [], true)
 5 APPPATH/Controllers/Dashboard_controller.php(37): view('kd_project/dashboard_view', [...])
 6 SYSTEMPATH/CodeIgniter.php(933): App\Controllers\Dashboard_controller->index()
 7 SYSTEMPATH/CodeIgniter.php(509): CodeIgniter\CodeIgniter->runController(Object(App\Controllers\Dashboard_controller))
 8 SYSTEMPATH/CodeIgniter.php(355): CodeIgniter\CodeIgniter->handleRequest(null, Object(Config\Cache), false)
 9 SYSTEMPATH/Boot.php(325): CodeIgniter\CodeIgniter->run()
10 SYSTEMPATH/Boot.php(67): CodeIgniter\Boot::runCodeIgniter(Object(CodeIgniter\CodeIgniter))
11 FCPATH/index.php(56): CodeIgniter\Boot::bootWeb(Object(Config\Paths))
WARNING - 2024-09-22 16:06:41 --> [DEPRECATED] number_format(): Passing null to parameter #1 ($num) of type float is deprecated in APPPATH/Views/kd_project/dashboard_view.php on line 161.
 1 APPPATH/Views/kd_project/dashboard_view.php(161): number_format(null, 2)
 2 SYSTEMPATH/View/View.php(234): include('/home/u877349608/domains/muraridubey.com/public_html/codeigniter/app/Views/kd_project/dashboard_view.php')
 3 SYSTEMPATH/View/View.php(237): CodeIgniter\View\View->CodeIgniter\View\{closure}()
 4 SYSTEMPATH/Common.php(1171): CodeIgniter\View\View->render('kd_project/dashboard_view', [], true)
 5 APPPATH/Controllers/Dashboard_controller.php(37): view('kd_project/dashboard_view', [...])
 6 SYSTEMPATH/CodeIgniter.php(933): App\Controllers\Dashboard_controller->index()
 7 SYSTEMPATH/CodeIgniter.php(509): CodeIgniter\CodeIgniter->runController(Object(App\Controllers\Dashboard_controller))
 8 SYSTEMPATH/CodeIgniter.php(355): CodeIgniter\CodeIgniter->handleRequest(null, Object(Config\Cache), false)
 9 SYSTEMPATH/Boot.php(325): CodeIgniter\CodeIgniter->run()
10 SYSTEMPATH/Boot.php(67): CodeIgniter\Boot::runCodeIgniter(Object(CodeIgniter\CodeIgniter))
11 FCPATH/index.php(56): CodeIgniter\Boot::bootWeb(Object(Config\Paths))
WARNING - 2024-09-22 16:06:41 --> [DEPRECATED] number_format(): Passing null to parameter #1 ($num) of type float is deprecated in APPPATH/Views/kd_project/dashboard_view.php on line 168.
 1 APPPATH/Views/kd_project/dashboard_view.php(168): number_format(null, 2)
 2 SYSTEMPATH/View/View.php(234): include('/home/u877349608/domains/muraridubey.com/public_html/codeigniter/app/Views/kd_project/dashboard_view.php')
 3 SYSTEMPATH/View/View.php(237): CodeIgniter\View\View->CodeIgniter\View\{closure}()
 4 SYSTEMPATH/Common.php(1171): CodeIgniter\View\View->render('kd_project/dashboard_view', [], true)
 5 APPPATH/Controllers/Dashboard_controller.php(37): view('kd_project/dashboard_view', [...])
 6 SYSTEMPATH/CodeIgniter.php(933): App\Controllers\Dashboard_controller->index()
 7 SYSTEMPATH/CodeIgniter.php(509): CodeIgniter\CodeIgniter->runController(Object(App\Controllers\Dashboard_controller))
 8 SYSTEMPATH/CodeIgniter.php(355): CodeIgniter\CodeIgniter->handleRequest(null, Object(Config\Cache), false)
 9 SYSTEMPATH/Boot.php(325): CodeIgniter\CodeIgniter->run()
10 SYSTEMPATH/Boot.php(67): CodeIgniter\Boot::runCodeIgniter(Object(CodeIgniter\CodeIgniter))
11 FCPATH/index.php(56): CodeIgniter\Boot::bootWeb(Object(Config\Paths))
WARNING - 2024-09-22 16:06:41 --> [DEPRECATED] number_format(): Passing null to parameter #1 ($num) of type float is deprecated in APPPATH/Views/kd_project/dashboard_view.php on line 164.
 1 APPPATH/Views/kd_project/dashboard_view.php(164): number_format(null, 2)
 2 SYSTEMPATH/View/View.php(234): include('/home/u877349608/domains/muraridubey.com/public_html/codeigniter/app/Views/kd_project/dashboard_view.php')
 3 SYSTEMPATH/View/View.php(237): CodeIgniter\View\View->CodeIgniter\View\{closure}()
 4 SYSTEMPATH/Common.php(1171): CodeIgniter\View\View->render('kd_project/dashboard_view', [], true)
 5 APPPATH/Controllers/Dashboard_controller.php(37): view('kd_project/dashboard_view', [...])
 6 SYSTEMPATH/CodeIgniter.php(933): App\Controllers\Dashboard_controller->index()
 7 SYSTEMPATH/CodeIgniter.php(509): CodeIgniter\CodeIgniter->runController(Object(App\Controllers\Dashboard_controller))
 8 SYSTEMPATH/CodeIgniter.php(355): CodeIgniter\CodeIgniter->handleRequest(null, Object(Config\Cache), false)
 9 SYSTEMPATH/Boot.php(325): CodeIgniter\CodeIgniter->run()
10 SYSTEMPATH/Boot.php(67): CodeIgniter\Boot::runCodeIgniter(Object(CodeIgniter\CodeIgniter))
11 FCPATH/index.php(56): CodeIgniter\Boot::bootWeb(Object(Config\Paths))
WARNING - 2024-09-22 16:06:41 --> [DEPRECATED] number_format(): Passing null to parameter #1 ($num) of type float is deprecated in APPPATH/Views/kd_project/dashboard_view.php on line 168.
 1 APPPATH/Views/kd_project/dashboard_view.php(168): number_format(null, 2)
 2 SYSTEMPATH/View/View.php(234): include('/home/u877349608/domains/muraridubey.com/public_html/codeigniter/app/Views/kd_project/dashboard_view.php')
 3 SYSTEMPATH/View/View.php(237): CodeIgniter\View\View->CodeIgniter\View\{closure}()
 4 SYSTEMPATH/Common.php(1171): CodeIgniter\View\View->render('kd_project/dashboard_view', [], true)
 5 APPPATH/Controllers/Dashboard_controller.php(37): view('kd_project/dashboard_view', [...])
 6 SYSTEMPATH/CodeIgniter.php(933): App\Controllers\Dashboard_controller->index()
 7 SYSTEMPATH/CodeIgniter.php(509): CodeIgniter\CodeIgniter->runController(Object(App\Controllers\Dashboard_controller))
 8 SYSTEMPATH/CodeIgniter.php(355): CodeIgniter\CodeIgniter->handleRequest(null, Object(Config\Cache), false)
 9 SYSTEMPATH/Boot.php(325): CodeIgniter\CodeIgniter->run()
10 SYSTEMPATH/Boot.php(67): CodeIgniter\Boot::runCodeIgniter(Object(CodeIgniter\CodeIgniter))
11 FCPATH/index.php(56): CodeIgniter\Boot::bootWeb(Object(Config\Paths))
WARNING - 2024-09-22 16:06:41 --> [DEPRECATED] number_format(): Passing null to parameter #1 ($num) of type float is deprecated in APPPATH/Views/kd_project/dashboard_view.php on line 161.
 1 APPPATH/Views/kd_project/dashboard_view.php(161): number_format(null, 2)
 2 SYSTEMPATH/View/View.php(234): include('/home/u877349608/domains/muraridubey.com/public_html/codeigniter/app/Views/kd_project/dashboard_view.php')
 3 SYSTEMPATH/View/View.php(237): CodeIgniter\View\View->CodeIgniter\View\{closure}()
 4 SYSTEMPATH/Common.php(1171): CodeIgniter\View\View->render('kd_project/dashboard_view', [], true)
 5 APPPATH/Controllers/Dashboard_controller.php(37): view('kd_project/dashboard_view', [...])
 6 SYSTEMPATH/CodeIgniter.php(933): App\Controllers\Dashboard_controller->index()
 7 SYSTEMPATH/CodeIgniter.php(509): CodeIgniter\CodeIgniter->runController(Object(App\Controllers\Dashboard_controller))
 8 SYSTEMPATH/CodeIgniter.php(355): CodeIgniter\CodeIgniter->handleRequest(null, Object(Config\Cache), false)
 9 SYSTEMPATH/Boot.php(325): CodeIgniter\CodeIgniter->run()
10 SYSTEMPATH/Boot.php(67): CodeIgniter\Boot::runCodeIgniter(Object(CodeIgniter\CodeIgniter))
11 FCPATH/index.php(56): CodeIgniter\Boot::bootWeb(Object(Config\Paths))
WARNING - 2024-09-22 16:06:41 --> [DEPRECATED] number_format(): Passing null to parameter #1 ($num) of type float is deprecated in APPPATH/Views/kd_project/dashboard_view.php on line 168.
 1 APPPATH/Views/kd_project/dashboard_view.php(168): number_format(null, 2)
 2 SYSTEMPATH/View/View.php(234): include('/home/u877349608/domains/muraridubey.com/public_html/codeigniter/app/Views/kd_project/dashboard_view.php')
 3 SYSTEMPATH/View/View.php(237): CodeIgniter\View\View->CodeIgniter\View\{closure}()
 4 SYSTEMPATH/Common.php(1171): CodeIgniter\View\View->render('kd_project/dashboard_view', [], true)
 5 APPPATH/Controllers/Dashboard_controller.php(37): view('kd_project/dashboard_view', [...])
 6 SYSTEMPATH/CodeIgniter.php(933): App\Controllers\Dashboard_controller->index()
 7 SYSTEMPATH/CodeIgniter.php(509): CodeIgniter\CodeIgniter->runController(Object(App\Controllers\Dashboard_controller))
 8 SYSTEMPATH/CodeIgniter.php(355): CodeIgniter\CodeIgniter->handleRequest(null, Object(Config\Cache), false)
 9 SYSTEMPATH/Boot.php(325): CodeIgniter\CodeIgniter->run()
10 SYSTEMPATH/Boot.php(67): CodeIgniter\Boot::runCodeIgniter(Object(CodeIgniter\CodeIgniter))
11 FCPATH/index.php(56): CodeIgniter\Boot::bootWeb(Object(Config\Paths))
WARNING - 2024-09-22 16:06:41 --> [DEPRECATED] number_format(): Passing null to parameter #1 ($num) of type float is deprecated in APPPATH/Views/kd_project/dashboard_view.php on line 161.
 1 APPPATH/Views/kd_project/dashboard_view.php(161): number_format(null, 2)
 2 SYSTEMPATH/View/View.php(234): include('/home/u877349608/domains/muraridubey.com/public_html/codeigniter/app/Views/kd_project/dashboard_view.php')
 3 SYSTEMPATH/View/View.php(237): CodeIgniter\View\View->CodeIgniter\View\{closure}()
 4 SYSTEMPATH/Common.php(1171): CodeIgniter\View\View->render('kd_project/dashboard_view', [], true)
 5 APPPATH/Controllers/Dashboard_controller.php(37): view('kd_project/dashboard_view', [...])
 6 SYSTEMPATH/CodeIgniter.php(933): App\Controllers\Dashboard_controller->index()
 7 SYSTEMPATH/CodeIgniter.php(509): CodeIgniter\CodeIgniter->runController(Object(App\Controllers\Dashboard_controller))
 8 SYSTEMPATH/CodeIgniter.php(355): CodeIgniter\CodeIgniter->handleRequest(null, Object(Config\Cache), false)
 9 SYSTEMPATH/Boot.php(325): CodeIgniter\CodeIgniter->run()
10 SYSTEMPATH/Boot.php(67): CodeIgniter\Boot::runCodeIgniter(Object(CodeIgniter\CodeIgniter))
11 FCPATH/index.php(56): CodeIgniter\Boot::bootWeb(Object(Config\Paths))
WARNING - 2024-09-22 16:06:41 --> [DEPRECATED] number_format(): Passing null to parameter #1 ($num) of type float is deprecated in APPPATH/Views/kd_project/dashboard_view.php on line 168.
 1 APPPATH/Views/kd_project/dashboard_view.php(168): number_format(null, 2)
 2 SYSTEMPATH/View/View.php(234): include('/home/u877349608/domains/muraridubey.com/public_html/codeigniter/app/Views/kd_project/dashboard_view.php')
 3 SYSTEMPATH/View/View.php(237): CodeIgniter\View\View->CodeIgniter\View\{closure}()
 4 SYSTEMPATH/Common.php(1171): CodeIgniter\View\View->render('kd_project/dashboard_view', [], true)
 5 APPPATH/Controllers/Dashboard_controller.php(37): view('kd_project/dashboard_view', [...])
 6 SYSTEMPATH/CodeIgniter.php(933): App\Controllers\Dashboard_controller->index()
 7 SYSTEMPATH/CodeIgniter.php(509): CodeIgniter\CodeIgniter->runController(Object(App\Controllers\Dashboard_controller))
 8 SYSTEMPATH/CodeIgniter.php(355): CodeIgniter\CodeIgniter->handleRequest(null, Object(Config\Cache), false)
 9 SYSTEMPATH/Boot.php(325): CodeIgniter\CodeIgniter->run()
10 SYSTEMPATH/Boot.php(67): CodeIgniter\Boot::runCodeIgniter(Object(CodeIgniter\CodeIgniter))
11 FCPATH/index.php(56): CodeIgniter\Boot::bootWeb(Object(Config\Paths))
INFO - 2024-09-22 16:06:41 --> Session: Class initialized using 'CodeIgniter\Session\Handlers\FileHandler' driver.
WARNING - 2024-09-22 16:06:41 --> [DEPRECATED] number_format(): Passing null to parameter #1 ($num) of type float is deprecated in APPPATH/Views/kd_project/dashboard_view.php on line 160.
 1 APPPATH/Views/kd_project/dashboard_view.php(160): number_format(null, 2)
 2 SYSTEMPATH/View/View.php(234): include('/home/u877349608/domains/muraridubey.com/public_html/codeigniter/app/Views/kd_project/dashboard_view.php')
 3 SYSTEMPATH/View/View.php(237): CodeIgniter\View\View->CodeIgniter\View\{closure}()
 4 SYSTEMPATH/Common.php(1171): CodeIgniter\View\View->render('kd_project/dashboard_view', [], true)
 5 APPPATH/Controllers/Dashboard_controller.php(37): view('kd_project/dashboard_view', [...])
 6 SYSTEMPATH/CodeIgniter.php(933): App\Controllers\Dashboard_controller->index()
 7 SYSTEMPATH/CodeIgniter.php(509): CodeIgniter\CodeIgniter->runController(Object(App\Controllers\Dashboard_controller))
 8 SYSTEMPATH/CodeIgniter.php(355): CodeIgniter\CodeIgniter->handleRequest(null, Object(Config\Cache), false)
 9 SYSTEMPATH/Boot.php(325): CodeIgniter\CodeIgniter->run()
10 SYSTEMPATH/Boot.php(67): CodeIgniter\Boot::runCodeIgniter(Object(CodeIgniter\CodeIgniter))
11 FCPATH/index.php(56): CodeIgniter\Boot::bootWeb(Object(Config\Paths))
WARNING - 2024-09-22 16:06:41 --> [DEPRECATED] number_format(): Passing null to parameter #1 ($num) of type float is deprecated in APPPATH/Views/kd_project/dashboard_view.php on line 168.
 1 APPPATH/Views/kd_project/dashboard_view.php(168): number_format(null, 2)
 2 SYSTEMPATH/View/View.php(234): include('/home/u877349608/domains/muraridubey.com/public_html/codeigniter/app/Views/kd_project/dashboard_view.php')
 3 SYSTEMPATH/View/View.php(237): CodeIgniter\View\View->CodeIgniter\View\{closure}()
 4 SYSTEMPATH/Common.php(1171): CodeIgniter\View\View->render('kd_project/dashboard_view', [], true)
 5 APPPATH/Controllers/Dashboard_controller.php(37): view('kd_project/dashboard_view', [...])
 6 SYSTEMPATH/CodeIgniter.php(933): App\Controllers\Dashboard_controller->index()
 7 SYSTEMPATH/CodeIgniter.php(509): CodeIgniter\CodeIgniter->runController(Object(App\Controllers\Dashboard_controller))
 8 SYSTEMPATH/CodeIgniter.php(355): CodeIgniter\CodeIgniter->handleRequest(null, Object(Config\Cache), false)
 9 SYSTEMPATH/Boot.php(325): CodeIgniter\CodeIgniter->run()
10 SYSTEMPATH/Boot.php(67): CodeIgniter\Boot::runCodeIgniter(Object(CodeIgniter\CodeIgniter))
11 FCPATH/index.php(56): CodeIgniter\Boot::bootWeb(Object(Config\Paths))
WARNING - 2024-09-22 16:06:41 --> [DEPRECATED] number_format(): Passing null to parameter #1 ($num) of type float is deprecated in APPPATH/Views/kd_project/dashboard_view.php on line 160.
 1 APPPATH/Views/kd_project/dashboard_view.php(160): number_format(null, 2)
 2 SYSTEMPATH/View/View.php(234): include('/home/u877349608/domains/muraridubey.com/public_html/codeigniter/app/Views/kd_project/dashboard_view.php')
 3 SYSTEMPATH/View/View.php(237): CodeIgniter\View\View->CodeIgniter\View\{closure}()
 4 SYSTEMPATH/Common.php(1171): CodeIgniter\View\View->render('kd_project/dashboard_view', [], true)
 5 APPPATH/Controllers/Dashboard_controller.php(37): view('kd_project/dashboard_view', [...])
 6 SYSTEMPATH/CodeIgniter.php(933): App\Controllers\Dashboard_controller->index()
 7 SYSTEMPATH/CodeIgniter.php(509): CodeIgniter\CodeIgniter->runController(Object(App\Controllers\Dashboard_controller))
 8 SYSTEMPATH/CodeIgniter.php(355): CodeIgniter\CodeIgniter->handleRequest(null, Object(Config\Cache), false)
 9 SYSTEMPATH/Boot.php(325): CodeIgniter\CodeIgniter->run()
10 SYSTEMPATH/Boot.php(67): CodeIgniter\Boot::runCodeIgniter(Object(CodeIgniter\CodeIgniter))
11 FCPATH/index.php(56): CodeIgniter\Boot::bootWeb(Object(Config\Paths))
WARNING - 2024-09-22 16:06:41 --> [DEPRECATED] number_format(): Passing null to parameter #1 ($num) of type float is deprecated in APPPATH/Views/kd_project/dashboard_view.php on line 168.
 1 APPPATH/Views/kd_project/dashboard_view.php(168): number_format(null, 2)
 2 SYSTEMPATH/View/View.php(234): include('/home/u877349608/domains/muraridubey.com/public_html/codeigniter/app/Views/kd_project/dashboard_view.php')
 3 SYSTEMPATH/View/View.php(237): CodeIgniter\View\View->CodeIgniter\View\{closure}()
 4 SYSTEMPATH/Common.php(1171): CodeIgniter\View\View->render('kd_project/dashboard_view', [], true)
 5 APPPATH/Controllers/Dashboard_controller.php(37): view('kd_project/dashboard_view', [...])
 6 SYSTEMPATH/CodeIgniter.php(933): App\Controllers\Dashboard_controller->index()
 7 SYSTEMPATH/CodeIgniter.php(509): CodeIgniter\CodeIgniter->runController(Object(App\Controllers\Dashboard_controller))
 8 SYSTEMPATH/CodeIgniter.php(355): CodeIgniter\CodeIgniter->handleRequest(null, Object(Config\Cache), false)
 9 SYSTEMPATH/Boot.php(325): CodeIgniter\CodeIgniter->run()
10 SYSTEMPATH/Boot.php(67): CodeIgniter\Boot::runCodeIgniter(Object(CodeIgniter\CodeIgniter))
11 FCPATH/index.php(56): CodeIgniter\Boot::bootWeb(Object(Config\Paths))
WARNING - 2024-09-22 16:06:41 --> [DEPRECATED] number_format(): Passing null to parameter #1 ($num) of type float is deprecated in APPPATH/Views/kd_project/dashboard_view.php on line 161.
 1 APPPATH/Views/kd_project/dashboard_view.php(161): number_format(null, 2)
 2 SYSTEMPATH/View/View.php(234): include('/home/u877349608/domains/muraridubey.com/public_html/codeigniter/app/Views/kd_project/dashboard_view.php')
 3 SYSTEMPATH/View/View.php(237): CodeIgniter\View\View->CodeIgniter\View\{closure}()
 4 SYSTEMPATH/Common.php(1171): CodeIgniter\View\View->render('kd_project/dashboard_view', [], true)
 5 APPPATH/Controllers/Dashboard_controller.php(37): view('kd_project/dashboard_view', [...])
 6 SYSTEMPATH/CodeIgniter.php(933): App\Controllers\Dashboard_controller->index()
 7 SYSTEMPATH/CodeIgniter.php(509): CodeIgniter\CodeIgniter->runController(Object(App\Controllers\Dashboard_controller))
 8 SYSTEMPATH/CodeIgniter.php(355): CodeIgniter\CodeIgniter->handleRequest(null, Object(Config\Cache), false)
 9 SYSTEMPATH/Boot.php(325): CodeIgniter\CodeIgniter->run()
10 SYSTEMPATH/Boot.php(67): CodeIgniter\Boot::runCodeIgniter(Object(CodeIgniter\CodeIgniter))
11 FCPATH/index.php(56): CodeIgniter\Boot::bootWeb(Object(Config\Paths))
WARNING - 2024-09-22 16:06:41 --> [DEPRECATED] number_format(): Passing null to parameter #1 ($num) of type float is deprecated in APPPATH/Views/kd_project/dashboard_view.php on line 168.
 1 APPPATH/Views/kd_project/dashboard_view.php(168): number_format(null, 2)
 2 SYSTEMPATH/View/View.php(234): include('/home/u877349608/domains/muraridubey.com/public_html/codeigniter/app/Views/kd_project/dashboard_view.php')
 3 SYSTEMPATH/View/View.php(237): CodeIgniter\View\View->CodeIgniter\View\{closure}()
 4 SYSTEMPATH/Common.php(1171): CodeIgniter\View\View->render('kd_project/dashboard_view', [], true)
 5 APPPATH/Controllers/Dashboard_controller.php(37): view('kd_project/dashboard_view', [...])
 6 SYSTEMPATH/CodeIgniter.php(933): App\Controllers\Dashboard_controller->index()
 7 SYSTEMPATH/CodeIgniter.php(509): CodeIgniter\CodeIgniter->runController(Object(App\Controllers\Dashboard_controller))
 8 SYSTEMPATH/CodeIgniter.php(355): CodeIgniter\CodeIgniter->handleRequest(null, Object(Config\Cache), false)
 9 SYSTEMPATH/Boot.php(325): CodeIgniter\CodeIgniter->run()
10 SYSTEMPATH/Boot.php(67): CodeIgniter\Boot::runCodeIgniter(Object(CodeIgniter\CodeIgniter))
11 FCPATH/index.php(56): CodeIgniter\Boot::bootWeb(Object(Config\Paths))
WARNING - 2024-09-22 16:06:41 --> [DEPRECATED] number_format(): Passing null to parameter #1 ($num) of type float is deprecated in APPPATH/Views/kd_project/dashboard_view.php on line 161.
 1 APPPATH/Views/kd_project/dashboard_view.php(161): number_format(null, 2)
 2 SYSTEMPATH/View/View.php(234): include('/home/u877349608/domains/muraridubey.com/public_html/codeigniter/app/Views/kd_project/dashboard_view.php')
 3 SYSTEMPATH/View/View.php(237): CodeIgniter\View\View->CodeIgniter\View\{closure}()
 4 SYSTEMPATH/Common.php(1171): CodeIgniter\View\View->render('kd_project/dashboard_view', [], true)
 5 APPPATH/Controllers/Dashboard_controller.php(37): view('kd_project/dashboard_view', [...])
 6 SYSTEMPATH/CodeIgniter.php(933): App\Controllers\Dashboard_controller->index()
 7 SYSTEMPATH/CodeIgniter.php(509): CodeIgniter\CodeIgniter->runController(Object(App\Controllers\Dashboard_controller))
 8 SYSTEMPATH/CodeIgniter.php(355): CodeIgniter\CodeIgniter->handleRequest(null, Object(Config\Cache), false)
 9 SYSTEMPATH/Boot.php(325): CodeIgniter\CodeIgniter->run()
10 SYSTEMPATH/Boot.php(67): CodeIgniter\Boot::runCodeIgniter(Object(CodeIgniter\CodeIgniter))
11 FCPATH/index.php(56): CodeIgniter\Boot::bootWeb(Object(Config\Paths))
WARNING - 2024-09-22 16:06:41 --> [DEPRECATED] number_format(): Passing null to parameter #1 ($num) of type float is deprecated in APPPATH/Views/kd_project/dashboard_view.php on line 168.
 1 APPPATH/Views/kd_project/dashboard_view.php(168): number_format(null, 2)
 2 SYSTEMPATH/View/View.php(234): include('/home/u877349608/domains/muraridubey.com/public_html/codeigniter/app/Views/kd_project/dashboard_view.php')
 3 SYSTEMPATH/View/View.php(237): CodeIgniter\View\View->CodeIgniter\View\{closure}()
 4 SYSTEMPATH/Common.php(1171): CodeIgniter\View\View->render('kd_project/dashboard_view', [], true)
 5 APPPATH/Controllers/Dashboard_controller.php(37): view('kd_project/dashboard_view', [...])
 6 SYSTEMPATH/CodeIgniter.php(933): App\Controllers\Dashboard_controller->index()
 7 SYSTEMPATH/CodeIgniter.php(509): CodeIgniter\CodeIgniter->runController(Object(App\Controllers\Dashboard_controller))
 8 SYSTEMPATH/CodeIgniter.php(355): CodeIgniter\CodeIgniter->handleRequest(null, Object(Config\Cache), false)
 9 SYSTEMPATH/Boot.php(325): CodeIgniter\CodeIgniter->run()
10 SYSTEMPATH/Boot.php(67): CodeIgniter\Boot::runCodeIgniter(Object(CodeIgniter\CodeIgniter))
11 FCPATH/index.php(56): CodeIgniter\Boot::bootWeb(Object(Config\Paths))
WARNING - 2024-09-22 16:06:41 --> [DEPRECATED] number_format(): Passing null to parameter #1 ($num) of type float is deprecated in APPPATH/Views/kd_project/dashboard_view.php on line 164.
 1 APPPATH/Views/kd_project/dashboard_view.php(164): number_format(null, 2)
 2 SYSTEMPATH/View/View.php(234): include('/home/u877349608/domains/muraridubey.com/public_html/codeigniter/app/Views/kd_project/dashboard_view.php')
 3 SYSTEMPATH/View/View.php(237): CodeIgniter\View\View->CodeIgniter\View\{closure}()
 4 SYSTEMPATH/Common.php(1171): CodeIgniter\View\View->render('kd_project/dashboard_view', [], true)
 5 APPPATH/Controllers/Dashboard_controller.php(37): view('kd_project/dashboard_view', [...])
 6 SYSTEMPATH/CodeIgniter.php(933): App\Controllers\Dashboard_controller->index()
 7 SYSTEMPATH/CodeIgniter.php(509): CodeIgniter\CodeIgniter->runController(Object(App\Controllers\Dashboard_controller))
 8 SYSTEMPATH/CodeIgniter.php(355): CodeIgniter\CodeIgniter->handleRequest(null, Object(Config\Cache), false)
 9 SYSTEMPATH/Boot.php(325): CodeIgniter\CodeIgniter->run()
10 SYSTEMPATH/Boot.php(67): CodeIgniter\Boot::runCodeIgniter(Object(CodeIgniter\CodeIgniter))
11 FCPATH/index.php(56): CodeIgniter\Boot::bootWeb(Object(Config\Paths))
WARNING - 2024-09-22 16:06:41 --> [DEPRECATED] number_format(): Passing null to parameter #1 ($num) of type float is deprecated in APPPATH/Views/kd_project/dashboard_view.php on line 168.
 1 APPPATH/Views/kd_project/dashboard_view.php(168): number_format(null, 2)
 2 SYSTEMPATH/View/View.php(234): include('/home/u877349608/domains/muraridubey.com/public_html/codeigniter/app/Views/kd_project/dashboard_view.php')
 3 SYSTEMPATH/View/View.php(237): CodeIgniter\View\View->CodeIgniter\View\{closure}()
 4 SYSTEMPATH/Common.php(1171): CodeIgniter\View\View->render('kd_project/dashboard_view', [], true)
 5 APPPATH/Controllers/Dashboard_controller.php(37): view('kd_project/dashboard_view', [...])
 6 SYSTEMPATH/CodeIgniter.php(933): App\Controllers\Dashboard_controller->index()
 7 SYSTEMPATH/CodeIgniter.php(509): CodeIgniter\CodeIgniter->runController(Object(App\Controllers\Dashboard_controller))
 8 SYSTEMPATH/CodeIgniter.php(355): CodeIgniter\CodeIgniter->handleRequest(null, Object(Config\Cache), false)
 9 SYSTEMPATH/Boot.php(325): CodeIgniter\CodeIgniter->run()
10 SYSTEMPATH/Boot.php(67): CodeIgniter\Boot::runCodeIgniter(Object(CodeIgniter\CodeIgniter))
11 FCPATH/index.php(56): CodeIgniter\Boot::bootWeb(Object(Config\Paths))
WARNING - 2024-09-22 16:06:41 --> [DEPRECATED] number_format(): Passing null to parameter #1 ($num) of type float is deprecated in APPPATH/Views/kd_project/dashboard_view.php on line 161.
 1 APPPATH/Views/kd_project/dashboard_view.php(161): number_format(null, 2)
 2 SYSTEMPATH/View/View.php(234): include('/home/u877349608/domains/muraridubey.com/public_html/codeigniter/app/Views/kd_project/dashboard_view.php')
 3 SYSTEMPATH/View/View.php(237): CodeIgniter\View\View->CodeIgniter\View\{closure}()
 4 SYSTEMPATH/Common.php(1171): CodeIgniter\View\View->render('kd_project/dashboard_view', [], true)
 5 APPPATH/Controllers/Dashboard_controller.php(37): view('kd_project/dashboard_view', [...])
 6 SYSTEMPATH/CodeIgniter.php(933): App\Controllers\Dashboard_controller->index()
 7 SYSTEMPATH/CodeIgniter.php(509): CodeIgniter\CodeIgniter->runController(Object(App\Controllers\Dashboard_controller))
 8 SYSTEMPATH/CodeIgniter.php(355): CodeIgniter\CodeIgniter->handleRequest(null, Object(Config\Cache), false)
 9 SYSTEMPATH/Boot.php(325): CodeIgniter\CodeIgniter->run()
10 SYSTEMPATH/Boot.php(67): CodeIgniter\Boot::runCodeIgniter(Object(CodeIgniter\CodeIgniter))
11 FCPATH/index.php(56): CodeIgniter\Boot::bootWeb(Object(Config\Paths))
WARNING - 2024-09-22 16:06:41 --> [DEPRECATED] number_format(): Passing null to parameter #1 ($num) of type float is deprecated in APPPATH/Views/kd_project/dashboard_view.php on line 168.
 1 APPPATH/Views/kd_project/dashboard_view.php(168): number_format(null, 2)
 2 SYSTEMPATH/View/View.php(234): include('/home/u877349608/domains/muraridubey.com/public_html/codeigniter/app/Views/kd_project/dashboard_view.php')
 3 SYSTEMPATH/View/View.php(237): CodeIgniter\View\View->CodeIgniter\View\{closure}()
 4 SYSTEMPATH/Common.php(1171): CodeIgniter\View\View->render('kd_project/dashboard_view', [], true)
 5 APPPATH/Controllers/Dashboard_controller.php(37): view('kd_project/dashboard_view', [...])
 6 SYSTEMPATH/CodeIgniter.php(933): App\Controllers\Dashboard_controller->index()
 7 SYSTEMPATH/CodeIgniter.php(509): CodeIgniter\CodeIgniter->runController(Object(App\Controllers\Dashboard_controller))
 8 SYSTEMPATH/CodeIgniter.php(355): CodeIgniter\CodeIgniter->handleRequest(null, Object(Config\Cache), false)
 9 SYSTEMPATH/Boot.php(325): CodeIgniter\CodeIgniter->run()
10 SYSTEMPATH/Boot.php(67): CodeIgniter\Boot::runCodeIgniter(Object(CodeIgniter\CodeIgniter))
11 FCPATH/index.php(56): CodeIgniter\Boot::bootWeb(Object(Config\Paths))
WARNING - 2024-09-22 16:06:41 --> [DEPRECATED] number_format(): Passing null to parameter #1 ($num) of type float is deprecated in APPPATH/Views/kd_project/dashboard_view.php on line 161.
 1 APPPATH/Views/kd_project/dashboard_view.php(161): number_format(null, 2)
 2 SYSTEMPATH/View/View.php(234): include('/home/u877349608/domains/muraridubey.com/public_html/codeigniter/app/Views/kd_project/dashboard_view.php')
 3 SYSTEMPATH/View/View.php(237): CodeIgniter\View\View->CodeIgniter\View\{closure}()
 4 SYSTEMPATH/Common.php(1171): CodeIgniter\View\View->render('kd_project/dashboard_view', [], true)
 5 APPPATH/Controllers/Dashboard_controller.php(37): view('kd_project/dashboard_view', [...])
 6 SYSTEMPATH/CodeIgniter.php(933): App\Controllers\Dashboard_controller->index()
 7 SYSTEMPATH/CodeIgniter.php(509): CodeIgniter\CodeIgniter->runController(Object(App\Controllers\Dashboard_controller))
 8 SYSTEMPATH/CodeIgniter.php(355): CodeIgniter\CodeIgniter->handleRequest(null, Object(Config\Cache), false)
 9 SYSTEMPATH/Boot.php(325): CodeIgniter\CodeIgniter->run()
10 SYSTEMPATH/Boot.php(67): CodeIgniter\Boot::runCodeIgniter(Object(CodeIgniter\CodeIgniter))
11 FCPATH/index.php(56): CodeIgniter\Boot::bootWeb(Object(Config\Paths))
WARNING - 2024-09-22 16:06:41 --> [DEPRECATED] number_format(): Passing null to parameter #1 ($num) of type float is deprecated in APPPATH/Views/kd_project/dashboard_view.php on line 168.
 1 APPPATH/Views/kd_project/dashboard_view.php(168): number_format(null, 2)
 2 SYSTEMPATH/View/View.php(234): include('/home/u877349608/domains/muraridubey.com/public_html/codeigniter/app/Views/kd_project/dashboard_view.php')
 3 SYSTEMPATH/View/View.php(237): CodeIgniter\View\View->CodeIgniter\View\{closure}()
 4 SYSTEMPATH/Common.php(1171): CodeIgniter\View\View->render('kd_project/dashboard_view', [], true)
 5 APPPATH/Controllers/Dashboard_controller.php(37): view('kd_project/dashboard_view', [...])
 6 SYSTEMPATH/CodeIgniter.php(933): App\Controllers\Dashboard_controller->index()
 7 SYSTEMPATH/CodeIgniter.php(509): CodeIgniter\CodeIgniter->runController(Object(App\Controllers\Dashboard_controller))
 8 SYSTEMPATH/CodeIgniter.php(355): CodeIgniter\CodeIgniter->handleRequest(null, Object(Config\Cache), false)
 9 SYSTEMPATH/Boot.php(325): CodeIgniter\CodeIgniter->run()
10 SYSTEMPATH/Boot.php(67): CodeIgniter\Boot::runCodeIgniter(Object(CodeIgniter\CodeIgniter))
11 FCPATH/index.php(56): CodeIgniter\Boot::bootWeb(Object(Config\Paths))
INFO - 2024-09-22 16:08:31 --> Session: Class initialized using 'CodeIgniter\Session\Handlers\FileHandler' driver.
ERROR - 2024-09-22 16:08:31 --> mysqli_sql_exception: You have an error in your SQL syntax; check the manual that corresponds to your MariaDB server version for the right syntax to use near 'WHERE accounts_data.as_on_date = (
    SELECT MAX(as_on_date) 
    FROM acc...' at line 15 in /home/u877349608/domains/muraridubey.com/public_html/codeigniter/system/Database/MySQLi/Connection.php:312
Stack trace:
#0 /home/u877349608/domains/muraridubey.com/public_html/codeigniter/system/Database/MySQLi/Connection.php(312): mysqli->query()
#1 /home/u877349608/domains/muraridubey.com/public_html/codeigniter/system/Database/BaseConnection.php(734): CodeIgniter\Database\MySQLi\Connection->execute()
#2 /home/u877349608/domains/muraridubey.com/public_html/codeigniter/system/Database/BaseConnection.php(648): CodeIgniter\Database\BaseConnection->simpleQuery()
#3 /home/u877349608/domains/muraridubey.com/public_html/codeigniter/app/Models/Dashboard_model.php(138): CodeIgniter\Database\BaseConnection->query()
#4 /home/u877349608/domains/muraridubey.com/public_html/codeigniter/app/Controllers/Dashboard_controller.php(31): App\Models\Dashboard_model->single_data()
#5 /home/u877349608/domains/muraridubey.com/public_html/codeigniter/system/CodeIgniter.php(933): App\Controllers\Dashboard_controller->index()
#6 /home/u877349608/domains/muraridubey.com/public_html/codeigniter/system/CodeIgniter.php(509): CodeIgniter\CodeIgniter->runController()
#7 /home/u877349608/domains/muraridubey.com/public_html/codeigniter/system/CodeIgniter.php(355): CodeIgniter\CodeIgniter->handleRequest()
#8 /home/u877349608/domains/muraridubey.com/public_html/codeigniter/system/Boot.php(325): CodeIgniter\CodeIgniter->run()
#9 /home/u877349608/domains/muraridubey.com/public_html/codeigniter/system/Boot.php(67): CodeIgniter\Boot::runCodeIgniter()
#10 /home/u877349608/domains/muraridubey.com/public_html/codeigniter/public/index.php(56): CodeIgniter\Boot::bootWeb()
#11 {main}
CRITICAL - 2024-09-22 16:08:31 --> CodeIgniter\Database\Exceptions\DatabaseException: You have an error in your SQL syntax; check the manual that corresponds to your MariaDB server version for the right syntax to use near 'WHERE accounts_data.as_on_date = (
    SELECT MAX(as_on_date) 
    FROM acc...' at line 15
[Method: GET, Route: dashboard]
in SYSTEMPATH/Database/BaseConnection.php on line 688.
 1 APPPATH/Models/Dashboard_model.php(138): CodeIgniter\Database\BaseConnection->query()
 2 APPPATH/Controllers/Dashboard_controller.php(31): App\Models\Dashboard_model->single_data()
 3 SYSTEMPATH/CodeIgniter.php(933): App\Controllers\Dashboard_controller->index()
 4 SYSTEMPATH/CodeIgniter.php(509): CodeIgniter\CodeIgniter->runController()
 5 SYSTEMPATH/CodeIgniter.php(355): CodeIgniter\CodeIgniter->handleRequest()
 6 SYSTEMPATH/Boot.php(325): CodeIgniter\CodeIgniter->run()
 7 SYSTEMPATH/Boot.php(67): CodeIgniter\Boot::runCodeIgniter()
 8 FCPATH/index.php(56): CodeIgniter\Boot::bootWeb()
CRITICAL - 2024-09-22 16:08:31 --> [Caused by] CodeIgniter\Database\Exceptions\DatabaseException: You have an error in your SQL syntax; check the manual that corresponds to your MariaDB server version for the right syntax to use near 'WHERE accounts_data.as_on_date = (
    SELECT MAX(as_on_date) 
    FROM acc...' at line 15
in SYSTEMPATH/Database/MySQLi/Connection.php on line 317.
 1 SYSTEMPATH/Database/BaseConnection.php(734): CodeIgniter\Database\MySQLi\Connection->execute()
 2 SYSTEMPATH/Database/BaseConnection.php(648): CodeIgniter\Database\BaseConnection->simpleQuery()
 3 APPPATH/Models/Dashboard_model.php(138): CodeIgniter\Database\BaseConnection->query()
 4 APPPATH/Controllers/Dashboard_controller.php(31): App\Models\Dashboard_model->single_data()
 5 SYSTEMPATH/CodeIgniter.php(933): App\Controllers\Dashboard_controller->index()
 6 SYSTEMPATH/CodeIgniter.php(509): CodeIgniter\CodeIgniter->runController()
 7 SYSTEMPATH/CodeIgniter.php(355): CodeIgniter\CodeIgniter->handleRequest()
 8 SYSTEMPATH/Boot.php(325): CodeIgniter\CodeIgniter->run()
 9 SYSTEMPATH/Boot.php(67): CodeIgniter\Boot::runCodeIgniter()
10 FCPATH/index.php(56): CodeIgniter\Boot::bootWeb()
CRITICAL - 2024-09-22 16:08:31 --> [Caused by] mysqli_sql_exception: You have an error in your SQL syntax; check the manual that corresponds to your MariaDB server version for the right syntax to use near 'WHERE accounts_data.as_on_date = (
    SELECT MAX(as_on_date) 
    FROM acc...' at line 15
in SYSTEMPATH/Database/MySQLi/Connection.php on line 312.
 1 SYSTEMPATH/Database/MySQLi/Connection.php(312): mysqli->query()
 2 SYSTEMPATH/Database/BaseConnection.php(734): CodeIgniter\Database\MySQLi\Connection->execute()
 3 SYSTEMPATH/Database/BaseConnection.php(648): CodeIgniter\Database\BaseConnection->simpleQuery()
 4 APPPATH/Models/Dashboard_model.php(138): CodeIgniter\Database\BaseConnection->query()
 5 APPPATH/Controllers/Dashboard_controller.php(31): App\Models\Dashboard_model->single_data()
 6 SYSTEMPATH/CodeIgniter.php(933): App\Controllers\Dashboard_controller->index()
 7 SYSTEMPATH/CodeIgniter.php(509): CodeIgniter\CodeIgniter->runController()
 8 SYSTEMPATH/CodeIgniter.php(355): CodeIgniter\CodeIgniter->handleRequest()
 9 SYSTEMPATH/Boot.php(325): CodeIgniter\CodeIgniter->run()
10 SYSTEMPATH/Boot.php(67): CodeIgniter\Boot::runCodeIgniter()
11 FCPATH/index.php(56): CodeIgniter\Boot::bootWeb()
INFO - 2024-09-22 16:08:48 --> Session: Class initialized using 'CodeIgniter\Session\Handlers\FileHandler' driver.
WARNING - 2024-09-22 16:08:48 --> [DEPRECATED] number_format(): Passing null to parameter #1 ($num) of type float is deprecated in APPPATH/Views/kd_project/dashboard_view.php on line 160.
 1 APPPATH/Views/kd_project/dashboard_view.php(160): number_format(null, 2)
 2 SYSTEMPATH/View/View.php(234): include('/home/u877349608/domains/muraridubey.com/public_html/codeigniter/app/Views/kd_project/dashboard_view.php')
 3 SYSTEMPATH/View/View.php(237): CodeIgniter\View\View->CodeIgniter\View\{closure}()
 4 SYSTEMPATH/Common.php(1171): CodeIgniter\View\View->render('kd_project/dashboard_view', [], true)
 5 APPPATH/Controllers/Dashboard_controller.php(37): view('kd_project/dashboard_view', [...])
 6 SYSTEMPATH/CodeIgniter.php(933): App\Controllers\Dashboard_controller->index()
 7 SYSTEMPATH/CodeIgniter.php(509): CodeIgniter\CodeIgniter->runController(Object(App\Controllers\Dashboard_controller))
 8 SYSTEMPATH/CodeIgniter.php(355): CodeIgniter\CodeIgniter->handleRequest(null, Object(Config\Cache), false)
 9 SYSTEMPATH/Boot.php(325): CodeIgniter\CodeIgniter->run()
10 SYSTEMPATH/Boot.php(67): CodeIgniter\Boot::runCodeIgniter(Object(CodeIgniter\CodeIgniter))
11 FCPATH/index.php(56): CodeIgniter\Boot::bootWeb(Object(Config\Paths))
WARNING - 2024-09-22 16:08:48 --> [DEPRECATED] number_format(): Passing null to parameter #1 ($num) of type float is deprecated in APPPATH/Views/kd_project/dashboard_view.php on line 168.
 1 APPPATH/Views/kd_project/dashboard_view.php(168): number_format(null, 2)
 2 SYSTEMPATH/View/View.php(234): include('/home/u877349608/domains/muraridubey.com/public_html/codeigniter/app/Views/kd_project/dashboard_view.php')
 3 SYSTEMPATH/View/View.php(237): CodeIgniter\View\View->CodeIgniter\View\{closure}()
 4 SYSTEMPATH/Common.php(1171): CodeIgniter\View\View->render('kd_project/dashboard_view', [], true)
 5 APPPATH/Controllers/Dashboard_controller.php(37): view('kd_project/dashboard_view', [...])
 6 SYSTEMPATH/CodeIgniter.php(933): App\Controllers\Dashboard_controller->index()
 7 SYSTEMPATH/CodeIgniter.php(509): CodeIgniter\CodeIgniter->runController(Object(App\Controllers\Dashboard_controller))
 8 SYSTEMPATH/CodeIgniter.php(355): CodeIgniter\CodeIgniter->handleRequest(null, Object(Config\Cache), false)
 9 SYSTEMPATH/Boot.php(325): CodeIgniter\CodeIgniter->run()
10 SYSTEMPATH/Boot.php(67): CodeIgniter\Boot::runCodeIgniter(Object(CodeIgniter\CodeIgniter))
11 FCPATH/index.php(56): CodeIgniter\Boot::bootWeb(Object(Config\Paths))
WARNING - 2024-09-22 16:08:48 --> [DEPRECATED] number_format(): Passing null to parameter #1 ($num) of type float is deprecated in APPPATH/Views/kd_project/dashboard_view.php on line 160.
 1 APPPATH/Views/kd_project/dashboard_view.php(160): number_format(null, 2)
 2 SYSTEMPATH/View/View.php(234): include('/home/u877349608/domains/muraridubey.com/public_html/codeigniter/app/Views/kd_project/dashboard_view.php')
 3 SYSTEMPATH/View/View.php(237): CodeIgniter\View\View->CodeIgniter\View\{closure}()
 4 SYSTEMPATH/Common.php(1171): CodeIgniter\View\View->render('kd_project/dashboard_view', [], true)
 5 APPPATH/Controllers/Dashboard_controller.php(37): view('kd_project/dashboard_view', [...])
 6 SYSTEMPATH/CodeIgniter.php(933): App\Controllers\Dashboard_controller->index()
 7 SYSTEMPATH/CodeIgniter.php(509): CodeIgniter\CodeIgniter->runController(Object(App\Controllers\Dashboard_controller))
 8 SYSTEMPATH/CodeIgniter.php(355): CodeIgniter\CodeIgniter->handleRequest(null, Object(Config\Cache), false)
 9 SYSTEMPATH/Boot.php(325): CodeIgniter\CodeIgniter->run()
10 SYSTEMPATH/Boot.php(67): CodeIgniter\Boot::runCodeIgniter(Object(CodeIgniter\CodeIgniter))
11 FCPATH/index.php(56): CodeIgniter\Boot::bootWeb(Object(Config\Paths))
WARNING - 2024-09-22 16:08:48 --> [DEPRECATED] number_format(): Passing null to parameter #1 ($num) of type float is deprecated in APPPATH/Views/kd_project/dashboard_view.php on line 168.
 1 APPPATH/Views/kd_project/dashboard_view.php(168): number_format(null, 2)
 2 SYSTEMPATH/View/View.php(234): include('/home/u877349608/domains/muraridubey.com/public_html/codeigniter/app/Views/kd_project/dashboard_view.php')
 3 SYSTEMPATH/View/View.php(237): CodeIgniter\View\View->CodeIgniter\View\{closure}()
 4 SYSTEMPATH/Common.php(1171): CodeIgniter\View\View->render('kd_project/dashboard_view', [], true)
 5 APPPATH/Controllers/Dashboard_controller.php(37): view('kd_project/dashboard_view', [...])
 6 SYSTEMPATH/CodeIgniter.php(933): App\Controllers\Dashboard_controller->index()
 7 SYSTEMPATH/CodeIgniter.php(509): CodeIgniter\CodeIgniter->runController(Object(App\Controllers\Dashboard_controller))
 8 SYSTEMPATH/CodeIgniter.php(355): CodeIgniter\CodeIgniter->handleRequest(null, Object(Config\Cache), false)
 9 SYSTEMPATH/Boot.php(325): CodeIgniter\CodeIgniter->run()
10 SYSTEMPATH/Boot.php(67): CodeIgniter\Boot::runCodeIgniter(Object(CodeIgniter\CodeIgniter))
11 FCPATH/index.php(56): CodeIgniter\Boot::bootWeb(Object(Config\Paths))
WARNING - 2024-09-22 16:08:48 --> [DEPRECATED] number_format(): Passing null to parameter #1 ($num) of type float is deprecated in APPPATH/Views/kd_project/dashboard_view.php on line 161.
 1 APPPATH/Views/kd_project/dashboard_view.php(161): number_format(null, 2)
 2 SYSTEMPATH/View/View.php(234): include('/home/u877349608/domains/muraridubey.com/public_html/codeigniter/app/Views/kd_project/dashboard_view.php')
 3 SYSTEMPATH/View/View.php(237): CodeIgniter\View\View->CodeIgniter\View\{closure}()
 4 SYSTEMPATH/Common.php(1171): CodeIgniter\View\View->render('kd_project/dashboard_view', [], true)
 5 APPPATH/Controllers/Dashboard_controller.php(37): view('kd_project/dashboard_view', [...])
 6 SYSTEMPATH/CodeIgniter.php(933): App\Controllers\Dashboard_controller->index()
 7 SYSTEMPATH/CodeIgniter.php(509): CodeIgniter\CodeIgniter->runController(Object(App\Controllers\Dashboard_controller))
 8 SYSTEMPATH/CodeIgniter.php(355): CodeIgniter\CodeIgniter->handleRequest(null, Object(Config\Cache), false)
 9 SYSTEMPATH/Boot.php(325): CodeIgniter\CodeIgniter->run()
10 SYSTEMPATH/Boot.php(67): CodeIgniter\Boot::runCodeIgniter(Object(CodeIgniter\CodeIgniter))
11 FCPATH/index.php(56): CodeIgniter\Boot::bootWeb(Object(Config\Paths))
WARNING - 2024-09-22 16:08:48 --> [DEPRECATED] number_format(): Passing null to parameter #1 ($num) of type float is deprecated in APPPATH/Views/kd_project/dashboard_view.php on line 168.
 1 APPPATH/Views/kd_project/dashboard_view.php(168): number_format(null, 2)
 2 SYSTEMPATH/View/View.php(234): include('/home/u877349608/domains/muraridubey.com/public_html/codeigniter/app/Views/kd_project/dashboard_view.php')
 3 SYSTEMPATH/View/View.php(237): CodeIgniter\View\View->CodeIgniter\View\{closure}()
 4 SYSTEMPATH/Common.php(1171): CodeIgniter\View\View->render('kd_project/dashboard_view', [], true)
 5 APPPATH/Controllers/Dashboard_controller.php(37): view('kd_project/dashboard_view', [...])
 6 SYSTEMPATH/CodeIgniter.php(933): App\Controllers\Dashboard_controller->index()
 7 SYSTEMPATH/CodeIgniter.php(509): CodeIgniter\CodeIgniter->runController(Object(App\Controllers\Dashboard_controller))
 8 SYSTEMPATH/CodeIgniter.php(355): CodeIgniter\CodeIgniter->handleRequest(null, Object(Config\Cache), false)
 9 SYSTEMPATH/Boot.php(325): CodeIgniter\CodeIgniter->run()
10 SYSTEMPATH/Boot.php(67): CodeIgniter\Boot::runCodeIgniter(Object(CodeIgniter\CodeIgniter))
11 FCPATH/index.php(56): CodeIgniter\Boot::bootWeb(Object(Config\Paths))
WARNING - 2024-09-22 16:08:48 --> [DEPRECATED] number_format(): Passing null to parameter #1 ($num) of type float is deprecated in APPPATH/Views/kd_project/dashboard_view.php on line 161.
 1 APPPATH/Views/kd_project/dashboard_view.php(161): number_format(null, 2)
 2 SYSTEMPATH/View/View.php(234): include('/home/u877349608/domains/muraridubey.com/public_html/codeigniter/app/Views/kd_project/dashboard_view.php')
 3 SYSTEMPATH/View/View.php(237): CodeIgniter\View\View->CodeIgniter\View\{closure}()
 4 SYSTEMPATH/Common.php(1171): CodeIgniter\View\View->render('kd_project/dashboard_view', [], true)
 5 APPPATH/Controllers/Dashboard_controller.php(37): view('kd_project/dashboard_view', [...])
 6 SYSTEMPATH/CodeIgniter.php(933): App\Controllers\Dashboard_controller->index()
 7 SYSTEMPATH/CodeIgniter.php(509): CodeIgniter\CodeIgniter->runController(Object(App\Controllers\Dashboard_controller))
 8 SYSTEMPATH/CodeIgniter.php(355): CodeIgniter\CodeIgniter->handleRequest(null, Object(Config\Cache), false)
 9 SYSTEMPATH/Boot.php(325): CodeIgniter\CodeIgniter->run()
10 SYSTEMPATH/Boot.php(67): CodeIgniter\Boot::runCodeIgniter(Object(CodeIgniter\CodeIgniter))
11 FCPATH/index.php(56): CodeIgniter\Boot::bootWeb(Object(Config\Paths))
WARNING - 2024-09-22 16:08:48 --> [DEPRECATED] number_format(): Passing null to parameter #1 ($num) of type float is deprecated in APPPATH/Views/kd_project/dashboard_view.php on line 168.
 1 APPPATH/Views/kd_project/dashboard_view.php(168): number_format(null, 2)
 2 SYSTEMPATH/View/View.php(234): include('/home/u877349608/domains/muraridubey.com/public_html/codeigniter/app/Views/kd_project/dashboard_view.php')
 3 SYSTEMPATH/View/View.php(237): CodeIgniter\View\View->CodeIgniter\View\{closure}()
 4 SYSTEMPATH/Common.php(1171): CodeIgniter\View\View->render('kd_project/dashboard_view', [], true)
 5 APPPATH/Controllers/Dashboard_controller.php(37): view('kd_project/dashboard_view', [...])
 6 SYSTEMPATH/CodeIgniter.php(933): App\Controllers\Dashboard_controller->index()
 7 SYSTEMPATH/CodeIgniter.php(509): CodeIgniter\CodeIgniter->runController(Object(App\Controllers\Dashboard_controller))
 8 SYSTEMPATH/CodeIgniter.php(355): CodeIgniter\CodeIgniter->handleRequest(null, Object(Config\Cache), false)
 9 SYSTEMPATH/Boot.php(325): CodeIgniter\CodeIgniter->run()
10 SYSTEMPATH/Boot.php(67): CodeIgniter\Boot::runCodeIgniter(Object(CodeIgniter\CodeIgniter))
11 FCPATH/index.php(56): CodeIgniter\Boot::bootWeb(Object(Config\Paths))
WARNING - 2024-09-22 16:08:48 --> [DEPRECATED] number_format(): Passing null to parameter #1 ($num) of type float is deprecated in APPPATH/Views/kd_project/dashboard_view.php on line 164.
 1 APPPATH/Views/kd_project/dashboard_view.php(164): number_format(null, 2)
 2 SYSTEMPATH/View/View.php(234): include('/home/u877349608/domains/muraridubey.com/public_html/codeigniter/app/Views/kd_project/dashboard_view.php')
 3 SYSTEMPATH/View/View.php(237): CodeIgniter\View\View->CodeIgniter\View\{closure}()
 4 SYSTEMPATH/Common.php(1171): CodeIgniter\View\View->render('kd_project/dashboard_view', [], true)
 5 APPPATH/Controllers/Dashboard_controller.php(37): view('kd_project/dashboard_view', [...])
 6 SYSTEMPATH/CodeIgniter.php(933): App\Controllers\Dashboard_controller->index()
 7 SYSTEMPATH/CodeIgniter.php(509): CodeIgniter\CodeIgniter->runController(Object(App\Controllers\Dashboard_controller))
 8 SYSTEMPATH/CodeIgniter.php(355): CodeIgniter\CodeIgniter->handleRequest(null, Object(Config\Cache), false)
 9 SYSTEMPATH/Boot.php(325): CodeIgniter\CodeIgniter->run()
10 SYSTEMPATH/Boot.php(67): CodeIgniter\Boot::runCodeIgniter(Object(CodeIgniter\CodeIgniter))
11 FCPATH/index.php(56): CodeIgniter\Boot::bootWeb(Object(Config\Paths))
WARNING - 2024-09-22 16:08:48 --> [DEPRECATED] number_format(): Passing null to parameter #1 ($num) of type float is deprecated in APPPATH/Views/kd_project/dashboard_view.php on line 168.
 1 APPPATH/Views/kd_project/dashboard_view.php(168): number_format(null, 2)
 2 SYSTEMPATH/View/View.php(234): include('/home/u877349608/domains/muraridubey.com/public_html/codeigniter/app/Views/kd_project/dashboard_view.php')
 3 SYSTEMPATH/View/View.php(237): CodeIgniter\View\View->CodeIgniter\View\{closure}()
 4 SYSTEMPATH/Common.php(1171): CodeIgniter\View\View->render('kd_project/dashboard_view', [], true)
 5 APPPATH/Controllers/Dashboard_controller.php(37): view('kd_project/dashboard_view', [...])
 6 SYSTEMPATH/CodeIgniter.php(933): App\Controllers\Dashboard_controller->index()
 7 SYSTEMPATH/CodeIgniter.php(509): CodeIgniter\CodeIgniter->runController(Object(App\Controllers\Dashboard_controller))
 8 SYSTEMPATH/CodeIgniter.php(355): CodeIgniter\CodeIgniter->handleRequest(null, Object(Config\Cache), false)
 9 SYSTEMPATH/Boot.php(325): CodeIgniter\CodeIgniter->run()
10 SYSTEMPATH/Boot.php(67): CodeIgniter\Boot::runCodeIgniter(Object(CodeIgniter\CodeIgniter))
11 FCPATH/index.php(56): CodeIgniter\Boot::bootWeb(Object(Config\Paths))
WARNING - 2024-09-22 16:08:48 --> [DEPRECATED] number_format(): Passing null to parameter #1 ($num) of type float is deprecated in APPPATH/Views/kd_project/dashboard_view.php on line 161.
 1 APPPATH/Views/kd_project/dashboard_view.php(161): number_format(null, 2)
 2 SYSTEMPATH/View/View.php(234): include('/home/u877349608/domains/muraridubey.com/public_html/codeigniter/app/Views/kd_project/dashboard_view.php')
 3 SYSTEMPATH/View/View.php(237): CodeIgniter\View\View->CodeIgniter\View\{closure}()
 4 SYSTEMPATH/Common.php(1171): CodeIgniter\View\View->render('kd_project/dashboard_view', [], true)
 5 APPPATH/Controllers/Dashboard_controller.php(37): view('kd_project/dashboard_view', [...])
 6 SYSTEMPATH/CodeIgniter.php(933): App\Controllers\Dashboard_controller->index()
 7 SYSTEMPATH/CodeIgniter.php(509): CodeIgniter\CodeIgniter->runController(Object(App\Controllers\Dashboard_controller))
 8 SYSTEMPATH/CodeIgniter.php(355): CodeIgniter\CodeIgniter->handleRequest(null, Object(Config\Cache), false)
 9 SYSTEMPATH/Boot.php(325): CodeIgniter\CodeIgniter->run()
10 SYSTEMPATH/Boot.php(67): CodeIgniter\Boot::runCodeIgniter(Object(CodeIgniter\CodeIgniter))
11 FCPATH/index.php(56): CodeIgniter\Boot::bootWeb(Object(Config\Paths))
WARNING - 2024-09-22 16:08:48 --> [DEPRECATED] number_format(): Passing null to parameter #1 ($num) of type float is deprecated in APPPATH/Views/kd_project/dashboard_view.php on line 168.
 1 APPPATH/Views/kd_project/dashboard_view.php(168): number_format(null, 2)
 2 SYSTEMPATH/View/View.php(234): include('/home/u877349608/domains/muraridubey.com/public_html/codeigniter/app/Views/kd_project/dashboard_view.php')
 3 SYSTEMPATH/View/View.php(237): CodeIgniter\View\View->CodeIgniter\View\{closure}()
 4 SYSTEMPATH/Common.php(1171): CodeIgniter\View\View->render('kd_project/dashboard_view', [], true)
 5 APPPATH/Controllers/Dashboard_controller.php(37): view('kd_project/dashboard_view', [...])
 6 SYSTEMPATH/CodeIgniter.php(933): App\Controllers\Dashboard_controller->index()
 7 SYSTEMPATH/CodeIgniter.php(509): CodeIgniter\CodeIgniter->runController(Object(App\Controllers\Dashboard_controller))
 8 SYSTEMPATH/CodeIgniter.php(355): CodeIgniter\CodeIgniter->handleRequest(null, Object(Config\Cache), false)
 9 SYSTEMPATH/Boot.php(325): CodeIgniter\CodeIgniter->run()
10 SYSTEMPATH/Boot.php(67): CodeIgniter\Boot::runCodeIgniter(Object(CodeIgniter\CodeIgniter))
11 FCPATH/index.php(56): CodeIgniter\Boot::bootWeb(Object(Config\Paths))
WARNING - 2024-09-22 16:08:48 --> [DEPRECATED] number_format(): Passing null to parameter #1 ($num) of type float is deprecated in APPPATH/Views/kd_project/dashboard_view.php on line 161.
 1 APPPATH/Views/kd_project/dashboard_view.php(161): number_format(null, 2)
 2 SYSTEMPATH/View/View.php(234): include('/home/u877349608/domains/muraridubey.com/public_html/codeigniter/app/Views/kd_project/dashboard_view.php')
 3 SYSTEMPATH/View/View.php(237): CodeIgniter\View\View->CodeIgniter\View\{closure}()
 4 SYSTEMPATH/Common.php(1171): CodeIgniter\View\View->render('kd_project/dashboard_view', [], true)
 5 APPPATH/Controllers/Dashboard_controller.php(37): view('kd_project/dashboard_view', [...])
 6 SYSTEMPATH/CodeIgniter.php(933): App\Controllers\Dashboard_controller->index()
 7 SYSTEMPATH/CodeIgniter.php(509): CodeIgniter\CodeIgniter->runController(Object(App\Controllers\Dashboard_controller))
 8 SYSTEMPATH/CodeIgniter.php(355): CodeIgniter\CodeIgniter->handleRequest(null, Object(Config\Cache), false)
 9 SYSTEMPATH/Boot.php(325): CodeIgniter\CodeIgniter->run()
10 SYSTEMPATH/Boot.php(67): CodeIgniter\Boot::runCodeIgniter(Object(CodeIgniter\CodeIgniter))
11 FCPATH/index.php(56): CodeIgniter\Boot::bootWeb(Object(Config\Paths))
WARNING - 2024-09-22 16:08:48 --> [DEPRECATED] number_format(): Passing null to parameter #1 ($num) of type float is deprecated in APPPATH/Views/kd_project/dashboard_view.php on line 168.
 1 APPPATH/Views/kd_project/dashboard_view.php(168): number_format(null, 2)
 2 SYSTEMPATH/View/View.php(234): include('/home/u877349608/domains/muraridubey.com/public_html/codeigniter/app/Views/kd_project/dashboard_view.php')
 3 SYSTEMPATH/View/View.php(237): CodeIgniter\View\View->CodeIgniter\View\{closure}()
 4 SYSTEMPATH/Common.php(1171): CodeIgniter\View\View->render('kd_project/dashboard_view', [], true)
 5 APPPATH/Controllers/Dashboard_controller.php(37): view('kd_project/dashboard_view', [...])
 6 SYSTEMPATH/CodeIgniter.php(933): App\Controllers\Dashboard_controller->index()
 7 SYSTEMPATH/CodeIgniter.php(509): CodeIgniter\CodeIgniter->runController(Object(App\Controllers\Dashboard_controller))
 8 SYSTEMPATH/CodeIgniter.php(355): CodeIgniter\CodeIgniter->handleRequest(null, Object(Config\Cache), false)
 9 SYSTEMPATH/Boot.php(325): CodeIgniter\CodeIgniter->run()
10 SYSTEMPATH/Boot.php(67): CodeIgniter\Boot::runCodeIgniter(Object(CodeIgniter\CodeIgniter))
11 FCPATH/index.php(56): CodeIgniter\Boot::bootWeb(Object(Config\Paths))
INFO - 2024-09-22 16:10:09 --> Session: Class initialized using 'CodeIgniter\Session\Handlers\FileHandler' driver.
INFO - 2024-09-22 16:10:17 --> Session: Class initialized using 'CodeIgniter\Session\Handlers\FileHandler' driver.
INFO - 2024-09-22 16:10:44 --> Session: Class initialized using 'CodeIgniter\Session\Handlers\FileHandler' driver.
INFO - 2024-09-22 16:10:58 --> Session: Class initialized using 'CodeIgniter\Session\Handlers\FileHandler' driver.
INFO - 2024-09-22 16:11:40 --> Session: Class initialized using 'CodeIgniter\Session\Handlers\FileHandler' driver.
INFO - 2024-09-22 16:12:16 --> Session: Class initialized using 'CodeIgniter\Session\Handlers\FileHandler' driver.
INFO - 2024-09-22 16:12:18 --> Session: Class initialized using 'CodeIgniter\Session\Handlers\FileHandler' driver.
INFO - 2024-09-22 16:13:51 --> Session: Class initialized using 'CodeIgniter\Session\Handlers\FileHandler' driver.
WARNING - 2024-09-22 16:13:51 --> [DEPRECATED] number_format(): Passing null to parameter #1 ($num) of type float is deprecated in APPPATH/Views/kd_project/dashboard_view.php on line 160.
 1 APPPATH/Views/kd_project/dashboard_view.php(160): number_format(null, 2)
 2 SYSTEMPATH/View/View.php(234): include('/home/u877349608/domains/muraridubey.com/public_html/codeigniter/app/Views/kd_project/dashboard_view.php')
 3 SYSTEMPATH/View/View.php(237): CodeIgniter\View\View->CodeIgniter\View\{closure}()
 4 SYSTEMPATH/Common.php(1171): CodeIgniter\View\View->render('kd_project/dashboard_view', [], true)
 5 APPPATH/Controllers/Dashboard_controller.php(37): view('kd_project/dashboard_view', [...])
 6 SYSTEMPATH/CodeIgniter.php(933): App\Controllers\Dashboard_controller->index()
 7 SYSTEMPATH/CodeIgniter.php(509): CodeIgniter\CodeIgniter->runController(Object(App\Controllers\Dashboard_controller))
 8 SYSTEMPATH/CodeIgniter.php(355): CodeIgniter\CodeIgniter->handleRequest(null, Object(Config\Cache), false)
 9 SYSTEMPATH/Boot.php(325): CodeIgniter\CodeIgniter->run()
10 SYSTEMPATH/Boot.php(67): CodeIgniter\Boot::runCodeIgniter(Object(CodeIgniter\CodeIgniter))
11 FCPATH/index.php(56): CodeIgniter\Boot::bootWeb(Object(Config\Paths))
WARNING - 2024-09-22 16:13:51 --> [DEPRECATED] number_format(): Passing null to parameter #1 ($num) of type float is deprecated in APPPATH/Views/kd_project/dashboard_view.php on line 168.
 1 APPPATH/Views/kd_project/dashboard_view.php(168): number_format(null, 2)
 2 SYSTEMPATH/View/View.php(234): include('/home/u877349608/domains/muraridubey.com/public_html/codeigniter/app/Views/kd_project/dashboard_view.php')
 3 SYSTEMPATH/View/View.php(237): CodeIgniter\View\View->CodeIgniter\View\{closure}()
 4 SYSTEMPATH/Common.php(1171): CodeIgniter\View\View->render('kd_project/dashboard_view', [], true)
 5 APPPATH/Controllers/Dashboard_controller.php(37): view('kd_project/dashboard_view', [...])
 6 SYSTEMPATH/CodeIgniter.php(933): App\Controllers\Dashboard_controller->index()
 7 SYSTEMPATH/CodeIgniter.php(509): CodeIgniter\CodeIgniter->runController(Object(App\Controllers\Dashboard_controller))
 8 SYSTEMPATH/CodeIgniter.php(355): CodeIgniter\CodeIgniter->handleRequest(null, Object(Config\Cache), false)
 9 SYSTEMPATH/Boot.php(325): CodeIgniter\CodeIgniter->run()
10 SYSTEMPATH/Boot.php(67): CodeIgniter\Boot::runCodeIgniter(Object(CodeIgniter\CodeIgniter))
11 FCPATH/index.php(56): CodeIgniter\Boot::bootWeb(Object(Config\Paths))
WARNING - 2024-09-22 16:13:51 --> [DEPRECATED] number_format(): Passing null to parameter #1 ($num) of type float is deprecated in APPPATH/Views/kd_project/dashboard_view.php on line 161.
 1 APPPATH/Views/kd_project/dashboard_view.php(161): number_format(null, 2)
 2 SYSTEMPATH/View/View.php(234): include('/home/u877349608/domains/muraridubey.com/public_html/codeigniter/app/Views/kd_project/dashboard_view.php')
 3 SYSTEMPATH/View/View.php(237): CodeIgniter\View\View->CodeIgniter\View\{closure}()
 4 SYSTEMPATH/Common.php(1171): CodeIgniter\View\View->render('kd_project/dashboard_view', [], true)
 5 APPPATH/Controllers/Dashboard_controller.php(37): view('kd_project/dashboard_view', [...])
 6 SYSTEMPATH/CodeIgniter.php(933): App\Controllers\Dashboard_controller->index()
 7 SYSTEMPATH/CodeIgniter.php(509): CodeIgniter\CodeIgniter->runController(Object(App\Controllers\Dashboard_controller))
 8 SYSTEMPATH/CodeIgniter.php(355): CodeIgniter\CodeIgniter->handleRequest(null, Object(Config\Cache), false)
 9 SYSTEMPATH/Boot.php(325): CodeIgniter\CodeIgniter->run()
10 SYSTEMPATH/Boot.php(67): CodeIgniter\Boot::runCodeIgniter(Object(CodeIgniter\CodeIgniter))
11 FCPATH/index.php(56): CodeIgniter\Boot::bootWeb(Object(Config\Paths))
WARNING - 2024-09-22 16:13:51 --> [DEPRECATED] number_format(): Passing null to parameter #1 ($num) of type float is deprecated in APPPATH/Views/kd_project/dashboard_view.php on line 168.
 1 APPPATH/Views/kd_project/dashboard_view.php(168): number_format(null, 2)
 2 SYSTEMPATH/View/View.php(234): include('/home/u877349608/domains/muraridubey.com/public_html/codeigniter/app/Views/kd_project/dashboard_view.php')
 3 SYSTEMPATH/View/View.php(237): CodeIgniter\View\View->CodeIgniter\View\{closure}()
 4 SYSTEMPATH/Common.php(1171): CodeIgniter\View\View->render('kd_project/dashboard_view', [], true)
 5 APPPATH/Controllers/Dashboard_controller.php(37): view('kd_project/dashboard_view', [...])
 6 SYSTEMPATH/CodeIgniter.php(933): App\Controllers\Dashboard_controller->index()
 7 SYSTEMPATH/CodeIgniter.php(509): CodeIgniter\CodeIgniter->runController(Object(App\Controllers\Dashboard_controller))
 8 SYSTEMPATH/CodeIgniter.php(355): CodeIgniter\CodeIgniter->handleRequest(null, Object(Config\Cache), false)
 9 SYSTEMPATH/Boot.php(325): CodeIgniter\CodeIgniter->run()
10 SYSTEMPATH/Boot.php(67): CodeIgniter\Boot::runCodeIgniter(Object(CodeIgniter\CodeIgniter))
11 FCPATH/index.php(56): CodeIgniter\Boot::bootWeb(Object(Config\Paths))
WARNING - 2024-09-22 16:13:51 --> [DEPRECATED] number_format(): Passing null to parameter #1 ($num) of type float is deprecated in APPPATH/Views/kd_project/dashboard_view.php on line 161.
 1 APPPATH/Views/kd_project/dashboard_view.php(161): number_format(null, 2)
 2 SYSTEMPATH/View/View.php(234): include('/home/u877349608/domains/muraridubey.com/public_html/codeigniter/app/Views/kd_project/dashboard_view.php')
 3 SYSTEMPATH/View/View.php(237): CodeIgniter\View\View->CodeIgniter\View\{closure}()
 4 SYSTEMPATH/Common.php(1171): CodeIgniter\View\View->render('kd_project/dashboard_view', [], true)
 5 APPPATH/Controllers/Dashboard_controller.php(37): view('kd_project/dashboard_view', [...])
 6 SYSTEMPATH/CodeIgniter.php(933): App\Controllers\Dashboard_controller->index()
 7 SYSTEMPATH/CodeIgniter.php(509): CodeIgniter\CodeIgniter->runController(Object(App\Controllers\Dashboard_controller))
 8 SYSTEMPATH/CodeIgniter.php(355): CodeIgniter\CodeIgniter->handleRequest(null, Object(Config\Cache), false)
 9 SYSTEMPATH/Boot.php(325): CodeIgniter\CodeIgniter->run()
10 SYSTEMPATH/Boot.php(67): CodeIgniter\Boot::runCodeIgniter(Object(CodeIgniter\CodeIgniter))
11 FCPATH/index.php(56): CodeIgniter\Boot::bootWeb(Object(Config\Paths))
WARNING - 2024-09-22 16:13:51 --> [DEPRECATED] number_format(): Passing null to parameter #1 ($num) of type float is deprecated in APPPATH/Views/kd_project/dashboard_view.php on line 168.
 1 APPPATH/Views/kd_project/dashboard_view.php(168): number_format(null, 2)
 2 SYSTEMPATH/View/View.php(234): include('/home/u877349608/domains/muraridubey.com/public_html/codeigniter/app/Views/kd_project/dashboard_view.php')
 3 SYSTEMPATH/View/View.php(237): CodeIgniter\View\View->CodeIgniter\View\{closure}()
 4 SYSTEMPATH/Common.php(1171): CodeIgniter\View\View->render('kd_project/dashboard_view', [], true)
 5 APPPATH/Controllers/Dashboard_controller.php(37): view('kd_project/dashboard_view', [...])
 6 SYSTEMPATH/CodeIgniter.php(933): App\Controllers\Dashboard_controller->index()
 7 SYSTEMPATH/CodeIgniter.php(509): CodeIgniter\CodeIgniter->runController(Object(App\Controllers\Dashboard_controller))
 8 SYSTEMPATH/CodeIgniter.php(355): CodeIgniter\CodeIgniter->handleRequest(null, Object(Config\Cache), false)
 9 SYSTEMPATH/Boot.php(325): CodeIgniter\CodeIgniter->run()
10 SYSTEMPATH/Boot.php(67): CodeIgniter\Boot::runCodeIgniter(Object(CodeIgniter\CodeIgniter))
11 FCPATH/index.php(56): CodeIgniter\Boot::bootWeb(Object(Config\Paths))
WARNING - 2024-09-22 16:13:51 --> [DEPRECATED] number_format(): Passing null to parameter #1 ($num) of type float is deprecated in APPPATH/Views/kd_project/dashboard_view.php on line 164.
 1 APPPATH/Views/kd_project/dashboard_view.php(164): number_format(null, 2)
 2 SYSTEMPATH/View/View.php(234): include('/home/u877349608/domains/muraridubey.com/public_html/codeigniter/app/Views/kd_project/dashboard_view.php')
 3 SYSTEMPATH/View/View.php(237): CodeIgniter\View\View->CodeIgniter\View\{closure}()
 4 SYSTEMPATH/Common.php(1171): CodeIgniter\View\View->render('kd_project/dashboard_view', [], true)
 5 APPPATH/Controllers/Dashboard_controller.php(37): view('kd_project/dashboard_view', [...])
 6 SYSTEMPATH/CodeIgniter.php(933): App\Controllers\Dashboard_controller->index()
 7 SYSTEMPATH/CodeIgniter.php(509): CodeIgniter\CodeIgniter->runController(Object(App\Controllers\Dashboard_controller))
 8 SYSTEMPATH/CodeIgniter.php(355): CodeIgniter\CodeIgniter->handleRequest(null, Object(Config\Cache), false)
 9 SYSTEMPATH/Boot.php(325): CodeIgniter\CodeIgniter->run()
10 SYSTEMPATH/Boot.php(67): CodeIgniter\Boot::runCodeIgniter(Object(CodeIgniter\CodeIgniter))
11 FCPATH/index.php(56): CodeIgniter\Boot::bootWeb(Object(Config\Paths))
WARNING - 2024-09-22 16:13:51 --> [DEPRECATED] number_format(): Passing null to parameter #1 ($num) of type float is deprecated in APPPATH/Views/kd_project/dashboard_view.php on line 168.
 1 APPPATH/Views/kd_project/dashboard_view.php(168): number_format(null, 2)
 2 SYSTEMPATH/View/View.php(234): include('/home/u877349608/domains/muraridubey.com/public_html/codeigniter/app/Views/kd_project/dashboard_view.php')
 3 SYSTEMPATH/View/View.php(237): CodeIgniter\View\View->CodeIgniter\View\{closure}()
 4 SYSTEMPATH/Common.php(1171): CodeIgniter\View\View->render('kd_project/dashboard_view', [], true)
 5 APPPATH/Controllers/Dashboard_controller.php(37): view('kd_project/dashboard_view', [...])
 6 SYSTEMPATH/CodeIgniter.php(933): App\Controllers\Dashboard_controller->index()
 7 SYSTEMPATH/CodeIgniter.php(509): CodeIgniter\CodeIgniter->runController(Object(App\Controllers\Dashboard_controller))
 8 SYSTEMPATH/CodeIgniter.php(355): CodeIgniter\CodeIgniter->handleRequest(null, Object(Config\Cache), false)
 9 SYSTEMPATH/Boot.php(325): CodeIgniter\CodeIgniter->run()
10 SYSTEMPATH/Boot.php(67): CodeIgniter\Boot::runCodeIgniter(Object(CodeIgniter\CodeIgniter))
11 FCPATH/index.php(56): CodeIgniter\Boot::bootWeb(Object(Config\Paths))
WARNING - 2024-09-22 16:13:51 --> [DEPRECATED] number_format(): Passing null to parameter #1 ($num) of type float is deprecated in APPPATH/Views/kd_project/dashboard_view.php on line 161.
 1 APPPATH/Views/kd_project/dashboard_view.php(161): number_format(null, 2)
 2 SYSTEMPATH/View/View.php(234): include('/home/u877349608/domains/muraridubey.com/public_html/codeigniter/app/Views/kd_project/dashboard_view.php')
 3 SYSTEMPATH/View/View.php(237): CodeIgniter\View\View->CodeIgniter\View\{closure}()
 4 SYSTEMPATH/Common.php(1171): CodeIgniter\View\View->render('kd_project/dashboard_view', [], true)
 5 APPPATH/Controllers/Dashboard_controller.php(37): view('kd_project/dashboard_view', [...])
 6 SYSTEMPATH/CodeIgniter.php(933): App\Controllers\Dashboard_controller->index()
 7 SYSTEMPATH/CodeIgniter.php(509): CodeIgniter\CodeIgniter->runController(Object(App\Controllers\Dashboard_controller))
 8 SYSTEMPATH/CodeIgniter.php(355): CodeIgniter\CodeIgniter->handleRequest(null, Object(Config\Cache), false)
 9 SYSTEMPATH/Boot.php(325): CodeIgniter\CodeIgniter->run()
10 SYSTEMPATH/Boot.php(67): CodeIgniter\Boot::runCodeIgniter(Object(CodeIgniter\CodeIgniter))
11 FCPATH/index.php(56): CodeIgniter\Boot::bootWeb(Object(Config\Paths))
WARNING - 2024-09-22 16:13:51 --> [DEPRECATED] number_format(): Passing null to parameter #1 ($num) of type float is deprecated in APPPATH/Views/kd_project/dashboard_view.php on line 168.
 1 APPPATH/Views/kd_project/dashboard_view.php(168): number_format(null, 2)
 2 SYSTEMPATH/View/View.php(234): include('/home/u877349608/domains/muraridubey.com/public_html/codeigniter/app/Views/kd_project/dashboard_view.php')
 3 SYSTEMPATH/View/View.php(237): CodeIgniter\View\View->CodeIgniter\View\{closure}()
 4 SYSTEMPATH/Common.php(1171): CodeIgniter\View\View->render('kd_project/dashboard_view', [], true)
 5 APPPATH/Controllers/Dashboard_controller.php(37): view('kd_project/dashboard_view', [...])
 6 SYSTEMPATH/CodeIgniter.php(933): App\Controllers\Dashboard_controller->index()
 7 SYSTEMPATH/CodeIgniter.php(509): CodeIgniter\CodeIgniter->runController(Object(App\Controllers\Dashboard_controller))
 8 SYSTEMPATH/CodeIgniter.php(355): CodeIgniter\CodeIgniter->handleRequest(null, Object(Config\Cache), false)
 9 SYSTEMPATH/Boot.php(325): CodeIgniter\CodeIgniter->run()
10 SYSTEMPATH/Boot.php(67): CodeIgniter\Boot::runCodeIgniter(Object(CodeIgniter\CodeIgniter))
11 FCPATH/index.php(56): CodeIgniter\Boot::bootWeb(Object(Config\Paths))
WARNING - 2024-09-22 16:13:51 --> [DEPRECATED] number_format(): Passing null to parameter #1 ($num) of type float is deprecated in APPPATH/Views/kd_project/dashboard_view.php on line 161.
 1 APPPATH/Views/kd_project/dashboard_view.php(161): number_format(null, 2)
 2 SYSTEMPATH/View/View.php(234): include('/home/u877349608/domains/muraridubey.com/public_html/codeigniter/app/Views/kd_project/dashboard_view.php')
 3 SYSTEMPATH/View/View.php(237): CodeIgniter\View\View->CodeIgniter\View\{closure}()
 4 SYSTEMPATH/Common.php(1171): CodeIgniter\View\View->render('kd_project/dashboard_view', [], true)
 5 APPPATH/Controllers/Dashboard_controller.php(37): view('kd_project/dashboard_view', [...])
 6 SYSTEMPATH/CodeIgniter.php(933): App\Controllers\Dashboard_controller->index()
 7 SYSTEMPATH/CodeIgniter.php(509): CodeIgniter\CodeIgniter->runController(Object(App\Controllers\Dashboard_controller))
 8 SYSTEMPATH/CodeIgniter.php(355): CodeIgniter\CodeIgniter->handleRequest(null, Object(Config\Cache), false)
 9 SYSTEMPATH/Boot.php(325): CodeIgniter\CodeIgniter->run()
10 SYSTEMPATH/Boot.php(67): CodeIgniter\Boot::runCodeIgniter(Object(CodeIgniter\CodeIgniter))
11 FCPATH/index.php(56): CodeIgniter\Boot::bootWeb(Object(Config\Paths))
WARNING - 2024-09-22 16:13:51 --> [DEPRECATED] number_format(): Passing null to parameter #1 ($num) of type float is deprecated in APPPATH/Views/kd_project/dashboard_view.php on line 168.
 1 APPPATH/Views/kd_project/dashboard_view.php(168): number_format(null, 2)
 2 SYSTEMPATH/View/View.php(234): include('/home/u877349608/domains/muraridubey.com/public_html/codeigniter/app/Views/kd_project/dashboard_view.php')
 3 SYSTEMPATH/View/View.php(237): CodeIgniter\View\View->CodeIgniter\View\{closure}()
 4 SYSTEMPATH/Common.php(1171): CodeIgniter\View\View->render('kd_project/dashboard_view', [], true)
 5 APPPATH/Controllers/Dashboard_controller.php(37): view('kd_project/dashboard_view', [...])
 6 SYSTEMPATH/CodeIgniter.php(933): App\Controllers\Dashboard_controller->index()
 7 SYSTEMPATH/CodeIgniter.php(509): CodeIgniter\CodeIgniter->runController(Object(App\Controllers\Dashboard_controller))
 8 SYSTEMPATH/CodeIgniter.php(355): CodeIgniter\CodeIgniter->handleRequest(null, Object(Config\Cache), false)
 9 SYSTEMPATH/Boot.php(325): CodeIgniter\CodeIgniter->run()
10 SYSTEMPATH/Boot.php(67): CodeIgniter\Boot::runCodeIgniter(Object(CodeIgniter\CodeIgniter))
11 FCPATH/index.php(56): CodeIgniter\Boot::bootWeb(Object(Config\Paths))
INFO - 2024-09-22 16:47:49 --> Session: Class initialized using 'CodeIgniter\Session\Handlers\FileHandler' driver.
INFO - 2024-09-22 16:47:54 --> Session: Class initialized using 'CodeIgniter\Session\Handlers\FileHandler' driver.
WARNING - 2024-09-22 16:47:54 --> [DEPRECATED] number_format(): Passing null to parameter #1 ($num) of type float is deprecated in APPPATH/Views/kd_project/dashboard_view.php on line 160.
 1 APPPATH/Views/kd_project/dashboard_view.php(160): number_format(null, 2)
 2 SYSTEMPATH/View/View.php(234): include('/home/u877349608/domains/muraridubey.com/public_html/codeigniter/app/Views/kd_project/dashboard_view.php')
 3 SYSTEMPATH/View/View.php(237): CodeIgniter\View\View->CodeIgniter\View\{closure}()
 4 SYSTEMPATH/Common.php(1171): CodeIgniter\View\View->render('kd_project/dashboard_view', [], true)
 5 APPPATH/Controllers/Dashboard_controller.php(37): view('kd_project/dashboard_view', [...])
 6 SYSTEMPATH/CodeIgniter.php(933): App\Controllers\Dashboard_controller->index()
 7 SYSTEMPATH/CodeIgniter.php(509): CodeIgniter\CodeIgniter->runController(Object(App\Controllers\Dashboard_controller))
 8 SYSTEMPATH/CodeIgniter.php(355): CodeIgniter\CodeIgniter->handleRequest(null, Object(Config\Cache), false)
 9 SYSTEMPATH/Boot.php(325): CodeIgniter\CodeIgniter->run()
10 SYSTEMPATH/Boot.php(67): CodeIgniter\Boot::runCodeIgniter(Object(CodeIgniter\CodeIgniter))
11 FCPATH/index.php(56): CodeIgniter\Boot::bootWeb(Object(Config\Paths))
WARNING - 2024-09-22 16:47:54 --> [DEPRECATED] number_format(): Passing null to parameter #1 ($num) of type float is deprecated in APPPATH/Views/kd_project/dashboard_view.php on line 168.
 1 APPPATH/Views/kd_project/dashboard_view.php(168): number_format(null, 2)
 2 SYSTEMPATH/View/View.php(234): include('/home/u877349608/domains/muraridubey.com/public_html/codeigniter/app/Views/kd_project/dashboard_view.php')
 3 SYSTEMPATH/View/View.php(237): CodeIgniter\View\View->CodeIgniter\View\{closure}()
 4 SYSTEMPATH/Common.php(1171): CodeIgniter\View\View->render('kd_project/dashboard_view', [], true)
 5 APPPATH/Controllers/Dashboard_controller.php(37): view('kd_project/dashboard_view', [...])
 6 SYSTEMPATH/CodeIgniter.php(933): App\Controllers\Dashboard_controller->index()
 7 SYSTEMPATH/CodeIgniter.php(509): CodeIgniter\CodeIgniter->runController(Object(App\Controllers\Dashboard_controller))
 8 SYSTEMPATH/CodeIgniter.php(355): CodeIgniter\CodeIgniter->handleRequest(null, Object(Config\Cache), false)
 9 SYSTEMPATH/Boot.php(325): CodeIgniter\CodeIgniter->run()
10 SYSTEMPATH/Boot.php(67): CodeIgniter\Boot::runCodeIgniter(Object(CodeIgniter\CodeIgniter))
11 FCPATH/index.php(56): CodeIgniter\Boot::bootWeb(Object(Config\Paths))
WARNING - 2024-09-22 16:47:54 --> [DEPRECATED] number_format(): Passing null to parameter #1 ($num) of type float is deprecated in APPPATH/Views/kd_project/dashboard_view.php on line 161.
 1 APPPATH/Views/kd_project/dashboard_view.php(161): number_format(null, 2)
 2 SYSTEMPATH/View/View.php(234): include('/home/u877349608/domains/muraridubey.com/public_html/codeigniter/app/Views/kd_project/dashboard_view.php')
 3 SYSTEMPATH/View/View.php(237): CodeIgniter\View\View->CodeIgniter\View\{closure}()
 4 SYSTEMPATH/Common.php(1171): CodeIgniter\View\View->render('kd_project/dashboard_view', [], true)
 5 APPPATH/Controllers/Dashboard_controller.php(37): view('kd_project/dashboard_view', [...])
 6 SYSTEMPATH/CodeIgniter.php(933): App\Controllers\Dashboard_controller->index()
 7 SYSTEMPATH/CodeIgniter.php(509): CodeIgniter\CodeIgniter->runController(Object(App\Controllers\Dashboard_controller))
 8 SYSTEMPATH/CodeIgniter.php(355): CodeIgniter\CodeIgniter->handleRequest(null, Object(Config\Cache), false)
 9 SYSTEMPATH/Boot.php(325): CodeIgniter\CodeIgniter->run()
10 SYSTEMPATH/Boot.php(67): CodeIgniter\Boot::runCodeIgniter(Object(CodeIgniter\CodeIgniter))
11 FCPATH/index.php(56): CodeIgniter\Boot::bootWeb(Object(Config\Paths))
WARNING - 2024-09-22 16:47:54 --> [DEPRECATED] number_format(): Passing null to parameter #1 ($num) of type float is deprecated in APPPATH/Views/kd_project/dashboard_view.php on line 168.
 1 APPPATH/Views/kd_project/dashboard_view.php(168): number_format(null, 2)
 2 SYSTEMPATH/View/View.php(234): include('/home/u877349608/domains/muraridubey.com/public_html/codeigniter/app/Views/kd_project/dashboard_view.php')
 3 SYSTEMPATH/View/View.php(237): CodeIgniter\View\View->CodeIgniter\View\{closure}()
 4 SYSTEMPATH/Common.php(1171): CodeIgniter\View\View->render('kd_project/dashboard_view', [], true)
 5 APPPATH/Controllers/Dashboard_controller.php(37): view('kd_project/dashboard_view', [...])
 6 SYSTEMPATH/CodeIgniter.php(933): App\Controllers\Dashboard_controller->index()
 7 SYSTEMPATH/CodeIgniter.php(509): CodeIgniter\CodeIgniter->runController(Object(App\Controllers\Dashboard_controller))
 8 SYSTEMPATH/CodeIgniter.php(355): CodeIgniter\CodeIgniter->handleRequest(null, Object(Config\Cache), false)
 9 SYSTEMPATH/Boot.php(325): CodeIgniter\CodeIgniter->run()
10 SYSTEMPATH/Boot.php(67): CodeIgniter\Boot::runCodeIgniter(Object(CodeIgniter\CodeIgniter))
11 FCPATH/index.php(56): CodeIgniter\Boot::bootWeb(Object(Config\Paths))
WARNING - 2024-09-22 16:47:54 --> [DEPRECATED] number_format(): Passing null to parameter #1 ($num) of type float is deprecated in APPPATH/Views/kd_project/dashboard_view.php on line 161.
 1 APPPATH/Views/kd_project/dashboard_view.php(161): number_format(null, 2)
 2 SYSTEMPATH/View/View.php(234): include('/home/u877349608/domains/muraridubey.com/public_html/codeigniter/app/Views/kd_project/dashboard_view.php')
 3 SYSTEMPATH/View/View.php(237): CodeIgniter\View\View->CodeIgniter\View\{closure}()
 4 SYSTEMPATH/Common.php(1171): CodeIgniter\View\View->render('kd_project/dashboard_view', [], true)
 5 APPPATH/Controllers/Dashboard_controller.php(37): view('kd_project/dashboard_view', [...])
 6 SYSTEMPATH/CodeIgniter.php(933): App\Controllers\Dashboard_controller->index()
 7 SYSTEMPATH/CodeIgniter.php(509): CodeIgniter\CodeIgniter->runController(Object(App\Controllers\Dashboard_controller))
 8 SYSTEMPATH/CodeIgniter.php(355): CodeIgniter\CodeIgniter->handleRequest(null, Object(Config\Cache), false)
 9 SYSTEMPATH/Boot.php(325): CodeIgniter\CodeIgniter->run()
10 SYSTEMPATH/Boot.php(67): CodeIgniter\Boot::runCodeIgniter(Object(CodeIgniter\CodeIgniter))
11 FCPATH/index.php(56): CodeIgniter\Boot::bootWeb(Object(Config\Paths))
WARNING - 2024-09-22 16:47:54 --> [DEPRECATED] number_format(): Passing null to parameter #1 ($num) of type float is deprecated in APPPATH/Views/kd_project/dashboard_view.php on line 168.
 1 APPPATH/Views/kd_project/dashboard_view.php(168): number_format(null, 2)
 2 SYSTEMPATH/View/View.php(234): include('/home/u877349608/domains/muraridubey.com/public_html/codeigniter/app/Views/kd_project/dashboard_view.php')
 3 SYSTEMPATH/View/View.php(237): CodeIgniter\View\View->CodeIgniter\View\{closure}()
 4 SYSTEMPATH/Common.php(1171): CodeIgniter\View\View->render('kd_project/dashboard_view', [], true)
 5 APPPATH/Controllers/Dashboard_controller.php(37): view('kd_project/dashboard_view', [...])
 6 SYSTEMPATH/CodeIgniter.php(933): App\Controllers\Dashboard_controller->index()
 7 SYSTEMPATH/CodeIgniter.php(509): CodeIgniter\CodeIgniter->runController(Object(App\Controllers\Dashboard_controller))
 8 SYSTEMPATH/CodeIgniter.php(355): CodeIgniter\CodeIgniter->handleRequest(null, Object(Config\Cache), false)
 9 SYSTEMPATH/Boot.php(325): CodeIgniter\CodeIgniter->run()
10 SYSTEMPATH/Boot.php(67): CodeIgniter\Boot::runCodeIgniter(Object(CodeIgniter\CodeIgniter))
11 FCPATH/index.php(56): CodeIgniter\Boot::bootWeb(Object(Config\Paths))
WARNING - 2024-09-22 16:47:54 --> [DEPRECATED] number_format(): Passing null to parameter #1 ($num) of type float is deprecated in APPPATH/Views/kd_project/dashboard_view.php on line 164.
 1 APPPATH/Views/kd_project/dashboard_view.php(164): number_format(null, 2)
 2 SYSTEMPATH/View/View.php(234): include('/home/u877349608/domains/muraridubey.com/public_html/codeigniter/app/Views/kd_project/dashboard_view.php')
 3 SYSTEMPATH/View/View.php(237): CodeIgniter\View\View->CodeIgniter\View\{closure}()
 4 SYSTEMPATH/Common.php(1171): CodeIgniter\View\View->render('kd_project/dashboard_view', [], true)
 5 APPPATH/Controllers/Dashboard_controller.php(37): view('kd_project/dashboard_view', [...])
 6 SYSTEMPATH/CodeIgniter.php(933): App\Controllers\Dashboard_controller->index()
 7 SYSTEMPATH/CodeIgniter.php(509): CodeIgniter\CodeIgniter->runController(Object(App\Controllers\Dashboard_controller))
 8 SYSTEMPATH/CodeIgniter.php(355): CodeIgniter\CodeIgniter->handleRequest(null, Object(Config\Cache), false)
 9 SYSTEMPATH/Boot.php(325): CodeIgniter\CodeIgniter->run()
10 SYSTEMPATH/Boot.php(67): CodeIgniter\Boot::runCodeIgniter(Object(CodeIgniter\CodeIgniter))
11 FCPATH/index.php(56): CodeIgniter\Boot::bootWeb(Object(Config\Paths))
WARNING - 2024-09-22 16:47:54 --> [DEPRECATED] number_format(): Passing null to parameter #1 ($num) of type float is deprecated in APPPATH/Views/kd_project/dashboard_view.php on line 168.
 1 APPPATH/Views/kd_project/dashboard_view.php(168): number_format(null, 2)
 2 SYSTEMPATH/View/View.php(234): include('/home/u877349608/domains/muraridubey.com/public_html/codeigniter/app/Views/kd_project/dashboard_view.php')
 3 SYSTEMPATH/View/View.php(237): CodeIgniter\View\View->CodeIgniter\View\{closure}()
 4 SYSTEMPATH/Common.php(1171): CodeIgniter\View\View->render('kd_project/dashboard_view', [], true)
 5 APPPATH/Controllers/Dashboard_controller.php(37): view('kd_project/dashboard_view', [...])
 6 SYSTEMPATH/CodeIgniter.php(933): App\Controllers\Dashboard_controller->index()
 7 SYSTEMPATH/CodeIgniter.php(509): CodeIgniter\CodeIgniter->runController(Object(App\Controllers\Dashboard_controller))
 8 SYSTEMPATH/CodeIgniter.php(355): CodeIgniter\CodeIgniter->handleRequest(null, Object(Config\Cache), false)
 9 SYSTEMPATH/Boot.php(325): CodeIgniter\CodeIgniter->run()
10 SYSTEMPATH/Boot.php(67): CodeIgniter\Boot::runCodeIgniter(Object(CodeIgniter\CodeIgniter))
11 FCPATH/index.php(56): CodeIgniter\Boot::bootWeb(Object(Config\Paths))
WARNING - 2024-09-22 16:47:54 --> [DEPRECATED] number_format(): Passing null to parameter #1 ($num) of type float is deprecated in APPPATH/Views/kd_project/dashboard_view.php on line 161.
 1 APPPATH/Views/kd_project/dashboard_view.php(161): number_format(null, 2)
 2 SYSTEMPATH/View/View.php(234): include('/home/u877349608/domains/muraridubey.com/public_html/codeigniter/app/Views/kd_project/dashboard_view.php')
 3 SYSTEMPATH/View/View.php(237): CodeIgniter\View\View->CodeIgniter\View\{closure}()
 4 SYSTEMPATH/Common.php(1171): CodeIgniter\View\View->render('kd_project/dashboard_view', [], true)
 5 APPPATH/Controllers/Dashboard_controller.php(37): view('kd_project/dashboard_view', [...])
 6 SYSTEMPATH/CodeIgniter.php(933): App\Controllers\Dashboard_controller->index()
 7 SYSTEMPATH/CodeIgniter.php(509): CodeIgniter\CodeIgniter->runController(Object(App\Controllers\Dashboard_controller))
 8 SYSTEMPATH/CodeIgniter.php(355): CodeIgniter\CodeIgniter->handleRequest(null, Object(Config\Cache), false)
 9 SYSTEMPATH/Boot.php(325): CodeIgniter\CodeIgniter->run()
10 SYSTEMPATH/Boot.php(67): CodeIgniter\Boot::runCodeIgniter(Object(CodeIgniter\CodeIgniter))
11 FCPATH/index.php(56): CodeIgniter\Boot::bootWeb(Object(Config\Paths))
WARNING - 2024-09-22 16:47:54 --> [DEPRECATED] number_format(): Passing null to parameter #1 ($num) of type float is deprecated in APPPATH/Views/kd_project/dashboard_view.php on line 168.
 1 APPPATH/Views/kd_project/dashboard_view.php(168): number_format(null, 2)
 2 SYSTEMPATH/View/View.php(234): include('/home/u877349608/domains/muraridubey.com/public_html/codeigniter/app/Views/kd_project/dashboard_view.php')
 3 SYSTEMPATH/View/View.php(237): CodeIgniter\View\View->CodeIgniter\View\{closure}()
 4 SYSTEMPATH/Common.php(1171): CodeIgniter\View\View->render('kd_project/dashboard_view', [], true)
 5 APPPATH/Controllers/Dashboard_controller.php(37): view('kd_project/dashboard_view', [...])
 6 SYSTEMPATH/CodeIgniter.php(933): App\Controllers\Dashboard_controller->index()
 7 SYSTEMPATH/CodeIgniter.php(509): CodeIgniter\CodeIgniter->runController(Object(App\Controllers\Dashboard_controller))
 8 SYSTEMPATH/CodeIgniter.php(355): CodeIgniter\CodeIgniter->handleRequest(null, Object(Config\Cache), false)
 9 SYSTEMPATH/Boot.php(325): CodeIgniter\CodeIgniter->run()
10 SYSTEMPATH/Boot.php(67): CodeIgniter\Boot::runCodeIgniter(Object(CodeIgniter\CodeIgniter))
11 FCPATH/index.php(56): CodeIgniter\Boot::bootWeb(Object(Config\Paths))
WARNING - 2024-09-22 16:47:54 --> [DEPRECATED] number_format(): Passing null to parameter #1 ($num) of type float is deprecated in APPPATH/Views/kd_project/dashboard_view.php on line 161.
 1 APPPATH/Views/kd_project/dashboard_view.php(161): number_format(null, 2)
 2 SYSTEMPATH/View/View.php(234): include('/home/u877349608/domains/muraridubey.com/public_html/codeigniter/app/Views/kd_project/dashboard_view.php')
 3 SYSTEMPATH/View/View.php(237): CodeIgniter\View\View->CodeIgniter\View\{closure}()
 4 SYSTEMPATH/Common.php(1171): CodeIgniter\View\View->render('kd_project/dashboard_view', [], true)
 5 APPPATH/Controllers/Dashboard_controller.php(37): view('kd_project/dashboard_view', [...])
 6 SYSTEMPATH/CodeIgniter.php(933): App\Controllers\Dashboard_controller->index()
 7 SYSTEMPATH/CodeIgniter.php(509): CodeIgniter\CodeIgniter->runController(Object(App\Controllers\Dashboard_controller))
 8 SYSTEMPATH/CodeIgniter.php(355): CodeIgniter\CodeIgniter->handleRequest(null, Object(Config\Cache), false)
 9 SYSTEMPATH/Boot.php(325): CodeIgniter\CodeIgniter->run()
10 SYSTEMPATH/Boot.php(67): CodeIgniter\Boot::runCodeIgniter(Object(CodeIgniter\CodeIgniter))
11 FCPATH/index.php(56): CodeIgniter\Boot::bootWeb(Object(Config\Paths))
WARNING - 2024-09-22 16:47:54 --> [DEPRECATED] number_format(): Passing null to parameter #1 ($num) of type float is deprecated in APPPATH/Views/kd_project/dashboard_view.php on line 168.
 1 APPPATH/Views/kd_project/dashboard_view.php(168): number_format(null, 2)
 2 SYSTEMPATH/View/View.php(234): include('/home/u877349608/domains/muraridubey.com/public_html/codeigniter/app/Views/kd_project/dashboard_view.php')
 3 SYSTEMPATH/View/View.php(237): CodeIgniter\View\View->CodeIgniter\View\{closure}()
 4 SYSTEMPATH/Common.php(1171): CodeIgniter\View\View->render('kd_project/dashboard_view', [], true)
 5 APPPATH/Controllers/Dashboard_controller.php(37): view('kd_project/dashboard_view', [...])
 6 SYSTEMPATH/CodeIgniter.php(933): App\Controllers\Dashboard_controller->index()
 7 SYSTEMPATH/CodeIgniter.php(509): CodeIgniter\CodeIgniter->runController(Object(App\Controllers\Dashboard_controller))
 8 SYSTEMPATH/CodeIgniter.php(355): CodeIgniter\CodeIgniter->handleRequest(null, Object(Config\Cache), false)
 9 SYSTEMPATH/Boot.php(325): CodeIgniter\CodeIgniter->run()
10 SYSTEMPATH/Boot.php(67): CodeIgniter\Boot::runCodeIgniter(Object(CodeIgniter\CodeIgniter))
11 FCPATH/index.php(56): CodeIgniter\Boot::bootWeb(Object(Config\Paths))
INFO - 2024-09-22 16:48:07 --> Session: Class initialized using 'CodeIgniter\Session\Handlers\FileHandler' driver.
INFO - 2024-09-22 16:48:28 --> Session: Class initialized using 'CodeIgniter\Session\Handlers\FileHandler' driver.
WARNING - 2024-09-22 16:48:28 --> [DEPRECATED] number_format(): Passing null to parameter #1 ($num) of type float is deprecated in APPPATH/Views/kd_project/dashboard_view.php on line 160.
 1 APPPATH/Views/kd_project/dashboard_view.php(160): number_format(null, 2)
 2 SYSTEMPATH/View/View.php(234): include('/home/u877349608/domains/muraridubey.com/public_html/codeigniter/app/Views/kd_project/dashboard_view.php')
 3 SYSTEMPATH/View/View.php(237): CodeIgniter\View\View->CodeIgniter\View\{closure}()
 4 SYSTEMPATH/Common.php(1171): CodeIgniter\View\View->render('kd_project/dashboard_view', [], true)
 5 APPPATH/Controllers/Dashboard_controller.php(37): view('kd_project/dashboard_view', [...])
 6 SYSTEMPATH/CodeIgniter.php(933): App\Controllers\Dashboard_controller->index()
 7 SYSTEMPATH/CodeIgniter.php(509): CodeIgniter\CodeIgniter->runController(Object(App\Controllers\Dashboard_controller))
 8 SYSTEMPATH/CodeIgniter.php(355): CodeIgniter\CodeIgniter->handleRequest(null, Object(Config\Cache), false)
 9 SYSTEMPATH/Boot.php(325): CodeIgniter\CodeIgniter->run()
10 SYSTEMPATH/Boot.php(67): CodeIgniter\Boot::runCodeIgniter(Object(CodeIgniter\CodeIgniter))
11 FCPATH/index.php(56): CodeIgniter\Boot::bootWeb(Object(Config\Paths))
WARNING - 2024-09-22 16:48:28 --> [DEPRECATED] number_format(): Passing null to parameter #1 ($num) of type float is deprecated in APPPATH/Views/kd_project/dashboard_view.php on line 168.
 1 APPPATH/Views/kd_project/dashboard_view.php(168): number_format(null, 2)
 2 SYSTEMPATH/View/View.php(234): include('/home/u877349608/domains/muraridubey.com/public_html/codeigniter/app/Views/kd_project/dashboard_view.php')
 3 SYSTEMPATH/View/View.php(237): CodeIgniter\View\View->CodeIgniter\View\{closure}()
 4 SYSTEMPATH/Common.php(1171): CodeIgniter\View\View->render('kd_project/dashboard_view', [], true)
 5 APPPATH/Controllers/Dashboard_controller.php(37): view('kd_project/dashboard_view', [...])
 6 SYSTEMPATH/CodeIgniter.php(933): App\Controllers\Dashboard_controller->index()
 7 SYSTEMPATH/CodeIgniter.php(509): CodeIgniter\CodeIgniter->runController(Object(App\Controllers\Dashboard_controller))
 8 SYSTEMPATH/CodeIgniter.php(355): CodeIgniter\CodeIgniter->handleRequest(null, Object(Config\Cache), false)
 9 SYSTEMPATH/Boot.php(325): CodeIgniter\CodeIgniter->run()
10 SYSTEMPATH/Boot.php(67): CodeIgniter\Boot::runCodeIgniter(Object(CodeIgniter\CodeIgniter))
11 FCPATH/index.php(56): CodeIgniter\Boot::bootWeb(Object(Config\Paths))
WARNING - 2024-09-22 16:48:28 --> [DEPRECATED] number_format(): Passing null to parameter #1 ($num) of type float is deprecated in APPPATH/Views/kd_project/dashboard_view.php on line 161.
 1 APPPATH/Views/kd_project/dashboard_view.php(161): number_format(null, 2)
 2 SYSTEMPATH/View/View.php(234): include('/home/u877349608/domains/muraridubey.com/public_html/codeigniter/app/Views/kd_project/dashboard_view.php')
 3 SYSTEMPATH/View/View.php(237): CodeIgniter\View\View->CodeIgniter\View\{closure}()
 4 SYSTEMPATH/Common.php(1171): CodeIgniter\View\View->render('kd_project/dashboard_view', [], true)
 5 APPPATH/Controllers/Dashboard_controller.php(37): view('kd_project/dashboard_view', [...])
 6 SYSTEMPATH/CodeIgniter.php(933): App\Controllers\Dashboard_controller->index()
 7 SYSTEMPATH/CodeIgniter.php(509): CodeIgniter\CodeIgniter->runController(Object(App\Controllers\Dashboard_controller))
 8 SYSTEMPATH/CodeIgniter.php(355): CodeIgniter\CodeIgniter->handleRequest(null, Object(Config\Cache), false)
 9 SYSTEMPATH/Boot.php(325): CodeIgniter\CodeIgniter->run()
10 SYSTEMPATH/Boot.php(67): CodeIgniter\Boot::runCodeIgniter(Object(CodeIgniter\CodeIgniter))
11 FCPATH/index.php(56): CodeIgniter\Boot::bootWeb(Object(Config\Paths))
WARNING - 2024-09-22 16:48:28 --> [DEPRECATED] number_format(): Passing null to parameter #1 ($num) of type float is deprecated in APPPATH/Views/kd_project/dashboard_view.php on line 168.
 1 APPPATH/Views/kd_project/dashboard_view.php(168): number_format(null, 2)
 2 SYSTEMPATH/View/View.php(234): include('/home/u877349608/domains/muraridubey.com/public_html/codeigniter/app/Views/kd_project/dashboard_view.php')
 3 SYSTEMPATH/View/View.php(237): CodeIgniter\View\View->CodeIgniter\View\{closure}()
 4 SYSTEMPATH/Common.php(1171): CodeIgniter\View\View->render('kd_project/dashboard_view', [], true)
 5 APPPATH/Controllers/Dashboard_controller.php(37): view('kd_project/dashboard_view', [...])
 6 SYSTEMPATH/CodeIgniter.php(933): App\Controllers\Dashboard_controller->index()
 7 SYSTEMPATH/CodeIgniter.php(509): CodeIgniter\CodeIgniter->runController(Object(App\Controllers\Dashboard_controller))
 8 SYSTEMPATH/CodeIgniter.php(355): CodeIgniter\CodeIgniter->handleRequest(null, Object(Config\Cache), false)
 9 SYSTEMPATH/Boot.php(325): CodeIgniter\CodeIgniter->run()
10 SYSTEMPATH/Boot.php(67): CodeIgniter\Boot::runCodeIgniter(Object(CodeIgniter\CodeIgniter))
11 FCPATH/index.php(56): CodeIgniter\Boot::bootWeb(Object(Config\Paths))
WARNING - 2024-09-22 16:48:28 --> [DEPRECATED] number_format(): Passing null to parameter #1 ($num) of type float is deprecated in APPPATH/Views/kd_project/dashboard_view.php on line 161.
 1 APPPATH/Views/kd_project/dashboard_view.php(161): number_format(null, 2)
 2 SYSTEMPATH/View/View.php(234): include('/home/u877349608/domains/muraridubey.com/public_html/codeigniter/app/Views/kd_project/dashboard_view.php')
 3 SYSTEMPATH/View/View.php(237): CodeIgniter\View\View->CodeIgniter\View\{closure}()
 4 SYSTEMPATH/Common.php(1171): CodeIgniter\View\View->render('kd_project/dashboard_view', [], true)
 5 APPPATH/Controllers/Dashboard_controller.php(37): view('kd_project/dashboard_view', [...])
 6 SYSTEMPATH/CodeIgniter.php(933): App\Controllers\Dashboard_controller->index()
 7 SYSTEMPATH/CodeIgniter.php(509): CodeIgniter\CodeIgniter->runController(Object(App\Controllers\Dashboard_controller))
 8 SYSTEMPATH/CodeIgniter.php(355): CodeIgniter\CodeIgniter->handleRequest(null, Object(Config\Cache), false)
 9 SYSTEMPATH/Boot.php(325): CodeIgniter\CodeIgniter->run()
10 SYSTEMPATH/Boot.php(67): CodeIgniter\Boot::runCodeIgniter(Object(CodeIgniter\CodeIgniter))
11 FCPATH/index.php(56): CodeIgniter\Boot::bootWeb(Object(Config\Paths))
WARNING - 2024-09-22 16:48:28 --> [DEPRECATED] number_format(): Passing null to parameter #1 ($num) of type float is deprecated in APPPATH/Views/kd_project/dashboard_view.php on line 168.
 1 APPPATH/Views/kd_project/dashboard_view.php(168): number_format(null, 2)
 2 SYSTEMPATH/View/View.php(234): include('/home/u877349608/domains/muraridubey.com/public_html/codeigniter/app/Views/kd_project/dashboard_view.php')
 3 SYSTEMPATH/View/View.php(237): CodeIgniter\View\View->CodeIgniter\View\{closure}()
 4 SYSTEMPATH/Common.php(1171): CodeIgniter\View\View->render('kd_project/dashboard_view', [], true)
 5 APPPATH/Controllers/Dashboard_controller.php(37): view('kd_project/dashboard_view', [...])
 6 SYSTEMPATH/CodeIgniter.php(933): App\Controllers\Dashboard_controller->index()
 7 SYSTEMPATH/CodeIgniter.php(509): CodeIgniter\CodeIgniter->runController(Object(App\Controllers\Dashboard_controller))
 8 SYSTEMPATH/CodeIgniter.php(355): CodeIgniter\CodeIgniter->handleRequest(null, Object(Config\Cache), false)
 9 SYSTEMPATH/Boot.php(325): CodeIgniter\CodeIgniter->run()
10 SYSTEMPATH/Boot.php(67): CodeIgniter\Boot::runCodeIgniter(Object(CodeIgniter\CodeIgniter))
11 FCPATH/index.php(56): CodeIgniter\Boot::bootWeb(Object(Config\Paths))
WARNING - 2024-09-22 16:48:28 --> [DEPRECATED] number_format(): Passing null to parameter #1 ($num) of type float is deprecated in APPPATH/Views/kd_project/dashboard_view.php on line 164.
 1 APPPATH/Views/kd_project/dashboard_view.php(164): number_format(null, 2)
 2 SYSTEMPATH/View/View.php(234): include('/home/u877349608/domains/muraridubey.com/public_html/codeigniter/app/Views/kd_project/dashboard_view.php')
 3 SYSTEMPATH/View/View.php(237): CodeIgniter\View\View->CodeIgniter\View\{closure}()
 4 SYSTEMPATH/Common.php(1171): CodeIgniter\View\View->render('kd_project/dashboard_view', [], true)
 5 APPPATH/Controllers/Dashboard_controller.php(37): view('kd_project/dashboard_view', [...])
 6 SYSTEMPATH/CodeIgniter.php(933): App\Controllers\Dashboard_controller->index()
 7 SYSTEMPATH/CodeIgniter.php(509): CodeIgniter\CodeIgniter->runController(Object(App\Controllers\Dashboard_controller))
 8 SYSTEMPATH/CodeIgniter.php(355): CodeIgniter\CodeIgniter->handleRequest(null, Object(Config\Cache), false)
 9 SYSTEMPATH/Boot.php(325): CodeIgniter\CodeIgniter->run()
10 SYSTEMPATH/Boot.php(67): CodeIgniter\Boot::runCodeIgniter(Object(CodeIgniter\CodeIgniter))
11 FCPATH/index.php(56): CodeIgniter\Boot::bootWeb(Object(Config\Paths))
WARNING - 2024-09-22 16:48:28 --> [DEPRECATED] number_format(): Passing null to parameter #1 ($num) of type float is deprecated in APPPATH/Views/kd_project/dashboard_view.php on line 168.
 1 APPPATH/Views/kd_project/dashboard_view.php(168): number_format(null, 2)
 2 SYSTEMPATH/View/View.php(234): include('/home/u877349608/domains/muraridubey.com/public_html/codeigniter/app/Views/kd_project/dashboard_view.php')
 3 SYSTEMPATH/View/View.php(237): CodeIgniter\View\View->CodeIgniter\View\{closure}()
 4 SYSTEMPATH/Common.php(1171): CodeIgniter\View\View->render('kd_project/dashboard_view', [], true)
 5 APPPATH/Controllers/Dashboard_controller.php(37): view('kd_project/dashboard_view', [...])
 6 SYSTEMPATH/CodeIgniter.php(933): App\Controllers\Dashboard_controller->index()
 7 SYSTEMPATH/CodeIgniter.php(509): CodeIgniter\CodeIgniter->runController(Object(App\Controllers\Dashboard_controller))
 8 SYSTEMPATH/CodeIgniter.php(355): CodeIgniter\CodeIgniter->handleRequest(null, Object(Config\Cache), false)
 9 SYSTEMPATH/Boot.php(325): CodeIgniter\CodeIgniter->run()
10 SYSTEMPATH/Boot.php(67): CodeIgniter\Boot::runCodeIgniter(Object(CodeIgniter\CodeIgniter))
11 FCPATH/index.php(56): CodeIgniter\Boot::bootWeb(Object(Config\Paths))
WARNING - 2024-09-22 16:48:28 --> [DEPRECATED] number_format(): Passing null to parameter #1 ($num) of type float is deprecated in APPPATH/Views/kd_project/dashboard_view.php on line 161.
 1 APPPATH/Views/kd_project/dashboard_view.php(161): number_format(null, 2)
 2 SYSTEMPATH/View/View.php(234): include('/home/u877349608/domains/muraridubey.com/public_html/codeigniter/app/Views/kd_project/dashboard_view.php')
 3 SYSTEMPATH/View/View.php(237): CodeIgniter\View\View->CodeIgniter\View\{closure}()
 4 SYSTEMPATH/Common.php(1171): CodeIgniter\View\View->render('kd_project/dashboard_view', [], true)
 5 APPPATH/Controllers/Dashboard_controller.php(37): view('kd_project/dashboard_view', [...])
 6 SYSTEMPATH/CodeIgniter.php(933): App\Controllers\Dashboard_controller->index()
 7 SYSTEMPATH/CodeIgniter.php(509): CodeIgniter\CodeIgniter->runController(Object(App\Controllers\Dashboard_controller))
 8 SYSTEMPATH/CodeIgniter.php(355): CodeIgniter\CodeIgniter->handleRequest(null, Object(Config\Cache), false)
 9 SYSTEMPATH/Boot.php(325): CodeIgniter\CodeIgniter->run()
10 SYSTEMPATH/Boot.php(67): CodeIgniter\Boot::runCodeIgniter(Object(CodeIgniter\CodeIgniter))
11 FCPATH/index.php(56): CodeIgniter\Boot::bootWeb(Object(Config\Paths))
WARNING - 2024-09-22 16:48:28 --> [DEPRECATED] number_format(): Passing null to parameter #1 ($num) of type float is deprecated in APPPATH/Views/kd_project/dashboard_view.php on line 168.
 1 APPPATH/Views/kd_project/dashboard_view.php(168): number_format(null, 2)
 2 SYSTEMPATH/View/View.php(234): include('/home/u877349608/domains/muraridubey.com/public_html/codeigniter/app/Views/kd_project/dashboard_view.php')
 3 SYSTEMPATH/View/View.php(237): CodeIgniter\View\View->CodeIgniter\View\{closure}()
 4 SYSTEMPATH/Common.php(1171): CodeIgniter\View\View->render('kd_project/dashboard_view', [], true)
 5 APPPATH/Controllers/Dashboard_controller.php(37): view('kd_project/dashboard_view', [...])
 6 SYSTEMPATH/CodeIgniter.php(933): App\Controllers\Dashboard_controller->index()
 7 SYSTEMPATH/CodeIgniter.php(509): CodeIgniter\CodeIgniter->runController(Object(App\Controllers\Dashboard_controller))
 8 SYSTEMPATH/CodeIgniter.php(355): CodeIgniter\CodeIgniter->handleRequest(null, Object(Config\Cache), false)
 9 SYSTEMPATH/Boot.php(325): CodeIgniter\CodeIgniter->run()
10 SYSTEMPATH/Boot.php(67): CodeIgniter\Boot::runCodeIgniter(Object(CodeIgniter\CodeIgniter))
11 FCPATH/index.php(56): CodeIgniter\Boot::bootWeb(Object(Config\Paths))
WARNING - 2024-09-22 16:48:28 --> [DEPRECATED] number_format(): Passing null to parameter #1 ($num) of type float is deprecated in APPPATH/Views/kd_project/dashboard_view.php on line 161.
 1 APPPATH/Views/kd_project/dashboard_view.php(161): number_format(null, 2)
 2 SYSTEMPATH/View/View.php(234): include('/home/u877349608/domains/muraridubey.com/public_html/codeigniter/app/Views/kd_project/dashboard_view.php')
 3 SYSTEMPATH/View/View.php(237): CodeIgniter\View\View->CodeIgniter\View\{closure}()
 4 SYSTEMPATH/Common.php(1171): CodeIgniter\View\View->render('kd_project/dashboard_view', [], true)
 5 APPPATH/Controllers/Dashboard_controller.php(37): view('kd_project/dashboard_view', [...])
 6 SYSTEMPATH/CodeIgniter.php(933): App\Controllers\Dashboard_controller->index()
 7 SYSTEMPATH/CodeIgniter.php(509): CodeIgniter\CodeIgniter->runController(Object(App\Controllers\Dashboard_controller))
 8 SYSTEMPATH/CodeIgniter.php(355): CodeIgniter\CodeIgniter->handleRequest(null, Object(Config\Cache), false)
 9 SYSTEMPATH/Boot.php(325): CodeIgniter\CodeIgniter->run()
10 SYSTEMPATH/Boot.php(67): CodeIgniter\Boot::runCodeIgniter(Object(CodeIgniter\CodeIgniter))
11 FCPATH/index.php(56): CodeIgniter\Boot::bootWeb(Object(Config\Paths))
WARNING - 2024-09-22 16:48:28 --> [DEPRECATED] number_format(): Passing null to parameter #1 ($num) of type float is deprecated in APPPATH/Views/kd_project/dashboard_view.php on line 168.
 1 APPPATH/Views/kd_project/dashboard_view.php(168): number_format(null, 2)
 2 SYSTEMPATH/View/View.php(234): include('/home/u877349608/domains/muraridubey.com/public_html/codeigniter/app/Views/kd_project/dashboard_view.php')
 3 SYSTEMPATH/View/View.php(237): CodeIgniter\View\View->CodeIgniter\View\{closure}()
 4 SYSTEMPATH/Common.php(1171): CodeIgniter\View\View->render('kd_project/dashboard_view', [], true)
 5 APPPATH/Controllers/Dashboard_controller.php(37): view('kd_project/dashboard_view', [...])
 6 SYSTEMPATH/CodeIgniter.php(933): App\Controllers\Dashboard_controller->index()
 7 SYSTEMPATH/CodeIgniter.php(509): CodeIgniter\CodeIgniter->runController(Object(App\Controllers\Dashboard_controller))
 8 SYSTEMPATH/CodeIgniter.php(355): CodeIgniter\CodeIgniter->handleRequest(null, Object(Config\Cache), false)
 9 SYSTEMPATH/Boot.php(325): CodeIgniter\CodeIgniter->run()
10 SYSTEMPATH/Boot.php(67): CodeIgniter\Boot::runCodeIgniter(Object(CodeIgniter\CodeIgniter))
11 FCPATH/index.php(56): CodeIgniter\Boot::bootWeb(Object(Config\Paths))
INFO - 2024-09-22 17:19:03 --> Session: Class initialized using 'CodeIgniter\Session\Handlers\FileHandler' driver.
INFO - 2024-09-22 17:19:05 --> Session: Class initialized using 'CodeIgniter\Session\Handlers\FileHandler' driver.
INFO - 2024-09-22 17:19:46 --> Session: Class initialized using 'CodeIgniter\Session\Handlers\FileHandler' driver.
INFO - 2024-09-22 17:19:47 --> Session: Class initialized using 'CodeIgniter\Session\Handlers\FileHandler' driver.
WARNING - 2024-09-22 17:19:47 --> [DEPRECATED] number_format(): Passing null to parameter #1 ($num) of type float is deprecated in APPPATH/Views/kd_project/dashboard_view.php on line 160.
 1 APPPATH/Views/kd_project/dashboard_view.php(160): number_format(null, 2)
 2 SYSTEMPATH/View/View.php(234): include('/home/u877349608/domains/muraridubey.com/public_html/codeigniter/app/Views/kd_project/dashboard_view.php')
 3 SYSTEMPATH/View/View.php(237): CodeIgniter\View\View->CodeIgniter\View\{closure}()
 4 SYSTEMPATH/Common.php(1171): CodeIgniter\View\View->render('kd_project/dashboard_view', [], true)
 5 APPPATH/Controllers/Dashboard_controller.php(37): view('kd_project/dashboard_view', [...])
 6 SYSTEMPATH/CodeIgniter.php(933): App\Controllers\Dashboard_controller->index()
 7 SYSTEMPATH/CodeIgniter.php(509): CodeIgniter\CodeIgniter->runController(Object(App\Controllers\Dashboard_controller))
 8 SYSTEMPATH/CodeIgniter.php(355): CodeIgniter\CodeIgniter->handleRequest(null, Object(Config\Cache), false)
 9 SYSTEMPATH/Boot.php(325): CodeIgniter\CodeIgniter->run()
10 SYSTEMPATH/Boot.php(67): CodeIgniter\Boot::runCodeIgniter(Object(CodeIgniter\CodeIgniter))
11 FCPATH/index.php(56): CodeIgniter\Boot::bootWeb(Object(Config\Paths))
WARNING - 2024-09-22 17:19:47 --> [DEPRECATED] number_format(): Passing null to parameter #1 ($num) of type float is deprecated in APPPATH/Views/kd_project/dashboard_view.php on line 168.
 1 APPPATH/Views/kd_project/dashboard_view.php(168): number_format(null, 2)
 2 SYSTEMPATH/View/View.php(234): include('/home/u877349608/domains/muraridubey.com/public_html/codeigniter/app/Views/kd_project/dashboard_view.php')
 3 SYSTEMPATH/View/View.php(237): CodeIgniter\View\View->CodeIgniter\View\{closure}()
 4 SYSTEMPATH/Common.php(1171): CodeIgniter\View\View->render('kd_project/dashboard_view', [], true)
 5 APPPATH/Controllers/Dashboard_controller.php(37): view('kd_project/dashboard_view', [...])
 6 SYSTEMPATH/CodeIgniter.php(933): App\Controllers\Dashboard_controller->index()
 7 SYSTEMPATH/CodeIgniter.php(509): CodeIgniter\CodeIgniter->runController(Object(App\Controllers\Dashboard_controller))
 8 SYSTEMPATH/CodeIgniter.php(355): CodeIgniter\CodeIgniter->handleRequest(null, Object(Config\Cache), false)
 9 SYSTEMPATH/Boot.php(325): CodeIgniter\CodeIgniter->run()
10 SYSTEMPATH/Boot.php(67): CodeIgniter\Boot::runCodeIgniter(Object(CodeIgniter\CodeIgniter))
11 FCPATH/index.php(56): CodeIgniter\Boot::bootWeb(Object(Config\Paths))
WARNING - 2024-09-22 17:19:47 --> [DEPRECATED] number_format(): Passing null to parameter #1 ($num) of type float is deprecated in APPPATH/Views/kd_project/dashboard_view.php on line 161.
 1 APPPATH/Views/kd_project/dashboard_view.php(161): number_format(null, 2)
 2 SYSTEMPATH/View/View.php(234): include('/home/u877349608/domains/muraridubey.com/public_html/codeigniter/app/Views/kd_project/dashboard_view.php')
 3 SYSTEMPATH/View/View.php(237): CodeIgniter\View\View->CodeIgniter\View\{closure}()
 4 SYSTEMPATH/Common.php(1171): CodeIgniter\View\View->render('kd_project/dashboard_view', [], true)
 5 APPPATH/Controllers/Dashboard_controller.php(37): view('kd_project/dashboard_view', [...])
 6 SYSTEMPATH/CodeIgniter.php(933): App\Controllers\Dashboard_controller->index()
 7 SYSTEMPATH/CodeIgniter.php(509): CodeIgniter\CodeIgniter->runController(Object(App\Controllers\Dashboard_controller))
 8 SYSTEMPATH/CodeIgniter.php(355): CodeIgniter\CodeIgniter->handleRequest(null, Object(Config\Cache), false)
 9 SYSTEMPATH/Boot.php(325): CodeIgniter\CodeIgniter->run()
10 SYSTEMPATH/Boot.php(67): CodeIgniter\Boot::runCodeIgniter(Object(CodeIgniter\CodeIgniter))
11 FCPATH/index.php(56): CodeIgniter\Boot::bootWeb(Object(Config\Paths))
WARNING - 2024-09-22 17:19:47 --> [DEPRECATED] number_format(): Passing null to parameter #1 ($num) of type float is deprecated in APPPATH/Views/kd_project/dashboard_view.php on line 168.
 1 APPPATH/Views/kd_project/dashboard_view.php(168): number_format(null, 2)
 2 SYSTEMPATH/View/View.php(234): include('/home/u877349608/domains/muraridubey.com/public_html/codeigniter/app/Views/kd_project/dashboard_view.php')
 3 SYSTEMPATH/View/View.php(237): CodeIgniter\View\View->CodeIgniter\View\{closure}()
 4 SYSTEMPATH/Common.php(1171): CodeIgniter\View\View->render('kd_project/dashboard_view', [], true)
 5 APPPATH/Controllers/Dashboard_controller.php(37): view('kd_project/dashboard_view', [...])
 6 SYSTEMPATH/CodeIgniter.php(933): App\Controllers\Dashboard_controller->index()
 7 SYSTEMPATH/CodeIgniter.php(509): CodeIgniter\CodeIgniter->runController(Object(App\Controllers\Dashboard_controller))
 8 SYSTEMPATH/CodeIgniter.php(355): CodeIgniter\CodeIgniter->handleRequest(null, Object(Config\Cache), false)
 9 SYSTEMPATH/Boot.php(325): CodeIgniter\CodeIgniter->run()
10 SYSTEMPATH/Boot.php(67): CodeIgniter\Boot::runCodeIgniter(Object(CodeIgniter\CodeIgniter))
11 FCPATH/index.php(56): CodeIgniter\Boot::bootWeb(Object(Config\Paths))
WARNING - 2024-09-22 17:19:47 --> [DEPRECATED] number_format(): Passing null to parameter #1 ($num) of type float is deprecated in APPPATH/Views/kd_project/dashboard_view.php on line 161.
 1 APPPATH/Views/kd_project/dashboard_view.php(161): number_format(null, 2)
 2 SYSTEMPATH/View/View.php(234): include('/home/u877349608/domains/muraridubey.com/public_html/codeigniter/app/Views/kd_project/dashboard_view.php')
 3 SYSTEMPATH/View/View.php(237): CodeIgniter\View\View->CodeIgniter\View\{closure}()
 4 SYSTEMPATH/Common.php(1171): CodeIgniter\View\View->render('kd_project/dashboard_view', [], true)
 5 APPPATH/Controllers/Dashboard_controller.php(37): view('kd_project/dashboard_view', [...])
 6 SYSTEMPATH/CodeIgniter.php(933): App\Controllers\Dashboard_controller->index()
 7 SYSTEMPATH/CodeIgniter.php(509): CodeIgniter\CodeIgniter->runController(Object(App\Controllers\Dashboard_controller))
 8 SYSTEMPATH/CodeIgniter.php(355): CodeIgniter\CodeIgniter->handleRequest(null, Object(Config\Cache), false)
 9 SYSTEMPATH/Boot.php(325): CodeIgniter\CodeIgniter->run()
10 SYSTEMPATH/Boot.php(67): CodeIgniter\Boot::runCodeIgniter(Object(CodeIgniter\CodeIgniter))
11 FCPATH/index.php(56): CodeIgniter\Boot::bootWeb(Object(Config\Paths))
WARNING - 2024-09-22 17:19:47 --> [DEPRECATED] number_format(): Passing null to parameter #1 ($num) of type float is deprecated in APPPATH/Views/kd_project/dashboard_view.php on line 168.
 1 APPPATH/Views/kd_project/dashboard_view.php(168): number_format(null, 2)
 2 SYSTEMPATH/View/View.php(234): include('/home/u877349608/domains/muraridubey.com/public_html/codeigniter/app/Views/kd_project/dashboard_view.php')
 3 SYSTEMPATH/View/View.php(237): CodeIgniter\View\View->CodeIgniter\View\{closure}()
 4 SYSTEMPATH/Common.php(1171): CodeIgniter\View\View->render('kd_project/dashboard_view', [], true)
 5 APPPATH/Controllers/Dashboard_controller.php(37): view('kd_project/dashboard_view', [...])
 6 SYSTEMPATH/CodeIgniter.php(933): App\Controllers\Dashboard_controller->index()
 7 SYSTEMPATH/CodeIgniter.php(509): CodeIgniter\CodeIgniter->runController(Object(App\Controllers\Dashboard_controller))
 8 SYSTEMPATH/CodeIgniter.php(355): CodeIgniter\CodeIgniter->handleRequest(null, Object(Config\Cache), false)
 9 SYSTEMPATH/Boot.php(325): CodeIgniter\CodeIgniter->run()
10 SYSTEMPATH/Boot.php(67): CodeIgniter\Boot::runCodeIgniter(Object(CodeIgniter\CodeIgniter))
11 FCPATH/index.php(56): CodeIgniter\Boot::bootWeb(Object(Config\Paths))
WARNING - 2024-09-22 17:19:47 --> [DEPRECATED] number_format(): Passing null to parameter #1 ($num) of type float is deprecated in APPPATH/Views/kd_project/dashboard_view.php on line 164.
 1 APPPATH/Views/kd_project/dashboard_view.php(164): number_format(null, 2)
 2 SYSTEMPATH/View/View.php(234): include('/home/u877349608/domains/muraridubey.com/public_html/codeigniter/app/Views/kd_project/dashboard_view.php')
 3 SYSTEMPATH/View/View.php(237): CodeIgniter\View\View->CodeIgniter\View\{closure}()
 4 SYSTEMPATH/Common.php(1171): CodeIgniter\View\View->render('kd_project/dashboard_view', [], true)
 5 APPPATH/Controllers/Dashboard_controller.php(37): view('kd_project/dashboard_view', [...])
 6 SYSTEMPATH/CodeIgniter.php(933): App\Controllers\Dashboard_controller->index()
 7 SYSTEMPATH/CodeIgniter.php(509): CodeIgniter\CodeIgniter->runController(Object(App\Controllers\Dashboard_controller))
 8 SYSTEMPATH/CodeIgniter.php(355): CodeIgniter\CodeIgniter->handleRequest(null, Object(Config\Cache), false)
 9 SYSTEMPATH/Boot.php(325): CodeIgniter\CodeIgniter->run()
10 SYSTEMPATH/Boot.php(67): CodeIgniter\Boot::runCodeIgniter(Object(CodeIgniter\CodeIgniter))
11 FCPATH/index.php(56): CodeIgniter\Boot::bootWeb(Object(Config\Paths))
WARNING - 2024-09-22 17:19:47 --> [DEPRECATED] number_format(): Passing null to parameter #1 ($num) of type float is deprecated in APPPATH/Views/kd_project/dashboard_view.php on line 168.
 1 APPPATH/Views/kd_project/dashboard_view.php(168): number_format(null, 2)
 2 SYSTEMPATH/View/View.php(234): include('/home/u877349608/domains/muraridubey.com/public_html/codeigniter/app/Views/kd_project/dashboard_view.php')
 3 SYSTEMPATH/View/View.php(237): CodeIgniter\View\View->CodeIgniter\View\{closure}()
 4 SYSTEMPATH/Common.php(1171): CodeIgniter\View\View->render('kd_project/dashboard_view', [], true)
 5 APPPATH/Controllers/Dashboard_controller.php(37): view('kd_project/dashboard_view', [...])
 6 SYSTEMPATH/CodeIgniter.php(933): App\Controllers\Dashboard_controller->index()
 7 SYSTEMPATH/CodeIgniter.php(509): CodeIgniter\CodeIgniter->runController(Object(App\Controllers\Dashboard_controller))
 8 SYSTEMPATH/CodeIgniter.php(355): CodeIgniter\CodeIgniter->handleRequest(null, Object(Config\Cache), false)
 9 SYSTEMPATH/Boot.php(325): CodeIgniter\CodeIgniter->run()
10 SYSTEMPATH/Boot.php(67): CodeIgniter\Boot::runCodeIgniter(Object(CodeIgniter\CodeIgniter))
11 FCPATH/index.php(56): CodeIgniter\Boot::bootWeb(Object(Config\Paths))
WARNING - 2024-09-22 17:19:47 --> [DEPRECATED] number_format(): Passing null to parameter #1 ($num) of type float is deprecated in APPPATH/Views/kd_project/dashboard_view.php on line 161.
 1 APPPATH/Views/kd_project/dashboard_view.php(161): number_format(null, 2)
 2 SYSTEMPATH/View/View.php(234): include('/home/u877349608/domains/muraridubey.com/public_html/codeigniter/app/Views/kd_project/dashboard_view.php')
 3 SYSTEMPATH/View/View.php(237): CodeIgniter\View\View->CodeIgniter\View\{closure}()
 4 SYSTEMPATH/Common.php(1171): CodeIgniter\View\View->render('kd_project/dashboard_view', [], true)
 5 APPPATH/Controllers/Dashboard_controller.php(37): view('kd_project/dashboard_view', [...])
 6 SYSTEMPATH/CodeIgniter.php(933): App\Controllers\Dashboard_controller->index()
 7 SYSTEMPATH/CodeIgniter.php(509): CodeIgniter\CodeIgniter->runController(Object(App\Controllers\Dashboard_controller))
 8 SYSTEMPATH/CodeIgniter.php(355): CodeIgniter\CodeIgniter->handleRequest(null, Object(Config\Cache), false)
 9 SYSTEMPATH/Boot.php(325): CodeIgniter\CodeIgniter->run()
10 SYSTEMPATH/Boot.php(67): CodeIgniter\Boot::runCodeIgniter(Object(CodeIgniter\CodeIgniter))
11 FCPATH/index.php(56): CodeIgniter\Boot::bootWeb(Object(Config\Paths))
WARNING - 2024-09-22 17:19:47 --> [DEPRECATED] number_format(): Passing null to parameter #1 ($num) of type float is deprecated in APPPATH/Views/kd_project/dashboard_view.php on line 168.
 1 APPPATH/Views/kd_project/dashboard_view.php(168): number_format(null, 2)
 2 SYSTEMPATH/View/View.php(234): include('/home/u877349608/domains/muraridubey.com/public_html/codeigniter/app/Views/kd_project/dashboard_view.php')
 3 SYSTEMPATH/View/View.php(237): CodeIgniter\View\View->CodeIgniter\View\{closure}()
 4 SYSTEMPATH/Common.php(1171): CodeIgniter\View\View->render('kd_project/dashboard_view', [], true)
 5 APPPATH/Controllers/Dashboard_controller.php(37): view('kd_project/dashboard_view', [...])
 6 SYSTEMPATH/CodeIgniter.php(933): App\Controllers\Dashboard_controller->index()
 7 SYSTEMPATH/CodeIgniter.php(509): CodeIgniter\CodeIgniter->runController(Object(App\Controllers\Dashboard_controller))
 8 SYSTEMPATH/CodeIgniter.php(355): CodeIgniter\CodeIgniter->handleRequest(null, Object(Config\Cache), false)
 9 SYSTEMPATH/Boot.php(325): CodeIgniter\CodeIgniter->run()
10 SYSTEMPATH/Boot.php(67): CodeIgniter\Boot::runCodeIgniter(Object(CodeIgniter\CodeIgniter))
11 FCPATH/index.php(56): CodeIgniter\Boot::bootWeb(Object(Config\Paths))
WARNING - 2024-09-22 17:19:47 --> [DEPRECATED] number_format(): Passing null to parameter #1 ($num) of type float is deprecated in APPPATH/Views/kd_project/dashboard_view.php on line 161.
 1 APPPATH/Views/kd_project/dashboard_view.php(161): number_format(null, 2)
 2 SYSTEMPATH/View/View.php(234): include('/home/u877349608/domains/muraridubey.com/public_html/codeigniter/app/Views/kd_project/dashboard_view.php')
 3 SYSTEMPATH/View/View.php(237): CodeIgniter\View\View->CodeIgniter\View\{closure}()
 4 SYSTEMPATH/Common.php(1171): CodeIgniter\View\View->render('kd_project/dashboard_view', [], true)
 5 APPPATH/Controllers/Dashboard_controller.php(37): view('kd_project/dashboard_view', [...])
 6 SYSTEMPATH/CodeIgniter.php(933): App\Controllers\Dashboard_controller->index()
 7 SYSTEMPATH/CodeIgniter.php(509): CodeIgniter\CodeIgniter->runController(Object(App\Controllers\Dashboard_controller))
 8 SYSTEMPATH/CodeIgniter.php(355): CodeIgniter\CodeIgniter->handleRequest(null, Object(Config\Cache), false)
 9 SYSTEMPATH/Boot.php(325): CodeIgniter\CodeIgniter->run()
10 SYSTEMPATH/Boot.php(67): CodeIgniter\Boot::runCodeIgniter(Object(CodeIgniter\CodeIgniter))
11 FCPATH/index.php(56): CodeIgniter\Boot::bootWeb(Object(Config\Paths))
WARNING - 2024-09-22 17:19:47 --> [DEPRECATED] number_format(): Passing null to parameter #1 ($num) of type float is deprecated in APPPATH/Views/kd_project/dashboard_view.php on line 168.
 1 APPPATH/Views/kd_project/dashboard_view.php(168): number_format(null, 2)
 2 SYSTEMPATH/View/View.php(234): include('/home/u877349608/domains/muraridubey.com/public_html/codeigniter/app/Views/kd_project/dashboard_view.php')
 3 SYSTEMPATH/View/View.php(237): CodeIgniter\View\View->CodeIgniter\View\{closure}()
 4 SYSTEMPATH/Common.php(1171): CodeIgniter\View\View->render('kd_project/dashboard_view', [], true)
 5 APPPATH/Controllers/Dashboard_controller.php(37): view('kd_project/dashboard_view', [...])
 6 SYSTEMPATH/CodeIgniter.php(933): App\Controllers\Dashboard_controller->index()
 7 SYSTEMPATH/CodeIgniter.php(509): CodeIgniter\CodeIgniter->runController(Object(App\Controllers\Dashboard_controller))
 8 SYSTEMPATH/CodeIgniter.php(355): CodeIgniter\CodeIgniter->handleRequest(null, Object(Config\Cache), false)
 9 SYSTEMPATH/Boot.php(325): CodeIgniter\CodeIgniter->run()
10 SYSTEMPATH/Boot.php(67): CodeIgniter\Boot::runCodeIgniter(Object(CodeIgniter\CodeIgniter))
11 FCPATH/index.php(56): CodeIgniter\Boot::bootWeb(Object(Config\Paths))
INFO - 2024-09-22 17:29:13 --> Session: Class initialized using 'CodeIgniter\Session\Handlers\FileHandler' driver.
INFO - 2024-09-22 17:29:30 --> Session: Class initialized using 'CodeIgniter\Session\Handlers\FileHandler' driver.
INFO - 2024-09-22 17:29:46 --> Session: Class initialized using 'CodeIgniter\Session\Handlers\FileHandler' driver.
