CRITICAL - 2024-08-21 07:01:37 --> ErrorException: Undefined array key "account_holder"
[Method: GET, Route: accounts_data]
in APPPATH/Views/kd_project/accounts_data_view.php on line 52.
 1 APPPATH/Views/kd_project/accounts_data_view.php(52): CodeIgniter\Debug\Exceptions->errorHandler()
 2 SYSTEMPATH/View/View.php(234): include('/home/u877349608/domains/muraridubey.com/public_html/codeigniter/app/Views/kd_project/accounts_data_view.php')
 3 SYSTEMPATH/View/View.php(237): CodeIgniter\View\View->CodeIgniter\View\{closure}()
 4 SYSTEMPATH/Common.php(1171): CodeIgniter\View\View->render()
 5 APPPATH/Controllers/Accounts_data_controller.php(23): view()
 6 SYSTEMPATH/CodeIgniter.php(933): App\Controllers\Accounts_data_controller->index()
 7 SYSTEMPATH/CodeIgniter.php(509): CodeIgniter\CodeIgniter->runController()
 8 SYSTEMPATH/CodeIgniter.php(355): CodeIgniter\CodeIgniter->handleRequest()
 9 SYSTEMPATH/Boot.php(325): CodeIgniter\CodeIgniter->run()
10 SYSTEMPATH/Boot.php(67): CodeIgniter\Boot::runCodeIgniter()
11 FCPATH/index.php(56): CodeIgniter\Boot::bootWeb()
CRITICAL - 2024-08-21 07:02:03 --> ErrorException: Undefined array key "account_holder"
[Method: GET, Route: accounts_data]
in APPPATH/Views/kd_project/accounts_data_view.php on line 52.
 1 APPPATH/Views/kd_project/accounts_data_view.php(52): CodeIgniter\Debug\Exceptions->errorHandler()
 2 SYSTEMPATH/View/View.php(234): include('/home/u877349608/domains/muraridubey.com/public_html/codeigniter/app/Views/kd_project/accounts_data_view.php')
 3 SYSTEMPATH/View/View.php(237): CodeIgniter\View\View->CodeIgniter\View\{closure}()
 4 SYSTEMPATH/Common.php(1171): CodeIgniter\View\View->render()
 5 APPPATH/Controllers/Accounts_data_controller.php(23): view()
 6 SYSTEMPATH/CodeIgniter.php(933): App\Controllers\Accounts_data_controller->index()
 7 SYSTEMPATH/CodeIgniter.php(509): CodeIgniter\CodeIgniter->runController()
 8 SYSTEMPATH/CodeIgniter.php(355): CodeIgniter\CodeIgniter->handleRequest()
 9 SYSTEMPATH/Boot.php(325): CodeIgniter\CodeIgniter->run()
10 SYSTEMPATH/Boot.php(67): CodeIgniter\Boot::runCodeIgniter()
11 FCPATH/index.php(56): CodeIgniter\Boot::bootWeb()
ERROR - 2024-08-21 08:09:24 --> mysqli_sql_exception: Unknown column 'accounts_data.account_number' in 'on clause' in /home/u877349608/domains/muraridubey.com/public_html/codeigniter/system/Database/MySQLi/Connection.php:312
Stack trace:
#0 /home/u877349608/domains/muraridubey.com/public_html/codeigniter/system/Database/MySQLi/Connection.php(312): mysqli->query()
#1 /home/u877349608/domains/muraridubey.com/public_html/codeigniter/system/Database/BaseConnection.php(734): CodeIgniter\Database\MySQLi\Connection->execute()
#2 /home/u877349608/domains/muraridubey.com/public_html/codeigniter/system/Database/BaseConnection.php(648): CodeIgniter\Database\BaseConnection->simpleQuery()
#3 /home/u877349608/domains/muraridubey.com/public_html/codeigniter/app/Models/Dashboard_model.php(46): CodeIgniter\Database\BaseConnection->query()
#4 /home/u877349608/domains/muraridubey.com/public_html/codeigniter/app/Controllers/Dashboard_controller.php(23): App\Models\Dashboard_model->get_account_total()
#5 /home/u877349608/domains/muraridubey.com/public_html/codeigniter/system/CodeIgniter.php(933): App\Controllers\Dashboard_controller->index()
#6 /home/u877349608/domains/muraridubey.com/public_html/codeigniter/system/CodeIgniter.php(509): CodeIgniter\CodeIgniter->runController()
#7 /home/u877349608/domains/muraridubey.com/public_html/codeigniter/system/CodeIgniter.php(355): CodeIgniter\CodeIgniter->handleRequest()
#8 /home/u877349608/domains/muraridubey.com/public_html/codeigniter/system/Boot.php(325): CodeIgniter\CodeIgniter->run()
#9 /home/u877349608/domains/muraridubey.com/public_html/codeigniter/system/Boot.php(67): CodeIgniter\Boot::runCodeIgniter()
#10 /home/u877349608/domains/muraridubey.com/public_html/codeigniter/public/index.php(56): CodeIgniter\Boot::bootWeb()
#11 {main}
CRITICAL - 2024-08-21 08:09:24 --> CodeIgniter\Database\Exceptions\DatabaseException: Unknown column 'accounts_data.account_number' in 'on clause'
[Method: GET, Route: dashboard]
in SYSTEMPATH/Database/BaseConnection.php on line 688.
 1 APPPATH/Models/Dashboard_model.php(46): CodeIgniter\Database\BaseConnection->query()
 2 APPPATH/Controllers/Dashboard_controller.php(23): App\Models\Dashboard_model->get_account_total()
 3 SYSTEMPATH/CodeIgniter.php(933): App\Controllers\Dashboard_controller->index()
 4 SYSTEMPATH/CodeIgniter.php(509): CodeIgniter\CodeIgniter->runController()
 5 SYSTEMPATH/CodeIgniter.php(355): CodeIgniter\CodeIgniter->handleRequest()
 6 SYSTEMPATH/Boot.php(325): CodeIgniter\CodeIgniter->run()
 7 SYSTEMPATH/Boot.php(67): CodeIgniter\Boot::runCodeIgniter()
 8 FCPATH/index.php(56): CodeIgniter\Boot::bootWeb()
CRITICAL - 2024-08-21 08:09:24 --> [Caused by] CodeIgniter\Database\Exceptions\DatabaseException: Unknown column 'accounts_data.account_number' in 'on clause'
in SYSTEMPATH/Database/MySQLi/Connection.php on line 317.
 1 SYSTEMPATH/Database/BaseConnection.php(734): CodeIgniter\Database\MySQLi\Connection->execute()
 2 SYSTEMPATH/Database/BaseConnection.php(648): CodeIgniter\Database\BaseConnection->simpleQuery()
 3 APPPATH/Models/Dashboard_model.php(46): CodeIgniter\Database\BaseConnection->query()
 4 APPPATH/Controllers/Dashboard_controller.php(23): App\Models\Dashboard_model->get_account_total()
 5 SYSTEMPATH/CodeIgniter.php(933): App\Controllers\Dashboard_controller->index()
 6 SYSTEMPATH/CodeIgniter.php(509): CodeIgniter\CodeIgniter->runController()
 7 SYSTEMPATH/CodeIgniter.php(355): CodeIgniter\CodeIgniter->handleRequest()
 8 SYSTEMPATH/Boot.php(325): CodeIgniter\CodeIgniter->run()
 9 SYSTEMPATH/Boot.php(67): CodeIgniter\Boot::runCodeIgniter()
10 FCPATH/index.php(56): CodeIgniter\Boot::bootWeb()
CRITICAL - 2024-08-21 08:09:24 --> [Caused by] mysqli_sql_exception: Unknown column 'accounts_data.account_number' in 'on clause'
in SYSTEMPATH/Database/MySQLi/Connection.php on line 312.
 1 SYSTEMPATH/Database/MySQLi/Connection.php(312): mysqli->query()
 2 SYSTEMPATH/Database/BaseConnection.php(734): CodeIgniter\Database\MySQLi\Connection->execute()
 3 SYSTEMPATH/Database/BaseConnection.php(648): CodeIgniter\Database\BaseConnection->simpleQuery()
 4 APPPATH/Models/Dashboard_model.php(46): CodeIgniter\Database\BaseConnection->query()
 5 APPPATH/Controllers/Dashboard_controller.php(23): App\Models\Dashboard_model->get_account_total()
 6 SYSTEMPATH/CodeIgniter.php(933): App\Controllers\Dashboard_controller->index()
 7 SYSTEMPATH/CodeIgniter.php(509): CodeIgniter\CodeIgniter->runController()
 8 SYSTEMPATH/CodeIgniter.php(355): CodeIgniter\CodeIgniter->handleRequest()
 9 SYSTEMPATH/Boot.php(325): CodeIgniter\CodeIgniter->run()
10 SYSTEMPATH/Boot.php(67): CodeIgniter\Boot::runCodeIgniter()
11 FCPATH/index.php(56): CodeIgniter\Boot::bootWeb()
CRITICAL - 2024-08-21 08:17:14 --> ErrorException: Undefined array key "account_holder"
[Method: GET, Route: accounts_data]
in APPPATH/Views/kd_project/accounts_data_view.php on line 53.
 1 APPPATH/Views/kd_project/accounts_data_view.php(53): CodeIgniter\Debug\Exceptions->errorHandler()
 2 SYSTEMPATH/View/View.php(234): include('/home/u877349608/domains/muraridubey.com/public_html/codeigniter/app/Views/kd_project/accounts_data_view.php')
 3 SYSTEMPATH/View/View.php(237): CodeIgniter\View\View->CodeIgniter\View\{closure}()
 4 SYSTEMPATH/Common.php(1171): CodeIgniter\View\View->render()
 5 APPPATH/Controllers/Accounts_data_controller.php(23): view()
 6 SYSTEMPATH/CodeIgniter.php(933): App\Controllers\Accounts_data_controller->index()
 7 SYSTEMPATH/CodeIgniter.php(509): CodeIgniter\CodeIgniter->runController()
 8 SYSTEMPATH/CodeIgniter.php(355): CodeIgniter\CodeIgniter->handleRequest()
 9 SYSTEMPATH/Boot.php(325): CodeIgniter\CodeIgniter->run()
10 SYSTEMPATH/Boot.php(67): CodeIgniter\Boot::runCodeIgniter()
11 FCPATH/index.php(56): CodeIgniter\Boot::bootWeb()
CRITICAL - 2024-08-21 08:19:21 --> ErrorException: Undefined array key "account_holder"
[Method: GET, Route: accounts_data]
in APPPATH/Views/kd_project/accounts_data_view.php on line 52.
 1 APPPATH/Views/kd_project/accounts_data_view.php(52): CodeIgniter\Debug\Exceptions->errorHandler()
 2 SYSTEMPATH/View/View.php(234): include('/home/u877349608/domains/muraridubey.com/public_html/codeigniter/app/Views/kd_project/accounts_data_view.php')
 3 SYSTEMPATH/View/View.php(237): CodeIgniter\View\View->CodeIgniter\View\{closure}()
 4 SYSTEMPATH/Common.php(1171): CodeIgniter\View\View->render()
 5 APPPATH/Controllers/Accounts_data_controller.php(23): view()
 6 SYSTEMPATH/CodeIgniter.php(933): App\Controllers\Accounts_data_controller->index()
 7 SYSTEMPATH/CodeIgniter.php(509): CodeIgniter\CodeIgniter->runController()
 8 SYSTEMPATH/CodeIgniter.php(355): CodeIgniter\CodeIgniter->handleRequest()
 9 SYSTEMPATH/Boot.php(325): CodeIgniter\CodeIgniter->run()
10 SYSTEMPATH/Boot.php(67): CodeIgniter\Boot::runCodeIgniter()
11 FCPATH/index.php(56): CodeIgniter\Boot::bootWeb()
CRITICAL - 2024-08-21 08:20:29 --> ErrorException: Undefined array key "account_holder"
[Method: GET, Route: accounts_data]
in APPPATH/Views/kd_project/accounts_data_view.php on line 52.
 1 APPPATH/Views/kd_project/accounts_data_view.php(52): CodeIgniter\Debug\Exceptions->errorHandler()
 2 SYSTEMPATH/View/View.php(234): include('/home/u877349608/domains/muraridubey.com/public_html/codeigniter/app/Views/kd_project/accounts_data_view.php')
 3 SYSTEMPATH/View/View.php(237): CodeIgniter\View\View->CodeIgniter\View\{closure}()
 4 SYSTEMPATH/Common.php(1171): CodeIgniter\View\View->render()
 5 APPPATH/Controllers/Accounts_data_controller.php(23): view()
 6 SYSTEMPATH/CodeIgniter.php(933): App\Controllers\Accounts_data_controller->index()
 7 SYSTEMPATH/CodeIgniter.php(509): CodeIgniter\CodeIgniter->runController()
 8 SYSTEMPATH/CodeIgniter.php(355): CodeIgniter\CodeIgniter->handleRequest()
 9 SYSTEMPATH/Boot.php(325): CodeIgniter\CodeIgniter->run()
10 SYSTEMPATH/Boot.php(67): CodeIgniter\Boot::runCodeIgniter()
11 FCPATH/index.php(56): CodeIgniter\Boot::bootWeb()
CRITICAL - 2024-08-21 08:21:26 --> ErrorException: Undefined array key "account_holder"
[Method: GET, Route: accounts_data]
in APPPATH/Views/kd_project/accounts_data_view.php on line 52.
 1 APPPATH/Views/kd_project/accounts_data_view.php(52): CodeIgniter\Debug\Exceptions->errorHandler()
 2 SYSTEMPATH/View/View.php(234): include('/home/u877349608/domains/muraridubey.com/public_html/codeigniter/app/Views/kd_project/accounts_data_view.php')
 3 SYSTEMPATH/View/View.php(237): CodeIgniter\View\View->CodeIgniter\View\{closure}()
 4 SYSTEMPATH/Common.php(1171): CodeIgniter\View\View->render()
 5 APPPATH/Controllers/Accounts_data_controller.php(23): view()
 6 SYSTEMPATH/CodeIgniter.php(933): App\Controllers\Accounts_data_controller->index()
 7 SYSTEMPATH/CodeIgniter.php(509): CodeIgniter\CodeIgniter->runController()
 8 SYSTEMPATH/CodeIgniter.php(355): CodeIgniter\CodeIgniter->handleRequest()
 9 SYSTEMPATH/Boot.php(325): CodeIgniter\CodeIgniter->run()
10 SYSTEMPATH/Boot.php(67): CodeIgniter\Boot::runCodeIgniter()
11 FCPATH/index.php(56): CodeIgniter\Boot::bootWeb()
CRITICAL - 2024-08-21 08:26:04 --> ErrorException: Undefined array key "account_holder"
[Method: GET, Route: accounts_data]
in APPPATH/Views/kd_project/accounts_data_view.php on line 52.
 1 APPPATH/Views/kd_project/accounts_data_view.php(52): CodeIgniter\Debug\Exceptions->errorHandler()
 2 SYSTEMPATH/View/View.php(234): include('/home/u877349608/domains/muraridubey.com/public_html/codeigniter/app/Views/kd_project/accounts_data_view.php')
 3 SYSTEMPATH/View/View.php(237): CodeIgniter\View\View->CodeIgniter\View\{closure}()
 4 SYSTEMPATH/Common.php(1171): CodeIgniter\View\View->render()
 5 APPPATH/Controllers/Accounts_data_controller.php(23): view()
 6 SYSTEMPATH/CodeIgniter.php(933): App\Controllers\Accounts_data_controller->index()
 7 SYSTEMPATH/CodeIgniter.php(509): CodeIgniter\CodeIgniter->runController()
 8 SYSTEMPATH/CodeIgniter.php(355): CodeIgniter\CodeIgniter->handleRequest()
 9 SYSTEMPATH/Boot.php(325): CodeIgniter\CodeIgniter->run()
10 SYSTEMPATH/Boot.php(67): CodeIgniter\Boot::runCodeIgniter()
11 FCPATH/index.php(56): CodeIgniter\Boot::bootWeb()
CRITICAL - 2024-08-21 08:27:52 --> ErrorException: Undefined array key "account_holder"
[Method: GET, Route: accounts_data]
in APPPATH/Views/kd_project/accounts_data_view.php on line 52.
 1 APPPATH/Views/kd_project/accounts_data_view.php(52): CodeIgniter\Debug\Exceptions->errorHandler()
 2 SYSTEMPATH/View/View.php(234): include('/home/u877349608/domains/muraridubey.com/public_html/codeigniter/app/Views/kd_project/accounts_data_view.php')
 3 SYSTEMPATH/View/View.php(237): CodeIgniter\View\View->CodeIgniter\View\{closure}()
 4 SYSTEMPATH/Common.php(1171): CodeIgniter\View\View->render()
 5 APPPATH/Controllers/Accounts_data_controller.php(23): view()
 6 SYSTEMPATH/CodeIgniter.php(933): App\Controllers\Accounts_data_controller->index()
 7 SYSTEMPATH/CodeIgniter.php(509): CodeIgniter\CodeIgniter->runController()
 8 SYSTEMPATH/CodeIgniter.php(355): CodeIgniter\CodeIgniter->handleRequest()
 9 SYSTEMPATH/Boot.php(325): CodeIgniter\CodeIgniter->run()
10 SYSTEMPATH/Boot.php(67): CodeIgniter\Boot::runCodeIgniter()
11 FCPATH/index.php(56): CodeIgniter\Boot::bootWeb()
CRITICAL - 2024-08-21 08:28:03 --> ErrorException: Undefined array key "account_holder"
[Method: GET, Route: accounts_data]
in APPPATH/Views/kd_project/accounts_data_view.php on line 52.
 1 APPPATH/Views/kd_project/accounts_data_view.php(52): CodeIgniter\Debug\Exceptions->errorHandler()
 2 SYSTEMPATH/View/View.php(234): include('/home/u877349608/domains/muraridubey.com/public_html/codeigniter/app/Views/kd_project/accounts_data_view.php')
 3 SYSTEMPATH/View/View.php(237): CodeIgniter\View\View->CodeIgniter\View\{closure}()
 4 SYSTEMPATH/Common.php(1171): CodeIgniter\View\View->render()
 5 APPPATH/Controllers/Accounts_data_controller.php(23): view()
 6 SYSTEMPATH/CodeIgniter.php(933): App\Controllers\Accounts_data_controller->index()
 7 SYSTEMPATH/CodeIgniter.php(509): CodeIgniter\CodeIgniter->runController()
 8 SYSTEMPATH/CodeIgniter.php(355): CodeIgniter\CodeIgniter->handleRequest()
 9 SYSTEMPATH/Boot.php(325): CodeIgniter\CodeIgniter->run()
10 SYSTEMPATH/Boot.php(67): CodeIgniter\Boot::runCodeIgniter()
11 FCPATH/index.php(56): CodeIgniter\Boot::bootWeb()
CRITICAL - 2024-08-21 08:34:19 --> ErrorException: Undefined array key "account_holder"
[Method: GET, Route: accounts_data]
in APPPATH/Views/kd_project/accounts_data_view.php on line 53.
 1 APPPATH/Views/kd_project/accounts_data_view.php(53): CodeIgniter\Debug\Exceptions->errorHandler()
 2 SYSTEMPATH/View/View.php(234): include('/home/u877349608/domains/muraridubey.com/public_html/codeigniter/app/Views/kd_project/accounts_data_view.php')
 3 SYSTEMPATH/View/View.php(237): CodeIgniter\View\View->CodeIgniter\View\{closure}()
 4 SYSTEMPATH/Common.php(1171): CodeIgniter\View\View->render()
 5 APPPATH/Controllers/Accounts_data_controller.php(23): view()
 6 SYSTEMPATH/CodeIgniter.php(933): App\Controllers\Accounts_data_controller->index()
 7 SYSTEMPATH/CodeIgniter.php(509): CodeIgniter\CodeIgniter->runController()
 8 SYSTEMPATH/CodeIgniter.php(355): CodeIgniter\CodeIgniter->handleRequest()
 9 SYSTEMPATH/Boot.php(325): CodeIgniter\CodeIgniter->run()
10 SYSTEMPATH/Boot.php(67): CodeIgniter\Boot::runCodeIgniter()
11 FCPATH/index.php(56): CodeIgniter\Boot::bootWeb()
ERROR - 2024-08-21 08:39:39 --> mysqli_sql_exception: Unknown column 'AD.account_number' in 'on clause' in /home/u877349608/domains/muraridubey.com/public_html/codeigniter/system/Database/MySQLi/Connection.php:312
Stack trace:
#0 /home/u877349608/domains/muraridubey.com/public_html/codeigniter/system/Database/MySQLi/Connection.php(312): mysqli->query()
#1 /home/u877349608/domains/muraridubey.com/public_html/codeigniter/system/Database/BaseConnection.php(734): CodeIgniter\Database\MySQLi\Connection->execute()
#2 /home/u877349608/domains/muraridubey.com/public_html/codeigniter/system/Database/BaseConnection.php(648): CodeIgniter\Database\BaseConnection->simpleQuery()
#3 /home/u877349608/domains/muraridubey.com/public_html/codeigniter/app/Models/Accounts_data_model.php(22): CodeIgniter\Database\BaseConnection->query()
#4 /home/u877349608/domains/muraridubey.com/public_html/codeigniter/app/Controllers/Accounts_data_controller.php(20): App\Models\accounts_data_model->get_accounts_data()
#5 /home/u877349608/domains/muraridubey.com/public_html/codeigniter/system/CodeIgniter.php(933): App\Controllers\Accounts_data_controller->index()
#6 /home/u877349608/domains/muraridubey.com/public_html/codeigniter/system/CodeIgniter.php(509): CodeIgniter\CodeIgniter->runController()
#7 /home/u877349608/domains/muraridubey.com/public_html/codeigniter/system/CodeIgniter.php(355): CodeIgniter\CodeIgniter->handleRequest()
#8 /home/u877349608/domains/muraridubey.com/public_html/codeigniter/system/Boot.php(325): CodeIgniter\CodeIgniter->run()
#9 /home/u877349608/domains/muraridubey.com/public_html/codeigniter/system/Boot.php(67): CodeIgniter\Boot::runCodeIgniter()
#10 /home/u877349608/domains/muraridubey.com/public_html/codeigniter/public/index.php(56): CodeIgniter\Boot::bootWeb()
#11 {main}
CRITICAL - 2024-08-21 08:39:39 --> CodeIgniter\Database\Exceptions\DatabaseException: Unknown column 'AD.account_number' in 'on clause'
[Method: GET, Route: accounts_data]
in SYSTEMPATH/Database/BaseConnection.php on line 688.
 1 APPPATH/Models/Accounts_data_model.php(22): CodeIgniter\Database\BaseConnection->query()
 2 APPPATH/Controllers/Accounts_data_controller.php(20): App\Models\accounts_data_model->get_accounts_data()
 3 SYSTEMPATH/CodeIgniter.php(933): App\Controllers\Accounts_data_controller->index()
 4 SYSTEMPATH/CodeIgniter.php(509): CodeIgniter\CodeIgniter->runController()
 5 SYSTEMPATH/CodeIgniter.php(355): CodeIgniter\CodeIgniter->handleRequest()
 6 SYSTEMPATH/Boot.php(325): CodeIgniter\CodeIgniter->run()
 7 SYSTEMPATH/Boot.php(67): CodeIgniter\Boot::runCodeIgniter()
 8 FCPATH/index.php(56): CodeIgniter\Boot::bootWeb()
CRITICAL - 2024-08-21 08:39:39 --> [Caused by] CodeIgniter\Database\Exceptions\DatabaseException: Unknown column 'AD.account_number' in 'on clause'
in SYSTEMPATH/Database/MySQLi/Connection.php on line 317.
 1 SYSTEMPATH/Database/BaseConnection.php(734): CodeIgniter\Database\MySQLi\Connection->execute()
 2 SYSTEMPATH/Database/BaseConnection.php(648): CodeIgniter\Database\BaseConnection->simpleQuery()
 3 APPPATH/Models/Accounts_data_model.php(22): CodeIgniter\Database\BaseConnection->query()
 4 APPPATH/Controllers/Accounts_data_controller.php(20): App\Models\accounts_data_model->get_accounts_data()
 5 SYSTEMPATH/CodeIgniter.php(933): App\Controllers\Accounts_data_controller->index()
 6 SYSTEMPATH/CodeIgniter.php(509): CodeIgniter\CodeIgniter->runController()
 7 SYSTEMPATH/CodeIgniter.php(355): CodeIgniter\CodeIgniter->handleRequest()
 8 SYSTEMPATH/Boot.php(325): CodeIgniter\CodeIgniter->run()
 9 SYSTEMPATH/Boot.php(67): CodeIgniter\Boot::runCodeIgniter()
10 FCPATH/index.php(56): CodeIgniter\Boot::bootWeb()
CRITICAL - 2024-08-21 08:39:39 --> [Caused by] mysqli_sql_exception: Unknown column 'AD.account_number' in 'on clause'
in SYSTEMPATH/Database/MySQLi/Connection.php on line 312.
 1 SYSTEMPATH/Database/MySQLi/Connection.php(312): mysqli->query()
 2 SYSTEMPATH/Database/BaseConnection.php(734): CodeIgniter\Database\MySQLi\Connection->execute()
 3 SYSTEMPATH/Database/BaseConnection.php(648): CodeIgniter\Database\BaseConnection->simpleQuery()
 4 APPPATH/Models/Accounts_data_model.php(22): CodeIgniter\Database\BaseConnection->query()
 5 APPPATH/Controllers/Accounts_data_controller.php(20): App\Models\accounts_data_model->get_accounts_data()
 6 SYSTEMPATH/CodeIgniter.php(933): App\Controllers\Accounts_data_controller->index()
 7 SYSTEMPATH/CodeIgniter.php(509): CodeIgniter\CodeIgniter->runController()
 8 SYSTEMPATH/CodeIgniter.php(355): CodeIgniter\CodeIgniter->handleRequest()
 9 SYSTEMPATH/Boot.php(325): CodeIgniter\CodeIgniter->run()
10 SYSTEMPATH/Boot.php(67): CodeIgniter\Boot::runCodeIgniter()
11 FCPATH/index.php(56): CodeIgniter\Boot::bootWeb()
ERROR - 2024-08-21 08:40:18 --> mysqli_sql_exception: Unknown column 'AD.account_number' in 'on clause' in /home/u877349608/domains/muraridubey.com/public_html/codeigniter/system/Database/MySQLi/Connection.php:312
Stack trace:
#0 /home/u877349608/domains/muraridubey.com/public_html/codeigniter/system/Database/MySQLi/Connection.php(312): mysqli->query()
#1 /home/u877349608/domains/muraridubey.com/public_html/codeigniter/system/Database/BaseConnection.php(734): CodeIgniter\Database\MySQLi\Connection->execute()
#2 /home/u877349608/domains/muraridubey.com/public_html/codeigniter/system/Database/BaseConnection.php(648): CodeIgniter\Database\BaseConnection->simpleQuery()
#3 /home/u877349608/domains/muraridubey.com/public_html/codeigniter/app/Models/Accounts_data_model.php(22): CodeIgniter\Database\BaseConnection->query()
#4 /home/u877349608/domains/muraridubey.com/public_html/codeigniter/app/Controllers/Accounts_data_controller.php(20): App\Models\accounts_data_model->get_accounts_data()
#5 /home/u877349608/domains/muraridubey.com/public_html/codeigniter/system/CodeIgniter.php(933): App\Controllers\Accounts_data_controller->index()
#6 /home/u877349608/domains/muraridubey.com/public_html/codeigniter/system/CodeIgniter.php(509): CodeIgniter\CodeIgniter->runController()
#7 /home/u877349608/domains/muraridubey.com/public_html/codeigniter/system/CodeIgniter.php(355): CodeIgniter\CodeIgniter->handleRequest()
#8 /home/u877349608/domains/muraridubey.com/public_html/codeigniter/system/Boot.php(325): CodeIgniter\CodeIgniter->run()
#9 /home/u877349608/domains/muraridubey.com/public_html/codeigniter/system/Boot.php(67): CodeIgniter\Boot::runCodeIgniter()
#10 /home/u877349608/domains/muraridubey.com/public_html/codeigniter/public/index.php(56): CodeIgniter\Boot::bootWeb()
#11 {main}
CRITICAL - 2024-08-21 08:40:18 --> CodeIgniter\Database\Exceptions\DatabaseException: Unknown column 'AD.account_number' in 'on clause'
[Method: GET, Route: accounts_data]
in SYSTEMPATH/Database/BaseConnection.php on line 688.
 1 APPPATH/Models/Accounts_data_model.php(22): CodeIgniter\Database\BaseConnection->query()
 2 APPPATH/Controllers/Accounts_data_controller.php(20): App\Models\accounts_data_model->get_accounts_data()
 3 SYSTEMPATH/CodeIgniter.php(933): App\Controllers\Accounts_data_controller->index()
 4 SYSTEMPATH/CodeIgniter.php(509): CodeIgniter\CodeIgniter->runController()
 5 SYSTEMPATH/CodeIgniter.php(355): CodeIgniter\CodeIgniter->handleRequest()
 6 SYSTEMPATH/Boot.php(325): CodeIgniter\CodeIgniter->run()
 7 SYSTEMPATH/Boot.php(67): CodeIgniter\Boot::runCodeIgniter()
 8 FCPATH/index.php(56): CodeIgniter\Boot::bootWeb()
CRITICAL - 2024-08-21 08:40:18 --> [Caused by] CodeIgniter\Database\Exceptions\DatabaseException: Unknown column 'AD.account_number' in 'on clause'
in SYSTEMPATH/Database/MySQLi/Connection.php on line 317.
 1 SYSTEMPATH/Database/BaseConnection.php(734): CodeIgniter\Database\MySQLi\Connection->execute()
 2 SYSTEMPATH/Database/BaseConnection.php(648): CodeIgniter\Database\BaseConnection->simpleQuery()
 3 APPPATH/Models/Accounts_data_model.php(22): CodeIgniter\Database\BaseConnection->query()
 4 APPPATH/Controllers/Accounts_data_controller.php(20): App\Models\accounts_data_model->get_accounts_data()
 5 SYSTEMPATH/CodeIgniter.php(933): App\Controllers\Accounts_data_controller->index()
 6 SYSTEMPATH/CodeIgniter.php(509): CodeIgniter\CodeIgniter->runController()
 7 SYSTEMPATH/CodeIgniter.php(355): CodeIgniter\CodeIgniter->handleRequest()
 8 SYSTEMPATH/Boot.php(325): CodeIgniter\CodeIgniter->run()
 9 SYSTEMPATH/Boot.php(67): CodeIgniter\Boot::runCodeIgniter()
10 FCPATH/index.php(56): CodeIgniter\Boot::bootWeb()
CRITICAL - 2024-08-21 08:40:18 --> [Caused by] mysqli_sql_exception: Unknown column 'AD.account_number' in 'on clause'
in SYSTEMPATH/Database/MySQLi/Connection.php on line 312.
 1 SYSTEMPATH/Database/MySQLi/Connection.php(312): mysqli->query()
 2 SYSTEMPATH/Database/BaseConnection.php(734): CodeIgniter\Database\MySQLi\Connection->execute()
 3 SYSTEMPATH/Database/BaseConnection.php(648): CodeIgniter\Database\BaseConnection->simpleQuery()
 4 APPPATH/Models/Accounts_data_model.php(22): CodeIgniter\Database\BaseConnection->query()
 5 APPPATH/Controllers/Accounts_data_controller.php(20): App\Models\accounts_data_model->get_accounts_data()
 6 SYSTEMPATH/CodeIgniter.php(933): App\Controllers\Accounts_data_controller->index()
 7 SYSTEMPATH/CodeIgniter.php(509): CodeIgniter\CodeIgniter->runController()
 8 SYSTEMPATH/CodeIgniter.php(355): CodeIgniter\CodeIgniter->handleRequest()
 9 SYSTEMPATH/Boot.php(325): CodeIgniter\CodeIgniter->run()
10 SYSTEMPATH/Boot.php(67): CodeIgniter\Boot::runCodeIgniter()
11 FCPATH/index.php(56): CodeIgniter\Boot::bootWeb()
ERROR - 2024-08-21 08:41:20 --> mysqli_sql_exception: Unknown column 'AD.account_number' in 'on clause' in /home/u877349608/domains/muraridubey.com/public_html/codeigniter/system/Database/MySQLi/Connection.php:312
Stack trace:
#0 /home/u877349608/domains/muraridubey.com/public_html/codeigniter/system/Database/MySQLi/Connection.php(312): mysqli->query()
#1 /home/u877349608/domains/muraridubey.com/public_html/codeigniter/system/Database/BaseConnection.php(734): CodeIgniter\Database\MySQLi\Connection->execute()
#2 /home/u877349608/domains/muraridubey.com/public_html/codeigniter/system/Database/BaseConnection.php(648): CodeIgniter\Database\BaseConnection->simpleQuery()
#3 /home/u877349608/domains/muraridubey.com/public_html/codeigniter/app/Models/Accounts_data_model.php(22): CodeIgniter\Database\BaseConnection->query()
#4 /home/u877349608/domains/muraridubey.com/public_html/codeigniter/app/Controllers/Accounts_data_controller.php(20): App\Models\accounts_data_model->get_accounts_data()
#5 /home/u877349608/domains/muraridubey.com/public_html/codeigniter/system/CodeIgniter.php(933): App\Controllers\Accounts_data_controller->index()
#6 /home/u877349608/domains/muraridubey.com/public_html/codeigniter/system/CodeIgniter.php(509): CodeIgniter\CodeIgniter->runController()
#7 /home/u877349608/domains/muraridubey.com/public_html/codeigniter/system/CodeIgniter.php(355): CodeIgniter\CodeIgniter->handleRequest()
#8 /home/u877349608/domains/muraridubey.com/public_html/codeigniter/system/Boot.php(325): CodeIgniter\CodeIgniter->run()
#9 /home/u877349608/domains/muraridubey.com/public_html/codeigniter/system/Boot.php(67): CodeIgniter\Boot::runCodeIgniter()
#10 /home/u877349608/domains/muraridubey.com/public_html/codeigniter/public/index.php(56): CodeIgniter\Boot::bootWeb()
#11 {main}
CRITICAL - 2024-08-21 08:41:20 --> CodeIgniter\Database\Exceptions\DatabaseException: Unknown column 'AD.account_number' in 'on clause'
[Method: GET, Route: accounts_data]
in SYSTEMPATH/Database/BaseConnection.php on line 688.
 1 APPPATH/Models/Accounts_data_model.php(22): CodeIgniter\Database\BaseConnection->query()
 2 APPPATH/Controllers/Accounts_data_controller.php(20): App\Models\accounts_data_model->get_accounts_data()
 3 SYSTEMPATH/CodeIgniter.php(933): App\Controllers\Accounts_data_controller->index()
 4 SYSTEMPATH/CodeIgniter.php(509): CodeIgniter\CodeIgniter->runController()
 5 SYSTEMPATH/CodeIgniter.php(355): CodeIgniter\CodeIgniter->handleRequest()
 6 SYSTEMPATH/Boot.php(325): CodeIgniter\CodeIgniter->run()
 7 SYSTEMPATH/Boot.php(67): CodeIgniter\Boot::runCodeIgniter()
 8 FCPATH/index.php(56): CodeIgniter\Boot::bootWeb()
CRITICAL - 2024-08-21 08:41:20 --> [Caused by] CodeIgniter\Database\Exceptions\DatabaseException: Unknown column 'AD.account_number' in 'on clause'
in SYSTEMPATH/Database/MySQLi/Connection.php on line 317.
 1 SYSTEMPATH/Database/BaseConnection.php(734): CodeIgniter\Database\MySQLi\Connection->execute()
 2 SYSTEMPATH/Database/BaseConnection.php(648): CodeIgniter\Database\BaseConnection->simpleQuery()
 3 APPPATH/Models/Accounts_data_model.php(22): CodeIgniter\Database\BaseConnection->query()
 4 APPPATH/Controllers/Accounts_data_controller.php(20): App\Models\accounts_data_model->get_accounts_data()
 5 SYSTEMPATH/CodeIgniter.php(933): App\Controllers\Accounts_data_controller->index()
 6 SYSTEMPATH/CodeIgniter.php(509): CodeIgniter\CodeIgniter->runController()
 7 SYSTEMPATH/CodeIgniter.php(355): CodeIgniter\CodeIgniter->handleRequest()
 8 SYSTEMPATH/Boot.php(325): CodeIgniter\CodeIgniter->run()
 9 SYSTEMPATH/Boot.php(67): CodeIgniter\Boot::runCodeIgniter()
10 FCPATH/index.php(56): CodeIgniter\Boot::bootWeb()
CRITICAL - 2024-08-21 08:41:20 --> [Caused by] mysqli_sql_exception: Unknown column 'AD.account_number' in 'on clause'
in SYSTEMPATH/Database/MySQLi/Connection.php on line 312.
 1 SYSTEMPATH/Database/MySQLi/Connection.php(312): mysqli->query()
 2 SYSTEMPATH/Database/BaseConnection.php(734): CodeIgniter\Database\MySQLi\Connection->execute()
 3 SYSTEMPATH/Database/BaseConnection.php(648): CodeIgniter\Database\BaseConnection->simpleQuery()
 4 APPPATH/Models/Accounts_data_model.php(22): CodeIgniter\Database\BaseConnection->query()
 5 APPPATH/Controllers/Accounts_data_controller.php(20): App\Models\accounts_data_model->get_accounts_data()
 6 SYSTEMPATH/CodeIgniter.php(933): App\Controllers\Accounts_data_controller->index()
 7 SYSTEMPATH/CodeIgniter.php(509): CodeIgniter\CodeIgniter->runController()
 8 SYSTEMPATH/CodeIgniter.php(355): CodeIgniter\CodeIgniter->handleRequest()
 9 SYSTEMPATH/Boot.php(325): CodeIgniter\CodeIgniter->run()
10 SYSTEMPATH/Boot.php(67): CodeIgniter\Boot::runCodeIgniter()
11 FCPATH/index.php(56): CodeIgniter\Boot::bootWeb()
ERROR - 2024-08-21 08:41:34 --> mysqli_sql_exception: Unknown column 'AD.account_number' in 'on clause' in /home/u877349608/domains/muraridubey.com/public_html/codeigniter/system/Database/MySQLi/Connection.php:312
Stack trace:
#0 /home/u877349608/domains/muraridubey.com/public_html/codeigniter/system/Database/MySQLi/Connection.php(312): mysqli->query()
#1 /home/u877349608/domains/muraridubey.com/public_html/codeigniter/system/Database/BaseConnection.php(734): CodeIgniter\Database\MySQLi\Connection->execute()
#2 /home/u877349608/domains/muraridubey.com/public_html/codeigniter/system/Database/BaseConnection.php(648): CodeIgniter\Database\BaseConnection->simpleQuery()
#3 /home/u877349608/domains/muraridubey.com/public_html/codeigniter/app/Models/Accounts_data_model.php(22): CodeIgniter\Database\BaseConnection->query()
#4 /home/u877349608/domains/muraridubey.com/public_html/codeigniter/app/Controllers/Accounts_data_controller.php(20): App\Models\accounts_data_model->get_accounts_data()
#5 /home/u877349608/domains/muraridubey.com/public_html/codeigniter/system/CodeIgniter.php(933): App\Controllers\Accounts_data_controller->index()
#6 /home/u877349608/domains/muraridubey.com/public_html/codeigniter/system/CodeIgniter.php(509): CodeIgniter\CodeIgniter->runController()
#7 /home/u877349608/domains/muraridubey.com/public_html/codeigniter/system/CodeIgniter.php(355): CodeIgniter\CodeIgniter->handleRequest()
#8 /home/u877349608/domains/muraridubey.com/public_html/codeigniter/system/Boot.php(325): CodeIgniter\CodeIgniter->run()
#9 /home/u877349608/domains/muraridubey.com/public_html/codeigniter/system/Boot.php(67): CodeIgniter\Boot::runCodeIgniter()
#10 /home/u877349608/domains/muraridubey.com/public_html/codeigniter/public/index.php(56): CodeIgniter\Boot::bootWeb()
#11 {main}
CRITICAL - 2024-08-21 08:41:34 --> CodeIgniter\Database\Exceptions\DatabaseException: Unknown column 'AD.account_number' in 'on clause'
[Method: GET, Route: accounts_data]
in SYSTEMPATH/Database/BaseConnection.php on line 688.
 1 APPPATH/Models/Accounts_data_model.php(22): CodeIgniter\Database\BaseConnection->query()
 2 APPPATH/Controllers/Accounts_data_controller.php(20): App\Models\accounts_data_model->get_accounts_data()
 3 SYSTEMPATH/CodeIgniter.php(933): App\Controllers\Accounts_data_controller->index()
 4 SYSTEMPATH/CodeIgniter.php(509): CodeIgniter\CodeIgniter->runController()
 5 SYSTEMPATH/CodeIgniter.php(355): CodeIgniter\CodeIgniter->handleRequest()
 6 SYSTEMPATH/Boot.php(325): CodeIgniter\CodeIgniter->run()
 7 SYSTEMPATH/Boot.php(67): CodeIgniter\Boot::runCodeIgniter()
 8 FCPATH/index.php(56): CodeIgniter\Boot::bootWeb()
CRITICAL - 2024-08-21 08:41:34 --> [Caused by] CodeIgniter\Database\Exceptions\DatabaseException: Unknown column 'AD.account_number' in 'on clause'
in SYSTEMPATH/Database/MySQLi/Connection.php on line 317.
 1 SYSTEMPATH/Database/BaseConnection.php(734): CodeIgniter\Database\MySQLi\Connection->execute()
 2 SYSTEMPATH/Database/BaseConnection.php(648): CodeIgniter\Database\BaseConnection->simpleQuery()
 3 APPPATH/Models/Accounts_data_model.php(22): CodeIgniter\Database\BaseConnection->query()
 4 APPPATH/Controllers/Accounts_data_controller.php(20): App\Models\accounts_data_model->get_accounts_data()
 5 SYSTEMPATH/CodeIgniter.php(933): App\Controllers\Accounts_data_controller->index()
 6 SYSTEMPATH/CodeIgniter.php(509): CodeIgniter\CodeIgniter->runController()
 7 SYSTEMPATH/CodeIgniter.php(355): CodeIgniter\CodeIgniter->handleRequest()
 8 SYSTEMPATH/Boot.php(325): CodeIgniter\CodeIgniter->run()
 9 SYSTEMPATH/Boot.php(67): CodeIgniter\Boot::runCodeIgniter()
10 FCPATH/index.php(56): CodeIgniter\Boot::bootWeb()
CRITICAL - 2024-08-21 08:41:34 --> [Caused by] mysqli_sql_exception: Unknown column 'AD.account_number' in 'on clause'
in SYSTEMPATH/Database/MySQLi/Connection.php on line 312.
 1 SYSTEMPATH/Database/MySQLi/Connection.php(312): mysqli->query()
 2 SYSTEMPATH/Database/BaseConnection.php(734): CodeIgniter\Database\MySQLi\Connection->execute()
 3 SYSTEMPATH/Database/BaseConnection.php(648): CodeIgniter\Database\BaseConnection->simpleQuery()
 4 APPPATH/Models/Accounts_data_model.php(22): CodeIgniter\Database\BaseConnection->query()
 5 APPPATH/Controllers/Accounts_data_controller.php(20): App\Models\accounts_data_model->get_accounts_data()
 6 SYSTEMPATH/CodeIgniter.php(933): App\Controllers\Accounts_data_controller->index()
 7 SYSTEMPATH/CodeIgniter.php(509): CodeIgniter\CodeIgniter->runController()
 8 SYSTEMPATH/CodeIgniter.php(355): CodeIgniter\CodeIgniter->handleRequest()
 9 SYSTEMPATH/Boot.php(325): CodeIgniter\CodeIgniter->run()
10 SYSTEMPATH/Boot.php(67): CodeIgniter\Boot::runCodeIgniter()
11 FCPATH/index.php(56): CodeIgniter\Boot::bootWeb()
ERROR - 2024-08-21 08:41:53 --> mysqli_sql_exception: Unknown column 'AD.account_number' in 'on clause' in /home/u877349608/domains/muraridubey.com/public_html/codeigniter/system/Database/MySQLi/Connection.php:312
Stack trace:
#0 /home/u877349608/domains/muraridubey.com/public_html/codeigniter/system/Database/MySQLi/Connection.php(312): mysqli->query()
#1 /home/u877349608/domains/muraridubey.com/public_html/codeigniter/system/Database/BaseConnection.php(734): CodeIgniter\Database\MySQLi\Connection->execute()
#2 /home/u877349608/domains/muraridubey.com/public_html/codeigniter/system/Database/BaseConnection.php(648): CodeIgniter\Database\BaseConnection->simpleQuery()
#3 /home/u877349608/domains/muraridubey.com/public_html/codeigniter/app/Models/Accounts_data_model.php(22): CodeIgniter\Database\BaseConnection->query()
#4 /home/u877349608/domains/muraridubey.com/public_html/codeigniter/app/Controllers/Accounts_data_controller.php(20): App\Models\accounts_data_model->get_accounts_data()
#5 /home/u877349608/domains/muraridubey.com/public_html/codeigniter/system/CodeIgniter.php(933): App\Controllers\Accounts_data_controller->index()
#6 /home/u877349608/domains/muraridubey.com/public_html/codeigniter/system/CodeIgniter.php(509): CodeIgniter\CodeIgniter->runController()
#7 /home/u877349608/domains/muraridubey.com/public_html/codeigniter/system/CodeIgniter.php(355): CodeIgniter\CodeIgniter->handleRequest()
#8 /home/u877349608/domains/muraridubey.com/public_html/codeigniter/system/Boot.php(325): CodeIgniter\CodeIgniter->run()
#9 /home/u877349608/domains/muraridubey.com/public_html/codeigniter/system/Boot.php(67): CodeIgniter\Boot::runCodeIgniter()
#10 /home/u877349608/domains/muraridubey.com/public_html/codeigniter/public/index.php(56): CodeIgniter\Boot::bootWeb()
#11 {main}
CRITICAL - 2024-08-21 08:41:53 --> CodeIgniter\Database\Exceptions\DatabaseException: Unknown column 'AD.account_number' in 'on clause'
[Method: GET, Route: accounts_data]
in SYSTEMPATH/Database/BaseConnection.php on line 688.
 1 APPPATH/Models/Accounts_data_model.php(22): CodeIgniter\Database\BaseConnection->query()
 2 APPPATH/Controllers/Accounts_data_controller.php(20): App\Models\accounts_data_model->get_accounts_data()
 3 SYSTEMPATH/CodeIgniter.php(933): App\Controllers\Accounts_data_controller->index()
 4 SYSTEMPATH/CodeIgniter.php(509): CodeIgniter\CodeIgniter->runController()
 5 SYSTEMPATH/CodeIgniter.php(355): CodeIgniter\CodeIgniter->handleRequest()
 6 SYSTEMPATH/Boot.php(325): CodeIgniter\CodeIgniter->run()
 7 SYSTEMPATH/Boot.php(67): CodeIgniter\Boot::runCodeIgniter()
 8 FCPATH/index.php(56): CodeIgniter\Boot::bootWeb()
CRITICAL - 2024-08-21 08:41:53 --> [Caused by] CodeIgniter\Database\Exceptions\DatabaseException: Unknown column 'AD.account_number' in 'on clause'
in SYSTEMPATH/Database/MySQLi/Connection.php on line 317.
 1 SYSTEMPATH/Database/BaseConnection.php(734): CodeIgniter\Database\MySQLi\Connection->execute()
 2 SYSTEMPATH/Database/BaseConnection.php(648): CodeIgniter\Database\BaseConnection->simpleQuery()
 3 APPPATH/Models/Accounts_data_model.php(22): CodeIgniter\Database\BaseConnection->query()
 4 APPPATH/Controllers/Accounts_data_controller.php(20): App\Models\accounts_data_model->get_accounts_data()
 5 SYSTEMPATH/CodeIgniter.php(933): App\Controllers\Accounts_data_controller->index()
 6 SYSTEMPATH/CodeIgniter.php(509): CodeIgniter\CodeIgniter->runController()
 7 SYSTEMPATH/CodeIgniter.php(355): CodeIgniter\CodeIgniter->handleRequest()
 8 SYSTEMPATH/Boot.php(325): CodeIgniter\CodeIgniter->run()
 9 SYSTEMPATH/Boot.php(67): CodeIgniter\Boot::runCodeIgniter()
10 FCPATH/index.php(56): CodeIgniter\Boot::bootWeb()
CRITICAL - 2024-08-21 08:41:53 --> [Caused by] mysqli_sql_exception: Unknown column 'AD.account_number' in 'on clause'
in SYSTEMPATH/Database/MySQLi/Connection.php on line 312.
 1 SYSTEMPATH/Database/MySQLi/Connection.php(312): mysqli->query()
 2 SYSTEMPATH/Database/BaseConnection.php(734): CodeIgniter\Database\MySQLi\Connection->execute()
 3 SYSTEMPATH/Database/BaseConnection.php(648): CodeIgniter\Database\BaseConnection->simpleQuery()
 4 APPPATH/Models/Accounts_data_model.php(22): CodeIgniter\Database\BaseConnection->query()
 5 APPPATH/Controllers/Accounts_data_controller.php(20): App\Models\accounts_data_model->get_accounts_data()
 6 SYSTEMPATH/CodeIgniter.php(933): App\Controllers\Accounts_data_controller->index()
 7 SYSTEMPATH/CodeIgniter.php(509): CodeIgniter\CodeIgniter->runController()
 8 SYSTEMPATH/CodeIgniter.php(355): CodeIgniter\CodeIgniter->handleRequest()
 9 SYSTEMPATH/Boot.php(325): CodeIgniter\CodeIgniter->run()
10 SYSTEMPATH/Boot.php(67): CodeIgniter\Boot::runCodeIgniter()
11 FCPATH/index.php(56): CodeIgniter\Boot::bootWeb()
ERROR - 2024-08-21 08:45:03 --> mysqli_sql_exception: Unknown column 'AD.account_number' in 'on clause' in /home/u877349608/domains/muraridubey.com/public_html/codeigniter/system/Database/MySQLi/Connection.php:312
Stack trace:
#0 /home/u877349608/domains/muraridubey.com/public_html/codeigniter/system/Database/MySQLi/Connection.php(312): mysqli->query()
#1 /home/u877349608/domains/muraridubey.com/public_html/codeigniter/system/Database/BaseConnection.php(734): CodeIgniter\Database\MySQLi\Connection->execute()
#2 /home/u877349608/domains/muraridubey.com/public_html/codeigniter/system/Database/BaseConnection.php(648): CodeIgniter\Database\BaseConnection->simpleQuery()
#3 /home/u877349608/domains/muraridubey.com/public_html/codeigniter/app/Models/Accounts_data_model.php(22): CodeIgniter\Database\BaseConnection->query()
#4 /home/u877349608/domains/muraridubey.com/public_html/codeigniter/app/Controllers/Accounts_data_controller.php(20): App\Models\accounts_data_model->get_accounts_data()
#5 /home/u877349608/domains/muraridubey.com/public_html/codeigniter/system/CodeIgniter.php(933): App\Controllers\Accounts_data_controller->index()
#6 /home/u877349608/domains/muraridubey.com/public_html/codeigniter/system/CodeIgniter.php(509): CodeIgniter\CodeIgniter->runController()
#7 /home/u877349608/domains/muraridubey.com/public_html/codeigniter/system/CodeIgniter.php(355): CodeIgniter\CodeIgniter->handleRequest()
#8 /home/u877349608/domains/muraridubey.com/public_html/codeigniter/system/Boot.php(325): CodeIgniter\CodeIgniter->run()
#9 /home/u877349608/domains/muraridubey.com/public_html/codeigniter/system/Boot.php(67): CodeIgniter\Boot::runCodeIgniter()
#10 /home/u877349608/domains/muraridubey.com/public_html/codeigniter/public/index.php(56): CodeIgniter\Boot::bootWeb()
#11 {main}
CRITICAL - 2024-08-21 08:45:03 --> CodeIgniter\Database\Exceptions\DatabaseException: Unknown column 'AD.account_number' in 'on clause'
[Method: GET, Route: accounts_data]
in SYSTEMPATH/Database/BaseConnection.php on line 688.
 1 APPPATH/Models/Accounts_data_model.php(22): CodeIgniter\Database\BaseConnection->query()
 2 APPPATH/Controllers/Accounts_data_controller.php(20): App\Models\accounts_data_model->get_accounts_data()
 3 SYSTEMPATH/CodeIgniter.php(933): App\Controllers\Accounts_data_controller->index()
 4 SYSTEMPATH/CodeIgniter.php(509): CodeIgniter\CodeIgniter->runController()
 5 SYSTEMPATH/CodeIgniter.php(355): CodeIgniter\CodeIgniter->handleRequest()
 6 SYSTEMPATH/Boot.php(325): CodeIgniter\CodeIgniter->run()
 7 SYSTEMPATH/Boot.php(67): CodeIgniter\Boot::runCodeIgniter()
 8 FCPATH/index.php(56): CodeIgniter\Boot::bootWeb()
CRITICAL - 2024-08-21 08:45:03 --> [Caused by] CodeIgniter\Database\Exceptions\DatabaseException: Unknown column 'AD.account_number' in 'on clause'
in SYSTEMPATH/Database/MySQLi/Connection.php on line 317.
 1 SYSTEMPATH/Database/BaseConnection.php(734): CodeIgniter\Database\MySQLi\Connection->execute()
 2 SYSTEMPATH/Database/BaseConnection.php(648): CodeIgniter\Database\BaseConnection->simpleQuery()
 3 APPPATH/Models/Accounts_data_model.php(22): CodeIgniter\Database\BaseConnection->query()
 4 APPPATH/Controllers/Accounts_data_controller.php(20): App\Models\accounts_data_model->get_accounts_data()
 5 SYSTEMPATH/CodeIgniter.php(933): App\Controllers\Accounts_data_controller->index()
 6 SYSTEMPATH/CodeIgniter.php(509): CodeIgniter\CodeIgniter->runController()
 7 SYSTEMPATH/CodeIgniter.php(355): CodeIgniter\CodeIgniter->handleRequest()
 8 SYSTEMPATH/Boot.php(325): CodeIgniter\CodeIgniter->run()
 9 SYSTEMPATH/Boot.php(67): CodeIgniter\Boot::runCodeIgniter()
10 FCPATH/index.php(56): CodeIgniter\Boot::bootWeb()
CRITICAL - 2024-08-21 08:45:03 --> [Caused by] mysqli_sql_exception: Unknown column 'AD.account_number' in 'on clause'
in SYSTEMPATH/Database/MySQLi/Connection.php on line 312.
 1 SYSTEMPATH/Database/MySQLi/Connection.php(312): mysqli->query()
 2 SYSTEMPATH/Database/BaseConnection.php(734): CodeIgniter\Database\MySQLi\Connection->execute()
 3 SYSTEMPATH/Database/BaseConnection.php(648): CodeIgniter\Database\BaseConnection->simpleQuery()
 4 APPPATH/Models/Accounts_data_model.php(22): CodeIgniter\Database\BaseConnection->query()
 5 APPPATH/Controllers/Accounts_data_controller.php(20): App\Models\accounts_data_model->get_accounts_data()
 6 SYSTEMPATH/CodeIgniter.php(933): App\Controllers\Accounts_data_controller->index()
 7 SYSTEMPATH/CodeIgniter.php(509): CodeIgniter\CodeIgniter->runController()
 8 SYSTEMPATH/CodeIgniter.php(355): CodeIgniter\CodeIgniter->handleRequest()
 9 SYSTEMPATH/Boot.php(325): CodeIgniter\CodeIgniter->run()
10 SYSTEMPATH/Boot.php(67): CodeIgniter\Boot::runCodeIgniter()
11 FCPATH/index.php(56): CodeIgniter\Boot::bootWeb()
ERROR - 2024-08-21 08:49:57 --> mysqli_sql_exception: Unknown column 'AD.account_number' in 'on clause' in /home/u877349608/domains/muraridubey.com/public_html/codeigniter/system/Database/MySQLi/Connection.php:312
Stack trace:
#0 /home/u877349608/domains/muraridubey.com/public_html/codeigniter/system/Database/MySQLi/Connection.php(312): mysqli->query()
#1 /home/u877349608/domains/muraridubey.com/public_html/codeigniter/system/Database/BaseConnection.php(734): CodeIgniter\Database\MySQLi\Connection->execute()
#2 /home/u877349608/domains/muraridubey.com/public_html/codeigniter/system/Database/BaseConnection.php(648): CodeIgniter\Database\BaseConnection->simpleQuery()
#3 /home/u877349608/domains/muraridubey.com/public_html/codeigniter/app/Models/Accounts_data_model.php(22): CodeIgniter\Database\BaseConnection->query()
#4 /home/u877349608/domains/muraridubey.com/public_html/codeigniter/app/Controllers/Accounts_data_controller.php(20): App\Models\accounts_data_model->get_accounts_data()
#5 /home/u877349608/domains/muraridubey.com/public_html/codeigniter/system/CodeIgniter.php(933): App\Controllers\Accounts_data_controller->index()
#6 /home/u877349608/domains/muraridubey.com/public_html/codeigniter/system/CodeIgniter.php(509): CodeIgniter\CodeIgniter->runController()
#7 /home/u877349608/domains/muraridubey.com/public_html/codeigniter/system/CodeIgniter.php(355): CodeIgniter\CodeIgniter->handleRequest()
#8 /home/u877349608/domains/muraridubey.com/public_html/codeigniter/system/Boot.php(325): CodeIgniter\CodeIgniter->run()
#9 /home/u877349608/domains/muraridubey.com/public_html/codeigniter/system/Boot.php(67): CodeIgniter\Boot::runCodeIgniter()
#10 /home/u877349608/domains/muraridubey.com/public_html/codeigniter/public/index.php(56): CodeIgniter\Boot::bootWeb()
#11 {main}
CRITICAL - 2024-08-21 08:49:57 --> CodeIgniter\Database\Exceptions\DatabaseException: Unknown column 'AD.account_number' in 'on clause'
[Method: GET, Route: accounts_data]
in SYSTEMPATH/Database/BaseConnection.php on line 688.
 1 APPPATH/Models/Accounts_data_model.php(22): CodeIgniter\Database\BaseConnection->query()
 2 APPPATH/Controllers/Accounts_data_controller.php(20): App\Models\accounts_data_model->get_accounts_data()
 3 SYSTEMPATH/CodeIgniter.php(933): App\Controllers\Accounts_data_controller->index()
 4 SYSTEMPATH/CodeIgniter.php(509): CodeIgniter\CodeIgniter->runController()
 5 SYSTEMPATH/CodeIgniter.php(355): CodeIgniter\CodeIgniter->handleRequest()
 6 SYSTEMPATH/Boot.php(325): CodeIgniter\CodeIgniter->run()
 7 SYSTEMPATH/Boot.php(67): CodeIgniter\Boot::runCodeIgniter()
 8 FCPATH/index.php(56): CodeIgniter\Boot::bootWeb()
CRITICAL - 2024-08-21 08:49:57 --> [Caused by] CodeIgniter\Database\Exceptions\DatabaseException: Unknown column 'AD.account_number' in 'on clause'
in SYSTEMPATH/Database/MySQLi/Connection.php on line 317.
 1 SYSTEMPATH/Database/BaseConnection.php(734): CodeIgniter\Database\MySQLi\Connection->execute()
 2 SYSTEMPATH/Database/BaseConnection.php(648): CodeIgniter\Database\BaseConnection->simpleQuery()
 3 APPPATH/Models/Accounts_data_model.php(22): CodeIgniter\Database\BaseConnection->query()
 4 APPPATH/Controllers/Accounts_data_controller.php(20): App\Models\accounts_data_model->get_accounts_data()
 5 SYSTEMPATH/CodeIgniter.php(933): App\Controllers\Accounts_data_controller->index()
 6 SYSTEMPATH/CodeIgniter.php(509): CodeIgniter\CodeIgniter->runController()
 7 SYSTEMPATH/CodeIgniter.php(355): CodeIgniter\CodeIgniter->handleRequest()
 8 SYSTEMPATH/Boot.php(325): CodeIgniter\CodeIgniter->run()
 9 SYSTEMPATH/Boot.php(67): CodeIgniter\Boot::runCodeIgniter()
10 FCPATH/index.php(56): CodeIgniter\Boot::bootWeb()
CRITICAL - 2024-08-21 08:49:57 --> [Caused by] mysqli_sql_exception: Unknown column 'AD.account_number' in 'on clause'
in SYSTEMPATH/Database/MySQLi/Connection.php on line 312.
 1 SYSTEMPATH/Database/MySQLi/Connection.php(312): mysqli->query()
 2 SYSTEMPATH/Database/BaseConnection.php(734): CodeIgniter\Database\MySQLi\Connection->execute()
 3 SYSTEMPATH/Database/BaseConnection.php(648): CodeIgniter\Database\BaseConnection->simpleQuery()
 4 APPPATH/Models/Accounts_data_model.php(22): CodeIgniter\Database\BaseConnection->query()
 5 APPPATH/Controllers/Accounts_data_controller.php(20): App\Models\accounts_data_model->get_accounts_data()
 6 SYSTEMPATH/CodeIgniter.php(933): App\Controllers\Accounts_data_controller->index()
 7 SYSTEMPATH/CodeIgniter.php(509): CodeIgniter\CodeIgniter->runController()
 8 SYSTEMPATH/CodeIgniter.php(355): CodeIgniter\CodeIgniter->handleRequest()
 9 SYSTEMPATH/Boot.php(325): CodeIgniter\CodeIgniter->run()
10 SYSTEMPATH/Boot.php(67): CodeIgniter\Boot::runCodeIgniter()
11 FCPATH/index.php(56): CodeIgniter\Boot::bootWeb()
CRITICAL - 2024-08-21 08:50:53 --> ErrorException: Undefined variable $accounts_data
[Method: GET, Route: accounts_data]
in APPPATH/Controllers/Accounts_data_controller.php on line 21.
 1 APPPATH/Controllers/Accounts_data_controller.php(21): CodeIgniter\Debug\Exceptions->errorHandler()
 2 SYSTEMPATH/CodeIgniter.php(933): App\Controllers\Accounts_data_controller->index()
 3 SYSTEMPATH/CodeIgniter.php(509): CodeIgniter\CodeIgniter->runController()
 4 SYSTEMPATH/CodeIgniter.php(355): CodeIgniter\CodeIgniter->handleRequest()
 5 SYSTEMPATH/Boot.php(325): CodeIgniter\CodeIgniter->run()
 6 SYSTEMPATH/Boot.php(67): CodeIgniter\Boot::runCodeIgniter()
 7 FCPATH/index.php(56): CodeIgniter\Boot::bootWeb()
CRITICAL - 2024-08-21 08:50:53 --> ErrorException: Undefined variable $accounts_data
[Method: GET, Route: accounts_data]
in APPPATH/Controllers/Accounts_data_controller.php on line 21.
 1 APPPATH/Controllers/Accounts_data_controller.php(21): CodeIgniter\Debug\Exceptions->errorHandler()
 2 SYSTEMPATH/CodeIgniter.php(933): App\Controllers\Accounts_data_controller->index()
 3 SYSTEMPATH/CodeIgniter.php(509): CodeIgniter\CodeIgniter->runController()
 4 SYSTEMPATH/CodeIgniter.php(355): CodeIgniter\CodeIgniter->handleRequest()
 5 SYSTEMPATH/Boot.php(325): CodeIgniter\CodeIgniter->run()
 6 SYSTEMPATH/Boot.php(67): CodeIgniter\Boot::runCodeIgniter()
 7 FCPATH/index.php(56): CodeIgniter\Boot::bootWeb()
ERROR - 2024-08-21 08:57:21 --> mysqli_sql_exception: Unknown column 'AD.account_number' in 'on clause' in /home/u877349608/domains/muraridubey.com/public_html/codeigniter/system/Database/MySQLi/Connection.php:312
Stack trace:
#0 /home/u877349608/domains/muraridubey.com/public_html/codeigniter/system/Database/MySQLi/Connection.php(312): mysqli->query()
#1 /home/u877349608/domains/muraridubey.com/public_html/codeigniter/system/Database/BaseConnection.php(734): CodeIgniter\Database\MySQLi\Connection->execute()
#2 /home/u877349608/domains/muraridubey.com/public_html/codeigniter/system/Database/BaseConnection.php(648): CodeIgniter\Database\BaseConnection->simpleQuery()
#3 /home/u877349608/domains/muraridubey.com/public_html/codeigniter/app/Models/Accounts_data_model.php(21): CodeIgniter\Database\BaseConnection->query()
#4 /home/u877349608/domains/muraridubey.com/public_html/codeigniter/app/Controllers/Accounts_data_controller.php(20): App\Models\accounts_data_model->get_accounts_data()
#5 /home/u877349608/domains/muraridubey.com/public_html/codeigniter/system/CodeIgniter.php(933): App\Controllers\Accounts_data_controller->index()
#6 /home/u877349608/domains/muraridubey.com/public_html/codeigniter/system/CodeIgniter.php(509): CodeIgniter\CodeIgniter->runController()
#7 /home/u877349608/domains/muraridubey.com/public_html/codeigniter/system/CodeIgniter.php(355): CodeIgniter\CodeIgniter->handleRequest()
#8 /home/u877349608/domains/muraridubey.com/public_html/codeigniter/system/Boot.php(325): CodeIgniter\CodeIgniter->run()
#9 /home/u877349608/domains/muraridubey.com/public_html/codeigniter/system/Boot.php(67): CodeIgniter\Boot::runCodeIgniter()
#10 /home/u877349608/domains/muraridubey.com/public_html/codeigniter/public/index.php(56): CodeIgniter\Boot::bootWeb()
#11 {main}
CRITICAL - 2024-08-21 08:57:21 --> CodeIgniter\Database\Exceptions\DatabaseException: Unknown column 'AD.account_number' in 'on clause'
[Method: GET, Route: accounts_data]
in SYSTEMPATH/Database/BaseConnection.php on line 688.
 1 APPPATH/Models/Accounts_data_model.php(21): CodeIgniter\Database\BaseConnection->query()
 2 APPPATH/Controllers/Accounts_data_controller.php(20): App\Models\accounts_data_model->get_accounts_data()
 3 SYSTEMPATH/CodeIgniter.php(933): App\Controllers\Accounts_data_controller->index()
 4 SYSTEMPATH/CodeIgniter.php(509): CodeIgniter\CodeIgniter->runController()
 5 SYSTEMPATH/CodeIgniter.php(355): CodeIgniter\CodeIgniter->handleRequest()
 6 SYSTEMPATH/Boot.php(325): CodeIgniter\CodeIgniter->run()
 7 SYSTEMPATH/Boot.php(67): CodeIgniter\Boot::runCodeIgniter()
 8 FCPATH/index.php(56): CodeIgniter\Boot::bootWeb()
CRITICAL - 2024-08-21 08:57:21 --> [Caused by] CodeIgniter\Database\Exceptions\DatabaseException: Unknown column 'AD.account_number' in 'on clause'
in SYSTEMPATH/Database/MySQLi/Connection.php on line 317.
 1 SYSTEMPATH/Database/BaseConnection.php(734): CodeIgniter\Database\MySQLi\Connection->execute()
 2 SYSTEMPATH/Database/BaseConnection.php(648): CodeIgniter\Database\BaseConnection->simpleQuery()
 3 APPPATH/Models/Accounts_data_model.php(21): CodeIgniter\Database\BaseConnection->query()
 4 APPPATH/Controllers/Accounts_data_controller.php(20): App\Models\accounts_data_model->get_accounts_data()
 5 SYSTEMPATH/CodeIgniter.php(933): App\Controllers\Accounts_data_controller->index()
 6 SYSTEMPATH/CodeIgniter.php(509): CodeIgniter\CodeIgniter->runController()
 7 SYSTEMPATH/CodeIgniter.php(355): CodeIgniter\CodeIgniter->handleRequest()
 8 SYSTEMPATH/Boot.php(325): CodeIgniter\CodeIgniter->run()
 9 SYSTEMPATH/Boot.php(67): CodeIgniter\Boot::runCodeIgniter()
10 FCPATH/index.php(56): CodeIgniter\Boot::bootWeb()
CRITICAL - 2024-08-21 08:57:21 --> [Caused by] mysqli_sql_exception: Unknown column 'AD.account_number' in 'on clause'
in SYSTEMPATH/Database/MySQLi/Connection.php on line 312.
 1 SYSTEMPATH/Database/MySQLi/Connection.php(312): mysqli->query()
 2 SYSTEMPATH/Database/BaseConnection.php(734): CodeIgniter\Database\MySQLi\Connection->execute()
 3 SYSTEMPATH/Database/BaseConnection.php(648): CodeIgniter\Database\BaseConnection->simpleQuery()
 4 APPPATH/Models/Accounts_data_model.php(21): CodeIgniter\Database\BaseConnection->query()
 5 APPPATH/Controllers/Accounts_data_controller.php(20): App\Models\accounts_data_model->get_accounts_data()
 6 SYSTEMPATH/CodeIgniter.php(933): App\Controllers\Accounts_data_controller->index()
 7 SYSTEMPATH/CodeIgniter.php(509): CodeIgniter\CodeIgniter->runController()
 8 SYSTEMPATH/CodeIgniter.php(355): CodeIgniter\CodeIgniter->handleRequest()
 9 SYSTEMPATH/Boot.php(325): CodeIgniter\CodeIgniter->run()
10 SYSTEMPATH/Boot.php(67): CodeIgniter\Boot::runCodeIgniter()
11 FCPATH/index.php(56): CodeIgniter\Boot::bootWeb()
ERROR - 2024-08-21 08:58:30 --> mysqli_sql_exception: Unknown column 'AD.account_number' in 'on clause' in /home/u877349608/domains/muraridubey.com/public_html/codeigniter/system/Database/MySQLi/Connection.php:312
Stack trace:
#0 /home/u877349608/domains/muraridubey.com/public_html/codeigniter/system/Database/MySQLi/Connection.php(312): mysqli->query()
#1 /home/u877349608/domains/muraridubey.com/public_html/codeigniter/system/Database/BaseConnection.php(734): CodeIgniter\Database\MySQLi\Connection->execute()
#2 /home/u877349608/domains/muraridubey.com/public_html/codeigniter/system/Database/BaseConnection.php(648): CodeIgniter\Database\BaseConnection->simpleQuery()
#3 /home/u877349608/domains/muraridubey.com/public_html/codeigniter/app/Models/Accounts_data_model.php(21): CodeIgniter\Database\BaseConnection->query()
#4 /home/u877349608/domains/muraridubey.com/public_html/codeigniter/app/Controllers/Accounts_data_controller.php(20): App\Models\accounts_data_model->get_accounts_data()
#5 /home/u877349608/domains/muraridubey.com/public_html/codeigniter/system/CodeIgniter.php(933): App\Controllers\Accounts_data_controller->index()
#6 /home/u877349608/domains/muraridubey.com/public_html/codeigniter/system/CodeIgniter.php(509): CodeIgniter\CodeIgniter->runController()
#7 /home/u877349608/domains/muraridubey.com/public_html/codeigniter/system/CodeIgniter.php(355): CodeIgniter\CodeIgniter->handleRequest()
#8 /home/u877349608/domains/muraridubey.com/public_html/codeigniter/system/Boot.php(325): CodeIgniter\CodeIgniter->run()
#9 /home/u877349608/domains/muraridubey.com/public_html/codeigniter/system/Boot.php(67): CodeIgniter\Boot::runCodeIgniter()
#10 /home/u877349608/domains/muraridubey.com/public_html/codeigniter/public/index.php(56): CodeIgniter\Boot::bootWeb()
#11 {main}
CRITICAL - 2024-08-21 08:58:30 --> CodeIgniter\Database\Exceptions\DatabaseException: Unknown column 'AD.account_number' in 'on clause'
[Method: GET, Route: accounts_data]
in SYSTEMPATH/Database/BaseConnection.php on line 688.
 1 APPPATH/Models/Accounts_data_model.php(21): CodeIgniter\Database\BaseConnection->query()
 2 APPPATH/Controllers/Accounts_data_controller.php(20): App\Models\accounts_data_model->get_accounts_data()
 3 SYSTEMPATH/CodeIgniter.php(933): App\Controllers\Accounts_data_controller->index()
 4 SYSTEMPATH/CodeIgniter.php(509): CodeIgniter\CodeIgniter->runController()
 5 SYSTEMPATH/CodeIgniter.php(355): CodeIgniter\CodeIgniter->handleRequest()
 6 SYSTEMPATH/Boot.php(325): CodeIgniter\CodeIgniter->run()
 7 SYSTEMPATH/Boot.php(67): CodeIgniter\Boot::runCodeIgniter()
 8 FCPATH/index.php(56): CodeIgniter\Boot::bootWeb()
CRITICAL - 2024-08-21 08:58:30 --> [Caused by] CodeIgniter\Database\Exceptions\DatabaseException: Unknown column 'AD.account_number' in 'on clause'
in SYSTEMPATH/Database/MySQLi/Connection.php on line 317.
 1 SYSTEMPATH/Database/BaseConnection.php(734): CodeIgniter\Database\MySQLi\Connection->execute()
 2 SYSTEMPATH/Database/BaseConnection.php(648): CodeIgniter\Database\BaseConnection->simpleQuery()
 3 APPPATH/Models/Accounts_data_model.php(21): CodeIgniter\Database\BaseConnection->query()
 4 APPPATH/Controllers/Accounts_data_controller.php(20): App\Models\accounts_data_model->get_accounts_data()
 5 SYSTEMPATH/CodeIgniter.php(933): App\Controllers\Accounts_data_controller->index()
 6 SYSTEMPATH/CodeIgniter.php(509): CodeIgniter\CodeIgniter->runController()
 7 SYSTEMPATH/CodeIgniter.php(355): CodeIgniter\CodeIgniter->handleRequest()
 8 SYSTEMPATH/Boot.php(325): CodeIgniter\CodeIgniter->run()
 9 SYSTEMPATH/Boot.php(67): CodeIgniter\Boot::runCodeIgniter()
10 FCPATH/index.php(56): CodeIgniter\Boot::bootWeb()
CRITICAL - 2024-08-21 08:58:30 --> [Caused by] mysqli_sql_exception: Unknown column 'AD.account_number' in 'on clause'
in SYSTEMPATH/Database/MySQLi/Connection.php on line 312.
 1 SYSTEMPATH/Database/MySQLi/Connection.php(312): mysqli->query()
 2 SYSTEMPATH/Database/BaseConnection.php(734): CodeIgniter\Database\MySQLi\Connection->execute()
 3 SYSTEMPATH/Database/BaseConnection.php(648): CodeIgniter\Database\BaseConnection->simpleQuery()
 4 APPPATH/Models/Accounts_data_model.php(21): CodeIgniter\Database\BaseConnection->query()
 5 APPPATH/Controllers/Accounts_data_controller.php(20): App\Models\accounts_data_model->get_accounts_data()
 6 SYSTEMPATH/CodeIgniter.php(933): App\Controllers\Accounts_data_controller->index()
 7 SYSTEMPATH/CodeIgniter.php(509): CodeIgniter\CodeIgniter->runController()
 8 SYSTEMPATH/CodeIgniter.php(355): CodeIgniter\CodeIgniter->handleRequest()
 9 SYSTEMPATH/Boot.php(325): CodeIgniter\CodeIgniter->run()
10 SYSTEMPATH/Boot.php(67): CodeIgniter\Boot::runCodeIgniter()
11 FCPATH/index.php(56): CodeIgniter\Boot::bootWeb()
ERROR - 2024-08-21 08:59:24 --> mysqli_sql_exception: Unknown column 'AD.account_number' in 'on clause' in /home/u877349608/domains/muraridubey.com/public_html/codeigniter/system/Database/MySQLi/Connection.php:312
Stack trace:
#0 /home/u877349608/domains/muraridubey.com/public_html/codeigniter/system/Database/MySQLi/Connection.php(312): mysqli->query()
#1 /home/u877349608/domains/muraridubey.com/public_html/codeigniter/system/Database/BaseConnection.php(734): CodeIgniter\Database\MySQLi\Connection->execute()
#2 /home/u877349608/domains/muraridubey.com/public_html/codeigniter/system/Database/BaseConnection.php(648): CodeIgniter\Database\BaseConnection->simpleQuery()
#3 /home/u877349608/domains/muraridubey.com/public_html/codeigniter/app/Models/Accounts_data_model.php(21): CodeIgniter\Database\BaseConnection->query()
#4 /home/u877349608/domains/muraridubey.com/public_html/codeigniter/app/Controllers/Accounts_data_controller.php(20): App\Models\accounts_data_model->get_accounts_data()
#5 /home/u877349608/domains/muraridubey.com/public_html/codeigniter/system/CodeIgniter.php(933): App\Controllers\Accounts_data_controller->index()
#6 /home/u877349608/domains/muraridubey.com/public_html/codeigniter/system/CodeIgniter.php(509): CodeIgniter\CodeIgniter->runController()
#7 /home/u877349608/domains/muraridubey.com/public_html/codeigniter/system/CodeIgniter.php(355): CodeIgniter\CodeIgniter->handleRequest()
#8 /home/u877349608/domains/muraridubey.com/public_html/codeigniter/system/Boot.php(325): CodeIgniter\CodeIgniter->run()
#9 /home/u877349608/domains/muraridubey.com/public_html/codeigniter/system/Boot.php(67): CodeIgniter\Boot::runCodeIgniter()
#10 /home/u877349608/domains/muraridubey.com/public_html/codeigniter/public/index.php(56): CodeIgniter\Boot::bootWeb()
#11 {main}
CRITICAL - 2024-08-21 08:59:24 --> CodeIgniter\Database\Exceptions\DatabaseException: Unknown column 'AD.account_number' in 'on clause'
[Method: GET, Route: accounts_data]
in SYSTEMPATH/Database/BaseConnection.php on line 688.
 1 APPPATH/Models/Accounts_data_model.php(21): CodeIgniter\Database\BaseConnection->query()
 2 APPPATH/Controllers/Accounts_data_controller.php(20): App\Models\accounts_data_model->get_accounts_data()
 3 SYSTEMPATH/CodeIgniter.php(933): App\Controllers\Accounts_data_controller->index()
 4 SYSTEMPATH/CodeIgniter.php(509): CodeIgniter\CodeIgniter->runController()
 5 SYSTEMPATH/CodeIgniter.php(355): CodeIgniter\CodeIgniter->handleRequest()
 6 SYSTEMPATH/Boot.php(325): CodeIgniter\CodeIgniter->run()
 7 SYSTEMPATH/Boot.php(67): CodeIgniter\Boot::runCodeIgniter()
 8 FCPATH/index.php(56): CodeIgniter\Boot::bootWeb()
CRITICAL - 2024-08-21 08:59:24 --> [Caused by] CodeIgniter\Database\Exceptions\DatabaseException: Unknown column 'AD.account_number' in 'on clause'
in SYSTEMPATH/Database/MySQLi/Connection.php on line 317.
 1 SYSTEMPATH/Database/BaseConnection.php(734): CodeIgniter\Database\MySQLi\Connection->execute()
 2 SYSTEMPATH/Database/BaseConnection.php(648): CodeIgniter\Database\BaseConnection->simpleQuery()
 3 APPPATH/Models/Accounts_data_model.php(21): CodeIgniter\Database\BaseConnection->query()
 4 APPPATH/Controllers/Accounts_data_controller.php(20): App\Models\accounts_data_model->get_accounts_data()
 5 SYSTEMPATH/CodeIgniter.php(933): App\Controllers\Accounts_data_controller->index()
 6 SYSTEMPATH/CodeIgniter.php(509): CodeIgniter\CodeIgniter->runController()
 7 SYSTEMPATH/CodeIgniter.php(355): CodeIgniter\CodeIgniter->handleRequest()
 8 SYSTEMPATH/Boot.php(325): CodeIgniter\CodeIgniter->run()
 9 SYSTEMPATH/Boot.php(67): CodeIgniter\Boot::runCodeIgniter()
10 FCPATH/index.php(56): CodeIgniter\Boot::bootWeb()
CRITICAL - 2024-08-21 08:59:24 --> [Caused by] mysqli_sql_exception: Unknown column 'AD.account_number' in 'on clause'
in SYSTEMPATH/Database/MySQLi/Connection.php on line 312.
 1 SYSTEMPATH/Database/MySQLi/Connection.php(312): mysqli->query()
 2 SYSTEMPATH/Database/BaseConnection.php(734): CodeIgniter\Database\MySQLi\Connection->execute()
 3 SYSTEMPATH/Database/BaseConnection.php(648): CodeIgniter\Database\BaseConnection->simpleQuery()
 4 APPPATH/Models/Accounts_data_model.php(21): CodeIgniter\Database\BaseConnection->query()
 5 APPPATH/Controllers/Accounts_data_controller.php(20): App\Models\accounts_data_model->get_accounts_data()
 6 SYSTEMPATH/CodeIgniter.php(933): App\Controllers\Accounts_data_controller->index()
 7 SYSTEMPATH/CodeIgniter.php(509): CodeIgniter\CodeIgniter->runController()
 8 SYSTEMPATH/CodeIgniter.php(355): CodeIgniter\CodeIgniter->handleRequest()
 9 SYSTEMPATH/Boot.php(325): CodeIgniter\CodeIgniter->run()
10 SYSTEMPATH/Boot.php(67): CodeIgniter\Boot::runCodeIgniter()
11 FCPATH/index.php(56): CodeIgniter\Boot::bootWeb()
ERROR - 2024-08-21 08:59:25 --> mysqli_sql_exception: Unknown column 'AD.account_number' in 'on clause' in /home/u877349608/domains/muraridubey.com/public_html/codeigniter/system/Database/MySQLi/Connection.php:312
Stack trace:
#0 /home/u877349608/domains/muraridubey.com/public_html/codeigniter/system/Database/MySQLi/Connection.php(312): mysqli->query()
#1 /home/u877349608/domains/muraridubey.com/public_html/codeigniter/system/Database/BaseConnection.php(734): CodeIgniter\Database\MySQLi\Connection->execute()
#2 /home/u877349608/domains/muraridubey.com/public_html/codeigniter/system/Database/BaseConnection.php(648): CodeIgniter\Database\BaseConnection->simpleQuery()
#3 /home/u877349608/domains/muraridubey.com/public_html/codeigniter/app/Models/Accounts_data_model.php(21): CodeIgniter\Database\BaseConnection->query()
#4 /home/u877349608/domains/muraridubey.com/public_html/codeigniter/app/Controllers/Accounts_data_controller.php(20): App\Models\accounts_data_model->get_accounts_data()
#5 /home/u877349608/domains/muraridubey.com/public_html/codeigniter/system/CodeIgniter.php(933): App\Controllers\Accounts_data_controller->index()
#6 /home/u877349608/domains/muraridubey.com/public_html/codeigniter/system/CodeIgniter.php(509): CodeIgniter\CodeIgniter->runController()
#7 /home/u877349608/domains/muraridubey.com/public_html/codeigniter/system/CodeIgniter.php(355): CodeIgniter\CodeIgniter->handleRequest()
#8 /home/u877349608/domains/muraridubey.com/public_html/codeigniter/system/Boot.php(325): CodeIgniter\CodeIgniter->run()
#9 /home/u877349608/domains/muraridubey.com/public_html/codeigniter/system/Boot.php(67): CodeIgniter\Boot::runCodeIgniter()
#10 /home/u877349608/domains/muraridubey.com/public_html/codeigniter/public/index.php(56): CodeIgniter\Boot::bootWeb()
#11 {main}
CRITICAL - 2024-08-21 08:59:25 --> CodeIgniter\Database\Exceptions\DatabaseException: Unknown column 'AD.account_number' in 'on clause'
[Method: GET, Route: accounts_data]
in SYSTEMPATH/Database/BaseConnection.php on line 688.
 1 APPPATH/Models/Accounts_data_model.php(21): CodeIgniter\Database\BaseConnection->query()
 2 APPPATH/Controllers/Accounts_data_controller.php(20): App\Models\accounts_data_model->get_accounts_data()
 3 SYSTEMPATH/CodeIgniter.php(933): App\Controllers\Accounts_data_controller->index()
 4 SYSTEMPATH/CodeIgniter.php(509): CodeIgniter\CodeIgniter->runController()
 5 SYSTEMPATH/CodeIgniter.php(355): CodeIgniter\CodeIgniter->handleRequest()
 6 SYSTEMPATH/Boot.php(325): CodeIgniter\CodeIgniter->run()
 7 SYSTEMPATH/Boot.php(67): CodeIgniter\Boot::runCodeIgniter()
 8 FCPATH/index.php(56): CodeIgniter\Boot::bootWeb()
CRITICAL - 2024-08-21 08:59:25 --> [Caused by] CodeIgniter\Database\Exceptions\DatabaseException: Unknown column 'AD.account_number' in 'on clause'
in SYSTEMPATH/Database/MySQLi/Connection.php on line 317.
 1 SYSTEMPATH/Database/BaseConnection.php(734): CodeIgniter\Database\MySQLi\Connection->execute()
 2 SYSTEMPATH/Database/BaseConnection.php(648): CodeIgniter\Database\BaseConnection->simpleQuery()
 3 APPPATH/Models/Accounts_data_model.php(21): CodeIgniter\Database\BaseConnection->query()
 4 APPPATH/Controllers/Accounts_data_controller.php(20): App\Models\accounts_data_model->get_accounts_data()
 5 SYSTEMPATH/CodeIgniter.php(933): App\Controllers\Accounts_data_controller->index()
 6 SYSTEMPATH/CodeIgniter.php(509): CodeIgniter\CodeIgniter->runController()
 7 SYSTEMPATH/CodeIgniter.php(355): CodeIgniter\CodeIgniter->handleRequest()
 8 SYSTEMPATH/Boot.php(325): CodeIgniter\CodeIgniter->run()
 9 SYSTEMPATH/Boot.php(67): CodeIgniter\Boot::runCodeIgniter()
10 FCPATH/index.php(56): CodeIgniter\Boot::bootWeb()
CRITICAL - 2024-08-21 08:59:25 --> [Caused by] mysqli_sql_exception: Unknown column 'AD.account_number' in 'on clause'
in SYSTEMPATH/Database/MySQLi/Connection.php on line 312.
 1 SYSTEMPATH/Database/MySQLi/Connection.php(312): mysqli->query()
 2 SYSTEMPATH/Database/BaseConnection.php(734): CodeIgniter\Database\MySQLi\Connection->execute()
 3 SYSTEMPATH/Database/BaseConnection.php(648): CodeIgniter\Database\BaseConnection->simpleQuery()
 4 APPPATH/Models/Accounts_data_model.php(21): CodeIgniter\Database\BaseConnection->query()
 5 APPPATH/Controllers/Accounts_data_controller.php(20): App\Models\accounts_data_model->get_accounts_data()
 6 SYSTEMPATH/CodeIgniter.php(933): App\Controllers\Accounts_data_controller->index()
 7 SYSTEMPATH/CodeIgniter.php(509): CodeIgniter\CodeIgniter->runController()
 8 SYSTEMPATH/CodeIgniter.php(355): CodeIgniter\CodeIgniter->handleRequest()
 9 SYSTEMPATH/Boot.php(325): CodeIgniter\CodeIgniter->run()
10 SYSTEMPATH/Boot.php(67): CodeIgniter\Boot::runCodeIgniter()
11 FCPATH/index.php(56): CodeIgniter\Boot::bootWeb()
ERROR - 2024-08-21 09:01:35 --> mysqli_sql_exception: Unknown column 'AD.account_number' in 'on clause' in /home/u877349608/domains/muraridubey.com/public_html/codeigniter/system/Database/MySQLi/Connection.php:312
Stack trace:
#0 /home/u877349608/domains/muraridubey.com/public_html/codeigniter/system/Database/MySQLi/Connection.php(312): mysqli->query()
#1 /home/u877349608/domains/muraridubey.com/public_html/codeigniter/system/Database/BaseConnection.php(734): CodeIgniter\Database\MySQLi\Connection->execute()
#2 /home/u877349608/domains/muraridubey.com/public_html/codeigniter/system/Database/BaseConnection.php(648): CodeIgniter\Database\BaseConnection->simpleQuery()
#3 /home/u877349608/domains/muraridubey.com/public_html/codeigniter/app/Models/Accounts_data_model.php(21): CodeIgniter\Database\BaseConnection->query()
#4 /home/u877349608/domains/muraridubey.com/public_html/codeigniter/app/Controllers/Accounts_data_controller.php(20): App\Models\accounts_data_model->get_accounts_data()
#5 /home/u877349608/domains/muraridubey.com/public_html/codeigniter/system/CodeIgniter.php(933): App\Controllers\Accounts_data_controller->index()
#6 /home/u877349608/domains/muraridubey.com/public_html/codeigniter/system/CodeIgniter.php(509): CodeIgniter\CodeIgniter->runController()
#7 /home/u877349608/domains/muraridubey.com/public_html/codeigniter/system/CodeIgniter.php(355): CodeIgniter\CodeIgniter->handleRequest()
#8 /home/u877349608/domains/muraridubey.com/public_html/codeigniter/system/Boot.php(325): CodeIgniter\CodeIgniter->run()
#9 /home/u877349608/domains/muraridubey.com/public_html/codeigniter/system/Boot.php(67): CodeIgniter\Boot::runCodeIgniter()
#10 /home/u877349608/domains/muraridubey.com/public_html/codeigniter/public/index.php(56): CodeIgniter\Boot::bootWeb()
#11 {main}
CRITICAL - 2024-08-21 09:01:35 --> CodeIgniter\Database\Exceptions\DatabaseException: Unknown column 'AD.account_number' in 'on clause'
[Method: GET, Route: accounts_data]
in SYSTEMPATH/Database/BaseConnection.php on line 688.
 1 APPPATH/Models/Accounts_data_model.php(21): CodeIgniter\Database\BaseConnection->query()
 2 APPPATH/Controllers/Accounts_data_controller.php(20): App\Models\accounts_data_model->get_accounts_data()
 3 SYSTEMPATH/CodeIgniter.php(933): App\Controllers\Accounts_data_controller->index()
 4 SYSTEMPATH/CodeIgniter.php(509): CodeIgniter\CodeIgniter->runController()
 5 SYSTEMPATH/CodeIgniter.php(355): CodeIgniter\CodeIgniter->handleRequest()
 6 SYSTEMPATH/Boot.php(325): CodeIgniter\CodeIgniter->run()
 7 SYSTEMPATH/Boot.php(67): CodeIgniter\Boot::runCodeIgniter()
 8 FCPATH/index.php(56): CodeIgniter\Boot::bootWeb()
CRITICAL - 2024-08-21 09:01:35 --> [Caused by] CodeIgniter\Database\Exceptions\DatabaseException: Unknown column 'AD.account_number' in 'on clause'
in SYSTEMPATH/Database/MySQLi/Connection.php on line 317.
 1 SYSTEMPATH/Database/BaseConnection.php(734): CodeIgniter\Database\MySQLi\Connection->execute()
 2 SYSTEMPATH/Database/BaseConnection.php(648): CodeIgniter\Database\BaseConnection->simpleQuery()
 3 APPPATH/Models/Accounts_data_model.php(21): CodeIgniter\Database\BaseConnection->query()
 4 APPPATH/Controllers/Accounts_data_controller.php(20): App\Models\accounts_data_model->get_accounts_data()
 5 SYSTEMPATH/CodeIgniter.php(933): App\Controllers\Accounts_data_controller->index()
 6 SYSTEMPATH/CodeIgniter.php(509): CodeIgniter\CodeIgniter->runController()
 7 SYSTEMPATH/CodeIgniter.php(355): CodeIgniter\CodeIgniter->handleRequest()
 8 SYSTEMPATH/Boot.php(325): CodeIgniter\CodeIgniter->run()
 9 SYSTEMPATH/Boot.php(67): CodeIgniter\Boot::runCodeIgniter()
10 FCPATH/index.php(56): CodeIgniter\Boot::bootWeb()
CRITICAL - 2024-08-21 09:01:35 --> [Caused by] mysqli_sql_exception: Unknown column 'AD.account_number' in 'on clause'
in SYSTEMPATH/Database/MySQLi/Connection.php on line 312.
 1 SYSTEMPATH/Database/MySQLi/Connection.php(312): mysqli->query()
 2 SYSTEMPATH/Database/BaseConnection.php(734): CodeIgniter\Database\MySQLi\Connection->execute()
 3 SYSTEMPATH/Database/BaseConnection.php(648): CodeIgniter\Database\BaseConnection->simpleQuery()
 4 APPPATH/Models/Accounts_data_model.php(21): CodeIgniter\Database\BaseConnection->query()
 5 APPPATH/Controllers/Accounts_data_controller.php(20): App\Models\accounts_data_model->get_accounts_data()
 6 SYSTEMPATH/CodeIgniter.php(933): App\Controllers\Accounts_data_controller->index()
 7 SYSTEMPATH/CodeIgniter.php(509): CodeIgniter\CodeIgniter->runController()
 8 SYSTEMPATH/CodeIgniter.php(355): CodeIgniter\CodeIgniter->handleRequest()
 9 SYSTEMPATH/Boot.php(325): CodeIgniter\CodeIgniter->run()
10 SYSTEMPATH/Boot.php(67): CodeIgniter\Boot::runCodeIgniter()
11 FCPATH/index.php(56): CodeIgniter\Boot::bootWeb()
ERROR - 2024-08-21 09:03:13 --> mysqli_sql_exception: Unknown column 'AD.account_number' in 'on clause' in /home/u877349608/domains/muraridubey.com/public_html/codeigniter/system/Database/MySQLi/Connection.php:312
Stack trace:
#0 /home/u877349608/domains/muraridubey.com/public_html/codeigniter/system/Database/MySQLi/Connection.php(312): mysqli->query()
#1 /home/u877349608/domains/muraridubey.com/public_html/codeigniter/system/Database/BaseConnection.php(734): CodeIgniter\Database\MySQLi\Connection->execute()
#2 /home/u877349608/domains/muraridubey.com/public_html/codeigniter/system/Database/BaseConnection.php(648): CodeIgniter\Database\BaseConnection->simpleQuery()
#3 /home/u877349608/domains/muraridubey.com/public_html/codeigniter/app/Models/Accounts_data_model.php(21): CodeIgniter\Database\BaseConnection->query()
#4 /home/u877349608/domains/muraridubey.com/public_html/codeigniter/app/Controllers/Accounts_data_controller.php(20): App\Models\accounts_data_model->get_accounts_data()
#5 /home/u877349608/domains/muraridubey.com/public_html/codeigniter/system/CodeIgniter.php(933): App\Controllers\Accounts_data_controller->index()
#6 /home/u877349608/domains/muraridubey.com/public_html/codeigniter/system/CodeIgniter.php(509): CodeIgniter\CodeIgniter->runController()
#7 /home/u877349608/domains/muraridubey.com/public_html/codeigniter/system/CodeIgniter.php(355): CodeIgniter\CodeIgniter->handleRequest()
#8 /home/u877349608/domains/muraridubey.com/public_html/codeigniter/system/Boot.php(325): CodeIgniter\CodeIgniter->run()
#9 /home/u877349608/domains/muraridubey.com/public_html/codeigniter/system/Boot.php(67): CodeIgniter\Boot::runCodeIgniter()
#10 /home/u877349608/domains/muraridubey.com/public_html/codeigniter/public/index.php(56): CodeIgniter\Boot::bootWeb()
#11 {main}
CRITICAL - 2024-08-21 09:03:13 --> CodeIgniter\Database\Exceptions\DatabaseException: Unknown column 'AD.account_number' in 'on clause'
[Method: GET, Route: accounts_data]
in SYSTEMPATH/Database/BaseConnection.php on line 688.
 1 APPPATH/Models/Accounts_data_model.php(21): CodeIgniter\Database\BaseConnection->query()
 2 APPPATH/Controllers/Accounts_data_controller.php(20): App\Models\accounts_data_model->get_accounts_data()
 3 SYSTEMPATH/CodeIgniter.php(933): App\Controllers\Accounts_data_controller->index()
 4 SYSTEMPATH/CodeIgniter.php(509): CodeIgniter\CodeIgniter->runController()
 5 SYSTEMPATH/CodeIgniter.php(355): CodeIgniter\CodeIgniter->handleRequest()
 6 SYSTEMPATH/Boot.php(325): CodeIgniter\CodeIgniter->run()
 7 SYSTEMPATH/Boot.php(67): CodeIgniter\Boot::runCodeIgniter()
 8 FCPATH/index.php(56): CodeIgniter\Boot::bootWeb()
CRITICAL - 2024-08-21 09:03:13 --> [Caused by] CodeIgniter\Database\Exceptions\DatabaseException: Unknown column 'AD.account_number' in 'on clause'
in SYSTEMPATH/Database/MySQLi/Connection.php on line 317.
 1 SYSTEMPATH/Database/BaseConnection.php(734): CodeIgniter\Database\MySQLi\Connection->execute()
 2 SYSTEMPATH/Database/BaseConnection.php(648): CodeIgniter\Database\BaseConnection->simpleQuery()
 3 APPPATH/Models/Accounts_data_model.php(21): CodeIgniter\Database\BaseConnection->query()
 4 APPPATH/Controllers/Accounts_data_controller.php(20): App\Models\accounts_data_model->get_accounts_data()
 5 SYSTEMPATH/CodeIgniter.php(933): App\Controllers\Accounts_data_controller->index()
 6 SYSTEMPATH/CodeIgniter.php(509): CodeIgniter\CodeIgniter->runController()
 7 SYSTEMPATH/CodeIgniter.php(355): CodeIgniter\CodeIgniter->handleRequest()
 8 SYSTEMPATH/Boot.php(325): CodeIgniter\CodeIgniter->run()
 9 SYSTEMPATH/Boot.php(67): CodeIgniter\Boot::runCodeIgniter()
10 FCPATH/index.php(56): CodeIgniter\Boot::bootWeb()
CRITICAL - 2024-08-21 09:03:13 --> [Caused by] mysqli_sql_exception: Unknown column 'AD.account_number' in 'on clause'
in SYSTEMPATH/Database/MySQLi/Connection.php on line 312.
 1 SYSTEMPATH/Database/MySQLi/Connection.php(312): mysqli->query()
 2 SYSTEMPATH/Database/BaseConnection.php(734): CodeIgniter\Database\MySQLi\Connection->execute()
 3 SYSTEMPATH/Database/BaseConnection.php(648): CodeIgniter\Database\BaseConnection->simpleQuery()
 4 APPPATH/Models/Accounts_data_model.php(21): CodeIgniter\Database\BaseConnection->query()
 5 APPPATH/Controllers/Accounts_data_controller.php(20): App\Models\accounts_data_model->get_accounts_data()
 6 SYSTEMPATH/CodeIgniter.php(933): App\Controllers\Accounts_data_controller->index()
 7 SYSTEMPATH/CodeIgniter.php(509): CodeIgniter\CodeIgniter->runController()
 8 SYSTEMPATH/CodeIgniter.php(355): CodeIgniter\CodeIgniter->handleRequest()
 9 SYSTEMPATH/Boot.php(325): CodeIgniter\CodeIgniter->run()
10 SYSTEMPATH/Boot.php(67): CodeIgniter\Boot::runCodeIgniter()
11 FCPATH/index.php(56): CodeIgniter\Boot::bootWeb()
ERROR - 2024-08-21 09:03:15 --> mysqli_sql_exception: Unknown column 'AD.account_number' in 'on clause' in /home/u877349608/domains/muraridubey.com/public_html/codeigniter/system/Database/MySQLi/Connection.php:312
Stack trace:
#0 /home/u877349608/domains/muraridubey.com/public_html/codeigniter/system/Database/MySQLi/Connection.php(312): mysqli->query()
#1 /home/u877349608/domains/muraridubey.com/public_html/codeigniter/system/Database/BaseConnection.php(734): CodeIgniter\Database\MySQLi\Connection->execute()
#2 /home/u877349608/domains/muraridubey.com/public_html/codeigniter/system/Database/BaseConnection.php(648): CodeIgniter\Database\BaseConnection->simpleQuery()
#3 /home/u877349608/domains/muraridubey.com/public_html/codeigniter/app/Models/Accounts_data_model.php(21): CodeIgniter\Database\BaseConnection->query()
#4 /home/u877349608/domains/muraridubey.com/public_html/codeigniter/app/Controllers/Accounts_data_controller.php(20): App\Models\accounts_data_model->get_accounts_data()
#5 /home/u877349608/domains/muraridubey.com/public_html/codeigniter/system/CodeIgniter.php(933): App\Controllers\Accounts_data_controller->index()
#6 /home/u877349608/domains/muraridubey.com/public_html/codeigniter/system/CodeIgniter.php(509): CodeIgniter\CodeIgniter->runController()
#7 /home/u877349608/domains/muraridubey.com/public_html/codeigniter/system/CodeIgniter.php(355): CodeIgniter\CodeIgniter->handleRequest()
#8 /home/u877349608/domains/muraridubey.com/public_html/codeigniter/system/Boot.php(325): CodeIgniter\CodeIgniter->run()
#9 /home/u877349608/domains/muraridubey.com/public_html/codeigniter/system/Boot.php(67): CodeIgniter\Boot::runCodeIgniter()
#10 /home/u877349608/domains/muraridubey.com/public_html/codeigniter/public/index.php(56): CodeIgniter\Boot::bootWeb()
#11 {main}
CRITICAL - 2024-08-21 09:03:15 --> CodeIgniter\Database\Exceptions\DatabaseException: Unknown column 'AD.account_number' in 'on clause'
[Method: GET, Route: accounts_data]
in SYSTEMPATH/Database/BaseConnection.php on line 688.
 1 APPPATH/Models/Accounts_data_model.php(21): CodeIgniter\Database\BaseConnection->query()
 2 APPPATH/Controllers/Accounts_data_controller.php(20): App\Models\accounts_data_model->get_accounts_data()
 3 SYSTEMPATH/CodeIgniter.php(933): App\Controllers\Accounts_data_controller->index()
 4 SYSTEMPATH/CodeIgniter.php(509): CodeIgniter\CodeIgniter->runController()
 5 SYSTEMPATH/CodeIgniter.php(355): CodeIgniter\CodeIgniter->handleRequest()
 6 SYSTEMPATH/Boot.php(325): CodeIgniter\CodeIgniter->run()
 7 SYSTEMPATH/Boot.php(67): CodeIgniter\Boot::runCodeIgniter()
 8 FCPATH/index.php(56): CodeIgniter\Boot::bootWeb()
CRITICAL - 2024-08-21 09:03:15 --> [Caused by] CodeIgniter\Database\Exceptions\DatabaseException: Unknown column 'AD.account_number' in 'on clause'
in SYSTEMPATH/Database/MySQLi/Connection.php on line 317.
 1 SYSTEMPATH/Database/BaseConnection.php(734): CodeIgniter\Database\MySQLi\Connection->execute()
 2 SYSTEMPATH/Database/BaseConnection.php(648): CodeIgniter\Database\BaseConnection->simpleQuery()
 3 APPPATH/Models/Accounts_data_model.php(21): CodeIgniter\Database\BaseConnection->query()
 4 APPPATH/Controllers/Accounts_data_controller.php(20): App\Models\accounts_data_model->get_accounts_data()
 5 SYSTEMPATH/CodeIgniter.php(933): App\Controllers\Accounts_data_controller->index()
 6 SYSTEMPATH/CodeIgniter.php(509): CodeIgniter\CodeIgniter->runController()
 7 SYSTEMPATH/CodeIgniter.php(355): CodeIgniter\CodeIgniter->handleRequest()
 8 SYSTEMPATH/Boot.php(325): CodeIgniter\CodeIgniter->run()
 9 SYSTEMPATH/Boot.php(67): CodeIgniter\Boot::runCodeIgniter()
10 FCPATH/index.php(56): CodeIgniter\Boot::bootWeb()
CRITICAL - 2024-08-21 09:03:15 --> [Caused by] mysqli_sql_exception: Unknown column 'AD.account_number' in 'on clause'
in SYSTEMPATH/Database/MySQLi/Connection.php on line 312.
 1 SYSTEMPATH/Database/MySQLi/Connection.php(312): mysqli->query()
 2 SYSTEMPATH/Database/BaseConnection.php(734): CodeIgniter\Database\MySQLi\Connection->execute()
 3 SYSTEMPATH/Database/BaseConnection.php(648): CodeIgniter\Database\BaseConnection->simpleQuery()
 4 APPPATH/Models/Accounts_data_model.php(21): CodeIgniter\Database\BaseConnection->query()
 5 APPPATH/Controllers/Accounts_data_controller.php(20): App\Models\accounts_data_model->get_accounts_data()
 6 SYSTEMPATH/CodeIgniter.php(933): App\Controllers\Accounts_data_controller->index()
 7 SYSTEMPATH/CodeIgniter.php(509): CodeIgniter\CodeIgniter->runController()
 8 SYSTEMPATH/CodeIgniter.php(355): CodeIgniter\CodeIgniter->handleRequest()
 9 SYSTEMPATH/Boot.php(325): CodeIgniter\CodeIgniter->run()
10 SYSTEMPATH/Boot.php(67): CodeIgniter\Boot::runCodeIgniter()
11 FCPATH/index.php(56): CodeIgniter\Boot::bootWeb()
ERROR - 2024-08-21 09:03:17 --> mysqli_sql_exception: Unknown column 'AD.account_number' in 'on clause' in /home/u877349608/domains/muraridubey.com/public_html/codeigniter/system/Database/MySQLi/Connection.php:312
Stack trace:
#0 /home/u877349608/domains/muraridubey.com/public_html/codeigniter/system/Database/MySQLi/Connection.php(312): mysqli->query()
#1 /home/u877349608/domains/muraridubey.com/public_html/codeigniter/system/Database/BaseConnection.php(734): CodeIgniter\Database\MySQLi\Connection->execute()
#2 /home/u877349608/domains/muraridubey.com/public_html/codeigniter/system/Database/BaseConnection.php(648): CodeIgniter\Database\BaseConnection->simpleQuery()
#3 /home/u877349608/domains/muraridubey.com/public_html/codeigniter/app/Models/Accounts_data_model.php(21): CodeIgniter\Database\BaseConnection->query()
#4 /home/u877349608/domains/muraridubey.com/public_html/codeigniter/app/Controllers/Accounts_data_controller.php(20): App\Models\accounts_data_model->get_accounts_data()
#5 /home/u877349608/domains/muraridubey.com/public_html/codeigniter/system/CodeIgniter.php(933): App\Controllers\Accounts_data_controller->index()
#6 /home/u877349608/domains/muraridubey.com/public_html/codeigniter/system/CodeIgniter.php(509): CodeIgniter\CodeIgniter->runController()
#7 /home/u877349608/domains/muraridubey.com/public_html/codeigniter/system/CodeIgniter.php(355): CodeIgniter\CodeIgniter->handleRequest()
#8 /home/u877349608/domains/muraridubey.com/public_html/codeigniter/system/Boot.php(325): CodeIgniter\CodeIgniter->run()
#9 /home/u877349608/domains/muraridubey.com/public_html/codeigniter/system/Boot.php(67): CodeIgniter\Boot::runCodeIgniter()
#10 /home/u877349608/domains/muraridubey.com/public_html/codeigniter/public/index.php(56): CodeIgniter\Boot::bootWeb()
#11 {main}
CRITICAL - 2024-08-21 09:03:17 --> CodeIgniter\Database\Exceptions\DatabaseException: Unknown column 'AD.account_number' in 'on clause'
[Method: GET, Route: accounts_data]
in SYSTEMPATH/Database/BaseConnection.php on line 688.
 1 APPPATH/Models/Accounts_data_model.php(21): CodeIgniter\Database\BaseConnection->query()
 2 APPPATH/Controllers/Accounts_data_controller.php(20): App\Models\accounts_data_model->get_accounts_data()
 3 SYSTEMPATH/CodeIgniter.php(933): App\Controllers\Accounts_data_controller->index()
 4 SYSTEMPATH/CodeIgniter.php(509): CodeIgniter\CodeIgniter->runController()
 5 SYSTEMPATH/CodeIgniter.php(355): CodeIgniter\CodeIgniter->handleRequest()
 6 SYSTEMPATH/Boot.php(325): CodeIgniter\CodeIgniter->run()
 7 SYSTEMPATH/Boot.php(67): CodeIgniter\Boot::runCodeIgniter()
 8 FCPATH/index.php(56): CodeIgniter\Boot::bootWeb()
CRITICAL - 2024-08-21 09:03:17 --> [Caused by] CodeIgniter\Database\Exceptions\DatabaseException: Unknown column 'AD.account_number' in 'on clause'
in SYSTEMPATH/Database/MySQLi/Connection.php on line 317.
 1 SYSTEMPATH/Database/BaseConnection.php(734): CodeIgniter\Database\MySQLi\Connection->execute()
 2 SYSTEMPATH/Database/BaseConnection.php(648): CodeIgniter\Database\BaseConnection->simpleQuery()
 3 APPPATH/Models/Accounts_data_model.php(21): CodeIgniter\Database\BaseConnection->query()
 4 APPPATH/Controllers/Accounts_data_controller.php(20): App\Models\accounts_data_model->get_accounts_data()
 5 SYSTEMPATH/CodeIgniter.php(933): App\Controllers\Accounts_data_controller->index()
 6 SYSTEMPATH/CodeIgniter.php(509): CodeIgniter\CodeIgniter->runController()
 7 SYSTEMPATH/CodeIgniter.php(355): CodeIgniter\CodeIgniter->handleRequest()
 8 SYSTEMPATH/Boot.php(325): CodeIgniter\CodeIgniter->run()
 9 SYSTEMPATH/Boot.php(67): CodeIgniter\Boot::runCodeIgniter()
10 FCPATH/index.php(56): CodeIgniter\Boot::bootWeb()
CRITICAL - 2024-08-21 09:03:17 --> [Caused by] mysqli_sql_exception: Unknown column 'AD.account_number' in 'on clause'
in SYSTEMPATH/Database/MySQLi/Connection.php on line 312.
 1 SYSTEMPATH/Database/MySQLi/Connection.php(312): mysqli->query()
 2 SYSTEMPATH/Database/BaseConnection.php(734): CodeIgniter\Database\MySQLi\Connection->execute()
 3 SYSTEMPATH/Database/BaseConnection.php(648): CodeIgniter\Database\BaseConnection->simpleQuery()
 4 APPPATH/Models/Accounts_data_model.php(21): CodeIgniter\Database\BaseConnection->query()
 5 APPPATH/Controllers/Accounts_data_controller.php(20): App\Models\accounts_data_model->get_accounts_data()
 6 SYSTEMPATH/CodeIgniter.php(933): App\Controllers\Accounts_data_controller->index()
 7 SYSTEMPATH/CodeIgniter.php(509): CodeIgniter\CodeIgniter->runController()
 8 SYSTEMPATH/CodeIgniter.php(355): CodeIgniter\CodeIgniter->handleRequest()
 9 SYSTEMPATH/Boot.php(325): CodeIgniter\CodeIgniter->run()
10 SYSTEMPATH/Boot.php(67): CodeIgniter\Boot::runCodeIgniter()
11 FCPATH/index.php(56): CodeIgniter\Boot::bootWeb()
ERROR - 2024-08-21 09:23:27 --> mysqli_sql_exception: Unknown column 'AD.account_number' in 'on clause' in /home/u877349608/domains/muraridubey.com/public_html/codeigniter/system/Database/MySQLi/Connection.php:312
Stack trace:
#0 /home/u877349608/domains/muraridubey.com/public_html/codeigniter/system/Database/MySQLi/Connection.php(312): mysqli->query()
#1 /home/u877349608/domains/muraridubey.com/public_html/codeigniter/system/Database/BaseConnection.php(734): CodeIgniter\Database\MySQLi\Connection->execute()
#2 /home/u877349608/domains/muraridubey.com/public_html/codeigniter/system/Database/BaseConnection.php(648): CodeIgniter\Database\BaseConnection->simpleQuery()
#3 /home/u877349608/domains/muraridubey.com/public_html/codeigniter/app/Models/Accounts_data_model.php(22): CodeIgniter\Database\BaseConnection->query()
#4 /home/u877349608/domains/muraridubey.com/public_html/codeigniter/app/Controllers/Accounts_data_controller.php(20): App\Models\accounts_data_model->get_accounts_data()
#5 /home/u877349608/domains/muraridubey.com/public_html/codeigniter/system/CodeIgniter.php(933): App\Controllers\Accounts_data_controller->index()
#6 /home/u877349608/domains/muraridubey.com/public_html/codeigniter/system/CodeIgniter.php(509): CodeIgniter\CodeIgniter->runController()
#7 /home/u877349608/domains/muraridubey.com/public_html/codeigniter/system/CodeIgniter.php(355): CodeIgniter\CodeIgniter->handleRequest()
#8 /home/u877349608/domains/muraridubey.com/public_html/codeigniter/system/Boot.php(325): CodeIgniter\CodeIgniter->run()
#9 /home/u877349608/domains/muraridubey.com/public_html/codeigniter/system/Boot.php(67): CodeIgniter\Boot::runCodeIgniter()
#10 /home/u877349608/domains/muraridubey.com/public_html/codeigniter/public/index.php(56): CodeIgniter\Boot::bootWeb()
#11 {main}
CRITICAL - 2024-08-21 09:23:27 --> CodeIgniter\Database\Exceptions\DatabaseException: Unknown column 'AD.account_number' in 'on clause'
[Method: GET, Route: accounts_data]
in SYSTEMPATH/Database/BaseConnection.php on line 688.
 1 APPPATH/Models/Accounts_data_model.php(22): CodeIgniter\Database\BaseConnection->query()
 2 APPPATH/Controllers/Accounts_data_controller.php(20): App\Models\accounts_data_model->get_accounts_data()
 3 SYSTEMPATH/CodeIgniter.php(933): App\Controllers\Accounts_data_controller->index()
 4 SYSTEMPATH/CodeIgniter.php(509): CodeIgniter\CodeIgniter->runController()
 5 SYSTEMPATH/CodeIgniter.php(355): CodeIgniter\CodeIgniter->handleRequest()
 6 SYSTEMPATH/Boot.php(325): CodeIgniter\CodeIgniter->run()
 7 SYSTEMPATH/Boot.php(67): CodeIgniter\Boot::runCodeIgniter()
 8 FCPATH/index.php(56): CodeIgniter\Boot::bootWeb()
CRITICAL - 2024-08-21 09:23:27 --> [Caused by] CodeIgniter\Database\Exceptions\DatabaseException: Unknown column 'AD.account_number' in 'on clause'
in SYSTEMPATH/Database/MySQLi/Connection.php on line 317.
 1 SYSTEMPATH/Database/BaseConnection.php(734): CodeIgniter\Database\MySQLi\Connection->execute()
 2 SYSTEMPATH/Database/BaseConnection.php(648): CodeIgniter\Database\BaseConnection->simpleQuery()
 3 APPPATH/Models/Accounts_data_model.php(22): CodeIgniter\Database\BaseConnection->query()
 4 APPPATH/Controllers/Accounts_data_controller.php(20): App\Models\accounts_data_model->get_accounts_data()
 5 SYSTEMPATH/CodeIgniter.php(933): App\Controllers\Accounts_data_controller->index()
 6 SYSTEMPATH/CodeIgniter.php(509): CodeIgniter\CodeIgniter->runController()
 7 SYSTEMPATH/CodeIgniter.php(355): CodeIgniter\CodeIgniter->handleRequest()
 8 SYSTEMPATH/Boot.php(325): CodeIgniter\CodeIgniter->run()
 9 SYSTEMPATH/Boot.php(67): CodeIgniter\Boot::runCodeIgniter()
10 FCPATH/index.php(56): CodeIgniter\Boot::bootWeb()
CRITICAL - 2024-08-21 09:23:27 --> [Caused by] mysqli_sql_exception: Unknown column 'AD.account_number' in 'on clause'
in SYSTEMPATH/Database/MySQLi/Connection.php on line 312.
 1 SYSTEMPATH/Database/MySQLi/Connection.php(312): mysqli->query()
 2 SYSTEMPATH/Database/BaseConnection.php(734): CodeIgniter\Database\MySQLi\Connection->execute()
 3 SYSTEMPATH/Database/BaseConnection.php(648): CodeIgniter\Database\BaseConnection->simpleQuery()
 4 APPPATH/Models/Accounts_data_model.php(22): CodeIgniter\Database\BaseConnection->query()
 5 APPPATH/Controllers/Accounts_data_controller.php(20): App\Models\accounts_data_model->get_accounts_data()
 6 SYSTEMPATH/CodeIgniter.php(933): App\Controllers\Accounts_data_controller->index()
 7 SYSTEMPATH/CodeIgniter.php(509): CodeIgniter\CodeIgniter->runController()
 8 SYSTEMPATH/CodeIgniter.php(355): CodeIgniter\CodeIgniter->handleRequest()
 9 SYSTEMPATH/Boot.php(325): CodeIgniter\CodeIgniter->run()
10 SYSTEMPATH/Boot.php(67): CodeIgniter\Boot::runCodeIgniter()
11 FCPATH/index.php(56): CodeIgniter\Boot::bootWeb()
ERROR - 2024-08-21 09:23:30 --> mysqli_sql_exception: Unknown column 'AD.account_number' in 'on clause' in /home/u877349608/domains/muraridubey.com/public_html/codeigniter/system/Database/MySQLi/Connection.php:312
Stack trace:
#0 /home/u877349608/domains/muraridubey.com/public_html/codeigniter/system/Database/MySQLi/Connection.php(312): mysqli->query()
#1 /home/u877349608/domains/muraridubey.com/public_html/codeigniter/system/Database/BaseConnection.php(734): CodeIgniter\Database\MySQLi\Connection->execute()
#2 /home/u877349608/domains/muraridubey.com/public_html/codeigniter/system/Database/BaseConnection.php(648): CodeIgniter\Database\BaseConnection->simpleQuery()
#3 /home/u877349608/domains/muraridubey.com/public_html/codeigniter/app/Models/Accounts_data_model.php(22): CodeIgniter\Database\BaseConnection->query()
#4 /home/u877349608/domains/muraridubey.com/public_html/codeigniter/app/Controllers/Accounts_data_controller.php(20): App\Models\accounts_data_model->get_accounts_data()
#5 /home/u877349608/domains/muraridubey.com/public_html/codeigniter/system/CodeIgniter.php(933): App\Controllers\Accounts_data_controller->index()
#6 /home/u877349608/domains/muraridubey.com/public_html/codeigniter/system/CodeIgniter.php(509): CodeIgniter\CodeIgniter->runController()
#7 /home/u877349608/domains/muraridubey.com/public_html/codeigniter/system/CodeIgniter.php(355): CodeIgniter\CodeIgniter->handleRequest()
#8 /home/u877349608/domains/muraridubey.com/public_html/codeigniter/system/Boot.php(325): CodeIgniter\CodeIgniter->run()
#9 /home/u877349608/domains/muraridubey.com/public_html/codeigniter/system/Boot.php(67): CodeIgniter\Boot::runCodeIgniter()
#10 /home/u877349608/domains/muraridubey.com/public_html/codeigniter/public/index.php(56): CodeIgniter\Boot::bootWeb()
#11 {main}
CRITICAL - 2024-08-21 09:23:30 --> CodeIgniter\Database\Exceptions\DatabaseException: Unknown column 'AD.account_number' in 'on clause'
[Method: GET, Route: accounts_data]
in SYSTEMPATH/Database/BaseConnection.php on line 688.
 1 APPPATH/Models/Accounts_data_model.php(22): CodeIgniter\Database\BaseConnection->query()
 2 APPPATH/Controllers/Accounts_data_controller.php(20): App\Models\accounts_data_model->get_accounts_data()
 3 SYSTEMPATH/CodeIgniter.php(933): App\Controllers\Accounts_data_controller->index()
 4 SYSTEMPATH/CodeIgniter.php(509): CodeIgniter\CodeIgniter->runController()
 5 SYSTEMPATH/CodeIgniter.php(355): CodeIgniter\CodeIgniter->handleRequest()
 6 SYSTEMPATH/Boot.php(325): CodeIgniter\CodeIgniter->run()
 7 SYSTEMPATH/Boot.php(67): CodeIgniter\Boot::runCodeIgniter()
 8 FCPATH/index.php(56): CodeIgniter\Boot::bootWeb()
CRITICAL - 2024-08-21 09:23:30 --> [Caused by] CodeIgniter\Database\Exceptions\DatabaseException: Unknown column 'AD.account_number' in 'on clause'
in SYSTEMPATH/Database/MySQLi/Connection.php on line 317.
 1 SYSTEMPATH/Database/BaseConnection.php(734): CodeIgniter\Database\MySQLi\Connection->execute()
 2 SYSTEMPATH/Database/BaseConnection.php(648): CodeIgniter\Database\BaseConnection->simpleQuery()
 3 APPPATH/Models/Accounts_data_model.php(22): CodeIgniter\Database\BaseConnection->query()
 4 APPPATH/Controllers/Accounts_data_controller.php(20): App\Models\accounts_data_model->get_accounts_data()
 5 SYSTEMPATH/CodeIgniter.php(933): App\Controllers\Accounts_data_controller->index()
 6 SYSTEMPATH/CodeIgniter.php(509): CodeIgniter\CodeIgniter->runController()
 7 SYSTEMPATH/CodeIgniter.php(355): CodeIgniter\CodeIgniter->handleRequest()
 8 SYSTEMPATH/Boot.php(325): CodeIgniter\CodeIgniter->run()
 9 SYSTEMPATH/Boot.php(67): CodeIgniter\Boot::runCodeIgniter()
10 FCPATH/index.php(56): CodeIgniter\Boot::bootWeb()
CRITICAL - 2024-08-21 09:23:30 --> [Caused by] mysqli_sql_exception: Unknown column 'AD.account_number' in 'on clause'
in SYSTEMPATH/Database/MySQLi/Connection.php on line 312.
 1 SYSTEMPATH/Database/MySQLi/Connection.php(312): mysqli->query()
 2 SYSTEMPATH/Database/BaseConnection.php(734): CodeIgniter\Database\MySQLi\Connection->execute()
 3 SYSTEMPATH/Database/BaseConnection.php(648): CodeIgniter\Database\BaseConnection->simpleQuery()
 4 APPPATH/Models/Accounts_data_model.php(22): CodeIgniter\Database\BaseConnection->query()
 5 APPPATH/Controllers/Accounts_data_controller.php(20): App\Models\accounts_data_model->get_accounts_data()
 6 SYSTEMPATH/CodeIgniter.php(933): App\Controllers\Accounts_data_controller->index()
 7 SYSTEMPATH/CodeIgniter.php(509): CodeIgniter\CodeIgniter->runController()
 8 SYSTEMPATH/CodeIgniter.php(355): CodeIgniter\CodeIgniter->handleRequest()
 9 SYSTEMPATH/Boot.php(325): CodeIgniter\CodeIgniter->run()
10 SYSTEMPATH/Boot.php(67): CodeIgniter\Boot::runCodeIgniter()
11 FCPATH/index.php(56): CodeIgniter\Boot::bootWeb()
ERROR - 2024-08-21 09:30:05 --> mysqli_sql_exception: Unknown column 'AD.account_number' in 'on clause' in /home/u877349608/domains/muraridubey.com/public_html/codeigniter/system/Database/MySQLi/Connection.php:312
Stack trace:
#0 /home/u877349608/domains/muraridubey.com/public_html/codeigniter/system/Database/MySQLi/Connection.php(312): mysqli->query()
#1 /home/u877349608/domains/muraridubey.com/public_html/codeigniter/system/Database/BaseConnection.php(734): CodeIgniter\Database\MySQLi\Connection->execute()
#2 /home/u877349608/domains/muraridubey.com/public_html/codeigniter/system/Database/BaseConnection.php(648): CodeIgniter\Database\BaseConnection->simpleQuery()
#3 /home/u877349608/domains/muraridubey.com/public_html/codeigniter/app/Models/Accounts_data_model.php(22): CodeIgniter\Database\BaseConnection->query()
#4 /home/u877349608/domains/muraridubey.com/public_html/codeigniter/app/Controllers/Accounts_data_controller.php(20): App\Models\accounts_data_model->get_accounts_data()
#5 /home/u877349608/domains/muraridubey.com/public_html/codeigniter/system/CodeIgniter.php(933): App\Controllers\Accounts_data_controller->index()
#6 /home/u877349608/domains/muraridubey.com/public_html/codeigniter/system/CodeIgniter.php(509): CodeIgniter\CodeIgniter->runController()
#7 /home/u877349608/domains/muraridubey.com/public_html/codeigniter/system/CodeIgniter.php(355): CodeIgniter\CodeIgniter->handleRequest()
#8 /home/u877349608/domains/muraridubey.com/public_html/codeigniter/system/Boot.php(325): CodeIgniter\CodeIgniter->run()
#9 /home/u877349608/domains/muraridubey.com/public_html/codeigniter/system/Boot.php(67): CodeIgniter\Boot::runCodeIgniter()
#10 /home/u877349608/domains/muraridubey.com/public_html/codeigniter/public/index.php(56): CodeIgniter\Boot::bootWeb()
#11 {main}
CRITICAL - 2024-08-21 09:30:05 --> CodeIgniter\Database\Exceptions\DatabaseException: Unknown column 'AD.account_number' in 'on clause'
[Method: GET, Route: accounts_data]
in SYSTEMPATH/Database/BaseConnection.php on line 688.
 1 APPPATH/Models/Accounts_data_model.php(22): CodeIgniter\Database\BaseConnection->query()
 2 APPPATH/Controllers/Accounts_data_controller.php(20): App\Models\accounts_data_model->get_accounts_data()
 3 SYSTEMPATH/CodeIgniter.php(933): App\Controllers\Accounts_data_controller->index()
 4 SYSTEMPATH/CodeIgniter.php(509): CodeIgniter\CodeIgniter->runController()
 5 SYSTEMPATH/CodeIgniter.php(355): CodeIgniter\CodeIgniter->handleRequest()
 6 SYSTEMPATH/Boot.php(325): CodeIgniter\CodeIgniter->run()
 7 SYSTEMPATH/Boot.php(67): CodeIgniter\Boot::runCodeIgniter()
 8 FCPATH/index.php(56): CodeIgniter\Boot::bootWeb()
CRITICAL - 2024-08-21 09:30:05 --> [Caused by] CodeIgniter\Database\Exceptions\DatabaseException: Unknown column 'AD.account_number' in 'on clause'
in SYSTEMPATH/Database/MySQLi/Connection.php on line 317.
 1 SYSTEMPATH/Database/BaseConnection.php(734): CodeIgniter\Database\MySQLi\Connection->execute()
 2 SYSTEMPATH/Database/BaseConnection.php(648): CodeIgniter\Database\BaseConnection->simpleQuery()
 3 APPPATH/Models/Accounts_data_model.php(22): CodeIgniter\Database\BaseConnection->query()
 4 APPPATH/Controllers/Accounts_data_controller.php(20): App\Models\accounts_data_model->get_accounts_data()
 5 SYSTEMPATH/CodeIgniter.php(933): App\Controllers\Accounts_data_controller->index()
 6 SYSTEMPATH/CodeIgniter.php(509): CodeIgniter\CodeIgniter->runController()
 7 SYSTEMPATH/CodeIgniter.php(355): CodeIgniter\CodeIgniter->handleRequest()
 8 SYSTEMPATH/Boot.php(325): CodeIgniter\CodeIgniter->run()
 9 SYSTEMPATH/Boot.php(67): CodeIgniter\Boot::runCodeIgniter()
10 FCPATH/index.php(56): CodeIgniter\Boot::bootWeb()
CRITICAL - 2024-08-21 09:30:05 --> [Caused by] mysqli_sql_exception: Unknown column 'AD.account_number' in 'on clause'
in SYSTEMPATH/Database/MySQLi/Connection.php on line 312.
 1 SYSTEMPATH/Database/MySQLi/Connection.php(312): mysqli->query()
 2 SYSTEMPATH/Database/BaseConnection.php(734): CodeIgniter\Database\MySQLi\Connection->execute()
 3 SYSTEMPATH/Database/BaseConnection.php(648): CodeIgniter\Database\BaseConnection->simpleQuery()
 4 APPPATH/Models/Accounts_data_model.php(22): CodeIgniter\Database\BaseConnection->query()
 5 APPPATH/Controllers/Accounts_data_controller.php(20): App\Models\accounts_data_model->get_accounts_data()
 6 SYSTEMPATH/CodeIgniter.php(933): App\Controllers\Accounts_data_controller->index()
 7 SYSTEMPATH/CodeIgniter.php(509): CodeIgniter\CodeIgniter->runController()
 8 SYSTEMPATH/CodeIgniter.php(355): CodeIgniter\CodeIgniter->handleRequest()
 9 SYSTEMPATH/Boot.php(325): CodeIgniter\CodeIgniter->run()
10 SYSTEMPATH/Boot.php(67): CodeIgniter\Boot::runCodeIgniter()
11 FCPATH/index.php(56): CodeIgniter\Boot::bootWeb()
ERROR - 2024-08-21 09:32:20 --> mysqli_sql_exception: Unknown column 'AD.account_number' in 'on clause' in /home/u877349608/domains/muraridubey.com/public_html/codeigniter/system/Database/MySQLi/Connection.php:312
Stack trace:
#0 /home/u877349608/domains/muraridubey.com/public_html/codeigniter/system/Database/MySQLi/Connection.php(312): mysqli->query()
#1 /home/u877349608/domains/muraridubey.com/public_html/codeigniter/system/Database/BaseConnection.php(734): CodeIgniter\Database\MySQLi\Connection->execute()
#2 /home/u877349608/domains/muraridubey.com/public_html/codeigniter/system/Database/BaseConnection.php(648): CodeIgniter\Database\BaseConnection->simpleQuery()
#3 /home/u877349608/domains/muraridubey.com/public_html/codeigniter/app/Models/Accounts_data_model.php(22): CodeIgniter\Database\BaseConnection->query()
#4 /home/u877349608/domains/muraridubey.com/public_html/codeigniter/app/Controllers/Accounts_data_controller.php(20): App\Models\accounts_data_model->get_accounts_data()
#5 /home/u877349608/domains/muraridubey.com/public_html/codeigniter/system/CodeIgniter.php(933): App\Controllers\Accounts_data_controller->index()
#6 /home/u877349608/domains/muraridubey.com/public_html/codeigniter/system/CodeIgniter.php(509): CodeIgniter\CodeIgniter->runController()
#7 /home/u877349608/domains/muraridubey.com/public_html/codeigniter/system/CodeIgniter.php(355): CodeIgniter\CodeIgniter->handleRequest()
#8 /home/u877349608/domains/muraridubey.com/public_html/codeigniter/system/Boot.php(325): CodeIgniter\CodeIgniter->run()
#9 /home/u877349608/domains/muraridubey.com/public_html/codeigniter/system/Boot.php(67): CodeIgniter\Boot::runCodeIgniter()
#10 /home/u877349608/domains/muraridubey.com/public_html/codeigniter/public/index.php(56): CodeIgniter\Boot::bootWeb()
#11 {main}
CRITICAL - 2024-08-21 09:32:20 --> CodeIgniter\Database\Exceptions\DatabaseException: Unknown column 'AD.account_number' in 'on clause'
[Method: GET, Route: accounts_data]
in SYSTEMPATH/Database/BaseConnection.php on line 688.
 1 APPPATH/Models/Accounts_data_model.php(22): CodeIgniter\Database\BaseConnection->query()
 2 APPPATH/Controllers/Accounts_data_controller.php(20): App\Models\accounts_data_model->get_accounts_data()
 3 SYSTEMPATH/CodeIgniter.php(933): App\Controllers\Accounts_data_controller->index()
 4 SYSTEMPATH/CodeIgniter.php(509): CodeIgniter\CodeIgniter->runController()
 5 SYSTEMPATH/CodeIgniter.php(355): CodeIgniter\CodeIgniter->handleRequest()
 6 SYSTEMPATH/Boot.php(325): CodeIgniter\CodeIgniter->run()
 7 SYSTEMPATH/Boot.php(67): CodeIgniter\Boot::runCodeIgniter()
 8 FCPATH/index.php(56): CodeIgniter\Boot::bootWeb()
CRITICAL - 2024-08-21 09:32:20 --> [Caused by] CodeIgniter\Database\Exceptions\DatabaseException: Unknown column 'AD.account_number' in 'on clause'
in SYSTEMPATH/Database/MySQLi/Connection.php on line 317.
 1 SYSTEMPATH/Database/BaseConnection.php(734): CodeIgniter\Database\MySQLi\Connection->execute()
 2 SYSTEMPATH/Database/BaseConnection.php(648): CodeIgniter\Database\BaseConnection->simpleQuery()
 3 APPPATH/Models/Accounts_data_model.php(22): CodeIgniter\Database\BaseConnection->query()
 4 APPPATH/Controllers/Accounts_data_controller.php(20): App\Models\accounts_data_model->get_accounts_data()
 5 SYSTEMPATH/CodeIgniter.php(933): App\Controllers\Accounts_data_controller->index()
 6 SYSTEMPATH/CodeIgniter.php(509): CodeIgniter\CodeIgniter->runController()
 7 SYSTEMPATH/CodeIgniter.php(355): CodeIgniter\CodeIgniter->handleRequest()
 8 SYSTEMPATH/Boot.php(325): CodeIgniter\CodeIgniter->run()
 9 SYSTEMPATH/Boot.php(67): CodeIgniter\Boot::runCodeIgniter()
10 FCPATH/index.php(56): CodeIgniter\Boot::bootWeb()
CRITICAL - 2024-08-21 09:32:20 --> [Caused by] mysqli_sql_exception: Unknown column 'AD.account_number' in 'on clause'
in SYSTEMPATH/Database/MySQLi/Connection.php on line 312.
 1 SYSTEMPATH/Database/MySQLi/Connection.php(312): mysqli->query()
 2 SYSTEMPATH/Database/BaseConnection.php(734): CodeIgniter\Database\MySQLi\Connection->execute()
 3 SYSTEMPATH/Database/BaseConnection.php(648): CodeIgniter\Database\BaseConnection->simpleQuery()
 4 APPPATH/Models/Accounts_data_model.php(22): CodeIgniter\Database\BaseConnection->query()
 5 APPPATH/Controllers/Accounts_data_controller.php(20): App\Models\accounts_data_model->get_accounts_data()
 6 SYSTEMPATH/CodeIgniter.php(933): App\Controllers\Accounts_data_controller->index()
 7 SYSTEMPATH/CodeIgniter.php(509): CodeIgniter\CodeIgniter->runController()
 8 SYSTEMPATH/CodeIgniter.php(355): CodeIgniter\CodeIgniter->handleRequest()
 9 SYSTEMPATH/Boot.php(325): CodeIgniter\CodeIgniter->run()
10 SYSTEMPATH/Boot.php(67): CodeIgniter\Boot::runCodeIgniter()
11 FCPATH/index.php(56): CodeIgniter\Boot::bootWeb()
CRITICAL - 2024-08-21 09:33:37 --> ParseError: syntax error, unexpected token "public"
[Method: GET, Route: accounts_data]
in APPPATH/Models/Accounts_data_model.php on line 44.
 1 SYSTEMPATH/Autoloader/Autoloader.php(296): CodeIgniter\Autoloader\Autoloader->includeFile()
 2 SYSTEMPATH/Autoloader/Autoloader.php(272): CodeIgniter\Autoloader\Autoloader->loadInNamespace()
 3 APPPATH/Controllers/Accounts_data_controller.php(13): CodeIgniter\Autoloader\Autoloader->loadClass()
 4 SYSTEMPATH/CodeIgniter.php(903): App\Controllers\Accounts_data_controller->__construct()
 5 SYSTEMPATH/CodeIgniter.php(500): CodeIgniter\CodeIgniter->createController()
 6 SYSTEMPATH/CodeIgniter.php(355): CodeIgniter\CodeIgniter->handleRequest()
 7 SYSTEMPATH/Boot.php(325): CodeIgniter\CodeIgniter->run()
 8 SYSTEMPATH/Boot.php(67): CodeIgniter\Boot::runCodeIgniter()
 9 FCPATH/index.php(56): CodeIgniter\Boot::bootWeb()
ERROR - 2024-08-21 09:35:21 --> mysqli_sql_exception: Unknown column 'AD.account_number' in 'on clause' in /home/u877349608/domains/muraridubey.com/public_html/codeigniter/system/Database/MySQLi/Connection.php:312
Stack trace:
#0 /home/u877349608/domains/muraridubey.com/public_html/codeigniter/system/Database/MySQLi/Connection.php(312): mysqli->query()
#1 /home/u877349608/domains/muraridubey.com/public_html/codeigniter/system/Database/BaseConnection.php(734): CodeIgniter\Database\MySQLi\Connection->execute()
#2 /home/u877349608/domains/muraridubey.com/public_html/codeigniter/system/Database/BaseConnection.php(648): CodeIgniter\Database\BaseConnection->simpleQuery()
#3 /home/u877349608/domains/muraridubey.com/public_html/codeigniter/app/Models/Accounts_data_model.php(22): CodeIgniter\Database\BaseConnection->query()
#4 /home/u877349608/domains/muraridubey.com/public_html/codeigniter/app/Controllers/Accounts_data_controller.php(20): App\Models\accounts_data_model->get_accounts_data()
#5 /home/u877349608/domains/muraridubey.com/public_html/codeigniter/system/CodeIgniter.php(933): App\Controllers\Accounts_data_controller->index()
#6 /home/u877349608/domains/muraridubey.com/public_html/codeigniter/system/CodeIgniter.php(509): CodeIgniter\CodeIgniter->runController()
#7 /home/u877349608/domains/muraridubey.com/public_html/codeigniter/system/CodeIgniter.php(355): CodeIgniter\CodeIgniter->handleRequest()
#8 /home/u877349608/domains/muraridubey.com/public_html/codeigniter/system/Boot.php(325): CodeIgniter\CodeIgniter->run()
#9 /home/u877349608/domains/muraridubey.com/public_html/codeigniter/system/Boot.php(67): CodeIgniter\Boot::runCodeIgniter()
#10 /home/u877349608/domains/muraridubey.com/public_html/codeigniter/public/index.php(56): CodeIgniter\Boot::bootWeb()
#11 {main}
CRITICAL - 2024-08-21 09:35:21 --> CodeIgniter\Database\Exceptions\DatabaseException: Unknown column 'AD.account_number' in 'on clause'
[Method: GET, Route: accounts_data]
in SYSTEMPATH/Database/BaseConnection.php on line 688.
 1 APPPATH/Models/Accounts_data_model.php(22): CodeIgniter\Database\BaseConnection->query()
 2 APPPATH/Controllers/Accounts_data_controller.php(20): App\Models\accounts_data_model->get_accounts_data()
 3 SYSTEMPATH/CodeIgniter.php(933): App\Controllers\Accounts_data_controller->index()
 4 SYSTEMPATH/CodeIgniter.php(509): CodeIgniter\CodeIgniter->runController()
 5 SYSTEMPATH/CodeIgniter.php(355): CodeIgniter\CodeIgniter->handleRequest()
 6 SYSTEMPATH/Boot.php(325): CodeIgniter\CodeIgniter->run()
 7 SYSTEMPATH/Boot.php(67): CodeIgniter\Boot::runCodeIgniter()
 8 FCPATH/index.php(56): CodeIgniter\Boot::bootWeb()
CRITICAL - 2024-08-21 09:35:21 --> [Caused by] CodeIgniter\Database\Exceptions\DatabaseException: Unknown column 'AD.account_number' in 'on clause'
in SYSTEMPATH/Database/MySQLi/Connection.php on line 317.
 1 SYSTEMPATH/Database/BaseConnection.php(734): CodeIgniter\Database\MySQLi\Connection->execute()
 2 SYSTEMPATH/Database/BaseConnection.php(648): CodeIgniter\Database\BaseConnection->simpleQuery()
 3 APPPATH/Models/Accounts_data_model.php(22): CodeIgniter\Database\BaseConnection->query()
 4 APPPATH/Controllers/Accounts_data_controller.php(20): App\Models\accounts_data_model->get_accounts_data()
 5 SYSTEMPATH/CodeIgniter.php(933): App\Controllers\Accounts_data_controller->index()
 6 SYSTEMPATH/CodeIgniter.php(509): CodeIgniter\CodeIgniter->runController()
 7 SYSTEMPATH/CodeIgniter.php(355): CodeIgniter\CodeIgniter->handleRequest()
 8 SYSTEMPATH/Boot.php(325): CodeIgniter\CodeIgniter->run()
 9 SYSTEMPATH/Boot.php(67): CodeIgniter\Boot::runCodeIgniter()
10 FCPATH/index.php(56): CodeIgniter\Boot::bootWeb()
CRITICAL - 2024-08-21 09:35:21 --> [Caused by] mysqli_sql_exception: Unknown column 'AD.account_number' in 'on clause'
in SYSTEMPATH/Database/MySQLi/Connection.php on line 312.
 1 SYSTEMPATH/Database/MySQLi/Connection.php(312): mysqli->query()
 2 SYSTEMPATH/Database/BaseConnection.php(734): CodeIgniter\Database\MySQLi\Connection->execute()
 3 SYSTEMPATH/Database/BaseConnection.php(648): CodeIgniter\Database\BaseConnection->simpleQuery()
 4 APPPATH/Models/Accounts_data_model.php(22): CodeIgniter\Database\BaseConnection->query()
 5 APPPATH/Controllers/Accounts_data_controller.php(20): App\Models\accounts_data_model->get_accounts_data()
 6 SYSTEMPATH/CodeIgniter.php(933): App\Controllers\Accounts_data_controller->index()
 7 SYSTEMPATH/CodeIgniter.php(509): CodeIgniter\CodeIgniter->runController()
 8 SYSTEMPATH/CodeIgniter.php(355): CodeIgniter\CodeIgniter->handleRequest()
 9 SYSTEMPATH/Boot.php(325): CodeIgniter\CodeIgniter->run()
10 SYSTEMPATH/Boot.php(67): CodeIgniter\Boot::runCodeIgniter()
11 FCPATH/index.php(56): CodeIgniter\Boot::bootWeb()
ERROR - 2024-08-21 09:51:57 --> mysqli_sql_exception: Unknown column 'AD.account_number' in 'on clause' in /home/u877349608/domains/muraridubey.com/public_html/codeigniter/system/Database/MySQLi/Connection.php:312
Stack trace:
#0 /home/u877349608/domains/muraridubey.com/public_html/codeigniter/system/Database/MySQLi/Connection.php(312): mysqli->query()
#1 /home/u877349608/domains/muraridubey.com/public_html/codeigniter/system/Database/BaseConnection.php(734): CodeIgniter\Database\MySQLi\Connection->execute()
#2 /home/u877349608/domains/muraridubey.com/public_html/codeigniter/system/Database/BaseConnection.php(648): CodeIgniter\Database\BaseConnection->simpleQuery()
#3 /home/u877349608/domains/muraridubey.com/public_html/codeigniter/app/Models/Accounts_data_model.php(22): CodeIgniter\Database\BaseConnection->query()
#4 /home/u877349608/domains/muraridubey.com/public_html/codeigniter/app/Controllers/Accounts_data_controller.php(20): App\Models\accounts_data_model->get_accounts_data()
#5 /home/u877349608/domains/muraridubey.com/public_html/codeigniter/system/CodeIgniter.php(933): App\Controllers\Accounts_data_controller->index()
#6 /home/u877349608/domains/muraridubey.com/public_html/codeigniter/system/CodeIgniter.php(509): CodeIgniter\CodeIgniter->runController()
#7 /home/u877349608/domains/muraridubey.com/public_html/codeigniter/system/CodeIgniter.php(355): CodeIgniter\CodeIgniter->handleRequest()
#8 /home/u877349608/domains/muraridubey.com/public_html/codeigniter/system/Boot.php(325): CodeIgniter\CodeIgniter->run()
#9 /home/u877349608/domains/muraridubey.com/public_html/codeigniter/system/Boot.php(67): CodeIgniter\Boot::runCodeIgniter()
#10 /home/u877349608/domains/muraridubey.com/public_html/codeigniter/public/index.php(56): CodeIgniter\Boot::bootWeb()
#11 {main}
CRITICAL - 2024-08-21 09:51:57 --> CodeIgniter\Database\Exceptions\DatabaseException: Unknown column 'AD.account_number' in 'on clause'
[Method: GET, Route: accounts_data]
in SYSTEMPATH/Database/BaseConnection.php on line 688.
 1 APPPATH/Models/Accounts_data_model.php(22): CodeIgniter\Database\BaseConnection->query()
 2 APPPATH/Controllers/Accounts_data_controller.php(20): App\Models\accounts_data_model->get_accounts_data()
 3 SYSTEMPATH/CodeIgniter.php(933): App\Controllers\Accounts_data_controller->index()
 4 SYSTEMPATH/CodeIgniter.php(509): CodeIgniter\CodeIgniter->runController()
 5 SYSTEMPATH/CodeIgniter.php(355): CodeIgniter\CodeIgniter->handleRequest()
 6 SYSTEMPATH/Boot.php(325): CodeIgniter\CodeIgniter->run()
 7 SYSTEMPATH/Boot.php(67): CodeIgniter\Boot::runCodeIgniter()
 8 FCPATH/index.php(56): CodeIgniter\Boot::bootWeb()
CRITICAL - 2024-08-21 09:51:57 --> [Caused by] CodeIgniter\Database\Exceptions\DatabaseException: Unknown column 'AD.account_number' in 'on clause'
in SYSTEMPATH/Database/MySQLi/Connection.php on line 317.
 1 SYSTEMPATH/Database/BaseConnection.php(734): CodeIgniter\Database\MySQLi\Connection->execute()
 2 SYSTEMPATH/Database/BaseConnection.php(648): CodeIgniter\Database\BaseConnection->simpleQuery()
 3 APPPATH/Models/Accounts_data_model.php(22): CodeIgniter\Database\BaseConnection->query()
 4 APPPATH/Controllers/Accounts_data_controller.php(20): App\Models\accounts_data_model->get_accounts_data()
 5 SYSTEMPATH/CodeIgniter.php(933): App\Controllers\Accounts_data_controller->index()
 6 SYSTEMPATH/CodeIgniter.php(509): CodeIgniter\CodeIgniter->runController()
 7 SYSTEMPATH/CodeIgniter.php(355): CodeIgniter\CodeIgniter->handleRequest()
 8 SYSTEMPATH/Boot.php(325): CodeIgniter\CodeIgniter->run()
 9 SYSTEMPATH/Boot.php(67): CodeIgniter\Boot::runCodeIgniter()
10 FCPATH/index.php(56): CodeIgniter\Boot::bootWeb()
CRITICAL - 2024-08-21 09:51:57 --> [Caused by] mysqli_sql_exception: Unknown column 'AD.account_number' in 'on clause'
in SYSTEMPATH/Database/MySQLi/Connection.php on line 312.
 1 SYSTEMPATH/Database/MySQLi/Connection.php(312): mysqli->query()
 2 SYSTEMPATH/Database/BaseConnection.php(734): CodeIgniter\Database\MySQLi\Connection->execute()
 3 SYSTEMPATH/Database/BaseConnection.php(648): CodeIgniter\Database\BaseConnection->simpleQuery()
 4 APPPATH/Models/Accounts_data_model.php(22): CodeIgniter\Database\BaseConnection->query()
 5 APPPATH/Controllers/Accounts_data_controller.php(20): App\Models\accounts_data_model->get_accounts_data()
 6 SYSTEMPATH/CodeIgniter.php(933): App\Controllers\Accounts_data_controller->index()
 7 SYSTEMPATH/CodeIgniter.php(509): CodeIgniter\CodeIgniter->runController()
 8 SYSTEMPATH/CodeIgniter.php(355): CodeIgniter\CodeIgniter->handleRequest()
 9 SYSTEMPATH/Boot.php(325): CodeIgniter\CodeIgniter->run()
10 SYSTEMPATH/Boot.php(67): CodeIgniter\Boot::runCodeIgniter()
11 FCPATH/index.php(56): CodeIgniter\Boot::bootWeb()
ERROR - 2024-08-21 09:53:51 --> mysqli_sql_exception: Unknown column 'AD.account_number' in 'on clause' in /home/u877349608/domains/muraridubey.com/public_html/codeigniter/system/Database/MySQLi/Connection.php:312
Stack trace:
#0 /home/u877349608/domains/muraridubey.com/public_html/codeigniter/system/Database/MySQLi/Connection.php(312): mysqli->query()
#1 /home/u877349608/domains/muraridubey.com/public_html/codeigniter/system/Database/BaseConnection.php(734): CodeIgniter\Database\MySQLi\Connection->execute()
#2 /home/u877349608/domains/muraridubey.com/public_html/codeigniter/system/Database/BaseConnection.php(648): CodeIgniter\Database\BaseConnection->simpleQuery()
#3 /home/u877349608/domains/muraridubey.com/public_html/codeigniter/app/Models/Accounts_data_model.php(22): CodeIgniter\Database\BaseConnection->query()
#4 /home/u877349608/domains/muraridubey.com/public_html/codeigniter/app/Controllers/Accounts_data_controller.php(20): App\Models\accounts_data_model->get_accounts_data()
#5 /home/u877349608/domains/muraridubey.com/public_html/codeigniter/system/CodeIgniter.php(933): App\Controllers\Accounts_data_controller->index()
#6 /home/u877349608/domains/muraridubey.com/public_html/codeigniter/system/CodeIgniter.php(509): CodeIgniter\CodeIgniter->runController()
#7 /home/u877349608/domains/muraridubey.com/public_html/codeigniter/system/CodeIgniter.php(355): CodeIgniter\CodeIgniter->handleRequest()
#8 /home/u877349608/domains/muraridubey.com/public_html/codeigniter/system/Boot.php(325): CodeIgniter\CodeIgniter->run()
#9 /home/u877349608/domains/muraridubey.com/public_html/codeigniter/system/Boot.php(67): CodeIgniter\Boot::runCodeIgniter()
#10 /home/u877349608/domains/muraridubey.com/public_html/codeigniter/public/index.php(56): CodeIgniter\Boot::bootWeb()
#11 {main}
CRITICAL - 2024-08-21 09:53:51 --> CodeIgniter\Database\Exceptions\DatabaseException: Unknown column 'AD.account_number' in 'on clause'
[Method: GET, Route: accounts_data]
in SYSTEMPATH/Database/BaseConnection.php on line 688.
 1 APPPATH/Models/Accounts_data_model.php(22): CodeIgniter\Database\BaseConnection->query()
 2 APPPATH/Controllers/Accounts_data_controller.php(20): App\Models\accounts_data_model->get_accounts_data()
 3 SYSTEMPATH/CodeIgniter.php(933): App\Controllers\Accounts_data_controller->index()
 4 SYSTEMPATH/CodeIgniter.php(509): CodeIgniter\CodeIgniter->runController()
 5 SYSTEMPATH/CodeIgniter.php(355): CodeIgniter\CodeIgniter->handleRequest()
 6 SYSTEMPATH/Boot.php(325): CodeIgniter\CodeIgniter->run()
 7 SYSTEMPATH/Boot.php(67): CodeIgniter\Boot::runCodeIgniter()
 8 FCPATH/index.php(56): CodeIgniter\Boot::bootWeb()
CRITICAL - 2024-08-21 09:53:51 --> [Caused by] CodeIgniter\Database\Exceptions\DatabaseException: Unknown column 'AD.account_number' in 'on clause'
in SYSTEMPATH/Database/MySQLi/Connection.php on line 317.
 1 SYSTEMPATH/Database/BaseConnection.php(734): CodeIgniter\Database\MySQLi\Connection->execute()
 2 SYSTEMPATH/Database/BaseConnection.php(648): CodeIgniter\Database\BaseConnection->simpleQuery()
 3 APPPATH/Models/Accounts_data_model.php(22): CodeIgniter\Database\BaseConnection->query()
 4 APPPATH/Controllers/Accounts_data_controller.php(20): App\Models\accounts_data_model->get_accounts_data()
 5 SYSTEMPATH/CodeIgniter.php(933): App\Controllers\Accounts_data_controller->index()
 6 SYSTEMPATH/CodeIgniter.php(509): CodeIgniter\CodeIgniter->runController()
 7 SYSTEMPATH/CodeIgniter.php(355): CodeIgniter\CodeIgniter->handleRequest()
 8 SYSTEMPATH/Boot.php(325): CodeIgniter\CodeIgniter->run()
 9 SYSTEMPATH/Boot.php(67): CodeIgniter\Boot::runCodeIgniter()
10 FCPATH/index.php(56): CodeIgniter\Boot::bootWeb()
CRITICAL - 2024-08-21 09:53:51 --> [Caused by] mysqli_sql_exception: Unknown column 'AD.account_number' in 'on clause'
in SYSTEMPATH/Database/MySQLi/Connection.php on line 312.
 1 SYSTEMPATH/Database/MySQLi/Connection.php(312): mysqli->query()
 2 SYSTEMPATH/Database/BaseConnection.php(734): CodeIgniter\Database\MySQLi\Connection->execute()
 3 SYSTEMPATH/Database/BaseConnection.php(648): CodeIgniter\Database\BaseConnection->simpleQuery()
 4 APPPATH/Models/Accounts_data_model.php(22): CodeIgniter\Database\BaseConnection->query()
 5 APPPATH/Controllers/Accounts_data_controller.php(20): App\Models\accounts_data_model->get_accounts_data()
 6 SYSTEMPATH/CodeIgniter.php(933): App\Controllers\Accounts_data_controller->index()
 7 SYSTEMPATH/CodeIgniter.php(509): CodeIgniter\CodeIgniter->runController()
 8 SYSTEMPATH/CodeIgniter.php(355): CodeIgniter\CodeIgniter->handleRequest()
 9 SYSTEMPATH/Boot.php(325): CodeIgniter\CodeIgniter->run()
10 SYSTEMPATH/Boot.php(67): CodeIgniter\Boot::runCodeIgniter()
11 FCPATH/index.php(56): CodeIgniter\Boot::bootWeb()
ERROR - 2024-08-21 09:55:01 --> mysqli_sql_exception: Unknown column 'AD.account_number' in 'on clause' in /home/u877349608/domains/muraridubey.com/public_html/codeigniter/system/Database/MySQLi/Connection.php:312
Stack trace:
#0 /home/u877349608/domains/muraridubey.com/public_html/codeigniter/system/Database/MySQLi/Connection.php(312): mysqli->query()
#1 /home/u877349608/domains/muraridubey.com/public_html/codeigniter/system/Database/BaseConnection.php(734): CodeIgniter\Database\MySQLi\Connection->execute()
#2 /home/u877349608/domains/muraridubey.com/public_html/codeigniter/system/Database/BaseConnection.php(648): CodeIgniter\Database\BaseConnection->simpleQuery()
#3 /home/u877349608/domains/muraridubey.com/public_html/codeigniter/app/Models/Accounts_data_model.php(22): CodeIgniter\Database\BaseConnection->query()
#4 /home/u877349608/domains/muraridubey.com/public_html/codeigniter/app/Controllers/Accounts_data_controller.php(20): App\Models\accounts_data_model->get_accounts_data()
#5 /home/u877349608/domains/muraridubey.com/public_html/codeigniter/system/CodeIgniter.php(933): App\Controllers\Accounts_data_controller->index()
#6 /home/u877349608/domains/muraridubey.com/public_html/codeigniter/system/CodeIgniter.php(509): CodeIgniter\CodeIgniter->runController()
#7 /home/u877349608/domains/muraridubey.com/public_html/codeigniter/system/CodeIgniter.php(355): CodeIgniter\CodeIgniter->handleRequest()
#8 /home/u877349608/domains/muraridubey.com/public_html/codeigniter/system/Boot.php(325): CodeIgniter\CodeIgniter->run()
#9 /home/u877349608/domains/muraridubey.com/public_html/codeigniter/system/Boot.php(67): CodeIgniter\Boot::runCodeIgniter()
#10 /home/u877349608/domains/muraridubey.com/public_html/codeigniter/public/index.php(56): CodeIgniter\Boot::bootWeb()
#11 {main}
CRITICAL - 2024-08-21 09:55:01 --> CodeIgniter\Database\Exceptions\DatabaseException: Unknown column 'AD.account_number' in 'on clause'
[Method: GET, Route: accounts_data]
in SYSTEMPATH/Database/BaseConnection.php on line 688.
 1 APPPATH/Models/Accounts_data_model.php(22): CodeIgniter\Database\BaseConnection->query()
 2 APPPATH/Controllers/Accounts_data_controller.php(20): App\Models\accounts_data_model->get_accounts_data()
 3 SYSTEMPATH/CodeIgniter.php(933): App\Controllers\Accounts_data_controller->index()
 4 SYSTEMPATH/CodeIgniter.php(509): CodeIgniter\CodeIgniter->runController()
 5 SYSTEMPATH/CodeIgniter.php(355): CodeIgniter\CodeIgniter->handleRequest()
 6 SYSTEMPATH/Boot.php(325): CodeIgniter\CodeIgniter->run()
 7 SYSTEMPATH/Boot.php(67): CodeIgniter\Boot::runCodeIgniter()
 8 FCPATH/index.php(56): CodeIgniter\Boot::bootWeb()
CRITICAL - 2024-08-21 09:55:01 --> [Caused by] CodeIgniter\Database\Exceptions\DatabaseException: Unknown column 'AD.account_number' in 'on clause'
in SYSTEMPATH/Database/MySQLi/Connection.php on line 317.
 1 SYSTEMPATH/Database/BaseConnection.php(734): CodeIgniter\Database\MySQLi\Connection->execute()
 2 SYSTEMPATH/Database/BaseConnection.php(648): CodeIgniter\Database\BaseConnection->simpleQuery()
 3 APPPATH/Models/Accounts_data_model.php(22): CodeIgniter\Database\BaseConnection->query()
 4 APPPATH/Controllers/Accounts_data_controller.php(20): App\Models\accounts_data_model->get_accounts_data()
 5 SYSTEMPATH/CodeIgniter.php(933): App\Controllers\Accounts_data_controller->index()
 6 SYSTEMPATH/CodeIgniter.php(509): CodeIgniter\CodeIgniter->runController()
 7 SYSTEMPATH/CodeIgniter.php(355): CodeIgniter\CodeIgniter->handleRequest()
 8 SYSTEMPATH/Boot.php(325): CodeIgniter\CodeIgniter->run()
 9 SYSTEMPATH/Boot.php(67): CodeIgniter\Boot::runCodeIgniter()
10 FCPATH/index.php(56): CodeIgniter\Boot::bootWeb()
CRITICAL - 2024-08-21 09:55:01 --> [Caused by] mysqli_sql_exception: Unknown column 'AD.account_number' in 'on clause'
in SYSTEMPATH/Database/MySQLi/Connection.php on line 312.
 1 SYSTEMPATH/Database/MySQLi/Connection.php(312): mysqli->query()
 2 SYSTEMPATH/Database/BaseConnection.php(734): CodeIgniter\Database\MySQLi\Connection->execute()
 3 SYSTEMPATH/Database/BaseConnection.php(648): CodeIgniter\Database\BaseConnection->simpleQuery()
 4 APPPATH/Models/Accounts_data_model.php(22): CodeIgniter\Database\BaseConnection->query()
 5 APPPATH/Controllers/Accounts_data_controller.php(20): App\Models\accounts_data_model->get_accounts_data()
 6 SYSTEMPATH/CodeIgniter.php(933): App\Controllers\Accounts_data_controller->index()
 7 SYSTEMPATH/CodeIgniter.php(509): CodeIgniter\CodeIgniter->runController()
 8 SYSTEMPATH/CodeIgniter.php(355): CodeIgniter\CodeIgniter->handleRequest()
 9 SYSTEMPATH/Boot.php(325): CodeIgniter\CodeIgniter->run()
10 SYSTEMPATH/Boot.php(67): CodeIgniter\Boot::runCodeIgniter()
11 FCPATH/index.php(56): CodeIgniter\Boot::bootWeb()
ERROR - 2024-08-21 09:55:28 --> mysqli_sql_exception: Unknown column 'AD.account_number' in 'on clause' in /home/u877349608/domains/muraridubey.com/public_html/codeigniter/system/Database/MySQLi/Connection.php:312
Stack trace:
#0 /home/u877349608/domains/muraridubey.com/public_html/codeigniter/system/Database/MySQLi/Connection.php(312): mysqli->query()
#1 /home/u877349608/domains/muraridubey.com/public_html/codeigniter/system/Database/BaseConnection.php(734): CodeIgniter\Database\MySQLi\Connection->execute()
#2 /home/u877349608/domains/muraridubey.com/public_html/codeigniter/system/Database/BaseConnection.php(648): CodeIgniter\Database\BaseConnection->simpleQuery()
#3 /home/u877349608/domains/muraridubey.com/public_html/codeigniter/app/Models/Accounts_data_model.php(22): CodeIgniter\Database\BaseConnection->query()
#4 /home/u877349608/domains/muraridubey.com/public_html/codeigniter/app/Controllers/Accounts_data_controller.php(20): App\Models\accounts_data_model->get_accounts_data()
#5 /home/u877349608/domains/muraridubey.com/public_html/codeigniter/system/CodeIgniter.php(933): App\Controllers\Accounts_data_controller->index()
#6 /home/u877349608/domains/muraridubey.com/public_html/codeigniter/system/CodeIgniter.php(509): CodeIgniter\CodeIgniter->runController()
#7 /home/u877349608/domains/muraridubey.com/public_html/codeigniter/system/CodeIgniter.php(355): CodeIgniter\CodeIgniter->handleRequest()
#8 /home/u877349608/domains/muraridubey.com/public_html/codeigniter/system/Boot.php(325): CodeIgniter\CodeIgniter->run()
#9 /home/u877349608/domains/muraridubey.com/public_html/codeigniter/system/Boot.php(67): CodeIgniter\Boot::runCodeIgniter()
#10 /home/u877349608/domains/muraridubey.com/public_html/codeigniter/public/index.php(56): CodeIgniter\Boot::bootWeb()
#11 {main}
CRITICAL - 2024-08-21 09:55:28 --> CodeIgniter\Database\Exceptions\DatabaseException: Unknown column 'AD.account_number' in 'on clause'
[Method: GET, Route: accounts_data]
in SYSTEMPATH/Database/BaseConnection.php on line 688.
 1 APPPATH/Models/Accounts_data_model.php(22): CodeIgniter\Database\BaseConnection->query()
 2 APPPATH/Controllers/Accounts_data_controller.php(20): App\Models\accounts_data_model->get_accounts_data()
 3 SYSTEMPATH/CodeIgniter.php(933): App\Controllers\Accounts_data_controller->index()
 4 SYSTEMPATH/CodeIgniter.php(509): CodeIgniter\CodeIgniter->runController()
 5 SYSTEMPATH/CodeIgniter.php(355): CodeIgniter\CodeIgniter->handleRequest()
 6 SYSTEMPATH/Boot.php(325): CodeIgniter\CodeIgniter->run()
 7 SYSTEMPATH/Boot.php(67): CodeIgniter\Boot::runCodeIgniter()
 8 FCPATH/index.php(56): CodeIgniter\Boot::bootWeb()
CRITICAL - 2024-08-21 09:55:28 --> [Caused by] CodeIgniter\Database\Exceptions\DatabaseException: Unknown column 'AD.account_number' in 'on clause'
in SYSTEMPATH/Database/MySQLi/Connection.php on line 317.
 1 SYSTEMPATH/Database/BaseConnection.php(734): CodeIgniter\Database\MySQLi\Connection->execute()
 2 SYSTEMPATH/Database/BaseConnection.php(648): CodeIgniter\Database\BaseConnection->simpleQuery()
 3 APPPATH/Models/Accounts_data_model.php(22): CodeIgniter\Database\BaseConnection->query()
 4 APPPATH/Controllers/Accounts_data_controller.php(20): App\Models\accounts_data_model->get_accounts_data()
 5 SYSTEMPATH/CodeIgniter.php(933): App\Controllers\Accounts_data_controller->index()
 6 SYSTEMPATH/CodeIgniter.php(509): CodeIgniter\CodeIgniter->runController()
 7 SYSTEMPATH/CodeIgniter.php(355): CodeIgniter\CodeIgniter->handleRequest()
 8 SYSTEMPATH/Boot.php(325): CodeIgniter\CodeIgniter->run()
 9 SYSTEMPATH/Boot.php(67): CodeIgniter\Boot::runCodeIgniter()
10 FCPATH/index.php(56): CodeIgniter\Boot::bootWeb()
CRITICAL - 2024-08-21 09:55:28 --> [Caused by] mysqli_sql_exception: Unknown column 'AD.account_number' in 'on clause'
in SYSTEMPATH/Database/MySQLi/Connection.php on line 312.
 1 SYSTEMPATH/Database/MySQLi/Connection.php(312): mysqli->query()
 2 SYSTEMPATH/Database/BaseConnection.php(734): CodeIgniter\Database\MySQLi\Connection->execute()
 3 SYSTEMPATH/Database/BaseConnection.php(648): CodeIgniter\Database\BaseConnection->simpleQuery()
 4 APPPATH/Models/Accounts_data_model.php(22): CodeIgniter\Database\BaseConnection->query()
 5 APPPATH/Controllers/Accounts_data_controller.php(20): App\Models\accounts_data_model->get_accounts_data()
 6 SYSTEMPATH/CodeIgniter.php(933): App\Controllers\Accounts_data_controller->index()
 7 SYSTEMPATH/CodeIgniter.php(509): CodeIgniter\CodeIgniter->runController()
 8 SYSTEMPATH/CodeIgniter.php(355): CodeIgniter\CodeIgniter->handleRequest()
 9 SYSTEMPATH/Boot.php(325): CodeIgniter\CodeIgniter->run()
10 SYSTEMPATH/Boot.php(67): CodeIgniter\Boot::runCodeIgniter()
11 FCPATH/index.php(56): CodeIgniter\Boot::bootWeb()
ERROR - 2024-08-21 09:55:47 --> mysqli_sql_exception: Unknown column 'AD.account_number' in 'on clause' in /home/u877349608/domains/muraridubey.com/public_html/codeigniter/system/Database/MySQLi/Connection.php:312
Stack trace:
#0 /home/u877349608/domains/muraridubey.com/public_html/codeigniter/system/Database/MySQLi/Connection.php(312): mysqli->query()
#1 /home/u877349608/domains/muraridubey.com/public_html/codeigniter/system/Database/BaseConnection.php(734): CodeIgniter\Database\MySQLi\Connection->execute()
#2 /home/u877349608/domains/muraridubey.com/public_html/codeigniter/system/Database/BaseConnection.php(648): CodeIgniter\Database\BaseConnection->simpleQuery()
#3 /home/u877349608/domains/muraridubey.com/public_html/codeigniter/app/Models/Accounts_data_model.php(22): CodeIgniter\Database\BaseConnection->query()
#4 /home/u877349608/domains/muraridubey.com/public_html/codeigniter/app/Controllers/Accounts_data_controller.php(20): App\Models\accounts_data_model->get_accounts_data()
#5 /home/u877349608/domains/muraridubey.com/public_html/codeigniter/system/CodeIgniter.php(933): App\Controllers\Accounts_data_controller->index()
#6 /home/u877349608/domains/muraridubey.com/public_html/codeigniter/system/CodeIgniter.php(509): CodeIgniter\CodeIgniter->runController()
#7 /home/u877349608/domains/muraridubey.com/public_html/codeigniter/system/CodeIgniter.php(355): CodeIgniter\CodeIgniter->handleRequest()
#8 /home/u877349608/domains/muraridubey.com/public_html/codeigniter/system/Boot.php(325): CodeIgniter\CodeIgniter->run()
#9 /home/u877349608/domains/muraridubey.com/public_html/codeigniter/system/Boot.php(67): CodeIgniter\Boot::runCodeIgniter()
#10 /home/u877349608/domains/muraridubey.com/public_html/codeigniter/public/index.php(56): CodeIgniter\Boot::bootWeb()
#11 {main}
CRITICAL - 2024-08-21 09:55:47 --> CodeIgniter\Database\Exceptions\DatabaseException: Unknown column 'AD.account_number' in 'on clause'
[Method: GET, Route: accounts_data]
in SYSTEMPATH/Database/BaseConnection.php on line 688.
 1 APPPATH/Models/Accounts_data_model.php(22): CodeIgniter\Database\BaseConnection->query()
 2 APPPATH/Controllers/Accounts_data_controller.php(20): App\Models\accounts_data_model->get_accounts_data()
 3 SYSTEMPATH/CodeIgniter.php(933): App\Controllers\Accounts_data_controller->index()
 4 SYSTEMPATH/CodeIgniter.php(509): CodeIgniter\CodeIgniter->runController()
 5 SYSTEMPATH/CodeIgniter.php(355): CodeIgniter\CodeIgniter->handleRequest()
 6 SYSTEMPATH/Boot.php(325): CodeIgniter\CodeIgniter->run()
 7 SYSTEMPATH/Boot.php(67): CodeIgniter\Boot::runCodeIgniter()
 8 FCPATH/index.php(56): CodeIgniter\Boot::bootWeb()
CRITICAL - 2024-08-21 09:55:47 --> [Caused by] CodeIgniter\Database\Exceptions\DatabaseException: Unknown column 'AD.account_number' in 'on clause'
in SYSTEMPATH/Database/MySQLi/Connection.php on line 317.
 1 SYSTEMPATH/Database/BaseConnection.php(734): CodeIgniter\Database\MySQLi\Connection->execute()
 2 SYSTEMPATH/Database/BaseConnection.php(648): CodeIgniter\Database\BaseConnection->simpleQuery()
 3 APPPATH/Models/Accounts_data_model.php(22): CodeIgniter\Database\BaseConnection->query()
 4 APPPATH/Controllers/Accounts_data_controller.php(20): App\Models\accounts_data_model->get_accounts_data()
 5 SYSTEMPATH/CodeIgniter.php(933): App\Controllers\Accounts_data_controller->index()
 6 SYSTEMPATH/CodeIgniter.php(509): CodeIgniter\CodeIgniter->runController()
 7 SYSTEMPATH/CodeIgniter.php(355): CodeIgniter\CodeIgniter->handleRequest()
 8 SYSTEMPATH/Boot.php(325): CodeIgniter\CodeIgniter->run()
 9 SYSTEMPATH/Boot.php(67): CodeIgniter\Boot::runCodeIgniter()
10 FCPATH/index.php(56): CodeIgniter\Boot::bootWeb()
CRITICAL - 2024-08-21 09:55:47 --> [Caused by] mysqli_sql_exception: Unknown column 'AD.account_number' in 'on clause'
in SYSTEMPATH/Database/MySQLi/Connection.php on line 312.
 1 SYSTEMPATH/Database/MySQLi/Connection.php(312): mysqli->query()
 2 SYSTEMPATH/Database/BaseConnection.php(734): CodeIgniter\Database\MySQLi\Connection->execute()
 3 SYSTEMPATH/Database/BaseConnection.php(648): CodeIgniter\Database\BaseConnection->simpleQuery()
 4 APPPATH/Models/Accounts_data_model.php(22): CodeIgniter\Database\BaseConnection->query()
 5 APPPATH/Controllers/Accounts_data_controller.php(20): App\Models\accounts_data_model->get_accounts_data()
 6 SYSTEMPATH/CodeIgniter.php(933): App\Controllers\Accounts_data_controller->index()
 7 SYSTEMPATH/CodeIgniter.php(509): CodeIgniter\CodeIgniter->runController()
 8 SYSTEMPATH/CodeIgniter.php(355): CodeIgniter\CodeIgniter->handleRequest()
 9 SYSTEMPATH/Boot.php(325): CodeIgniter\CodeIgniter->run()
10 SYSTEMPATH/Boot.php(67): CodeIgniter\Boot::runCodeIgniter()
11 FCPATH/index.php(56): CodeIgniter\Boot::bootWeb()
ERROR - 2024-08-21 16:18:52 --> mysqli_sql_exception: Unknown column 'AD.account_number' in 'on clause' in /home/u877349608/domains/muraridubey.com/public_html/codeigniter/system/Database/MySQLi/Connection.php:312
Stack trace:
#0 /home/u877349608/domains/muraridubey.com/public_html/codeigniter/system/Database/MySQLi/Connection.php(312): mysqli->query()
#1 /home/u877349608/domains/muraridubey.com/public_html/codeigniter/system/Database/BaseConnection.php(734): CodeIgniter\Database\MySQLi\Connection->execute()
#2 /home/u877349608/domains/muraridubey.com/public_html/codeigniter/system/Database/BaseConnection.php(648): CodeIgniter\Database\BaseConnection->simpleQuery()
#3 /home/u877349608/domains/muraridubey.com/public_html/codeigniter/app/Models/Accounts_data_model.php(22): CodeIgniter\Database\BaseConnection->query()
#4 /home/u877349608/domains/muraridubey.com/public_html/codeigniter/app/Controllers/Accounts_data_controller.php(20): App\Models\accounts_data_model->get_accounts_data()
#5 /home/u877349608/domains/muraridubey.com/public_html/codeigniter/system/CodeIgniter.php(933): App\Controllers\Accounts_data_controller->index()
#6 /home/u877349608/domains/muraridubey.com/public_html/codeigniter/system/CodeIgniter.php(509): CodeIgniter\CodeIgniter->runController()
#7 /home/u877349608/domains/muraridubey.com/public_html/codeigniter/system/CodeIgniter.php(355): CodeIgniter\CodeIgniter->handleRequest()
#8 /home/u877349608/domains/muraridubey.com/public_html/codeigniter/system/Boot.php(325): CodeIgniter\CodeIgniter->run()
#9 /home/u877349608/domains/muraridubey.com/public_html/codeigniter/system/Boot.php(67): CodeIgniter\Boot::runCodeIgniter()
#10 /home/u877349608/domains/muraridubey.com/public_html/codeigniter/public/index.php(56): CodeIgniter\Boot::bootWeb()
#11 {main}
CRITICAL - 2024-08-21 16:18:52 --> CodeIgniter\Database\Exceptions\DatabaseException: Unknown column 'AD.account_number' in 'on clause'
[Method: GET, Route: accounts_data]
in SYSTEMPATH/Database/BaseConnection.php on line 688.
 1 APPPATH/Models/Accounts_data_model.php(22): CodeIgniter\Database\BaseConnection->query()
 2 APPPATH/Controllers/Accounts_data_controller.php(20): App\Models\accounts_data_model->get_accounts_data()
 3 SYSTEMPATH/CodeIgniter.php(933): App\Controllers\Accounts_data_controller->index()
 4 SYSTEMPATH/CodeIgniter.php(509): CodeIgniter\CodeIgniter->runController()
 5 SYSTEMPATH/CodeIgniter.php(355): CodeIgniter\CodeIgniter->handleRequest()
 6 SYSTEMPATH/Boot.php(325): CodeIgniter\CodeIgniter->run()
 7 SYSTEMPATH/Boot.php(67): CodeIgniter\Boot::runCodeIgniter()
 8 FCPATH/index.php(56): CodeIgniter\Boot::bootWeb()
CRITICAL - 2024-08-21 16:18:52 --> [Caused by] CodeIgniter\Database\Exceptions\DatabaseException: Unknown column 'AD.account_number' in 'on clause'
in SYSTEMPATH/Database/MySQLi/Connection.php on line 317.
 1 SYSTEMPATH/Database/BaseConnection.php(734): CodeIgniter\Database\MySQLi\Connection->execute()
 2 SYSTEMPATH/Database/BaseConnection.php(648): CodeIgniter\Database\BaseConnection->simpleQuery()
 3 APPPATH/Models/Accounts_data_model.php(22): CodeIgniter\Database\BaseConnection->query()
 4 APPPATH/Controllers/Accounts_data_controller.php(20): App\Models\accounts_data_model->get_accounts_data()
 5 SYSTEMPATH/CodeIgniter.php(933): App\Controllers\Accounts_data_controller->index()
 6 SYSTEMPATH/CodeIgniter.php(509): CodeIgniter\CodeIgniter->runController()
 7 SYSTEMPATH/CodeIgniter.php(355): CodeIgniter\CodeIgniter->handleRequest()
 8 SYSTEMPATH/Boot.php(325): CodeIgniter\CodeIgniter->run()
 9 SYSTEMPATH/Boot.php(67): CodeIgniter\Boot::runCodeIgniter()
10 FCPATH/index.php(56): CodeIgniter\Boot::bootWeb()
CRITICAL - 2024-08-21 16:18:52 --> [Caused by] mysqli_sql_exception: Unknown column 'AD.account_number' in 'on clause'
in SYSTEMPATH/Database/MySQLi/Connection.php on line 312.
 1 SYSTEMPATH/Database/MySQLi/Connection.php(312): mysqli->query()
 2 SYSTEMPATH/Database/BaseConnection.php(734): CodeIgniter\Database\MySQLi\Connection->execute()
 3 SYSTEMPATH/Database/BaseConnection.php(648): CodeIgniter\Database\BaseConnection->simpleQuery()
 4 APPPATH/Models/Accounts_data_model.php(22): CodeIgniter\Database\BaseConnection->query()
 5 APPPATH/Controllers/Accounts_data_controller.php(20): App\Models\accounts_data_model->get_accounts_data()
 6 SYSTEMPATH/CodeIgniter.php(933): App\Controllers\Accounts_data_controller->index()
 7 SYSTEMPATH/CodeIgniter.php(509): CodeIgniter\CodeIgniter->runController()
 8 SYSTEMPATH/CodeIgniter.php(355): CodeIgniter\CodeIgniter->handleRequest()
 9 SYSTEMPATH/Boot.php(325): CodeIgniter\CodeIgniter->run()
10 SYSTEMPATH/Boot.php(67): CodeIgniter\Boot::runCodeIgniter()
11 FCPATH/index.php(56): CodeIgniter\Boot::bootWeb()
ERROR - 2024-08-21 16:23:07 --> mysqli_sql_exception: Unknown column 'AD.account_number' in 'on clause' in /home/u877349608/domains/muraridubey.com/public_html/codeigniter/system/Database/MySQLi/Connection.php:312
Stack trace:
#0 /home/u877349608/domains/muraridubey.com/public_html/codeigniter/system/Database/MySQLi/Connection.php(312): mysqli->query()
#1 /home/u877349608/domains/muraridubey.com/public_html/codeigniter/system/Database/BaseConnection.php(734): CodeIgniter\Database\MySQLi\Connection->execute()
#2 /home/u877349608/domains/muraridubey.com/public_html/codeigniter/system/Database/BaseConnection.php(648): CodeIgniter\Database\BaseConnection->simpleQuery()
#3 /home/u877349608/domains/muraridubey.com/public_html/codeigniter/app/Models/Accounts_data_model.php(22): CodeIgniter\Database\BaseConnection->query()
#4 /home/u877349608/domains/muraridubey.com/public_html/codeigniter/app/Controllers/Accounts_data_controller.php(20): App\Models\accounts_data_model->get_accounts_data()
#5 /home/u877349608/domains/muraridubey.com/public_html/codeigniter/system/CodeIgniter.php(933): App\Controllers\Accounts_data_controller->index()
#6 /home/u877349608/domains/muraridubey.com/public_html/codeigniter/system/CodeIgniter.php(509): CodeIgniter\CodeIgniter->runController()
#7 /home/u877349608/domains/muraridubey.com/public_html/codeigniter/system/CodeIgniter.php(355): CodeIgniter\CodeIgniter->handleRequest()
#8 /home/u877349608/domains/muraridubey.com/public_html/codeigniter/system/Boot.php(325): CodeIgniter\CodeIgniter->run()
#9 /home/u877349608/domains/muraridubey.com/public_html/codeigniter/system/Boot.php(67): CodeIgniter\Boot::runCodeIgniter()
#10 /home/u877349608/domains/muraridubey.com/public_html/codeigniter/public/index.php(56): CodeIgniter\Boot::bootWeb()
#11 {main}
CRITICAL - 2024-08-21 16:23:07 --> CodeIgniter\Database\Exceptions\DatabaseException: Unknown column 'AD.account_number' in 'on clause'
[Method: GET, Route: accounts_data]
in SYSTEMPATH/Database/BaseConnection.php on line 688.
 1 APPPATH/Models/Accounts_data_model.php(22): CodeIgniter\Database\BaseConnection->query()
 2 APPPATH/Controllers/Accounts_data_controller.php(20): App\Models\accounts_data_model->get_accounts_data()
 3 SYSTEMPATH/CodeIgniter.php(933): App\Controllers\Accounts_data_controller->index()
 4 SYSTEMPATH/CodeIgniter.php(509): CodeIgniter\CodeIgniter->runController()
 5 SYSTEMPATH/CodeIgniter.php(355): CodeIgniter\CodeIgniter->handleRequest()
 6 SYSTEMPATH/Boot.php(325): CodeIgniter\CodeIgniter->run()
 7 SYSTEMPATH/Boot.php(67): CodeIgniter\Boot::runCodeIgniter()
 8 FCPATH/index.php(56): CodeIgniter\Boot::bootWeb()
CRITICAL - 2024-08-21 16:23:07 --> [Caused by] CodeIgniter\Database\Exceptions\DatabaseException: Unknown column 'AD.account_number' in 'on clause'
in SYSTEMPATH/Database/MySQLi/Connection.php on line 317.
 1 SYSTEMPATH/Database/BaseConnection.php(734): CodeIgniter\Database\MySQLi\Connection->execute()
 2 SYSTEMPATH/Database/BaseConnection.php(648): CodeIgniter\Database\BaseConnection->simpleQuery()
 3 APPPATH/Models/Accounts_data_model.php(22): CodeIgniter\Database\BaseConnection->query()
 4 APPPATH/Controllers/Accounts_data_controller.php(20): App\Models\accounts_data_model->get_accounts_data()
 5 SYSTEMPATH/CodeIgniter.php(933): App\Controllers\Accounts_data_controller->index()
 6 SYSTEMPATH/CodeIgniter.php(509): CodeIgniter\CodeIgniter->runController()
 7 SYSTEMPATH/CodeIgniter.php(355): CodeIgniter\CodeIgniter->handleRequest()
 8 SYSTEMPATH/Boot.php(325): CodeIgniter\CodeIgniter->run()
 9 SYSTEMPATH/Boot.php(67): CodeIgniter\Boot::runCodeIgniter()
10 FCPATH/index.php(56): CodeIgniter\Boot::bootWeb()
CRITICAL - 2024-08-21 16:23:07 --> [Caused by] mysqli_sql_exception: Unknown column 'AD.account_number' in 'on clause'
in SYSTEMPATH/Database/MySQLi/Connection.php on line 312.
 1 SYSTEMPATH/Database/MySQLi/Connection.php(312): mysqli->query()
 2 SYSTEMPATH/Database/BaseConnection.php(734): CodeIgniter\Database\MySQLi\Connection->execute()
 3 SYSTEMPATH/Database/BaseConnection.php(648): CodeIgniter\Database\BaseConnection->simpleQuery()
 4 APPPATH/Models/Accounts_data_model.php(22): CodeIgniter\Database\BaseConnection->query()
 5 APPPATH/Controllers/Accounts_data_controller.php(20): App\Models\accounts_data_model->get_accounts_data()
 6 SYSTEMPATH/CodeIgniter.php(933): App\Controllers\Accounts_data_controller->index()
 7 SYSTEMPATH/CodeIgniter.php(509): CodeIgniter\CodeIgniter->runController()
 8 SYSTEMPATH/CodeIgniter.php(355): CodeIgniter\CodeIgniter->handleRequest()
 9 SYSTEMPATH/Boot.php(325): CodeIgniter\CodeIgniter->run()
10 SYSTEMPATH/Boot.php(67): CodeIgniter\Boot::runCodeIgniter()
11 FCPATH/index.php(56): CodeIgniter\Boot::bootWeb()
ERROR - 2024-08-21 16:24:22 --> mysqli_sql_exception: Unknown column 'AD.account_number' in 'on clause' in /home/u877349608/domains/muraridubey.com/public_html/codeigniter/system/Database/MySQLi/Connection.php:312
Stack trace:
#0 /home/u877349608/domains/muraridubey.com/public_html/codeigniter/system/Database/MySQLi/Connection.php(312): mysqli->query()
#1 /home/u877349608/domains/muraridubey.com/public_html/codeigniter/system/Database/BaseConnection.php(734): CodeIgniter\Database\MySQLi\Connection->execute()
#2 /home/u877349608/domains/muraridubey.com/public_html/codeigniter/system/Database/BaseConnection.php(648): CodeIgniter\Database\BaseConnection->simpleQuery()
#3 /home/u877349608/domains/muraridubey.com/public_html/codeigniter/app/Models/Accounts_data_model.php(28): CodeIgniter\Database\BaseConnection->query()
#4 /home/u877349608/domains/muraridubey.com/public_html/codeigniter/app/Controllers/Accounts_data_controller.php(20): App\Models\accounts_data_model->get_accounts_data()
#5 /home/u877349608/domains/muraridubey.com/public_html/codeigniter/system/CodeIgniter.php(933): App\Controllers\Accounts_data_controller->index()
#6 /home/u877349608/domains/muraridubey.com/public_html/codeigniter/system/CodeIgniter.php(509): CodeIgniter\CodeIgniter->runController()
#7 /home/u877349608/domains/muraridubey.com/public_html/codeigniter/system/CodeIgniter.php(355): CodeIgniter\CodeIgniter->handleRequest()
#8 /home/u877349608/domains/muraridubey.com/public_html/codeigniter/system/Boot.php(325): CodeIgniter\CodeIgniter->run()
#9 /home/u877349608/domains/muraridubey.com/public_html/codeigniter/system/Boot.php(67): CodeIgniter\Boot::runCodeIgniter()
#10 /home/u877349608/domains/muraridubey.com/public_html/codeigniter/public/index.php(56): CodeIgniter\Boot::bootWeb()
#11 {main}
CRITICAL - 2024-08-21 16:24:22 --> CodeIgniter\Database\Exceptions\DatabaseException: Unknown column 'AD.account_number' in 'on clause'
[Method: GET, Route: accounts_data]
in SYSTEMPATH/Database/BaseConnection.php on line 688.
 1 APPPATH/Models/Accounts_data_model.php(28): CodeIgniter\Database\BaseConnection->query()
 2 APPPATH/Controllers/Accounts_data_controller.php(20): App\Models\accounts_data_model->get_accounts_data()
 3 SYSTEMPATH/CodeIgniter.php(933): App\Controllers\Accounts_data_controller->index()
 4 SYSTEMPATH/CodeIgniter.php(509): CodeIgniter\CodeIgniter->runController()
 5 SYSTEMPATH/CodeIgniter.php(355): CodeIgniter\CodeIgniter->handleRequest()
 6 SYSTEMPATH/Boot.php(325): CodeIgniter\CodeIgniter->run()
 7 SYSTEMPATH/Boot.php(67): CodeIgniter\Boot::runCodeIgniter()
 8 FCPATH/index.php(56): CodeIgniter\Boot::bootWeb()
CRITICAL - 2024-08-21 16:24:22 --> [Caused by] CodeIgniter\Database\Exceptions\DatabaseException: Unknown column 'AD.account_number' in 'on clause'
in SYSTEMPATH/Database/MySQLi/Connection.php on line 317.
 1 SYSTEMPATH/Database/BaseConnection.php(734): CodeIgniter\Database\MySQLi\Connection->execute()
 2 SYSTEMPATH/Database/BaseConnection.php(648): CodeIgniter\Database\BaseConnection->simpleQuery()
 3 APPPATH/Models/Accounts_data_model.php(28): CodeIgniter\Database\BaseConnection->query()
 4 APPPATH/Controllers/Accounts_data_controller.php(20): App\Models\accounts_data_model->get_accounts_data()
 5 SYSTEMPATH/CodeIgniter.php(933): App\Controllers\Accounts_data_controller->index()
 6 SYSTEMPATH/CodeIgniter.php(509): CodeIgniter\CodeIgniter->runController()
 7 SYSTEMPATH/CodeIgniter.php(355): CodeIgniter\CodeIgniter->handleRequest()
 8 SYSTEMPATH/Boot.php(325): CodeIgniter\CodeIgniter->run()
 9 SYSTEMPATH/Boot.php(67): CodeIgniter\Boot::runCodeIgniter()
10 FCPATH/index.php(56): CodeIgniter\Boot::bootWeb()
CRITICAL - 2024-08-21 16:24:22 --> [Caused by] mysqli_sql_exception: Unknown column 'AD.account_number' in 'on clause'
in SYSTEMPATH/Database/MySQLi/Connection.php on line 312.
 1 SYSTEMPATH/Database/MySQLi/Connection.php(312): mysqli->query()
 2 SYSTEMPATH/Database/BaseConnection.php(734): CodeIgniter\Database\MySQLi\Connection->execute()
 3 SYSTEMPATH/Database/BaseConnection.php(648): CodeIgniter\Database\BaseConnection->simpleQuery()
 4 APPPATH/Models/Accounts_data_model.php(28): CodeIgniter\Database\BaseConnection->query()
 5 APPPATH/Controllers/Accounts_data_controller.php(20): App\Models\accounts_data_model->get_accounts_data()
 6 SYSTEMPATH/CodeIgniter.php(933): App\Controllers\Accounts_data_controller->index()
 7 SYSTEMPATH/CodeIgniter.php(509): CodeIgniter\CodeIgniter->runController()
 8 SYSTEMPATH/CodeIgniter.php(355): CodeIgniter\CodeIgniter->handleRequest()
 9 SYSTEMPATH/Boot.php(325): CodeIgniter\CodeIgniter->run()
10 SYSTEMPATH/Boot.php(67): CodeIgniter\Boot::runCodeIgniter()
11 FCPATH/index.php(56): CodeIgniter\Boot::bootWeb()
ERROR - 2024-08-21 16:24:57 --> mysqli_sql_exception: Unknown column 'accounts_data.account_number' in 'on clause' in /home/u877349608/domains/muraridubey.com/public_html/codeigniter/system/Database/MySQLi/Connection.php:312
Stack trace:
#0 /home/u877349608/domains/muraridubey.com/public_html/codeigniter/system/Database/MySQLi/Connection.php(312): mysqli->query()
#1 /home/u877349608/domains/muraridubey.com/public_html/codeigniter/system/Database/BaseConnection.php(734): CodeIgniter\Database\MySQLi\Connection->execute()
#2 /home/u877349608/domains/muraridubey.com/public_html/codeigniter/system/Database/BaseConnection.php(648): CodeIgniter\Database\BaseConnection->simpleQuery()
#3 /home/u877349608/domains/muraridubey.com/public_html/codeigniter/app/Models/Accounts_data_model.php(28): CodeIgniter\Database\BaseConnection->query()
#4 /home/u877349608/domains/muraridubey.com/public_html/codeigniter/app/Controllers/Accounts_data_controller.php(20): App\Models\accounts_data_model->get_accounts_data()
#5 /home/u877349608/domains/muraridubey.com/public_html/codeigniter/system/CodeIgniter.php(933): App\Controllers\Accounts_data_controller->index()
#6 /home/u877349608/domains/muraridubey.com/public_html/codeigniter/system/CodeIgniter.php(509): CodeIgniter\CodeIgniter->runController()
#7 /home/u877349608/domains/muraridubey.com/public_html/codeigniter/system/CodeIgniter.php(355): CodeIgniter\CodeIgniter->handleRequest()
#8 /home/u877349608/domains/muraridubey.com/public_html/codeigniter/system/Boot.php(325): CodeIgniter\CodeIgniter->run()
#9 /home/u877349608/domains/muraridubey.com/public_html/codeigniter/system/Boot.php(67): CodeIgniter\Boot::runCodeIgniter()
#10 /home/u877349608/domains/muraridubey.com/public_html/codeigniter/public/index.php(56): CodeIgniter\Boot::bootWeb()
#11 {main}
CRITICAL - 2024-08-21 16:24:57 --> CodeIgniter\Database\Exceptions\DatabaseException: Unknown column 'accounts_data.account_number' in 'on clause'
[Method: GET, Route: accounts_data]
in SYSTEMPATH/Database/BaseConnection.php on line 688.
 1 APPPATH/Models/Accounts_data_model.php(28): CodeIgniter\Database\BaseConnection->query()
 2 APPPATH/Controllers/Accounts_data_controller.php(20): App\Models\accounts_data_model->get_accounts_data()
 3 SYSTEMPATH/CodeIgniter.php(933): App\Controllers\Accounts_data_controller->index()
 4 SYSTEMPATH/CodeIgniter.php(509): CodeIgniter\CodeIgniter->runController()
 5 SYSTEMPATH/CodeIgniter.php(355): CodeIgniter\CodeIgniter->handleRequest()
 6 SYSTEMPATH/Boot.php(325): CodeIgniter\CodeIgniter->run()
 7 SYSTEMPATH/Boot.php(67): CodeIgniter\Boot::runCodeIgniter()
 8 FCPATH/index.php(56): CodeIgniter\Boot::bootWeb()
CRITICAL - 2024-08-21 16:24:57 --> [Caused by] CodeIgniter\Database\Exceptions\DatabaseException: Unknown column 'accounts_data.account_number' in 'on clause'
in SYSTEMPATH/Database/MySQLi/Connection.php on line 317.
 1 SYSTEMPATH/Database/BaseConnection.php(734): CodeIgniter\Database\MySQLi\Connection->execute()
 2 SYSTEMPATH/Database/BaseConnection.php(648): CodeIgniter\Database\BaseConnection->simpleQuery()
 3 APPPATH/Models/Accounts_data_model.php(28): CodeIgniter\Database\BaseConnection->query()
 4 APPPATH/Controllers/Accounts_data_controller.php(20): App\Models\accounts_data_model->get_accounts_data()
 5 SYSTEMPATH/CodeIgniter.php(933): App\Controllers\Accounts_data_controller->index()
 6 SYSTEMPATH/CodeIgniter.php(509): CodeIgniter\CodeIgniter->runController()
 7 SYSTEMPATH/CodeIgniter.php(355): CodeIgniter\CodeIgniter->handleRequest()
 8 SYSTEMPATH/Boot.php(325): CodeIgniter\CodeIgniter->run()
 9 SYSTEMPATH/Boot.php(67): CodeIgniter\Boot::runCodeIgniter()
10 FCPATH/index.php(56): CodeIgniter\Boot::bootWeb()
CRITICAL - 2024-08-21 16:24:57 --> [Caused by] mysqli_sql_exception: Unknown column 'accounts_data.account_number' in 'on clause'
in SYSTEMPATH/Database/MySQLi/Connection.php on line 312.
 1 SYSTEMPATH/Database/MySQLi/Connection.php(312): mysqli->query()
 2 SYSTEMPATH/Database/BaseConnection.php(734): CodeIgniter\Database\MySQLi\Connection->execute()
 3 SYSTEMPATH/Database/BaseConnection.php(648): CodeIgniter\Database\BaseConnection->simpleQuery()
 4 APPPATH/Models/Accounts_data_model.php(28): CodeIgniter\Database\BaseConnection->query()
 5 APPPATH/Controllers/Accounts_data_controller.php(20): App\Models\accounts_data_model->get_accounts_data()
 6 SYSTEMPATH/CodeIgniter.php(933): App\Controllers\Accounts_data_controller->index()
 7 SYSTEMPATH/CodeIgniter.php(509): CodeIgniter\CodeIgniter->runController()
 8 SYSTEMPATH/CodeIgniter.php(355): CodeIgniter\CodeIgniter->handleRequest()
 9 SYSTEMPATH/Boot.php(325): CodeIgniter\CodeIgniter->run()
10 SYSTEMPATH/Boot.php(67): CodeIgniter\Boot::runCodeIgniter()
11 FCPATH/index.php(56): CodeIgniter\Boot::bootWeb()
CRITICAL - 2024-08-21 16:32:51 --> CodeIgniter\View\Exceptions\ViewException: Invalid file: "kd_project\dashboard_view.php"
[Method: GET, Route: dashboard]
in SYSTEMPATH/Exceptions/FrameworkException.php on line 41.
 1 SYSTEMPATH/View/View.php(222): CodeIgniter\Exceptions\FrameworkException::forInvalidFile()
 2 SYSTEMPATH/Common.php(1171): CodeIgniter\View\View->render()
 3 APPPATH/Controllers/Dashboard_controller.php(29): view()
 4 SYSTEMPATH/CodeIgniter.php(933): App\Controllers\Dashboard_controller->index()
 5 SYSTEMPATH/CodeIgniter.php(509): CodeIgniter\CodeIgniter->runController()
 6 SYSTEMPATH/CodeIgniter.php(355): CodeIgniter\CodeIgniter->handleRequest()
 7 SYSTEMPATH/Boot.php(325): CodeIgniter\CodeIgniter->run()
 8 SYSTEMPATH/Boot.php(67): CodeIgniter\Boot::runCodeIgniter()
 9 FCPATH/index.php(56): CodeIgniter\Boot::bootWeb()
CRITICAL - 2024-08-21 16:33:15 --> CodeIgniter\View\Exceptions\ViewException: Invalid file: "kd_project\dashboard_view.php"
[Method: GET, Route: dashboard]
in SYSTEMPATH/Exceptions/FrameworkException.php on line 41.
 1 SYSTEMPATH/View/View.php(222): CodeIgniter\Exceptions\FrameworkException::forInvalidFile()
 2 SYSTEMPATH/Common.php(1171): CodeIgniter\View\View->render()
 3 APPPATH/Controllers/Dashboard_controller.php(29): view()
 4 SYSTEMPATH/CodeIgniter.php(933): App\Controllers\Dashboard_controller->index()
 5 SYSTEMPATH/CodeIgniter.php(509): CodeIgniter\CodeIgniter->runController()
 6 SYSTEMPATH/CodeIgniter.php(355): CodeIgniter\CodeIgniter->handleRequest()
 7 SYSTEMPATH/Boot.php(325): CodeIgniter\CodeIgniter->run()
 8 SYSTEMPATH/Boot.php(67): CodeIgniter\Boot::runCodeIgniter()
 9 FCPATH/index.php(56): CodeIgniter\Boot::bootWeb()
CRITICAL - 2024-08-21 16:35:33 --> CodeIgniter\View\Exceptions\ViewException: Invalid file: "kd_project\dashboard_view.php"
[Method: GET, Route: dashboard]
in SYSTEMPATH/Exceptions/FrameworkException.php on line 41.
 1 SYSTEMPATH/View/View.php(222): CodeIgniter\Exceptions\FrameworkException::forInvalidFile()
 2 SYSTEMPATH/Common.php(1171): CodeIgniter\View\View->render()
 3 APPPATH/Controllers/Dashboard_controller.php(29): view()
 4 SYSTEMPATH/CodeIgniter.php(933): App\Controllers\Dashboard_controller->index()
 5 SYSTEMPATH/CodeIgniter.php(509): CodeIgniter\CodeIgniter->runController()
 6 SYSTEMPATH/CodeIgniter.php(355): CodeIgniter\CodeIgniter->handleRequest()
 7 SYSTEMPATH/Boot.php(325): CodeIgniter\CodeIgniter->run()
 8 SYSTEMPATH/Boot.php(67): CodeIgniter\Boot::runCodeIgniter()
 9 FCPATH/index.php(56): CodeIgniter\Boot::bootWeb()
CRITICAL - 2024-08-21 16:36:10 --> CodeIgniter\View\Exceptions\ViewException: Invalid file: "kd_project\dashboard_view.php"
[Method: GET, Route: dashboard]
in SYSTEMPATH/Exceptions/FrameworkException.php on line 41.
 1 SYSTEMPATH/View/View.php(222): CodeIgniter\Exceptions\FrameworkException::forInvalidFile()
 2 SYSTEMPATH/Common.php(1171): CodeIgniter\View\View->render()
 3 APPPATH/Controllers/Dashboard_controller.php(29): view()
 4 SYSTEMPATH/CodeIgniter.php(933): App\Controllers\Dashboard_controller->index()
 5 SYSTEMPATH/CodeIgniter.php(509): CodeIgniter\CodeIgniter->runController()
 6 SYSTEMPATH/CodeIgniter.php(355): CodeIgniter\CodeIgniter->handleRequest()
 7 SYSTEMPATH/Boot.php(325): CodeIgniter\CodeIgniter->run()
 8 SYSTEMPATH/Boot.php(67): CodeIgniter\Boot::runCodeIgniter()
 9 FCPATH/index.php(56): CodeIgniter\Boot::bootWeb()
CRITICAL - 2024-08-21 16:37:04 --> ErrorException: Undefined array key "account_number"
[Method: POST, Route: accounts_data/save_accounts_data]
in APPPATH/Models/Accounts_data_model.php on line 33.
 1 APPPATH/Models/Accounts_data_model.php(33): CodeIgniter\Debug\Exceptions->errorHandler()
 2 APPPATH/Controllers/Accounts_data_controller.php(38): App\Models\accounts_data_model->set_accounts_data()
 3 SYSTEMPATH/CodeIgniter.php(933): App\Controllers\Accounts_data_controller->save_accounts_data()
 4 SYSTEMPATH/CodeIgniter.php(509): CodeIgniter\CodeIgniter->runController()
 5 SYSTEMPATH/CodeIgniter.php(355): CodeIgniter\CodeIgniter->handleRequest()
 6 SYSTEMPATH/Boot.php(325): CodeIgniter\CodeIgniter->run()
 7 SYSTEMPATH/Boot.php(67): CodeIgniter\Boot::runCodeIgniter()
 8 FCPATH/index.php(56): CodeIgniter\Boot::bootWeb()
CRITICAL - 2024-08-21 16:41:20 --> ErrorException: Undefined array key "account_number"
[Method: POST, Route: accounts_data/save_accounts_data]
in APPPATH/Models/Accounts_data_model.php on line 33.
 1 APPPATH/Models/Accounts_data_model.php(33): CodeIgniter\Debug\Exceptions->errorHandler()
 2 APPPATH/Controllers/Accounts_data_controller.php(38): App\Models\accounts_data_model->set_accounts_data()
 3 SYSTEMPATH/CodeIgniter.php(933): App\Controllers\Accounts_data_controller->save_accounts_data()
 4 SYSTEMPATH/CodeIgniter.php(509): CodeIgniter\CodeIgniter->runController()
 5 SYSTEMPATH/CodeIgniter.php(355): CodeIgniter\CodeIgniter->handleRequest()
 6 SYSTEMPATH/Boot.php(325): CodeIgniter\CodeIgniter->run()
 7 SYSTEMPATH/Boot.php(67): CodeIgniter\Boot::runCodeIgniter()
 8 FCPATH/index.php(56): CodeIgniter\Boot::bootWeb()
CRITICAL - 2024-08-21 16:50:39 --> CodeIgniter\View\Exceptions\ViewException: Invalid file: "kd_project\dashboard_view.php"
[Method: GET, Route: dashboard]
in SYSTEMPATH/Exceptions/FrameworkException.php on line 41.
 1 SYSTEMPATH/View/View.php(222): CodeIgniter\Exceptions\FrameworkException::forInvalidFile()
 2 SYSTEMPATH/Common.php(1171): CodeIgniter\View\View->render()
 3 APPPATH/Controllers/Dashboard_controller.php(29): view()
 4 SYSTEMPATH/CodeIgniter.php(933): App\Controllers\Dashboard_controller->index()
 5 SYSTEMPATH/CodeIgniter.php(509): CodeIgniter\CodeIgniter->runController()
 6 SYSTEMPATH/CodeIgniter.php(355): CodeIgniter\CodeIgniter->handleRequest()
 7 SYSTEMPATH/Boot.php(325): CodeIgniter\CodeIgniter->run()
 8 SYSTEMPATH/Boot.php(67): CodeIgniter\Boot::runCodeIgniter()
 9 FCPATH/index.php(56): CodeIgniter\Boot::bootWeb()
CRITICAL - 2024-08-21 16:59:48 --> CodeIgniter\View\Exceptions\ViewException: Invalid file: "kd_project\dashboard_view.php"
[Method: GET, Route: dashboard]
in SYSTEMPATH/Exceptions/FrameworkException.php on line 41.
 1 SYSTEMPATH/View/View.php(222): CodeIgniter\Exceptions\FrameworkException::forInvalidFile()
 2 SYSTEMPATH/Common.php(1171): CodeIgniter\View\View->render()
 3 APPPATH/Controllers/Dashboard_controller.php(29): view()
 4 SYSTEMPATH/CodeIgniter.php(933): App\Controllers\Dashboard_controller->index()
 5 SYSTEMPATH/CodeIgniter.php(509): CodeIgniter\CodeIgniter->runController()
 6 SYSTEMPATH/CodeIgniter.php(355): CodeIgniter\CodeIgniter->handleRequest()
 7 SYSTEMPATH/Boot.php(325): CodeIgniter\CodeIgniter->run()
 8 SYSTEMPATH/Boot.php(67): CodeIgniter\Boot::runCodeIgniter()
 9 FCPATH/index.php(56): CodeIgniter\Boot::bootWeb()
CRITICAL - 2024-08-21 17:05:14 --> CodeIgniter\View\Exceptions\ViewException: Invalid file: "kd_project\dashboard_view.php"
[Method: GET, Route: dashboard]
in SYSTEMPATH/Exceptions/FrameworkException.php on line 41.
 1 SYSTEMPATH/View/View.php(222): CodeIgniter\Exceptions\FrameworkException::forInvalidFile()
 2 SYSTEMPATH/Common.php(1171): CodeIgniter\View\View->render()
 3 APPPATH/Controllers/Dashboard_controller.php(29): view()
 4 SYSTEMPATH/CodeIgniter.php(933): App\Controllers\Dashboard_controller->index()
 5 SYSTEMPATH/CodeIgniter.php(509): CodeIgniter\CodeIgniter->runController()
 6 SYSTEMPATH/CodeIgniter.php(355): CodeIgniter\CodeIgniter->handleRequest()
 7 SYSTEMPATH/Boot.php(325): CodeIgniter\CodeIgniter->run()
 8 SYSTEMPATH/Boot.php(67): CodeIgniter\Boot::runCodeIgniter()
 9 FCPATH/index.php(56): CodeIgniter\Boot::bootWeb()
CRITICAL - 2024-08-21 17:06:22 --> CodeIgniter\View\Exceptions\ViewException: Invalid file: "kd_project\dashboard_view.php"
[Method: GET, Route: dashboard]
in SYSTEMPATH/Exceptions/FrameworkException.php on line 41.
 1 SYSTEMPATH/View/View.php(222): CodeIgniter\Exceptions\FrameworkException::forInvalidFile()
 2 SYSTEMPATH/Common.php(1171): CodeIgniter\View\View->render()
 3 APPPATH/Controllers/Dashboard_controller.php(29): view()
 4 SYSTEMPATH/CodeIgniter.php(933): App\Controllers\Dashboard_controller->index()
 5 SYSTEMPATH/CodeIgniter.php(509): CodeIgniter\CodeIgniter->runController()
 6 SYSTEMPATH/CodeIgniter.php(355): CodeIgniter\CodeIgniter->handleRequest()
 7 SYSTEMPATH/Boot.php(325): CodeIgniter\CodeIgniter->run()
 8 SYSTEMPATH/Boot.php(67): CodeIgniter\Boot::runCodeIgniter()
 9 FCPATH/index.php(56): CodeIgniter\Boot::bootWeb()
CRITICAL - 2024-08-21 17:07:19 --> CodeIgniter\View\Exceptions\ViewException: Invalid file: "kd_project\dashboard_view.php"
[Method: GET, Route: dashboard]
in SYSTEMPATH/Exceptions/FrameworkException.php on line 41.
 1 SYSTEMPATH/View/View.php(222): CodeIgniter\Exceptions\FrameworkException::forInvalidFile()
 2 SYSTEMPATH/Common.php(1171): CodeIgniter\View\View->render()
 3 APPPATH/Controllers/Dashboard_controller.php(29): view()
 4 SYSTEMPATH/CodeIgniter.php(933): App\Controllers\Dashboard_controller->index()
 5 SYSTEMPATH/CodeIgniter.php(509): CodeIgniter\CodeIgniter->runController()
 6 SYSTEMPATH/CodeIgniter.php(355): CodeIgniter\CodeIgniter->handleRequest()
 7 SYSTEMPATH/Boot.php(325): CodeIgniter\CodeIgniter->run()
 8 SYSTEMPATH/Boot.php(67): CodeIgniter\Boot::runCodeIgniter()
 9 FCPATH/index.php(56): CodeIgniter\Boot::bootWeb()
CRITICAL - 2024-08-21 17:17:58 --> CodeIgniter\View\Exceptions\ViewException: Invalid file: "kd_project\dashboard_view.php"
[Method: GET, Route: dashboard]
in SYSTEMPATH/Exceptions/FrameworkException.php on line 41.
 1 SYSTEMPATH/View/View.php(222): CodeIgniter\Exceptions\FrameworkException::forInvalidFile()
 2 SYSTEMPATH/Common.php(1171): CodeIgniter\View\View->render()
 3 APPPATH/Controllers/Dashboard_controller.php(29): view()
 4 SYSTEMPATH/CodeIgniter.php(933): App\Controllers\Dashboard_controller->index()
 5 SYSTEMPATH/CodeIgniter.php(509): CodeIgniter\CodeIgniter->runController()
 6 SYSTEMPATH/CodeIgniter.php(355): CodeIgniter\CodeIgniter->handleRequest()
 7 SYSTEMPATH/Boot.php(325): CodeIgniter\CodeIgniter->run()
 8 SYSTEMPATH/Boot.php(67): CodeIgniter\Boot::runCodeIgniter()
 9 FCPATH/index.php(56): CodeIgniter\Boot::bootWeb()
