CRITICAL - 2024-07-13 07:43:34 --> CodeIgniter\View\Exceptions\ViewException: Invalid file: "index.php"
[Method: GET, Route: version]
in SYSTEMPATH\Exceptions\FrameworkException.php on line 41.
 1 SYSTEMPATH\View\View.php(222): CodeIgniter\Exceptions\FrameworkException::forInvalidFile('index.php')
 2 SYSTEMPATH\Common.php(1171): CodeIgniter\View\View->render('index', [], true)
 3 APPPATH\Controllers\account_controller.php(7): view('index')
 4 SYSTEMPATH\CodeIgniter.php(933): App\Controllers\account_controller->index()
 5 SYSTEMPATH\CodeIgniter.php(509): CodeIgniter\CodeIgniter->runController(Object(App\Controllers\account_controller))
 6 SYSTEMPATH\CodeIgniter.php(355): CodeIgniter\CodeIgniter->handleRequest(null, Object(Config\Cache), false)
 7 SYSTEMPATH\Boot.php(325): CodeIgniter\CodeIgniter->run()
 8 SYSTEMPATH\Boot.php(67): CodeIgniter\Boot::runCodeIgniter(Object(CodeIgniter\CodeIgniter))
 9 FCPATH\index.php(56): CodeIgniter\Boot::bootWeb(Object(Config\Paths))
CRITICAL - 2024-07-13 07:45:26 --> CodeIgniter\View\Exceptions\ViewException: Invalid file: "my_project\index.php"
[Method: GET, Route: version]
in SYSTEMPATH\Exceptions\FrameworkException.php on line 41.
 1 SYSTEMPATH\View\View.php(222): CodeIgniter\Exceptions\FrameworkException::forInvalidFile('my_project\\index.php')
 2 SYSTEMPATH\Common.php(1171): CodeIgniter\View\View->render('my_project\\index', [], true)
 3 APPPATH\Controllers\account_controller.php(7): view('my_project\\index')
 4 SYSTEMPATH\CodeIgniter.php(933): App\Controllers\account_controller->index()
 5 SYSTEMPATH\CodeIgniter.php(509): CodeIgniter\CodeIgniter->runController(Object(App\Controllers\account_controller))
 6 SYSTEMPATH\CodeIgniter.php(355): CodeIgniter\CodeIgniter->handleRequest(null, Object(Config\Cache), false)
 7 SYSTEMPATH\Boot.php(325): CodeIgniter\CodeIgniter->run()
 8 SYSTEMPATH\Boot.php(67): CodeIgniter\Boot::runCodeIgniter(Object(CodeIgniter\CodeIgniter))
 9 FCPATH\index.php(56): CodeIgniter\Boot::bootWeb(Object(Config\Paths))
CRITICAL - 2024-07-13 08:28:21 --> Error: Class "App\Controllers\account" not found
[Method: GET, Route: version]
in APPPATH\Controllers\account_controller.php on line 8.
 1 SYSTEMPATH\CodeIgniter.php(933): App\Controllers\account_controller->index()
 2 SYSTEMPATH\CodeIgniter.php(509): CodeIgniter\CodeIgniter->runController(Object(App\Controllers\account_controller))
 3 SYSTEMPATH\CodeIgniter.php(355): CodeIgniter\CodeIgniter->handleRequest(null, Object(Config\Cache), false)
 4 SYSTEMPATH\Boot.php(325): CodeIgniter\CodeIgniter->run()
 5 SYSTEMPATH\Boot.php(67): CodeIgniter\Boot::runCodeIgniter(Object(CodeIgniter\CodeIgniter))
 6 FCPATH\index.php(56): CodeIgniter\Boot::bootWeb(Object(Config\Paths))
CRITICAL - 2024-07-13 08:28:39 --> Error: Class "App\Controllers\account" not found
[Method: GET, Route: version]
in APPPATH\Controllers\account_controller.php on line 8.
 1 SYSTEMPATH\CodeIgniter.php(933): App\Controllers\account_controller->index()
 2 SYSTEMPATH\CodeIgniter.php(509): CodeIgniter\CodeIgniter->runController(Object(App\Controllers\account_controller))
 3 SYSTEMPATH\CodeIgniter.php(355): CodeIgniter\CodeIgniter->handleRequest(null, Object(Config\Cache), false)
 4 SYSTEMPATH\Boot.php(325): CodeIgniter\CodeIgniter->run()
 5 SYSTEMPATH\Boot.php(67): CodeIgniter\Boot::runCodeIgniter(Object(CodeIgniter\CodeIgniter))
 6 FCPATH\index.php(56): CodeIgniter\Boot::bootWeb(Object(Config\Paths))
CRITICAL - 2024-07-13 08:29:14 --> Error: Class "App\Controllers\account" not found
[Method: GET, Route: version]
in APPPATH\Controllers\account_controller.php on line 8.
 1 SYSTEMPATH\CodeIgniter.php(933): App\Controllers\account_controller->index()
 2 SYSTEMPATH\CodeIgniter.php(509): CodeIgniter\CodeIgniter->runController(Object(App\Controllers\account_controller))
 3 SYSTEMPATH\CodeIgniter.php(355): CodeIgniter\CodeIgniter->handleRequest(null, Object(Config\Cache), false)
 4 SYSTEMPATH\Boot.php(325): CodeIgniter\CodeIgniter->run()
 5 SYSTEMPATH\Boot.php(67): CodeIgniter\Boot::runCodeIgniter(Object(CodeIgniter\CodeIgniter))
 6 FCPATH\index.php(56): CodeIgniter\Boot::bootWeb(Object(Config\Paths))
CRITICAL - 2024-07-13 08:29:15 --> Error: Class "App\Controllers\account" not found
[Method: GET, Route: version]
in APPPATH\Controllers\account_controller.php on line 8.
 1 SYSTEMPATH\CodeIgniter.php(933): App\Controllers\account_controller->index()
 2 SYSTEMPATH\CodeIgniter.php(509): CodeIgniter\CodeIgniter->runController(Object(App\Controllers\account_controller))
 3 SYSTEMPATH\CodeIgniter.php(355): CodeIgniter\CodeIgniter->handleRequest(null, Object(Config\Cache), false)
 4 SYSTEMPATH\Boot.php(325): CodeIgniter\CodeIgniter->run()
 5 SYSTEMPATH\Boot.php(67): CodeIgniter\Boot::runCodeIgniter(Object(CodeIgniter\CodeIgniter))
 6 FCPATH\index.php(56): CodeIgniter\Boot::bootWeb(Object(Config\Paths))
CRITICAL - 2024-07-13 08:29:15 --> Error: Class "App\Controllers\account" not found
[Method: GET, Route: version]
in APPPATH\Controllers\account_controller.php on line 8.
 1 SYSTEMPATH\CodeIgniter.php(933): App\Controllers\account_controller->index()
 2 SYSTEMPATH\CodeIgniter.php(509): CodeIgniter\CodeIgniter->runController(Object(App\Controllers\account_controller))
 3 SYSTEMPATH\CodeIgniter.php(355): CodeIgniter\CodeIgniter->handleRequest(null, Object(Config\Cache), false)
 4 SYSTEMPATH\Boot.php(325): CodeIgniter\CodeIgniter->run()
 5 SYSTEMPATH\Boot.php(67): CodeIgniter\Boot::runCodeIgniter(Object(CodeIgniter\CodeIgniter))
 6 FCPATH\index.php(56): CodeIgniter\Boot::bootWeb(Object(Config\Paths))
CRITICAL - 2024-07-13 08:29:15 --> Error: Class "App\Controllers\account" not found
[Method: GET, Route: version]
in APPPATH\Controllers\account_controller.php on line 8.
 1 SYSTEMPATH\CodeIgniter.php(933): App\Controllers\account_controller->index()
 2 SYSTEMPATH\CodeIgniter.php(509): CodeIgniter\CodeIgniter->runController(Object(App\Controllers\account_controller))
 3 SYSTEMPATH\CodeIgniter.php(355): CodeIgniter\CodeIgniter->handleRequest(null, Object(Config\Cache), false)
 4 SYSTEMPATH\Boot.php(325): CodeIgniter\CodeIgniter->run()
 5 SYSTEMPATH\Boot.php(67): CodeIgniter\Boot::runCodeIgniter(Object(CodeIgniter\CodeIgniter))
 6 FCPATH\index.php(56): CodeIgniter\Boot::bootWeb(Object(Config\Paths))
CRITICAL - 2024-07-13 08:29:15 --> Error: Class "App\Controllers\account" not found
[Method: GET, Route: version]
in APPPATH\Controllers\account_controller.php on line 8.
 1 SYSTEMPATH\CodeIgniter.php(933): App\Controllers\account_controller->index()
 2 SYSTEMPATH\CodeIgniter.php(509): CodeIgniter\CodeIgniter->runController(Object(App\Controllers\account_controller))
 3 SYSTEMPATH\CodeIgniter.php(355): CodeIgniter\CodeIgniter->handleRequest(null, Object(Config\Cache), false)
 4 SYSTEMPATH\Boot.php(325): CodeIgniter\CodeIgniter->run()
 5 SYSTEMPATH\Boot.php(67): CodeIgniter\Boot::runCodeIgniter(Object(CodeIgniter\CodeIgniter))
 6 FCPATH\index.php(56): CodeIgniter\Boot::bootWeb(Object(Config\Paths))
CRITICAL - 2024-07-13 12:41:44 --> Error: Class "App\Controllers\account" not found
[Method: GET, Route: version]
in APPPATH\Controllers\account_controller.php on line 8.
 1 SYSTEMPATH\CodeIgniter.php(933): App\Controllers\account_controller->index()
 2 SYSTEMPATH\CodeIgniter.php(509): CodeIgniter\CodeIgniter->runController(Object(App\Controllers\account_controller))
 3 SYSTEMPATH\CodeIgniter.php(355): CodeIgniter\CodeIgniter->handleRequest(null, Object(Config\Cache), false)
 4 SYSTEMPATH\Boot.php(325): CodeIgniter\CodeIgniter->run()
 5 SYSTEMPATH\Boot.php(67): CodeIgniter\Boot::runCodeIgniter(Object(CodeIgniter\CodeIgniter))
 6 FCPATH\index.php(56): CodeIgniter\Boot::bootWeb(Object(Config\Paths))
CRITICAL - 2024-07-13 12:47:15 --> Error: Class "App\Controllers\account" not found
[Method: GET, Route: version]
in APPPATH\Controllers\account_controller.php on line 8.
 1 SYSTEMPATH\CodeIgniter.php(933): App\Controllers\account_controller->index()
 2 SYSTEMPATH\CodeIgniter.php(509): CodeIgniter\CodeIgniter->runController(Object(App\Controllers\account_controller))
 3 SYSTEMPATH\CodeIgniter.php(355): CodeIgniter\CodeIgniter->handleRequest(null, Object(Config\Cache), false)
 4 SYSTEMPATH\Boot.php(325): CodeIgniter\CodeIgniter->run()
 5 SYSTEMPATH\Boot.php(67): CodeIgniter\Boot::runCodeIgniter(Object(CodeIgniter\CodeIgniter))
 6 FCPATH\index.php(56): CodeIgniter\Boot::bootWeb(Object(Config\Paths))
CRITICAL - 2024-07-13 12:47:34 --> TypeError: App\Controllers\account_controller::index(): Return value must be of type string, none returned
[Method: GET, Route: version]
in APPPATH\Controllers\account_controller.php on line 13.
 1 SYSTEMPATH\CodeIgniter.php(933): App\Controllers\account_controller->index()
 2 SYSTEMPATH\CodeIgniter.php(509): CodeIgniter\CodeIgniter->runController(Object(App\Controllers\account_controller))
 3 SYSTEMPATH\CodeIgniter.php(355): CodeIgniter\CodeIgniter->handleRequest(null, Object(Config\Cache), false)
 4 SYSTEMPATH\Boot.php(325): CodeIgniter\CodeIgniter->run()
 5 SYSTEMPATH\Boot.php(67): CodeIgniter\Boot::runCodeIgniter(Object(CodeIgniter\CodeIgniter))
 6 FCPATH\index.php(56): CodeIgniter\Boot::bootWeb(Object(Config\Paths))
CRITICAL - 2024-07-13 12:47:38 --> TypeError: App\Controllers\account_controller::index(): Return value must be of type string, none returned
[Method: GET, Route: version]
in APPPATH\Controllers\account_controller.php on line 13.
 1 SYSTEMPATH\CodeIgniter.php(933): App\Controllers\account_controller->index()
 2 SYSTEMPATH\CodeIgniter.php(509): CodeIgniter\CodeIgniter->runController(Object(App\Controllers\account_controller))
 3 SYSTEMPATH\CodeIgniter.php(355): CodeIgniter\CodeIgniter->handleRequest(null, Object(Config\Cache), false)
 4 SYSTEMPATH\Boot.php(325): CodeIgniter\CodeIgniter->run()
 5 SYSTEMPATH\Boot.php(67): CodeIgniter\Boot::runCodeIgniter(Object(CodeIgniter\CodeIgniter))
 6 FCPATH\index.php(56): CodeIgniter\Boot::bootWeb(Object(Config\Paths))
CRITICAL - 2024-07-13 12:47:39 --> TypeError: App\Controllers\account_controller::index(): Return value must be of type string, none returned
[Method: GET, Route: version]
in APPPATH\Controllers\account_controller.php on line 13.
 1 SYSTEMPATH\CodeIgniter.php(933): App\Controllers\account_controller->index()
 2 SYSTEMPATH\CodeIgniter.php(509): CodeIgniter\CodeIgniter->runController(Object(App\Controllers\account_controller))
 3 SYSTEMPATH\CodeIgniter.php(355): CodeIgniter\CodeIgniter->handleRequest(null, Object(Config\Cache), false)
 4 SYSTEMPATH\Boot.php(325): CodeIgniter\CodeIgniter->run()
 5 SYSTEMPATH\Boot.php(67): CodeIgniter\Boot::runCodeIgniter(Object(CodeIgniter\CodeIgniter))
 6 FCPATH\index.php(56): CodeIgniter\Boot::bootWeb(Object(Config\Paths))
CRITICAL - 2024-07-13 12:47:39 --> TypeError: App\Controllers\account_controller::index(): Return value must be of type string, none returned
[Method: GET, Route: version]
in APPPATH\Controllers\account_controller.php on line 13.
 1 SYSTEMPATH\CodeIgniter.php(933): App\Controllers\account_controller->index()
 2 SYSTEMPATH\CodeIgniter.php(509): CodeIgniter\CodeIgniter->runController(Object(App\Controllers\account_controller))
 3 SYSTEMPATH\CodeIgniter.php(355): CodeIgniter\CodeIgniter->handleRequest(null, Object(Config\Cache), false)
 4 SYSTEMPATH\Boot.php(325): CodeIgniter\CodeIgniter->run()
 5 SYSTEMPATH\Boot.php(67): CodeIgniter\Boot::runCodeIgniter(Object(CodeIgniter\CodeIgniter))
 6 FCPATH\index.php(56): CodeIgniter\Boot::bootWeb(Object(Config\Paths))
CRITICAL - 2024-07-13 12:48:03 --> TypeError: App\Controllers\account_controller::index(): Return value must be of type string, none returned
[Method: GET, Route: version]
in APPPATH\Controllers\account_controller.php on line 13.
 1 SYSTEMPATH\CodeIgniter.php(933): App\Controllers\account_controller->index()
 2 SYSTEMPATH\CodeIgniter.php(509): CodeIgniter\CodeIgniter->runController(Object(App\Controllers\account_controller))
 3 SYSTEMPATH\CodeIgniter.php(355): CodeIgniter\CodeIgniter->handleRequest(null, Object(Config\Cache), false)
 4 SYSTEMPATH\Boot.php(325): CodeIgniter\CodeIgniter->run()
 5 SYSTEMPATH\Boot.php(67): CodeIgniter\Boot::runCodeIgniter(Object(CodeIgniter\CodeIgniter))
 6 FCPATH\index.php(56): CodeIgniter\Boot::bootWeb(Object(Config\Paths))
CRITICAL - 2024-07-13 12:48:04 --> TypeError: App\Controllers\account_controller::index(): Return value must be of type string, none returned
[Method: GET, Route: version]
in APPPATH\Controllers\account_controller.php on line 13.
 1 SYSTEMPATH\CodeIgniter.php(933): App\Controllers\account_controller->index()
 2 SYSTEMPATH\CodeIgniter.php(509): CodeIgniter\CodeIgniter->runController(Object(App\Controllers\account_controller))
 3 SYSTEMPATH\CodeIgniter.php(355): CodeIgniter\CodeIgniter->handleRequest(null, Object(Config\Cache), false)
 4 SYSTEMPATH\Boot.php(325): CodeIgniter\CodeIgniter->run()
 5 SYSTEMPATH\Boot.php(67): CodeIgniter\Boot::runCodeIgniter(Object(CodeIgniter\CodeIgniter))
 6 FCPATH\index.php(56): CodeIgniter\Boot::bootWeb(Object(Config\Paths))
CRITICAL - 2024-07-13 12:48:04 --> TypeError: App\Controllers\account_controller::index(): Return value must be of type string, none returned
[Method: GET, Route: version]
in APPPATH\Controllers\account_controller.php on line 13.
 1 SYSTEMPATH\CodeIgniter.php(933): App\Controllers\account_controller->index()
 2 SYSTEMPATH\CodeIgniter.php(509): CodeIgniter\CodeIgniter->runController(Object(App\Controllers\account_controller))
 3 SYSTEMPATH\CodeIgniter.php(355): CodeIgniter\CodeIgniter->handleRequest(null, Object(Config\Cache), false)
 4 SYSTEMPATH\Boot.php(325): CodeIgniter\CodeIgniter->run()
 5 SYSTEMPATH\Boot.php(67): CodeIgniter\Boot::runCodeIgniter(Object(CodeIgniter\CodeIgniter))
 6 FCPATH\index.php(56): CodeIgniter\Boot::bootWeb(Object(Config\Paths))
CRITICAL - 2024-07-13 12:48:12 --> TypeError: App\Controllers\account_controller::index(): Return value must be of type string, none returned
[Method: GET, Route: version]
in APPPATH\Controllers\account_controller.php on line 13.
 1 SYSTEMPATH\CodeIgniter.php(933): App\Controllers\account_controller->index()
 2 SYSTEMPATH\CodeIgniter.php(509): CodeIgniter\CodeIgniter->runController(Object(App\Controllers\account_controller))
 3 SYSTEMPATH\CodeIgniter.php(355): CodeIgniter\CodeIgniter->handleRequest(null, Object(Config\Cache), false)
 4 SYSTEMPATH\Boot.php(325): CodeIgniter\CodeIgniter->run()
 5 SYSTEMPATH\Boot.php(67): CodeIgniter\Boot::runCodeIgniter(Object(CodeIgniter\CodeIgniter))
 6 FCPATH\index.php(56): CodeIgniter\Boot::bootWeb(Object(Config\Paths))
CRITICAL - 2024-07-13 12:48:13 --> TypeError: App\Controllers\account_controller::index(): Return value must be of type string, none returned
[Method: GET, Route: version]
in APPPATH\Controllers\account_controller.php on line 13.
 1 SYSTEMPATH\CodeIgniter.php(933): App\Controllers\account_controller->index()
 2 SYSTEMPATH\CodeIgniter.php(509): CodeIgniter\CodeIgniter->runController(Object(App\Controllers\account_controller))
 3 SYSTEMPATH\CodeIgniter.php(355): CodeIgniter\CodeIgniter->handleRequest(null, Object(Config\Cache), false)
 4 SYSTEMPATH\Boot.php(325): CodeIgniter\CodeIgniter->run()
 5 SYSTEMPATH\Boot.php(67): CodeIgniter\Boot::runCodeIgniter(Object(CodeIgniter\CodeIgniter))
 6 FCPATH\index.php(56): CodeIgniter\Boot::bootWeb(Object(Config\Paths))
ERROR - 2024-07-13 13:07:22 --> Error connecting to the database: mysqli_sql_exception: Access denied for user ''@'localhost' (using password: NO) in D:\D\xampp\htdocs\codeigniter\system\Database\MySQLi\Connection.php:186
Stack trace:
#0 D:\D\xampp\htdocs\codeigniter\system\Database\MySQLi\Connection.php(186): mysqli->real_connect('localhost', '', Object(SensitiveParameterValue), '', 3306, '', 0)
#1 D:\D\xampp\htdocs\codeigniter\system\Database\BaseConnection.php(421): CodeIgniter\Database\MySQLi\Connection->connect(false)
#2 D:\D\xampp\htdocs\codeigniter\system\Database\BaseConnection.php(616): CodeIgniter\Database\BaseConnection->initialize()
#3 D:\D\xampp\htdocs\codeigniter\system\Database\BaseBuilder.php(1636): CodeIgniter\Database\BaseConnection->query('SELECT *\nFROM `...', Array, false)
#4 D:\D\xampp\htdocs\codeigniter\system\Model.php(286): CodeIgniter\Database\BaseBuilder->get()
#5 D:\D\xampp\htdocs\codeigniter\system\BaseModel.php(676): CodeIgniter\Model->doFindAll(0, 0)
#6 D:\D\xampp\htdocs\codeigniter\app\Controllers\account_controller.php(10): CodeIgniter\BaseModel->findAll()
#7 D:\D\xampp\htdocs\codeigniter\system\CodeIgniter.php(933): App\Controllers\account_controller->index()
#8 D:\D\xampp\htdocs\codeigniter\system\CodeIgniter.php(509): CodeIgniter\CodeIgniter->runController(Object(App\Controllers\account_controller))
#9 D:\D\xampp\htdocs\codeigniter\system\CodeIgniter.php(355): CodeIgniter\CodeIgniter->handleRequest(NULL, Object(Config\Cache), false)
#10 D:\D\xampp\htdocs\codeigniter\system\Boot.php(325): CodeIgniter\CodeIgniter->run()
#11 D:\D\xampp\htdocs\codeigniter\system\Boot.php(67): CodeIgniter\Boot::runCodeIgniter(Object(CodeIgniter\CodeIgniter))
#12 D:\D\xampp\htdocs\codeigniter\public\index.php(56): CodeIgniter\Boot::bootWeb(Object(Config\Paths))
#13 {main}

Next CodeIgniter\Database\Exceptions\DatabaseException: Access denied for user ''@'localhost' (using password: NO) in D:\D\xampp\htdocs\codeigniter\system\Database\MySQLi\Connection.php:231
Stack trace:
#0 D:\D\xampp\htdocs\codeigniter\system\Database\BaseConnection.php(421): CodeIgniter\Database\MySQLi\Connection->connect(false)
#1 D:\D\xampp\htdocs\codeigniter\system\Database\BaseConnection.php(616): CodeIgniter\Database\BaseConnection->initialize()
#2 D:\D\xampp\htdocs\codeigniter\system\Database\BaseBuilder.php(1636): CodeIgniter\Database\BaseConnection->query('SELECT *\nFROM `...', Array, false)
#3 D:\D\xampp\htdocs\codeigniter\system\Model.php(286): CodeIgniter\Database\BaseBuilder->get()
#4 D:\D\xampp\htdocs\codeigniter\system\BaseModel.php(676): CodeIgniter\Model->doFindAll(0, 0)
#5 D:\D\xampp\htdocs\codeigniter\app\Controllers\account_controller.php(10): CodeIgniter\BaseModel->findAll()
#6 D:\D\xampp\htdocs\codeigniter\system\CodeIgniter.php(933): App\Controllers\account_controller->index()
#7 D:\D\xampp\htdocs\codeigniter\system\CodeIgniter.php(509): CodeIgniter\CodeIgniter->runController(Object(App\Controllers\account_controller))
#8 D:\D\xampp\htdocs\codeigniter\system\CodeIgniter.php(355): CodeIgniter\CodeIgniter->handleRequest(NULL, Object(Config\Cache), false)
#9 D:\D\xampp\htdocs\codeigniter\system\Boot.php(325): CodeIgniter\CodeIgniter->run()
#10 D:\D\xampp\htdocs\codeigniter\system\Boot.php(67): CodeIgniter\Boot::runCodeIgniter(Object(CodeIgniter\CodeIgniter))
#11 D:\D\xampp\htdocs\codeigniter\public\index.php(56): CodeIgniter\Boot::bootWeb(Object(Config\Paths))
#12 {main}
CRITICAL - 2024-07-13 13:07:22 --> CodeIgniter\Database\Exceptions\DatabaseException: Unable to connect to the database.
Main connection [MySQLi]: Access denied for user ''@'localhost' (using password: NO)
[Method: GET, Route: version]
in SYSTEMPATH\Database\BaseConnection.php on line 467.
 1 SYSTEMPATH\Database\BaseConnection.php(616): CodeIgniter\Database\BaseConnection->initialize()
 2 SYSTEMPATH\Database\BaseBuilder.php(1636): CodeIgniter\Database\BaseConnection->query('SELECT *
FROM `accounts`', [], false)
 3 SYSTEMPATH\Model.php(286): CodeIgniter\Database\BaseBuilder->get()
 4 SYSTEMPATH\BaseModel.php(676): CodeIgniter\Model->doFindAll(0, 0)
 5 APPPATH\Controllers\account_controller.php(10): CodeIgniter\BaseModel->findAll()
 6 SYSTEMPATH\CodeIgniter.php(933): App\Controllers\account_controller->index()
 7 SYSTEMPATH\CodeIgniter.php(509): CodeIgniter\CodeIgniter->runController(Object(App\Controllers\account_controller))
 8 SYSTEMPATH\CodeIgniter.php(355): CodeIgniter\CodeIgniter->handleRequest(null, Object(Config\Cache), false)
 9 SYSTEMPATH\Boot.php(325): CodeIgniter\CodeIgniter->run()
10 SYSTEMPATH\Boot.php(67): CodeIgniter\Boot::runCodeIgniter(Object(CodeIgniter\CodeIgniter))
11 FCPATH\index.php(56): CodeIgniter\Boot::bootWeb(Object(Config\Paths))
ERROR - 2024-07-13 13:08:26 --> Error connecting to the database: mysqli_sql_exception: Access denied for user ''@'localhost' (using password: NO) in D:\D\xampp\htdocs\codeigniter\system\Database\MySQLi\Connection.php:186
Stack trace:
#0 D:\D\xampp\htdocs\codeigniter\system\Database\MySQLi\Connection.php(186): mysqli->real_connect('localhost', '', Object(SensitiveParameterValue), '', 3306, '', 0)
#1 D:\D\xampp\htdocs\codeigniter\system\Database\BaseConnection.php(421): CodeIgniter\Database\MySQLi\Connection->connect(false)
#2 D:\D\xampp\htdocs\codeigniter\system\Database\BaseConnection.php(616): CodeIgniter\Database\BaseConnection->initialize()
#3 D:\D\xampp\htdocs\codeigniter\system\Database\BaseBuilder.php(1636): CodeIgniter\Database\BaseConnection->query('SELECT *\nFROM `...', Array, false)
#4 D:\D\xampp\htdocs\codeigniter\system\Model.php(286): CodeIgniter\Database\BaseBuilder->get()
#5 D:\D\xampp\htdocs\codeigniter\system\BaseModel.php(676): CodeIgniter\Model->doFindAll(0, 0)
#6 D:\D\xampp\htdocs\codeigniter\app\Controllers\account_controller.php(10): CodeIgniter\BaseModel->findAll()
#7 D:\D\xampp\htdocs\codeigniter\system\CodeIgniter.php(933): App\Controllers\account_controller->index()
#8 D:\D\xampp\htdocs\codeigniter\system\CodeIgniter.php(509): CodeIgniter\CodeIgniter->runController(Object(App\Controllers\account_controller))
#9 D:\D\xampp\htdocs\codeigniter\system\CodeIgniter.php(355): CodeIgniter\CodeIgniter->handleRequest(NULL, Object(Config\Cache), false)
#10 D:\D\xampp\htdocs\codeigniter\system\Boot.php(325): CodeIgniter\CodeIgniter->run()
#11 D:\D\xampp\htdocs\codeigniter\system\Boot.php(67): CodeIgniter\Boot::runCodeIgniter(Object(CodeIgniter\CodeIgniter))
#12 D:\D\xampp\htdocs\codeigniter\public\index.php(56): CodeIgniter\Boot::bootWeb(Object(Config\Paths))
#13 {main}

Next CodeIgniter\Database\Exceptions\DatabaseException: Access denied for user ''@'localhost' (using password: NO) in D:\D\xampp\htdocs\codeigniter\system\Database\MySQLi\Connection.php:231
Stack trace:
#0 D:\D\xampp\htdocs\codeigniter\system\Database\BaseConnection.php(421): CodeIgniter\Database\MySQLi\Connection->connect(false)
#1 D:\D\xampp\htdocs\codeigniter\system\Database\BaseConnection.php(616): CodeIgniter\Database\BaseConnection->initialize()
#2 D:\D\xampp\htdocs\codeigniter\system\Database\BaseBuilder.php(1636): CodeIgniter\Database\BaseConnection->query('SELECT *\nFROM `...', Array, false)
#3 D:\D\xampp\htdocs\codeigniter\system\Model.php(286): CodeIgniter\Database\BaseBuilder->get()
#4 D:\D\xampp\htdocs\codeigniter\system\BaseModel.php(676): CodeIgniter\Model->doFindAll(0, 0)
#5 D:\D\xampp\htdocs\codeigniter\app\Controllers\account_controller.php(10): CodeIgniter\BaseModel->findAll()
#6 D:\D\xampp\htdocs\codeigniter\system\CodeIgniter.php(933): App\Controllers\account_controller->index()
#7 D:\D\xampp\htdocs\codeigniter\system\CodeIgniter.php(509): CodeIgniter\CodeIgniter->runController(Object(App\Controllers\account_controller))
#8 D:\D\xampp\htdocs\codeigniter\system\CodeIgniter.php(355): CodeIgniter\CodeIgniter->handleRequest(NULL, Object(Config\Cache), false)
#9 D:\D\xampp\htdocs\codeigniter\system\Boot.php(325): CodeIgniter\CodeIgniter->run()
#10 D:\D\xampp\htdocs\codeigniter\system\Boot.php(67): CodeIgniter\Boot::runCodeIgniter(Object(CodeIgniter\CodeIgniter))
#11 D:\D\xampp\htdocs\codeigniter\public\index.php(56): CodeIgniter\Boot::bootWeb(Object(Config\Paths))
#12 {main}
CRITICAL - 2024-07-13 13:08:26 --> CodeIgniter\Database\Exceptions\DatabaseException: Unable to connect to the database.
Main connection [MySQLi]: Access denied for user ''@'localhost' (using password: NO)
[Method: GET, Route: version]
in SYSTEMPATH\Database\BaseConnection.php on line 467.
 1 SYSTEMPATH\Database\BaseConnection.php(616): CodeIgniter\Database\BaseConnection->initialize()
 2 SYSTEMPATH\Database\BaseBuilder.php(1636): CodeIgniter\Database\BaseConnection->query('SELECT *
FROM `accounts`', [], false)
 3 SYSTEMPATH\Model.php(286): CodeIgniter\Database\BaseBuilder->get()
 4 SYSTEMPATH\BaseModel.php(676): CodeIgniter\Model->doFindAll(0, 0)
 5 APPPATH\Controllers\account_controller.php(10): CodeIgniter\BaseModel->findAll()
 6 SYSTEMPATH\CodeIgniter.php(933): App\Controllers\account_controller->index()
 7 SYSTEMPATH\CodeIgniter.php(509): CodeIgniter\CodeIgniter->runController(Object(App\Controllers\account_controller))
 8 SYSTEMPATH\CodeIgniter.php(355): CodeIgniter\CodeIgniter->handleRequest(null, Object(Config\Cache), false)
 9 SYSTEMPATH\Boot.php(325): CodeIgniter\CodeIgniter->run()
10 SYSTEMPATH\Boot.php(67): CodeIgniter\Boot::runCodeIgniter(Object(CodeIgniter\CodeIgniter))
11 FCPATH\index.php(56): CodeIgniter\Boot::bootWeb(Object(Config\Paths))
ERROR - 2024-07-13 13:08:40 --> Error connecting to the database: mysqli_sql_exception: Access denied for user ''@'localhost' (using password: NO) in D:\D\xampp\htdocs\codeigniter\system\Database\MySQLi\Connection.php:186
Stack trace:
#0 D:\D\xampp\htdocs\codeigniter\system\Database\MySQLi\Connection.php(186): mysqli->real_connect('localhost', '', Object(SensitiveParameterValue), '', 3306, '', 0)
#1 D:\D\xampp\htdocs\codeigniter\system\Database\BaseConnection.php(421): CodeIgniter\Database\MySQLi\Connection->connect(false)
#2 D:\D\xampp\htdocs\codeigniter\system\Database\BaseConnection.php(616): CodeIgniter\Database\BaseConnection->initialize()
#3 D:\D\xampp\htdocs\codeigniter\system\Database\BaseBuilder.php(1636): CodeIgniter\Database\BaseConnection->query('SELECT *\nFROM `...', Array, false)
#4 D:\D\xampp\htdocs\codeigniter\system\Model.php(286): CodeIgniter\Database\BaseBuilder->get()
#5 D:\D\xampp\htdocs\codeigniter\system\BaseModel.php(676): CodeIgniter\Model->doFindAll(0, 0)
#6 D:\D\xampp\htdocs\codeigniter\app\Controllers\account_controller.php(10): CodeIgniter\BaseModel->findAll()
#7 D:\D\xampp\htdocs\codeigniter\system\CodeIgniter.php(933): App\Controllers\account_controller->index()
#8 D:\D\xampp\htdocs\codeigniter\system\CodeIgniter.php(509): CodeIgniter\CodeIgniter->runController(Object(App\Controllers\account_controller))
#9 D:\D\xampp\htdocs\codeigniter\system\CodeIgniter.php(355): CodeIgniter\CodeIgniter->handleRequest(NULL, Object(Config\Cache), false)
#10 D:\D\xampp\htdocs\codeigniter\system\Boot.php(325): CodeIgniter\CodeIgniter->run()
#11 D:\D\xampp\htdocs\codeigniter\system\Boot.php(67): CodeIgniter\Boot::runCodeIgniter(Object(CodeIgniter\CodeIgniter))
#12 D:\D\xampp\htdocs\codeigniter\public\index.php(56): CodeIgniter\Boot::bootWeb(Object(Config\Paths))
#13 {main}

Next CodeIgniter\Database\Exceptions\DatabaseException: Access denied for user ''@'localhost' (using password: NO) in D:\D\xampp\htdocs\codeigniter\system\Database\MySQLi\Connection.php:231
Stack trace:
#0 D:\D\xampp\htdocs\codeigniter\system\Database\BaseConnection.php(421): CodeIgniter\Database\MySQLi\Connection->connect(false)
#1 D:\D\xampp\htdocs\codeigniter\system\Database\BaseConnection.php(616): CodeIgniter\Database\BaseConnection->initialize()
#2 D:\D\xampp\htdocs\codeigniter\system\Database\BaseBuilder.php(1636): CodeIgniter\Database\BaseConnection->query('SELECT *\nFROM `...', Array, false)
#3 D:\D\xampp\htdocs\codeigniter\system\Model.php(286): CodeIgniter\Database\BaseBuilder->get()
#4 D:\D\xampp\htdocs\codeigniter\system\BaseModel.php(676): CodeIgniter\Model->doFindAll(0, 0)
#5 D:\D\xampp\htdocs\codeigniter\app\Controllers\account_controller.php(10): CodeIgniter\BaseModel->findAll()
#6 D:\D\xampp\htdocs\codeigniter\system\CodeIgniter.php(933): App\Controllers\account_controller->index()
#7 D:\D\xampp\htdocs\codeigniter\system\CodeIgniter.php(509): CodeIgniter\CodeIgniter->runController(Object(App\Controllers\account_controller))
#8 D:\D\xampp\htdocs\codeigniter\system\CodeIgniter.php(355): CodeIgniter\CodeIgniter->handleRequest(NULL, Object(Config\Cache), false)
#9 D:\D\xampp\htdocs\codeigniter\system\Boot.php(325): CodeIgniter\CodeIgniter->run()
#10 D:\D\xampp\htdocs\codeigniter\system\Boot.php(67): CodeIgniter\Boot::runCodeIgniter(Object(CodeIgniter\CodeIgniter))
#11 D:\D\xampp\htdocs\codeigniter\public\index.php(56): CodeIgniter\Boot::bootWeb(Object(Config\Paths))
#12 {main}
CRITICAL - 2024-07-13 13:08:40 --> CodeIgniter\Database\Exceptions\DatabaseException: Unable to connect to the database.
Main connection [MySQLi]: Access denied for user ''@'localhost' (using password: NO)
[Method: GET, Route: version]
in SYSTEMPATH\Database\BaseConnection.php on line 467.
 1 SYSTEMPATH\Database\BaseConnection.php(616): CodeIgniter\Database\BaseConnection->initialize()
 2 SYSTEMPATH\Database\BaseBuilder.php(1636): CodeIgniter\Database\BaseConnection->query('SELECT *
FROM `accounts`', [], false)
 3 SYSTEMPATH\Model.php(286): CodeIgniter\Database\BaseBuilder->get()
 4 SYSTEMPATH\BaseModel.php(676): CodeIgniter\Model->doFindAll(0, 0)
 5 APPPATH\Controllers\account_controller.php(10): CodeIgniter\BaseModel->findAll()
 6 SYSTEMPATH\CodeIgniter.php(933): App\Controllers\account_controller->index()
 7 SYSTEMPATH\CodeIgniter.php(509): CodeIgniter\CodeIgniter->runController(Object(App\Controllers\account_controller))
 8 SYSTEMPATH\CodeIgniter.php(355): CodeIgniter\CodeIgniter->handleRequest(null, Object(Config\Cache), false)
 9 SYSTEMPATH\Boot.php(325): CodeIgniter\CodeIgniter->run()
10 SYSTEMPATH\Boot.php(67): CodeIgniter\Boot::runCodeIgniter(Object(CodeIgniter\CodeIgniter))
11 FCPATH\index.php(56): CodeIgniter\Boot::bootWeb(Object(Config\Paths))
ERROR - 2024-07-13 13:08:41 --> Error connecting to the database: mysqli_sql_exception: Access denied for user ''@'localhost' (using password: NO) in D:\D\xampp\htdocs\codeigniter\system\Database\MySQLi\Connection.php:186
Stack trace:
#0 D:\D\xampp\htdocs\codeigniter\system\Database\MySQLi\Connection.php(186): mysqli->real_connect('localhost', '', Object(SensitiveParameterValue), '', 3306, '', 0)
#1 D:\D\xampp\htdocs\codeigniter\system\Database\BaseConnection.php(421): CodeIgniter\Database\MySQLi\Connection->connect(false)
#2 D:\D\xampp\htdocs\codeigniter\system\Database\BaseConnection.php(616): CodeIgniter\Database\BaseConnection->initialize()
#3 D:\D\xampp\htdocs\codeigniter\system\Database\BaseBuilder.php(1636): CodeIgniter\Database\BaseConnection->query('SELECT *\nFROM `...', Array, false)
#4 D:\D\xampp\htdocs\codeigniter\system\Model.php(286): CodeIgniter\Database\BaseBuilder->get()
#5 D:\D\xampp\htdocs\codeigniter\system\BaseModel.php(676): CodeIgniter\Model->doFindAll(0, 0)
#6 D:\D\xampp\htdocs\codeigniter\app\Controllers\account_controller.php(10): CodeIgniter\BaseModel->findAll()
#7 D:\D\xampp\htdocs\codeigniter\system\CodeIgniter.php(933): App\Controllers\account_controller->index()
#8 D:\D\xampp\htdocs\codeigniter\system\CodeIgniter.php(509): CodeIgniter\CodeIgniter->runController(Object(App\Controllers\account_controller))
#9 D:\D\xampp\htdocs\codeigniter\system\CodeIgniter.php(355): CodeIgniter\CodeIgniter->handleRequest(NULL, Object(Config\Cache), false)
#10 D:\D\xampp\htdocs\codeigniter\system\Boot.php(325): CodeIgniter\CodeIgniter->run()
#11 D:\D\xampp\htdocs\codeigniter\system\Boot.php(67): CodeIgniter\Boot::runCodeIgniter(Object(CodeIgniter\CodeIgniter))
#12 D:\D\xampp\htdocs\codeigniter\public\index.php(56): CodeIgniter\Boot::bootWeb(Object(Config\Paths))
#13 {main}

Next CodeIgniter\Database\Exceptions\DatabaseException: Access denied for user ''@'localhost' (using password: NO) in D:\D\xampp\htdocs\codeigniter\system\Database\MySQLi\Connection.php:231
Stack trace:
#0 D:\D\xampp\htdocs\codeigniter\system\Database\BaseConnection.php(421): CodeIgniter\Database\MySQLi\Connection->connect(false)
#1 D:\D\xampp\htdocs\codeigniter\system\Database\BaseConnection.php(616): CodeIgniter\Database\BaseConnection->initialize()
#2 D:\D\xampp\htdocs\codeigniter\system\Database\BaseBuilder.php(1636): CodeIgniter\Database\BaseConnection->query('SELECT *\nFROM `...', Array, false)
#3 D:\D\xampp\htdocs\codeigniter\system\Model.php(286): CodeIgniter\Database\BaseBuilder->get()
#4 D:\D\xampp\htdocs\codeigniter\system\BaseModel.php(676): CodeIgniter\Model->doFindAll(0, 0)
#5 D:\D\xampp\htdocs\codeigniter\app\Controllers\account_controller.php(10): CodeIgniter\BaseModel->findAll()
#6 D:\D\xampp\htdocs\codeigniter\system\CodeIgniter.php(933): App\Controllers\account_controller->index()
#7 D:\D\xampp\htdocs\codeigniter\system\CodeIgniter.php(509): CodeIgniter\CodeIgniter->runController(Object(App\Controllers\account_controller))
#8 D:\D\xampp\htdocs\codeigniter\system\CodeIgniter.php(355): CodeIgniter\CodeIgniter->handleRequest(NULL, Object(Config\Cache), false)
#9 D:\D\xampp\htdocs\codeigniter\system\Boot.php(325): CodeIgniter\CodeIgniter->run()
#10 D:\D\xampp\htdocs\codeigniter\system\Boot.php(67): CodeIgniter\Boot::runCodeIgniter(Object(CodeIgniter\CodeIgniter))
#11 D:\D\xampp\htdocs\codeigniter\public\index.php(56): CodeIgniter\Boot::bootWeb(Object(Config\Paths))
#12 {main}
CRITICAL - 2024-07-13 13:08:41 --> CodeIgniter\Database\Exceptions\DatabaseException: Unable to connect to the database.
Main connection [MySQLi]: Access denied for user ''@'localhost' (using password: NO)
[Method: GET, Route: version]
in SYSTEMPATH\Database\BaseConnection.php on line 467.
 1 SYSTEMPATH\Database\BaseConnection.php(616): CodeIgniter\Database\BaseConnection->initialize()
 2 SYSTEMPATH\Database\BaseBuilder.php(1636): CodeIgniter\Database\BaseConnection->query('SELECT *
FROM `accounts`', [], false)
 3 SYSTEMPATH\Model.php(286): CodeIgniter\Database\BaseBuilder->get()
 4 SYSTEMPATH\BaseModel.php(676): CodeIgniter\Model->doFindAll(0, 0)
 5 APPPATH\Controllers\account_controller.php(10): CodeIgniter\BaseModel->findAll()
 6 SYSTEMPATH\CodeIgniter.php(933): App\Controllers\account_controller->index()
 7 SYSTEMPATH\CodeIgniter.php(509): CodeIgniter\CodeIgniter->runController(Object(App\Controllers\account_controller))
 8 SYSTEMPATH\CodeIgniter.php(355): CodeIgniter\CodeIgniter->handleRequest(null, Object(Config\Cache), false)
 9 SYSTEMPATH\Boot.php(325): CodeIgniter\CodeIgniter->run()
10 SYSTEMPATH\Boot.php(67): CodeIgniter\Boot::runCodeIgniter(Object(CodeIgniter\CodeIgniter))
11 FCPATH\index.php(56): CodeIgniter\Boot::bootWeb(Object(Config\Paths))
ERROR - 2024-07-13 13:31:23 --> Error connecting to the database: mysqli_sql_exception: Access denied for user ''@'localhost' (using password: NO) in D:\D\xampp\htdocs\codeigniter\system\Database\MySQLi\Connection.php:186
Stack trace:
#0 D:\D\xampp\htdocs\codeigniter\system\Database\MySQLi\Connection.php(186): mysqli->real_connect('localhost', '', Object(SensitiveParameterValue), '', 3306, '', 0)
#1 D:\D\xampp\htdocs\codeigniter\system\Database\BaseConnection.php(421): CodeIgniter\Database\MySQLi\Connection->connect(false)
#2 D:\D\xampp\htdocs\codeigniter\system\Database\BaseConnection.php(616): CodeIgniter\Database\BaseConnection->initialize()
#3 D:\D\xampp\htdocs\codeigniter\system\Database\BaseBuilder.php(1636): CodeIgniter\Database\BaseConnection->query('SELECT *\nFROM `...', Array, false)
#4 D:\D\xampp\htdocs\codeigniter\system\Model.php(286): CodeIgniter\Database\BaseBuilder->get()
#5 D:\D\xampp\htdocs\codeigniter\system\BaseModel.php(676): CodeIgniter\Model->doFindAll(0, 0)
#6 D:\D\xampp\htdocs\codeigniter\app\Controllers\account_controller.php(10): CodeIgniter\BaseModel->findAll()
#7 D:\D\xampp\htdocs\codeigniter\system\CodeIgniter.php(933): App\Controllers\account_controller->index()
#8 D:\D\xampp\htdocs\codeigniter\system\CodeIgniter.php(509): CodeIgniter\CodeIgniter->runController(Object(App\Controllers\account_controller))
#9 D:\D\xampp\htdocs\codeigniter\system\CodeIgniter.php(355): CodeIgniter\CodeIgniter->handleRequest(NULL, Object(Config\Cache), false)
#10 D:\D\xampp\htdocs\codeigniter\system\Boot.php(325): CodeIgniter\CodeIgniter->run()
#11 D:\D\xampp\htdocs\codeigniter\system\Boot.php(67): CodeIgniter\Boot::runCodeIgniter(Object(CodeIgniter\CodeIgniter))
#12 D:\D\xampp\htdocs\codeigniter\public\index.php(56): CodeIgniter\Boot::bootWeb(Object(Config\Paths))
#13 {main}

Next CodeIgniter\Database\Exceptions\DatabaseException: Access denied for user ''@'localhost' (using password: NO) in D:\D\xampp\htdocs\codeigniter\system\Database\MySQLi\Connection.php:231
Stack trace:
#0 D:\D\xampp\htdocs\codeigniter\system\Database\BaseConnection.php(421): CodeIgniter\Database\MySQLi\Connection->connect(false)
#1 D:\D\xampp\htdocs\codeigniter\system\Database\BaseConnection.php(616): CodeIgniter\Database\BaseConnection->initialize()
#2 D:\D\xampp\htdocs\codeigniter\system\Database\BaseBuilder.php(1636): CodeIgniter\Database\BaseConnection->query('SELECT *\nFROM `...', Array, false)
#3 D:\D\xampp\htdocs\codeigniter\system\Model.php(286): CodeIgniter\Database\BaseBuilder->get()
#4 D:\D\xampp\htdocs\codeigniter\system\BaseModel.php(676): CodeIgniter\Model->doFindAll(0, 0)
#5 D:\D\xampp\htdocs\codeigniter\app\Controllers\account_controller.php(10): CodeIgniter\BaseModel->findAll()
#6 D:\D\xampp\htdocs\codeigniter\system\CodeIgniter.php(933): App\Controllers\account_controller->index()
#7 D:\D\xampp\htdocs\codeigniter\system\CodeIgniter.php(509): CodeIgniter\CodeIgniter->runController(Object(App\Controllers\account_controller))
#8 D:\D\xampp\htdocs\codeigniter\system\CodeIgniter.php(355): CodeIgniter\CodeIgniter->handleRequest(NULL, Object(Config\Cache), false)
#9 D:\D\xampp\htdocs\codeigniter\system\Boot.php(325): CodeIgniter\CodeIgniter->run()
#10 D:\D\xampp\htdocs\codeigniter\system\Boot.php(67): CodeIgniter\Boot::runCodeIgniter(Object(CodeIgniter\CodeIgniter))
#11 D:\D\xampp\htdocs\codeigniter\public\index.php(56): CodeIgniter\Boot::bootWeb(Object(Config\Paths))
#12 {main}
CRITICAL - 2024-07-13 13:31:23 --> CodeIgniter\Database\Exceptions\DatabaseException: Unable to connect to the database.
Main connection [MySQLi]: Access denied for user ''@'localhost' (using password: NO)
[Method: GET, Route: version]
in SYSTEMPATH\Database\BaseConnection.php on line 467.
 1 SYSTEMPATH\Database\BaseConnection.php(616): CodeIgniter\Database\BaseConnection->initialize()
 2 SYSTEMPATH\Database\BaseBuilder.php(1636): CodeIgniter\Database\BaseConnection->query('SELECT *
FROM `accounts`', [], false)
 3 SYSTEMPATH\Model.php(286): CodeIgniter\Database\BaseBuilder->get()
 4 SYSTEMPATH\BaseModel.php(676): CodeIgniter\Model->doFindAll(0, 0)
 5 APPPATH\Controllers\account_controller.php(10): CodeIgniter\BaseModel->findAll()
 6 SYSTEMPATH\CodeIgniter.php(933): App\Controllers\account_controller->index()
 7 SYSTEMPATH\CodeIgniter.php(509): CodeIgniter\CodeIgniter->runController(Object(App\Controllers\account_controller))
 8 SYSTEMPATH\CodeIgniter.php(355): CodeIgniter\CodeIgniter->handleRequest(null, Object(Config\Cache), false)
 9 SYSTEMPATH\Boot.php(325): CodeIgniter\CodeIgniter->run()
10 SYSTEMPATH\Boot.php(67): CodeIgniter\Boot::runCodeIgniter(Object(CodeIgniter\CodeIgniter))
11 FCPATH\index.php(56): CodeIgniter\Boot::bootWeb(Object(Config\Paths))
ERROR - 2024-07-13 13:31:57 --> Error connecting to the database: mysqli_sql_exception: Access denied for user ''@'localhost' (using password: NO) in D:\D\xampp\htdocs\codeigniter\system\Database\MySQLi\Connection.php:186
Stack trace:
#0 D:\D\xampp\htdocs\codeigniter\system\Database\MySQLi\Connection.php(186): mysqli->real_connect('localhost', '', Object(SensitiveParameterValue), '', 3306, '', 0)
#1 D:\D\xampp\htdocs\codeigniter\system\Database\BaseConnection.php(421): CodeIgniter\Database\MySQLi\Connection->connect(false)
#2 D:\D\xampp\htdocs\codeigniter\system\Database\BaseConnection.php(616): CodeIgniter\Database\BaseConnection->initialize()
#3 D:\D\xampp\htdocs\codeigniter\system\Database\BaseBuilder.php(1636): CodeIgniter\Database\BaseConnection->query('SELECT *\nFROM `...', Array, false)
#4 D:\D\xampp\htdocs\codeigniter\system\Model.php(286): CodeIgniter\Database\BaseBuilder->get()
#5 D:\D\xampp\htdocs\codeigniter\system\BaseModel.php(676): CodeIgniter\Model->doFindAll(0, 0)
#6 D:\D\xampp\htdocs\codeigniter\app\Controllers\account_controller.php(10): CodeIgniter\BaseModel->findAll()
#7 D:\D\xampp\htdocs\codeigniter\system\CodeIgniter.php(933): App\Controllers\account_controller->index()
#8 D:\D\xampp\htdocs\codeigniter\system\CodeIgniter.php(509): CodeIgniter\CodeIgniter->runController(Object(App\Controllers\account_controller))
#9 D:\D\xampp\htdocs\codeigniter\system\CodeIgniter.php(355): CodeIgniter\CodeIgniter->handleRequest(NULL, Object(Config\Cache), false)
#10 D:\D\xampp\htdocs\codeigniter\system\Boot.php(325): CodeIgniter\CodeIgniter->run()
#11 D:\D\xampp\htdocs\codeigniter\system\Boot.php(67): CodeIgniter\Boot::runCodeIgniter(Object(CodeIgniter\CodeIgniter))
#12 D:\D\xampp\htdocs\codeigniter\public\index.php(56): CodeIgniter\Boot::bootWeb(Object(Config\Paths))
#13 {main}

Next CodeIgniter\Database\Exceptions\DatabaseException: Access denied for user ''@'localhost' (using password: NO) in D:\D\xampp\htdocs\codeigniter\system\Database\MySQLi\Connection.php:231
Stack trace:
#0 D:\D\xampp\htdocs\codeigniter\system\Database\BaseConnection.php(421): CodeIgniter\Database\MySQLi\Connection->connect(false)
#1 D:\D\xampp\htdocs\codeigniter\system\Database\BaseConnection.php(616): CodeIgniter\Database\BaseConnection->initialize()
#2 D:\D\xampp\htdocs\codeigniter\system\Database\BaseBuilder.php(1636): CodeIgniter\Database\BaseConnection->query('SELECT *\nFROM `...', Array, false)
#3 D:\D\xampp\htdocs\codeigniter\system\Model.php(286): CodeIgniter\Database\BaseBuilder->get()
#4 D:\D\xampp\htdocs\codeigniter\system\BaseModel.php(676): CodeIgniter\Model->doFindAll(0, 0)
#5 D:\D\xampp\htdocs\codeigniter\app\Controllers\account_controller.php(10): CodeIgniter\BaseModel->findAll()
#6 D:\D\xampp\htdocs\codeigniter\system\CodeIgniter.php(933): App\Controllers\account_controller->index()
#7 D:\D\xampp\htdocs\codeigniter\system\CodeIgniter.php(509): CodeIgniter\CodeIgniter->runController(Object(App\Controllers\account_controller))
#8 D:\D\xampp\htdocs\codeigniter\system\CodeIgniter.php(355): CodeIgniter\CodeIgniter->handleRequest(NULL, Object(Config\Cache), false)
#9 D:\D\xampp\htdocs\codeigniter\system\Boot.php(325): CodeIgniter\CodeIgniter->run()
#10 D:\D\xampp\htdocs\codeigniter\system\Boot.php(67): CodeIgniter\Boot::runCodeIgniter(Object(CodeIgniter\CodeIgniter))
#11 D:\D\xampp\htdocs\codeigniter\public\index.php(56): CodeIgniter\Boot::bootWeb(Object(Config\Paths))
#12 {main}
CRITICAL - 2024-07-13 13:31:57 --> CodeIgniter\Database\Exceptions\DatabaseException: Unable to connect to the database.
Main connection [MySQLi]: Access denied for user ''@'localhost' (using password: NO)
[Method: GET, Route: version]
in SYSTEMPATH\Database\BaseConnection.php on line 467.
 1 SYSTEMPATH\Database\BaseConnection.php(616): CodeIgniter\Database\BaseConnection->initialize()
 2 SYSTEMPATH\Database\BaseBuilder.php(1636): CodeIgniter\Database\BaseConnection->query('SELECT *
FROM `accounts`', [], false)
 3 SYSTEMPATH\Model.php(286): CodeIgniter\Database\BaseBuilder->get()
 4 SYSTEMPATH\BaseModel.php(676): CodeIgniter\Model->doFindAll(0, 0)
 5 APPPATH\Controllers\account_controller.php(10): CodeIgniter\BaseModel->findAll()
 6 SYSTEMPATH\CodeIgniter.php(933): App\Controllers\account_controller->index()
 7 SYSTEMPATH\CodeIgniter.php(509): CodeIgniter\CodeIgniter->runController(Object(App\Controllers\account_controller))
 8 SYSTEMPATH\CodeIgniter.php(355): CodeIgniter\CodeIgniter->handleRequest(null, Object(Config\Cache), false)
 9 SYSTEMPATH\Boot.php(325): CodeIgniter\CodeIgniter->run()
10 SYSTEMPATH\Boot.php(67): CodeIgniter\Boot::runCodeIgniter(Object(CodeIgniter\CodeIgniter))
11 FCPATH\index.php(56): CodeIgniter\Boot::bootWeb(Object(Config\Paths))
ERROR - 2024-07-13 13:32:55 --> Error connecting to the database: mysqli_sql_exception: Access denied for user ''@'localhost' (using password: NO) in D:\D\xampp\htdocs\codeigniter\system\Database\MySQLi\Connection.php:186
Stack trace:
#0 D:\D\xampp\htdocs\codeigniter\system\Database\MySQLi\Connection.php(186): mysqli->real_connect('localhost', '', Object(SensitiveParameterValue), '', 3306, '', 0)
#1 D:\D\xampp\htdocs\codeigniter\system\Database\BaseConnection.php(421): CodeIgniter\Database\MySQLi\Connection->connect(false)
#2 D:\D\xampp\htdocs\codeigniter\system\Database\BaseConnection.php(616): CodeIgniter\Database\BaseConnection->initialize()
#3 D:\D\xampp\htdocs\codeigniter\system\Database\BaseBuilder.php(1636): CodeIgniter\Database\BaseConnection->query('SELECT *\nFROM `...', Array, false)
#4 D:\D\xampp\htdocs\codeigniter\system\Model.php(286): CodeIgniter\Database\BaseBuilder->get()
#5 D:\D\xampp\htdocs\codeigniter\system\BaseModel.php(676): CodeIgniter\Model->doFindAll(0, 0)
#6 D:\D\xampp\htdocs\codeigniter\app\Controllers\account_controller.php(10): CodeIgniter\BaseModel->findAll()
#7 D:\D\xampp\htdocs\codeigniter\system\CodeIgniter.php(933): App\Controllers\account_controller->index()
#8 D:\D\xampp\htdocs\codeigniter\system\CodeIgniter.php(509): CodeIgniter\CodeIgniter->runController(Object(App\Controllers\account_controller))
#9 D:\D\xampp\htdocs\codeigniter\system\CodeIgniter.php(355): CodeIgniter\CodeIgniter->handleRequest(NULL, Object(Config\Cache), false)
#10 D:\D\xampp\htdocs\codeigniter\system\Boot.php(325): CodeIgniter\CodeIgniter->run()
#11 D:\D\xampp\htdocs\codeigniter\system\Boot.php(67): CodeIgniter\Boot::runCodeIgniter(Object(CodeIgniter\CodeIgniter))
#12 D:\D\xampp\htdocs\codeigniter\public\index.php(56): CodeIgniter\Boot::bootWeb(Object(Config\Paths))
#13 {main}

Next CodeIgniter\Database\Exceptions\DatabaseException: Access denied for user ''@'localhost' (using password: NO) in D:\D\xampp\htdocs\codeigniter\system\Database\MySQLi\Connection.php:231
Stack trace:
#0 D:\D\xampp\htdocs\codeigniter\system\Database\BaseConnection.php(421): CodeIgniter\Database\MySQLi\Connection->connect(false)
#1 D:\D\xampp\htdocs\codeigniter\system\Database\BaseConnection.php(616): CodeIgniter\Database\BaseConnection->initialize()
#2 D:\D\xampp\htdocs\codeigniter\system\Database\BaseBuilder.php(1636): CodeIgniter\Database\BaseConnection->query('SELECT *\nFROM `...', Array, false)
#3 D:\D\xampp\htdocs\codeigniter\system\Model.php(286): CodeIgniter\Database\BaseBuilder->get()
#4 D:\D\xampp\htdocs\codeigniter\system\BaseModel.php(676): CodeIgniter\Model->doFindAll(0, 0)
#5 D:\D\xampp\htdocs\codeigniter\app\Controllers\account_controller.php(10): CodeIgniter\BaseModel->findAll()
#6 D:\D\xampp\htdocs\codeigniter\system\CodeIgniter.php(933): App\Controllers\account_controller->index()
#7 D:\D\xampp\htdocs\codeigniter\system\CodeIgniter.php(509): CodeIgniter\CodeIgniter->runController(Object(App\Controllers\account_controller))
#8 D:\D\xampp\htdocs\codeigniter\system\CodeIgniter.php(355): CodeIgniter\CodeIgniter->handleRequest(NULL, Object(Config\Cache), false)
#9 D:\D\xampp\htdocs\codeigniter\system\Boot.php(325): CodeIgniter\CodeIgniter->run()
#10 D:\D\xampp\htdocs\codeigniter\system\Boot.php(67): CodeIgniter\Boot::runCodeIgniter(Object(CodeIgniter\CodeIgniter))
#11 D:\D\xampp\htdocs\codeigniter\public\index.php(56): CodeIgniter\Boot::bootWeb(Object(Config\Paths))
#12 {main}
CRITICAL - 2024-07-13 13:32:55 --> CodeIgniter\Database\Exceptions\DatabaseException: Unable to connect to the database.
Main connection [MySQLi]: Access denied for user ''@'localhost' (using password: NO)
[Method: GET, Route: version]
in SYSTEMPATH\Database\BaseConnection.php on line 467.
 1 SYSTEMPATH\Database\BaseConnection.php(616): CodeIgniter\Database\BaseConnection->initialize()
 2 SYSTEMPATH\Database\BaseBuilder.php(1636): CodeIgniter\Database\BaseConnection->query('SELECT *
FROM `accounts`', [], false)
 3 SYSTEMPATH\Model.php(286): CodeIgniter\Database\BaseBuilder->get()
 4 SYSTEMPATH\BaseModel.php(676): CodeIgniter\Model->doFindAll(0, 0)
 5 APPPATH\Controllers\account_controller.php(10): CodeIgniter\BaseModel->findAll()
 6 SYSTEMPATH\CodeIgniter.php(933): App\Controllers\account_controller->index()
 7 SYSTEMPATH\CodeIgniter.php(509): CodeIgniter\CodeIgniter->runController(Object(App\Controllers\account_controller))
 8 SYSTEMPATH\CodeIgniter.php(355): CodeIgniter\CodeIgniter->handleRequest(null, Object(Config\Cache), false)
 9 SYSTEMPATH\Boot.php(325): CodeIgniter\CodeIgniter->run()
10 SYSTEMPATH\Boot.php(67): CodeIgniter\Boot::runCodeIgniter(Object(CodeIgniter\CodeIgniter))
11 FCPATH\index.php(56): CodeIgniter\Boot::bootWeb(Object(Config\Paths))
ERROR - 2024-07-13 13:36:17 --> Error connecting to the database: mysqli_sql_exception: Access denied for user ''@'localhost' (using password: NO) in D:\D\xampp\htdocs\codeigniter\system\Database\MySQLi\Connection.php:186
Stack trace:
#0 D:\D\xampp\htdocs\codeigniter\system\Database\MySQLi\Connection.php(186): mysqli->real_connect('localhost', '', Object(SensitiveParameterValue), '', 3306, '', 0)
#1 D:\D\xampp\htdocs\codeigniter\system\Database\BaseConnection.php(421): CodeIgniter\Database\MySQLi\Connection->connect(false)
#2 D:\D\xampp\htdocs\codeigniter\system\Database\BaseConnection.php(616): CodeIgniter\Database\BaseConnection->initialize()
#3 D:\D\xampp\htdocs\codeigniter\system\Database\BaseBuilder.php(1636): CodeIgniter\Database\BaseConnection->query('SELECT *\nFROM `...', Array, false)
#4 D:\D\xampp\htdocs\codeigniter\system\Model.php(286): CodeIgniter\Database\BaseBuilder->get()
#5 D:\D\xampp\htdocs\codeigniter\system\BaseModel.php(676): CodeIgniter\Model->doFindAll(0, 0)
#6 D:\D\xampp\htdocs\codeigniter\app\Controllers\account_controller.php(10): CodeIgniter\BaseModel->findAll()
#7 D:\D\xampp\htdocs\codeigniter\system\CodeIgniter.php(933): App\Controllers\account_controller->index()
#8 D:\D\xampp\htdocs\codeigniter\system\CodeIgniter.php(509): CodeIgniter\CodeIgniter->runController(Object(App\Controllers\account_controller))
#9 D:\D\xampp\htdocs\codeigniter\system\CodeIgniter.php(355): CodeIgniter\CodeIgniter->handleRequest(NULL, Object(Config\Cache), false)
#10 D:\D\xampp\htdocs\codeigniter\system\Boot.php(325): CodeIgniter\CodeIgniter->run()
#11 D:\D\xampp\htdocs\codeigniter\system\Boot.php(67): CodeIgniter\Boot::runCodeIgniter(Object(CodeIgniter\CodeIgniter))
#12 D:\D\xampp\htdocs\codeigniter\public\index.php(56): CodeIgniter\Boot::bootWeb(Object(Config\Paths))
#13 {main}

Next CodeIgniter\Database\Exceptions\DatabaseException: Access denied for user ''@'localhost' (using password: NO) in D:\D\xampp\htdocs\codeigniter\system\Database\MySQLi\Connection.php:231
Stack trace:
#0 D:\D\xampp\htdocs\codeigniter\system\Database\BaseConnection.php(421): CodeIgniter\Database\MySQLi\Connection->connect(false)
#1 D:\D\xampp\htdocs\codeigniter\system\Database\BaseConnection.php(616): CodeIgniter\Database\BaseConnection->initialize()
#2 D:\D\xampp\htdocs\codeigniter\system\Database\BaseBuilder.php(1636): CodeIgniter\Database\BaseConnection->query('SELECT *\nFROM `...', Array, false)
#3 D:\D\xampp\htdocs\codeigniter\system\Model.php(286): CodeIgniter\Database\BaseBuilder->get()
#4 D:\D\xampp\htdocs\codeigniter\system\BaseModel.php(676): CodeIgniter\Model->doFindAll(0, 0)
#5 D:\D\xampp\htdocs\codeigniter\app\Controllers\account_controller.php(10): CodeIgniter\BaseModel->findAll()
#6 D:\D\xampp\htdocs\codeigniter\system\CodeIgniter.php(933): App\Controllers\account_controller->index()
#7 D:\D\xampp\htdocs\codeigniter\system\CodeIgniter.php(509): CodeIgniter\CodeIgniter->runController(Object(App\Controllers\account_controller))
#8 D:\D\xampp\htdocs\codeigniter\system\CodeIgniter.php(355): CodeIgniter\CodeIgniter->handleRequest(NULL, Object(Config\Cache), false)
#9 D:\D\xampp\htdocs\codeigniter\system\Boot.php(325): CodeIgniter\CodeIgniter->run()
#10 D:\D\xampp\htdocs\codeigniter\system\Boot.php(67): CodeIgniter\Boot::runCodeIgniter(Object(CodeIgniter\CodeIgniter))
#11 D:\D\xampp\htdocs\codeigniter\public\index.php(56): CodeIgniter\Boot::bootWeb(Object(Config\Paths))
#12 {main}
CRITICAL - 2024-07-13 13:36:17 --> CodeIgniter\Database\Exceptions\DatabaseException: Unable to connect to the database.
Main connection [MySQLi]: Access denied for user ''@'localhost' (using password: NO)
[Method: GET, Route: version]
in SYSTEMPATH\Database\BaseConnection.php on line 467.
 1 SYSTEMPATH\Database\BaseConnection.php(616): CodeIgniter\Database\BaseConnection->initialize()
 2 SYSTEMPATH\Database\BaseBuilder.php(1636): CodeIgniter\Database\BaseConnection->query('SELECT *
FROM `accounts`', [], false)
 3 SYSTEMPATH\Model.php(286): CodeIgniter\Database\BaseBuilder->get()
 4 SYSTEMPATH\BaseModel.php(676): CodeIgniter\Model->doFindAll(0, 0)
 5 APPPATH\Controllers\account_controller.php(10): CodeIgniter\BaseModel->findAll()
 6 SYSTEMPATH\CodeIgniter.php(933): App\Controllers\account_controller->index()
 7 SYSTEMPATH\CodeIgniter.php(509): CodeIgniter\CodeIgniter->runController(Object(App\Controllers\account_controller))
 8 SYSTEMPATH\CodeIgniter.php(355): CodeIgniter\CodeIgniter->handleRequest(null, Object(Config\Cache), false)
 9 SYSTEMPATH\Boot.php(325): CodeIgniter\CodeIgniter->run()
10 SYSTEMPATH\Boot.php(67): CodeIgniter\Boot::runCodeIgniter(Object(CodeIgniter\CodeIgniter))
11 FCPATH\index.php(56): CodeIgniter\Boot::bootWeb(Object(Config\Paths))
ERROR - 2024-07-13 13:39:06 --> Error connecting to the database: mysqli_sql_exception: Access denied for user ''@'localhost' (using password: NO) in D:\D\xampp\htdocs\codeigniter\system\Database\MySQLi\Connection.php:186
Stack trace:
#0 D:\D\xampp\htdocs\codeigniter\system\Database\MySQLi\Connection.php(186): mysqli->real_connect('localhost', '', Object(SensitiveParameterValue), '', 3306, '', 0)
#1 D:\D\xampp\htdocs\codeigniter\system\Database\BaseConnection.php(421): CodeIgniter\Database\MySQLi\Connection->connect(false)
#2 D:\D\xampp\htdocs\codeigniter\system\Database\BaseConnection.php(616): CodeIgniter\Database\BaseConnection->initialize()
#3 D:\D\xampp\htdocs\codeigniter\system\Database\BaseBuilder.php(1636): CodeIgniter\Database\BaseConnection->query('SELECT *\nFROM `...', Array, false)
#4 D:\D\xampp\htdocs\codeigniter\system\Model.php(286): CodeIgniter\Database\BaseBuilder->get()
#5 D:\D\xampp\htdocs\codeigniter\system\BaseModel.php(676): CodeIgniter\Model->doFindAll(0, 0)
#6 D:\D\xampp\htdocs\codeigniter\app\Controllers\account_controller.php(10): CodeIgniter\BaseModel->findAll()
#7 D:\D\xampp\htdocs\codeigniter\system\CodeIgniter.php(933): App\Controllers\account_controller->index()
#8 D:\D\xampp\htdocs\codeigniter\system\CodeIgniter.php(509): CodeIgniter\CodeIgniter->runController(Object(App\Controllers\account_controller))
#9 D:\D\xampp\htdocs\codeigniter\system\CodeIgniter.php(355): CodeIgniter\CodeIgniter->handleRequest(NULL, Object(Config\Cache), false)
#10 D:\D\xampp\htdocs\codeigniter\system\Boot.php(325): CodeIgniter\CodeIgniter->run()
#11 D:\D\xampp\htdocs\codeigniter\system\Boot.php(67): CodeIgniter\Boot::runCodeIgniter(Object(CodeIgniter\CodeIgniter))
#12 D:\D\xampp\htdocs\codeigniter\public\index.php(56): CodeIgniter\Boot::bootWeb(Object(Config\Paths))
#13 {main}

Next CodeIgniter\Database\Exceptions\DatabaseException: Access denied for user ''@'localhost' (using password: NO) in D:\D\xampp\htdocs\codeigniter\system\Database\MySQLi\Connection.php:231
Stack trace:
#0 D:\D\xampp\htdocs\codeigniter\system\Database\BaseConnection.php(421): CodeIgniter\Database\MySQLi\Connection->connect(false)
#1 D:\D\xampp\htdocs\codeigniter\system\Database\BaseConnection.php(616): CodeIgniter\Database\BaseConnection->initialize()
#2 D:\D\xampp\htdocs\codeigniter\system\Database\BaseBuilder.php(1636): CodeIgniter\Database\BaseConnection->query('SELECT *\nFROM `...', Array, false)
#3 D:\D\xampp\htdocs\codeigniter\system\Model.php(286): CodeIgniter\Database\BaseBuilder->get()
#4 D:\D\xampp\htdocs\codeigniter\system\BaseModel.php(676): CodeIgniter\Model->doFindAll(0, 0)
#5 D:\D\xampp\htdocs\codeigniter\app\Controllers\account_controller.php(10): CodeIgniter\BaseModel->findAll()
#6 D:\D\xampp\htdocs\codeigniter\system\CodeIgniter.php(933): App\Controllers\account_controller->index()
#7 D:\D\xampp\htdocs\codeigniter\system\CodeIgniter.php(509): CodeIgniter\CodeIgniter->runController(Object(App\Controllers\account_controller))
#8 D:\D\xampp\htdocs\codeigniter\system\CodeIgniter.php(355): CodeIgniter\CodeIgniter->handleRequest(NULL, Object(Config\Cache), false)
#9 D:\D\xampp\htdocs\codeigniter\system\Boot.php(325): CodeIgniter\CodeIgniter->run()
#10 D:\D\xampp\htdocs\codeigniter\system\Boot.php(67): CodeIgniter\Boot::runCodeIgniter(Object(CodeIgniter\CodeIgniter))
#11 D:\D\xampp\htdocs\codeigniter\public\index.php(56): CodeIgniter\Boot::bootWeb(Object(Config\Paths))
#12 {main}
CRITICAL - 2024-07-13 13:39:06 --> CodeIgniter\Database\Exceptions\DatabaseException: Unable to connect to the database.
Main connection [MySQLi]: Access denied for user ''@'localhost' (using password: NO)
[Method: GET, Route: version]
in SYSTEMPATH\Database\BaseConnection.php on line 467.
 1 SYSTEMPATH\Database\BaseConnection.php(616): CodeIgniter\Database\BaseConnection->initialize()
 2 SYSTEMPATH\Database\BaseBuilder.php(1636): CodeIgniter\Database\BaseConnection->query('SELECT *
FROM `accounts`', [], false)
 3 SYSTEMPATH\Model.php(286): CodeIgniter\Database\BaseBuilder->get()
 4 SYSTEMPATH\BaseModel.php(676): CodeIgniter\Model->doFindAll(0, 0)
 5 APPPATH\Controllers\account_controller.php(10): CodeIgniter\BaseModel->findAll()
 6 SYSTEMPATH\CodeIgniter.php(933): App\Controllers\account_controller->index()
 7 SYSTEMPATH\CodeIgniter.php(509): CodeIgniter\CodeIgniter->runController(Object(App\Controllers\account_controller))
 8 SYSTEMPATH\CodeIgniter.php(355): CodeIgniter\CodeIgniter->handleRequest(null, Object(Config\Cache), false)
 9 SYSTEMPATH\Boot.php(325): CodeIgniter\CodeIgniter->run()
10 SYSTEMPATH\Boot.php(67): CodeIgniter\Boot::runCodeIgniter(Object(CodeIgniter\CodeIgniter))
11 FCPATH\index.php(56): CodeIgniter\Boot::bootWeb(Object(Config\Paths))
ERROR - 2024-07-13 13:56:05 --> Error connecting to the database: mysqli_sql_exception: Access denied for user ''@'localhost' (using password: NO) in D:\D\xampp\htdocs\codeigniter\system\Database\MySQLi\Connection.php:186
Stack trace:
#0 D:\D\xampp\htdocs\codeigniter\system\Database\MySQLi\Connection.php(186): mysqli->real_connect('localhost', '', Object(SensitiveParameterValue), '', 3306, '', 0)
#1 D:\D\xampp\htdocs\codeigniter\system\Database\BaseConnection.php(421): CodeIgniter\Database\MySQLi\Connection->connect(false)
#2 D:\D\xampp\htdocs\codeigniter\system\Database\BaseConnection.php(616): CodeIgniter\Database\BaseConnection->initialize()
#3 D:\D\xampp\htdocs\codeigniter\system\Database\BaseBuilder.php(1636): CodeIgniter\Database\BaseConnection->query('SELECT *\nFROM `...', Array, false)
#4 D:\D\xampp\htdocs\codeigniter\system\Model.php(286): CodeIgniter\Database\BaseBuilder->get()
#5 D:\D\xampp\htdocs\codeigniter\system\BaseModel.php(676): CodeIgniter\Model->doFindAll(0, 0)
#6 D:\D\xampp\htdocs\codeigniter\app\Controllers\account_controller.php(10): CodeIgniter\BaseModel->findAll()
#7 D:\D\xampp\htdocs\codeigniter\system\CodeIgniter.php(933): App\Controllers\account_controller->index()
#8 D:\D\xampp\htdocs\codeigniter\system\CodeIgniter.php(509): CodeIgniter\CodeIgniter->runController(Object(App\Controllers\account_controller))
#9 D:\D\xampp\htdocs\codeigniter\system\CodeIgniter.php(355): CodeIgniter\CodeIgniter->handleRequest(NULL, Object(Config\Cache), false)
#10 D:\D\xampp\htdocs\codeigniter\system\Boot.php(325): CodeIgniter\CodeIgniter->run()
#11 D:\D\xampp\htdocs\codeigniter\system\Boot.php(67): CodeIgniter\Boot::runCodeIgniter(Object(CodeIgniter\CodeIgniter))
#12 D:\D\xampp\htdocs\codeigniter\public\index.php(56): CodeIgniter\Boot::bootWeb(Object(Config\Paths))
#13 {main}

Next CodeIgniter\Database\Exceptions\DatabaseException: Access denied for user ''@'localhost' (using password: NO) in D:\D\xampp\htdocs\codeigniter\system\Database\MySQLi\Connection.php:231
Stack trace:
#0 D:\D\xampp\htdocs\codeigniter\system\Database\BaseConnection.php(421): CodeIgniter\Database\MySQLi\Connection->connect(false)
#1 D:\D\xampp\htdocs\codeigniter\system\Database\BaseConnection.php(616): CodeIgniter\Database\BaseConnection->initialize()
#2 D:\D\xampp\htdocs\codeigniter\system\Database\BaseBuilder.php(1636): CodeIgniter\Database\BaseConnection->query('SELECT *\nFROM `...', Array, false)
#3 D:\D\xampp\htdocs\codeigniter\system\Model.php(286): CodeIgniter\Database\BaseBuilder->get()
#4 D:\D\xampp\htdocs\codeigniter\system\BaseModel.php(676): CodeIgniter\Model->doFindAll(0, 0)
#5 D:\D\xampp\htdocs\codeigniter\app\Controllers\account_controller.php(10): CodeIgniter\BaseModel->findAll()
#6 D:\D\xampp\htdocs\codeigniter\system\CodeIgniter.php(933): App\Controllers\account_controller->index()
#7 D:\D\xampp\htdocs\codeigniter\system\CodeIgniter.php(509): CodeIgniter\CodeIgniter->runController(Object(App\Controllers\account_controller))
#8 D:\D\xampp\htdocs\codeigniter\system\CodeIgniter.php(355): CodeIgniter\CodeIgniter->handleRequest(NULL, Object(Config\Cache), false)
#9 D:\D\xampp\htdocs\codeigniter\system\Boot.php(325): CodeIgniter\CodeIgniter->run()
#10 D:\D\xampp\htdocs\codeigniter\system\Boot.php(67): CodeIgniter\Boot::runCodeIgniter(Object(CodeIgniter\CodeIgniter))
#11 D:\D\xampp\htdocs\codeigniter\public\index.php(56): CodeIgniter\Boot::bootWeb(Object(Config\Paths))
#12 {main}
CRITICAL - 2024-07-13 13:56:05 --> CodeIgniter\Database\Exceptions\DatabaseException: Unable to connect to the database.
Main connection [MySQLi]: Access denied for user ''@'localhost' (using password: NO)
[Method: GET, Route: version]
in SYSTEMPATH\Database\BaseConnection.php on line 467.
 1 SYSTEMPATH\Database\BaseConnection.php(616): CodeIgniter\Database\BaseConnection->initialize()
 2 SYSTEMPATH\Database\BaseBuilder.php(1636): CodeIgniter\Database\BaseConnection->query('SELECT *
FROM `accounts`', [], false)
 3 SYSTEMPATH\Model.php(286): CodeIgniter\Database\BaseBuilder->get()
 4 SYSTEMPATH\BaseModel.php(676): CodeIgniter\Model->doFindAll(0, 0)
 5 APPPATH\Controllers\account_controller.php(10): CodeIgniter\BaseModel->findAll()
 6 SYSTEMPATH\CodeIgniter.php(933): App\Controllers\account_controller->index()
 7 SYSTEMPATH\CodeIgniter.php(509): CodeIgniter\CodeIgniter->runController(Object(App\Controllers\account_controller))
 8 SYSTEMPATH\CodeIgniter.php(355): CodeIgniter\CodeIgniter->handleRequest(null, Object(Config\Cache), false)
 9 SYSTEMPATH\Boot.php(325): CodeIgniter\CodeIgniter->run()
10 SYSTEMPATH\Boot.php(67): CodeIgniter\Boot::runCodeIgniter(Object(CodeIgniter\CodeIgniter))
11 FCPATH\index.php(56): CodeIgniter\Boot::bootWeb(Object(Config\Paths))
ERROR - 2024-07-13 13:56:31 --> Error connecting to the database: mysqli_sql_exception: Access denied for user ''@'localhost' (using password: NO) in D:\D\xampp\htdocs\codeigniter\system\Database\MySQLi\Connection.php:186
Stack trace:
#0 D:\D\xampp\htdocs\codeigniter\system\Database\MySQLi\Connection.php(186): mysqli->real_connect('localhost', '', Object(SensitiveParameterValue), '', 3306, '', 0)
#1 D:\D\xampp\htdocs\codeigniter\system\Database\BaseConnection.php(421): CodeIgniter\Database\MySQLi\Connection->connect(false)
#2 D:\D\xampp\htdocs\codeigniter\system\Database\BaseConnection.php(616): CodeIgniter\Database\BaseConnection->initialize()
#3 D:\D\xampp\htdocs\codeigniter\system\Database\BaseBuilder.php(1636): CodeIgniter\Database\BaseConnection->query('SELECT *\nFROM `...', Array, false)
#4 D:\D\xampp\htdocs\codeigniter\system\Model.php(286): CodeIgniter\Database\BaseBuilder->get()
#5 D:\D\xampp\htdocs\codeigniter\system\BaseModel.php(676): CodeIgniter\Model->doFindAll(0, 0)
#6 D:\D\xampp\htdocs\codeigniter\app\Controllers\account_controller.php(10): CodeIgniter\BaseModel->findAll()
#7 D:\D\xampp\htdocs\codeigniter\system\CodeIgniter.php(933): App\Controllers\account_controller->index()
#8 D:\D\xampp\htdocs\codeigniter\system\CodeIgniter.php(509): CodeIgniter\CodeIgniter->runController(Object(App\Controllers\account_controller))
#9 D:\D\xampp\htdocs\codeigniter\system\CodeIgniter.php(355): CodeIgniter\CodeIgniter->handleRequest(NULL, Object(Config\Cache), false)
#10 D:\D\xampp\htdocs\codeigniter\system\Boot.php(325): CodeIgniter\CodeIgniter->run()
#11 D:\D\xampp\htdocs\codeigniter\system\Boot.php(67): CodeIgniter\Boot::runCodeIgniter(Object(CodeIgniter\CodeIgniter))
#12 D:\D\xampp\htdocs\codeigniter\public\index.php(56): CodeIgniter\Boot::bootWeb(Object(Config\Paths))
#13 {main}

Next CodeIgniter\Database\Exceptions\DatabaseException: Access denied for user ''@'localhost' (using password: NO) in D:\D\xampp\htdocs\codeigniter\system\Database\MySQLi\Connection.php:231
Stack trace:
#0 D:\D\xampp\htdocs\codeigniter\system\Database\BaseConnection.php(421): CodeIgniter\Database\MySQLi\Connection->connect(false)
#1 D:\D\xampp\htdocs\codeigniter\system\Database\BaseConnection.php(616): CodeIgniter\Database\BaseConnection->initialize()
#2 D:\D\xampp\htdocs\codeigniter\system\Database\BaseBuilder.php(1636): CodeIgniter\Database\BaseConnection->query('SELECT *\nFROM `...', Array, false)
#3 D:\D\xampp\htdocs\codeigniter\system\Model.php(286): CodeIgniter\Database\BaseBuilder->get()
#4 D:\D\xampp\htdocs\codeigniter\system\BaseModel.php(676): CodeIgniter\Model->doFindAll(0, 0)
#5 D:\D\xampp\htdocs\codeigniter\app\Controllers\account_controller.php(10): CodeIgniter\BaseModel->findAll()
#6 D:\D\xampp\htdocs\codeigniter\system\CodeIgniter.php(933): App\Controllers\account_controller->index()
#7 D:\D\xampp\htdocs\codeigniter\system\CodeIgniter.php(509): CodeIgniter\CodeIgniter->runController(Object(App\Controllers\account_controller))
#8 D:\D\xampp\htdocs\codeigniter\system\CodeIgniter.php(355): CodeIgniter\CodeIgniter->handleRequest(NULL, Object(Config\Cache), false)
#9 D:\D\xampp\htdocs\codeigniter\system\Boot.php(325): CodeIgniter\CodeIgniter->run()
#10 D:\D\xampp\htdocs\codeigniter\system\Boot.php(67): CodeIgniter\Boot::runCodeIgniter(Object(CodeIgniter\CodeIgniter))
#11 D:\D\xampp\htdocs\codeigniter\public\index.php(56): CodeIgniter\Boot::bootWeb(Object(Config\Paths))
#12 {main}
CRITICAL - 2024-07-13 13:56:31 --> CodeIgniter\Database\Exceptions\DatabaseException: Unable to connect to the database.
Main connection [MySQLi]: Access denied for user ''@'localhost' (using password: NO)
[Method: GET, Route: version]
in SYSTEMPATH\Database\BaseConnection.php on line 467.
 1 SYSTEMPATH\Database\BaseConnection.php(616): CodeIgniter\Database\BaseConnection->initialize()
 2 SYSTEMPATH\Database\BaseBuilder.php(1636): CodeIgniter\Database\BaseConnection->query('SELECT *
FROM `accounts`', [], false)
 3 SYSTEMPATH\Model.php(286): CodeIgniter\Database\BaseBuilder->get()
 4 SYSTEMPATH\BaseModel.php(676): CodeIgniter\Model->doFindAll(0, 0)
 5 APPPATH\Controllers\account_controller.php(10): CodeIgniter\BaseModel->findAll()
 6 SYSTEMPATH\CodeIgniter.php(933): App\Controllers\account_controller->index()
 7 SYSTEMPATH\CodeIgniter.php(509): CodeIgniter\CodeIgniter->runController(Object(App\Controllers\account_controller))
 8 SYSTEMPATH\CodeIgniter.php(355): CodeIgniter\CodeIgniter->handleRequest(null, Object(Config\Cache), false)
 9 SYSTEMPATH\Boot.php(325): CodeIgniter\CodeIgniter->run()
10 SYSTEMPATH\Boot.php(67): CodeIgniter\Boot::runCodeIgniter(Object(CodeIgniter\CodeIgniter))
11 FCPATH\index.php(56): CodeIgniter\Boot::bootWeb(Object(Config\Paths))
ERROR - 2024-07-13 16:04:41 --> Error connecting to the database: mysqli_sql_exception: Access denied for user ''@'localhost' (using password: NO) in D:\D\xampp\htdocs\codeigniter\system\Database\MySQLi\Connection.php:186
Stack trace:
#0 D:\D\xampp\htdocs\codeigniter\system\Database\MySQLi\Connection.php(186): mysqli->real_connect('localhost', '', Object(SensitiveParameterValue), '', 3306, '', 0)
#1 D:\D\xampp\htdocs\codeigniter\system\Database\BaseConnection.php(421): CodeIgniter\Database\MySQLi\Connection->connect(false)
#2 D:\D\xampp\htdocs\codeigniter\system\Database\BaseConnection.php(616): CodeIgniter\Database\BaseConnection->initialize()
#3 D:\D\xampp\htdocs\codeigniter\system\Database\BaseBuilder.php(1636): CodeIgniter\Database\BaseConnection->query('SELECT *\nFROM `...', Array, false)
#4 D:\D\xampp\htdocs\codeigniter\system\Model.php(286): CodeIgniter\Database\BaseBuilder->get()
#5 D:\D\xampp\htdocs\codeigniter\system\BaseModel.php(676): CodeIgniter\Model->doFindAll(0, 0)
#6 D:\D\xampp\htdocs\codeigniter\app\Controllers\account_controller.php(10): CodeIgniter\BaseModel->findAll()
#7 D:\D\xampp\htdocs\codeigniter\system\CodeIgniter.php(933): App\Controllers\account_controller->index()
#8 D:\D\xampp\htdocs\codeigniter\system\CodeIgniter.php(509): CodeIgniter\CodeIgniter->runController(Object(App\Controllers\account_controller))
#9 D:\D\xampp\htdocs\codeigniter\system\CodeIgniter.php(355): CodeIgniter\CodeIgniter->handleRequest(NULL, Object(Config\Cache), false)
#10 D:\D\xampp\htdocs\codeigniter\system\Boot.php(325): CodeIgniter\CodeIgniter->run()
#11 D:\D\xampp\htdocs\codeigniter\system\Boot.php(67): CodeIgniter\Boot::runCodeIgniter(Object(CodeIgniter\CodeIgniter))
#12 D:\D\xampp\htdocs\codeigniter\public\index.php(56): CodeIgniter\Boot::bootWeb(Object(Config\Paths))
#13 {main}

Next CodeIgniter\Database\Exceptions\DatabaseException: Access denied for user ''@'localhost' (using password: NO) in D:\D\xampp\htdocs\codeigniter\system\Database\MySQLi\Connection.php:231
Stack trace:
#0 D:\D\xampp\htdocs\codeigniter\system\Database\BaseConnection.php(421): CodeIgniter\Database\MySQLi\Connection->connect(false)
#1 D:\D\xampp\htdocs\codeigniter\system\Database\BaseConnection.php(616): CodeIgniter\Database\BaseConnection->initialize()
#2 D:\D\xampp\htdocs\codeigniter\system\Database\BaseBuilder.php(1636): CodeIgniter\Database\BaseConnection->query('SELECT *\nFROM `...', Array, false)
#3 D:\D\xampp\htdocs\codeigniter\system\Model.php(286): CodeIgniter\Database\BaseBuilder->get()
#4 D:\D\xampp\htdocs\codeigniter\system\BaseModel.php(676): CodeIgniter\Model->doFindAll(0, 0)
#5 D:\D\xampp\htdocs\codeigniter\app\Controllers\account_controller.php(10): CodeIgniter\BaseModel->findAll()
#6 D:\D\xampp\htdocs\codeigniter\system\CodeIgniter.php(933): App\Controllers\account_controller->index()
#7 D:\D\xampp\htdocs\codeigniter\system\CodeIgniter.php(509): CodeIgniter\CodeIgniter->runController(Object(App\Controllers\account_controller))
#8 D:\D\xampp\htdocs\codeigniter\system\CodeIgniter.php(355): CodeIgniter\CodeIgniter->handleRequest(NULL, Object(Config\Cache), false)
#9 D:\D\xampp\htdocs\codeigniter\system\Boot.php(325): CodeIgniter\CodeIgniter->run()
#10 D:\D\xampp\htdocs\codeigniter\system\Boot.php(67): CodeIgniter\Boot::runCodeIgniter(Object(CodeIgniter\CodeIgniter))
#11 D:\D\xampp\htdocs\codeigniter\public\index.php(56): CodeIgniter\Boot::bootWeb(Object(Config\Paths))
#12 {main}
CRITICAL - 2024-07-13 16:04:41 --> CodeIgniter\Database\Exceptions\DatabaseException: Unable to connect to the database.
Main connection [MySQLi]: Access denied for user ''@'localhost' (using password: NO)
[Method: GET, Route: version]
in SYSTEMPATH\Database\BaseConnection.php on line 467.
 1 SYSTEMPATH\Database\BaseConnection.php(616): CodeIgniter\Database\BaseConnection->initialize()
 2 SYSTEMPATH\Database\BaseBuilder.php(1636): CodeIgniter\Database\BaseConnection->query('SELECT *
FROM `accounts`', [], false)
 3 SYSTEMPATH\Model.php(286): CodeIgniter\Database\BaseBuilder->get()
 4 SYSTEMPATH\BaseModel.php(676): CodeIgniter\Model->doFindAll(0, 0)
 5 APPPATH\Controllers\account_controller.php(10): CodeIgniter\BaseModel->findAll()
 6 SYSTEMPATH\CodeIgniter.php(933): App\Controllers\account_controller->index()
 7 SYSTEMPATH\CodeIgniter.php(509): CodeIgniter\CodeIgniter->runController(Object(App\Controllers\account_controller))
 8 SYSTEMPATH\CodeIgniter.php(355): CodeIgniter\CodeIgniter->handleRequest(null, Object(Config\Cache), false)
 9 SYSTEMPATH\Boot.php(325): CodeIgniter\CodeIgniter->run()
10 SYSTEMPATH\Boot.php(67): CodeIgniter\Boot::runCodeIgniter(Object(CodeIgniter\CodeIgniter))
11 FCPATH\index.php(56): CodeIgniter\Boot::bootWeb(Object(Config\Paths))
ERROR - 2024-07-13 16:04:43 --> Error connecting to the database: mysqli_sql_exception: Access denied for user ''@'localhost' (using password: NO) in D:\D\xampp\htdocs\codeigniter\system\Database\MySQLi\Connection.php:186
Stack trace:
#0 D:\D\xampp\htdocs\codeigniter\system\Database\MySQLi\Connection.php(186): mysqli->real_connect('localhost', '', Object(SensitiveParameterValue), '', 3306, '', 0)
#1 D:\D\xampp\htdocs\codeigniter\system\Database\BaseConnection.php(421): CodeIgniter\Database\MySQLi\Connection->connect(false)
#2 D:\D\xampp\htdocs\codeigniter\system\Database\BaseConnection.php(616): CodeIgniter\Database\BaseConnection->initialize()
#3 D:\D\xampp\htdocs\codeigniter\system\Database\BaseBuilder.php(1636): CodeIgniter\Database\BaseConnection->query('SELECT *\nFROM `...', Array, false)
#4 D:\D\xampp\htdocs\codeigniter\system\Model.php(286): CodeIgniter\Database\BaseBuilder->get()
#5 D:\D\xampp\htdocs\codeigniter\system\BaseModel.php(676): CodeIgniter\Model->doFindAll(0, 0)
#6 D:\D\xampp\htdocs\codeigniter\app\Controllers\account_controller.php(10): CodeIgniter\BaseModel->findAll()
#7 D:\D\xampp\htdocs\codeigniter\system\CodeIgniter.php(933): App\Controllers\account_controller->index()
#8 D:\D\xampp\htdocs\codeigniter\system\CodeIgniter.php(509): CodeIgniter\CodeIgniter->runController(Object(App\Controllers\account_controller))
#9 D:\D\xampp\htdocs\codeigniter\system\CodeIgniter.php(355): CodeIgniter\CodeIgniter->handleRequest(NULL, Object(Config\Cache), false)
#10 D:\D\xampp\htdocs\codeigniter\system\Boot.php(325): CodeIgniter\CodeIgniter->run()
#11 D:\D\xampp\htdocs\codeigniter\system\Boot.php(67): CodeIgniter\Boot::runCodeIgniter(Object(CodeIgniter\CodeIgniter))
#12 D:\D\xampp\htdocs\codeigniter\public\index.php(56): CodeIgniter\Boot::bootWeb(Object(Config\Paths))
#13 {main}

Next CodeIgniter\Database\Exceptions\DatabaseException: Access denied for user ''@'localhost' (using password: NO) in D:\D\xampp\htdocs\codeigniter\system\Database\MySQLi\Connection.php:231
Stack trace:
#0 D:\D\xampp\htdocs\codeigniter\system\Database\BaseConnection.php(421): CodeIgniter\Database\MySQLi\Connection->connect(false)
#1 D:\D\xampp\htdocs\codeigniter\system\Database\BaseConnection.php(616): CodeIgniter\Database\BaseConnection->initialize()
#2 D:\D\xampp\htdocs\codeigniter\system\Database\BaseBuilder.php(1636): CodeIgniter\Database\BaseConnection->query('SELECT *\nFROM `...', Array, false)
#3 D:\D\xampp\htdocs\codeigniter\system\Model.php(286): CodeIgniter\Database\BaseBuilder->get()
#4 D:\D\xampp\htdocs\codeigniter\system\BaseModel.php(676): CodeIgniter\Model->doFindAll(0, 0)
#5 D:\D\xampp\htdocs\codeigniter\app\Controllers\account_controller.php(10): CodeIgniter\BaseModel->findAll()
#6 D:\D\xampp\htdocs\codeigniter\system\CodeIgniter.php(933): App\Controllers\account_controller->index()
#7 D:\D\xampp\htdocs\codeigniter\system\CodeIgniter.php(509): CodeIgniter\CodeIgniter->runController(Object(App\Controllers\account_controller))
#8 D:\D\xampp\htdocs\codeigniter\system\CodeIgniter.php(355): CodeIgniter\CodeIgniter->handleRequest(NULL, Object(Config\Cache), false)
#9 D:\D\xampp\htdocs\codeigniter\system\Boot.php(325): CodeIgniter\CodeIgniter->run()
#10 D:\D\xampp\htdocs\codeigniter\system\Boot.php(67): CodeIgniter\Boot::runCodeIgniter(Object(CodeIgniter\CodeIgniter))
#11 D:\D\xampp\htdocs\codeigniter\public\index.php(56): CodeIgniter\Boot::bootWeb(Object(Config\Paths))
#12 {main}
CRITICAL - 2024-07-13 16:04:43 --> CodeIgniter\Database\Exceptions\DatabaseException: Unable to connect to the database.
Main connection [MySQLi]: Access denied for user ''@'localhost' (using password: NO)
[Method: GET, Route: version]
in SYSTEMPATH\Database\BaseConnection.php on line 467.
 1 SYSTEMPATH\Database\BaseConnection.php(616): CodeIgniter\Database\BaseConnection->initialize()
 2 SYSTEMPATH\Database\BaseBuilder.php(1636): CodeIgniter\Database\BaseConnection->query('SELECT *
FROM `accounts`', [], false)
 3 SYSTEMPATH\Model.php(286): CodeIgniter\Database\BaseBuilder->get()
 4 SYSTEMPATH\BaseModel.php(676): CodeIgniter\Model->doFindAll(0, 0)
 5 APPPATH\Controllers\account_controller.php(10): CodeIgniter\BaseModel->findAll()
 6 SYSTEMPATH\CodeIgniter.php(933): App\Controllers\account_controller->index()
 7 SYSTEMPATH\CodeIgniter.php(509): CodeIgniter\CodeIgniter->runController(Object(App\Controllers\account_controller))
 8 SYSTEMPATH\CodeIgniter.php(355): CodeIgniter\CodeIgniter->handleRequest(null, Object(Config\Cache), false)
 9 SYSTEMPATH\Boot.php(325): CodeIgniter\CodeIgniter->run()
10 SYSTEMPATH\Boot.php(67): CodeIgniter\Boot::runCodeIgniter(Object(CodeIgniter\CodeIgniter))
11 FCPATH\index.php(56): CodeIgniter\Boot::bootWeb(Object(Config\Paths))
ERROR - 2024-07-13 16:05:02 --> Error connecting to the database: mysqli_sql_exception: Access denied for user ''@'localhost' (using password: NO) in D:\D\xampp\htdocs\codeigniter\system\Database\MySQLi\Connection.php:186
Stack trace:
#0 D:\D\xampp\htdocs\codeigniter\system\Database\MySQLi\Connection.php(186): mysqli->real_connect('localhost', '', Object(SensitiveParameterValue), '', 3306, '', 0)
#1 D:\D\xampp\htdocs\codeigniter\system\Database\BaseConnection.php(421): CodeIgniter\Database\MySQLi\Connection->connect(false)
#2 D:\D\xampp\htdocs\codeigniter\system\Database\BaseConnection.php(616): CodeIgniter\Database\BaseConnection->initialize()
#3 D:\D\xampp\htdocs\codeigniter\system\Database\BaseBuilder.php(1636): CodeIgniter\Database\BaseConnection->query('SELECT *\nFROM `...', Array, false)
#4 D:\D\xampp\htdocs\codeigniter\system\Model.php(286): CodeIgniter\Database\BaseBuilder->get()
#5 D:\D\xampp\htdocs\codeigniter\system\BaseModel.php(676): CodeIgniter\Model->doFindAll(0, 0)
#6 D:\D\xampp\htdocs\codeigniter\app\Controllers\account_controller.php(10): CodeIgniter\BaseModel->findAll()
#7 D:\D\xampp\htdocs\codeigniter\system\CodeIgniter.php(933): App\Controllers\account_controller->index()
#8 D:\D\xampp\htdocs\codeigniter\system\CodeIgniter.php(509): CodeIgniter\CodeIgniter->runController(Object(App\Controllers\account_controller))
#9 D:\D\xampp\htdocs\codeigniter\system\CodeIgniter.php(355): CodeIgniter\CodeIgniter->handleRequest(NULL, Object(Config\Cache), false)
#10 D:\D\xampp\htdocs\codeigniter\system\Boot.php(325): CodeIgniter\CodeIgniter->run()
#11 D:\D\xampp\htdocs\codeigniter\system\Boot.php(67): CodeIgniter\Boot::runCodeIgniter(Object(CodeIgniter\CodeIgniter))
#12 D:\D\xampp\htdocs\codeigniter\public\index.php(56): CodeIgniter\Boot::bootWeb(Object(Config\Paths))
#13 {main}

Next CodeIgniter\Database\Exceptions\DatabaseException: Access denied for user ''@'localhost' (using password: NO) in D:\D\xampp\htdocs\codeigniter\system\Database\MySQLi\Connection.php:231
Stack trace:
#0 D:\D\xampp\htdocs\codeigniter\system\Database\BaseConnection.php(421): CodeIgniter\Database\MySQLi\Connection->connect(false)
#1 D:\D\xampp\htdocs\codeigniter\system\Database\BaseConnection.php(616): CodeIgniter\Database\BaseConnection->initialize()
#2 D:\D\xampp\htdocs\codeigniter\system\Database\BaseBuilder.php(1636): CodeIgniter\Database\BaseConnection->query('SELECT *\nFROM `...', Array, false)
#3 D:\D\xampp\htdocs\codeigniter\system\Model.php(286): CodeIgniter\Database\BaseBuilder->get()
#4 D:\D\xampp\htdocs\codeigniter\system\BaseModel.php(676): CodeIgniter\Model->doFindAll(0, 0)
#5 D:\D\xampp\htdocs\codeigniter\app\Controllers\account_controller.php(10): CodeIgniter\BaseModel->findAll()
#6 D:\D\xampp\htdocs\codeigniter\system\CodeIgniter.php(933): App\Controllers\account_controller->index()
#7 D:\D\xampp\htdocs\codeigniter\system\CodeIgniter.php(509): CodeIgniter\CodeIgniter->runController(Object(App\Controllers\account_controller))
#8 D:\D\xampp\htdocs\codeigniter\system\CodeIgniter.php(355): CodeIgniter\CodeIgniter->handleRequest(NULL, Object(Config\Cache), false)
#9 D:\D\xampp\htdocs\codeigniter\system\Boot.php(325): CodeIgniter\CodeIgniter->run()
#10 D:\D\xampp\htdocs\codeigniter\system\Boot.php(67): CodeIgniter\Boot::runCodeIgniter(Object(CodeIgniter\CodeIgniter))
#11 D:\D\xampp\htdocs\codeigniter\public\index.php(56): CodeIgniter\Boot::bootWeb(Object(Config\Paths))
#12 {main}
CRITICAL - 2024-07-13 16:05:02 --> CodeIgniter\Database\Exceptions\DatabaseException: Unable to connect to the database.
Main connection [MySQLi]: Access denied for user ''@'localhost' (using password: NO)
[Method: GET, Route: version]
in SYSTEMPATH\Database\BaseConnection.php on line 467.
 1 SYSTEMPATH\Database\BaseConnection.php(616): CodeIgniter\Database\BaseConnection->initialize()
 2 SYSTEMPATH\Database\BaseBuilder.php(1636): CodeIgniter\Database\BaseConnection->query('SELECT *
FROM `accounts`', [], false)
 3 SYSTEMPATH\Model.php(286): CodeIgniter\Database\BaseBuilder->get()
 4 SYSTEMPATH\BaseModel.php(676): CodeIgniter\Model->doFindAll(0, 0)
 5 APPPATH\Controllers\account_controller.php(10): CodeIgniter\BaseModel->findAll()
 6 SYSTEMPATH\CodeIgniter.php(933): App\Controllers\account_controller->index()
 7 SYSTEMPATH\CodeIgniter.php(509): CodeIgniter\CodeIgniter->runController(Object(App\Controllers\account_controller))
 8 SYSTEMPATH\CodeIgniter.php(355): CodeIgniter\CodeIgniter->handleRequest(null, Object(Config\Cache), false)
 9 SYSTEMPATH\Boot.php(325): CodeIgniter\CodeIgniter->run()
10 SYSTEMPATH\Boot.php(67): CodeIgniter\Boot::runCodeIgniter(Object(CodeIgniter\CodeIgniter))
11 FCPATH\index.php(56): CodeIgniter\Boot::bootWeb(Object(Config\Paths))
ERROR - 2024-07-13 16:05:14 --> Error connecting to the database: mysqli_sql_exception: Access denied for user ''@'localhost' (using password: NO) in D:\D\xampp\htdocs\codeigniter\system\Database\MySQLi\Connection.php:186
Stack trace:
#0 D:\D\xampp\htdocs\codeigniter\system\Database\MySQLi\Connection.php(186): mysqli->real_connect('localhost', '', Object(SensitiveParameterValue), '', 3306, '', 0)
#1 D:\D\xampp\htdocs\codeigniter\system\Database\BaseConnection.php(421): CodeIgniter\Database\MySQLi\Connection->connect(false)
#2 D:\D\xampp\htdocs\codeigniter\system\Database\BaseConnection.php(616): CodeIgniter\Database\BaseConnection->initialize()
#3 D:\D\xampp\htdocs\codeigniter\system\Database\BaseBuilder.php(1636): CodeIgniter\Database\BaseConnection->query('SELECT *\nFROM `...', Array, false)
#4 D:\D\xampp\htdocs\codeigniter\system\Model.php(286): CodeIgniter\Database\BaseBuilder->get()
#5 D:\D\xampp\htdocs\codeigniter\system\BaseModel.php(676): CodeIgniter\Model->doFindAll(0, 0)
#6 D:\D\xampp\htdocs\codeigniter\app\Controllers\account_controller.php(10): CodeIgniter\BaseModel->findAll()
#7 D:\D\xampp\htdocs\codeigniter\system\CodeIgniter.php(933): App\Controllers\account_controller->index()
#8 D:\D\xampp\htdocs\codeigniter\system\CodeIgniter.php(509): CodeIgniter\CodeIgniter->runController(Object(App\Controllers\account_controller))
#9 D:\D\xampp\htdocs\codeigniter\system\CodeIgniter.php(355): CodeIgniter\CodeIgniter->handleRequest(NULL, Object(Config\Cache), false)
#10 D:\D\xampp\htdocs\codeigniter\system\Boot.php(325): CodeIgniter\CodeIgniter->run()
#11 D:\D\xampp\htdocs\codeigniter\system\Boot.php(67): CodeIgniter\Boot::runCodeIgniter(Object(CodeIgniter\CodeIgniter))
#12 D:\D\xampp\htdocs\codeigniter\public\index.php(56): CodeIgniter\Boot::bootWeb(Object(Config\Paths))
#13 {main}

Next CodeIgniter\Database\Exceptions\DatabaseException: Access denied for user ''@'localhost' (using password: NO) in D:\D\xampp\htdocs\codeigniter\system\Database\MySQLi\Connection.php:231
Stack trace:
#0 D:\D\xampp\htdocs\codeigniter\system\Database\BaseConnection.php(421): CodeIgniter\Database\MySQLi\Connection->connect(false)
#1 D:\D\xampp\htdocs\codeigniter\system\Database\BaseConnection.php(616): CodeIgniter\Database\BaseConnection->initialize()
#2 D:\D\xampp\htdocs\codeigniter\system\Database\BaseBuilder.php(1636): CodeIgniter\Database\BaseConnection->query('SELECT *\nFROM `...', Array, false)
#3 D:\D\xampp\htdocs\codeigniter\system\Model.php(286): CodeIgniter\Database\BaseBuilder->get()
#4 D:\D\xampp\htdocs\codeigniter\system\BaseModel.php(676): CodeIgniter\Model->doFindAll(0, 0)
#5 D:\D\xampp\htdocs\codeigniter\app\Controllers\account_controller.php(10): CodeIgniter\BaseModel->findAll()
#6 D:\D\xampp\htdocs\codeigniter\system\CodeIgniter.php(933): App\Controllers\account_controller->index()
#7 D:\D\xampp\htdocs\codeigniter\system\CodeIgniter.php(509): CodeIgniter\CodeIgniter->runController(Object(App\Controllers\account_controller))
#8 D:\D\xampp\htdocs\codeigniter\system\CodeIgniter.php(355): CodeIgniter\CodeIgniter->handleRequest(NULL, Object(Config\Cache), false)
#9 D:\D\xampp\htdocs\codeigniter\system\Boot.php(325): CodeIgniter\CodeIgniter->run()
#10 D:\D\xampp\htdocs\codeigniter\system\Boot.php(67): CodeIgniter\Boot::runCodeIgniter(Object(CodeIgniter\CodeIgniter))
#11 D:\D\xampp\htdocs\codeigniter\public\index.php(56): CodeIgniter\Boot::bootWeb(Object(Config\Paths))
#12 {main}
CRITICAL - 2024-07-13 16:05:14 --> CodeIgniter\Database\Exceptions\DatabaseException: Unable to connect to the database.
Main connection [MySQLi]: Access denied for user ''@'localhost' (using password: NO)
[Method: GET, Route: version]
in SYSTEMPATH\Database\BaseConnection.php on line 467.
 1 SYSTEMPATH\Database\BaseConnection.php(616): CodeIgniter\Database\BaseConnection->initialize()
 2 SYSTEMPATH\Database\BaseBuilder.php(1636): CodeIgniter\Database\BaseConnection->query('SELECT *
FROM `accounts`', [], false)
 3 SYSTEMPATH\Model.php(286): CodeIgniter\Database\BaseBuilder->get()
 4 SYSTEMPATH\BaseModel.php(676): CodeIgniter\Model->doFindAll(0, 0)
 5 APPPATH\Controllers\account_controller.php(10): CodeIgniter\BaseModel->findAll()
 6 SYSTEMPATH\CodeIgniter.php(933): App\Controllers\account_controller->index()
 7 SYSTEMPATH\CodeIgniter.php(509): CodeIgniter\CodeIgniter->runController(Object(App\Controllers\account_controller))
 8 SYSTEMPATH\CodeIgniter.php(355): CodeIgniter\CodeIgniter->handleRequest(null, Object(Config\Cache), false)
 9 SYSTEMPATH\Boot.php(325): CodeIgniter\CodeIgniter->run()
10 SYSTEMPATH\Boot.php(67): CodeIgniter\Boot::runCodeIgniter(Object(CodeIgniter\CodeIgniter))
11 FCPATH\index.php(56): CodeIgniter\Boot::bootWeb(Object(Config\Paths))
ERROR - 2024-07-13 16:05:42 --> Error connecting to the database: mysqli_sql_exception: Access denied for user ''@'localhost' (using password: NO) in D:\D\xampp\htdocs\codeigniter\system\Database\MySQLi\Connection.php:186
Stack trace:
#0 D:\D\xampp\htdocs\codeigniter\system\Database\MySQLi\Connection.php(186): mysqli->real_connect('localhost', '', Object(SensitiveParameterValue), '', 3306, '', 0)
#1 D:\D\xampp\htdocs\codeigniter\system\Database\BaseConnection.php(421): CodeIgniter\Database\MySQLi\Connection->connect(false)
#2 D:\D\xampp\htdocs\codeigniter\system\Database\BaseConnection.php(616): CodeIgniter\Database\BaseConnection->initialize()
#3 D:\D\xampp\htdocs\codeigniter\system\Database\BaseBuilder.php(1636): CodeIgniter\Database\BaseConnection->query('SELECT *\nFROM `...', Array, false)
#4 D:\D\xampp\htdocs\codeigniter\system\Model.php(286): CodeIgniter\Database\BaseBuilder->get()
#5 D:\D\xampp\htdocs\codeigniter\system\BaseModel.php(676): CodeIgniter\Model->doFindAll(0, 0)
#6 D:\D\xampp\htdocs\codeigniter\app\Controllers\account_controller.php(10): CodeIgniter\BaseModel->findAll()
#7 D:\D\xampp\htdocs\codeigniter\system\CodeIgniter.php(933): App\Controllers\account_controller->index()
#8 D:\D\xampp\htdocs\codeigniter\system\CodeIgniter.php(509): CodeIgniter\CodeIgniter->runController(Object(App\Controllers\account_controller))
#9 D:\D\xampp\htdocs\codeigniter\system\CodeIgniter.php(355): CodeIgniter\CodeIgniter->handleRequest(NULL, Object(Config\Cache), false)
#10 D:\D\xampp\htdocs\codeigniter\system\Boot.php(325): CodeIgniter\CodeIgniter->run()
#11 D:\D\xampp\htdocs\codeigniter\system\Boot.php(67): CodeIgniter\Boot::runCodeIgniter(Object(CodeIgniter\CodeIgniter))
#12 D:\D\xampp\htdocs\codeigniter\public\index.php(56): CodeIgniter\Boot::bootWeb(Object(Config\Paths))
#13 {main}

Next CodeIgniter\Database\Exceptions\DatabaseException: Access denied for user ''@'localhost' (using password: NO) in D:\D\xampp\htdocs\codeigniter\system\Database\MySQLi\Connection.php:231
Stack trace:
#0 D:\D\xampp\htdocs\codeigniter\system\Database\BaseConnection.php(421): CodeIgniter\Database\MySQLi\Connection->connect(false)
#1 D:\D\xampp\htdocs\codeigniter\system\Database\BaseConnection.php(616): CodeIgniter\Database\BaseConnection->initialize()
#2 D:\D\xampp\htdocs\codeigniter\system\Database\BaseBuilder.php(1636): CodeIgniter\Database\BaseConnection->query('SELECT *\nFROM `...', Array, false)
#3 D:\D\xampp\htdocs\codeigniter\system\Model.php(286): CodeIgniter\Database\BaseBuilder->get()
#4 D:\D\xampp\htdocs\codeigniter\system\BaseModel.php(676): CodeIgniter\Model->doFindAll(0, 0)
#5 D:\D\xampp\htdocs\codeigniter\app\Controllers\account_controller.php(10): CodeIgniter\BaseModel->findAll()
#6 D:\D\xampp\htdocs\codeigniter\system\CodeIgniter.php(933): App\Controllers\account_controller->index()
#7 D:\D\xampp\htdocs\codeigniter\system\CodeIgniter.php(509): CodeIgniter\CodeIgniter->runController(Object(App\Controllers\account_controller))
#8 D:\D\xampp\htdocs\codeigniter\system\CodeIgniter.php(355): CodeIgniter\CodeIgniter->handleRequest(NULL, Object(Config\Cache), false)
#9 D:\D\xampp\htdocs\codeigniter\system\Boot.php(325): CodeIgniter\CodeIgniter->run()
#10 D:\D\xampp\htdocs\codeigniter\system\Boot.php(67): CodeIgniter\Boot::runCodeIgniter(Object(CodeIgniter\CodeIgniter))
#11 D:\D\xampp\htdocs\codeigniter\public\index.php(56): CodeIgniter\Boot::bootWeb(Object(Config\Paths))
#12 {main}
CRITICAL - 2024-07-13 16:05:42 --> CodeIgniter\Database\Exceptions\DatabaseException: Unable to connect to the database.
Main connection [MySQLi]: Access denied for user ''@'localhost' (using password: NO)
[Method: GET, Route: version]
in SYSTEMPATH\Database\BaseConnection.php on line 467.
 1 SYSTEMPATH\Database\BaseConnection.php(616): CodeIgniter\Database\BaseConnection->initialize()
 2 SYSTEMPATH\Database\BaseBuilder.php(1636): CodeIgniter\Database\BaseConnection->query('SELECT *
FROM `accounts`', [], false)
 3 SYSTEMPATH\Model.php(286): CodeIgniter\Database\BaseBuilder->get()
 4 SYSTEMPATH\BaseModel.php(676): CodeIgniter\Model->doFindAll(0, 0)
 5 APPPATH\Controllers\account_controller.php(10): CodeIgniter\BaseModel->findAll()
 6 SYSTEMPATH\CodeIgniter.php(933): App\Controllers\account_controller->index()
 7 SYSTEMPATH\CodeIgniter.php(509): CodeIgniter\CodeIgniter->runController(Object(App\Controllers\account_controller))
 8 SYSTEMPATH\CodeIgniter.php(355): CodeIgniter\CodeIgniter->handleRequest(null, Object(Config\Cache), false)
 9 SYSTEMPATH\Boot.php(325): CodeIgniter\CodeIgniter->run()
10 SYSTEMPATH\Boot.php(67): CodeIgniter\Boot::runCodeIgniter(Object(CodeIgniter\CodeIgniter))
11 FCPATH\index.php(56): CodeIgniter\Boot::bootWeb(Object(Config\Paths))
ERROR - 2024-07-13 16:05:43 --> Error connecting to the database: mysqli_sql_exception: Access denied for user ''@'localhost' (using password: NO) in D:\D\xampp\htdocs\codeigniter\system\Database\MySQLi\Connection.php:186
Stack trace:
#0 D:\D\xampp\htdocs\codeigniter\system\Database\MySQLi\Connection.php(186): mysqli->real_connect('localhost', '', Object(SensitiveParameterValue), '', 3306, '', 0)
#1 D:\D\xampp\htdocs\codeigniter\system\Database\BaseConnection.php(421): CodeIgniter\Database\MySQLi\Connection->connect(false)
#2 D:\D\xampp\htdocs\codeigniter\system\Database\BaseConnection.php(616): CodeIgniter\Database\BaseConnection->initialize()
#3 D:\D\xampp\htdocs\codeigniter\system\Database\BaseBuilder.php(1636): CodeIgniter\Database\BaseConnection->query('SELECT *\nFROM `...', Array, false)
#4 D:\D\xampp\htdocs\codeigniter\system\Model.php(286): CodeIgniter\Database\BaseBuilder->get()
#5 D:\D\xampp\htdocs\codeigniter\system\BaseModel.php(676): CodeIgniter\Model->doFindAll(0, 0)
#6 D:\D\xampp\htdocs\codeigniter\app\Controllers\account_controller.php(10): CodeIgniter\BaseModel->findAll()
#7 D:\D\xampp\htdocs\codeigniter\system\CodeIgniter.php(933): App\Controllers\account_controller->index()
#8 D:\D\xampp\htdocs\codeigniter\system\CodeIgniter.php(509): CodeIgniter\CodeIgniter->runController(Object(App\Controllers\account_controller))
#9 D:\D\xampp\htdocs\codeigniter\system\CodeIgniter.php(355): CodeIgniter\CodeIgniter->handleRequest(NULL, Object(Config\Cache), false)
#10 D:\D\xampp\htdocs\codeigniter\system\Boot.php(325): CodeIgniter\CodeIgniter->run()
#11 D:\D\xampp\htdocs\codeigniter\system\Boot.php(67): CodeIgniter\Boot::runCodeIgniter(Object(CodeIgniter\CodeIgniter))
#12 D:\D\xampp\htdocs\codeigniter\public\index.php(56): CodeIgniter\Boot::bootWeb(Object(Config\Paths))
#13 {main}

Next CodeIgniter\Database\Exceptions\DatabaseException: Access denied for user ''@'localhost' (using password: NO) in D:\D\xampp\htdocs\codeigniter\system\Database\MySQLi\Connection.php:231
Stack trace:
#0 D:\D\xampp\htdocs\codeigniter\system\Database\BaseConnection.php(421): CodeIgniter\Database\MySQLi\Connection->connect(false)
#1 D:\D\xampp\htdocs\codeigniter\system\Database\BaseConnection.php(616): CodeIgniter\Database\BaseConnection->initialize()
#2 D:\D\xampp\htdocs\codeigniter\system\Database\BaseBuilder.php(1636): CodeIgniter\Database\BaseConnection->query('SELECT *\nFROM `...', Array, false)
#3 D:\D\xampp\htdocs\codeigniter\system\Model.php(286): CodeIgniter\Database\BaseBuilder->get()
#4 D:\D\xampp\htdocs\codeigniter\system\BaseModel.php(676): CodeIgniter\Model->doFindAll(0, 0)
#5 D:\D\xampp\htdocs\codeigniter\app\Controllers\account_controller.php(10): CodeIgniter\BaseModel->findAll()
#6 D:\D\xampp\htdocs\codeigniter\system\CodeIgniter.php(933): App\Controllers\account_controller->index()
#7 D:\D\xampp\htdocs\codeigniter\system\CodeIgniter.php(509): CodeIgniter\CodeIgniter->runController(Object(App\Controllers\account_controller))
#8 D:\D\xampp\htdocs\codeigniter\system\CodeIgniter.php(355): CodeIgniter\CodeIgniter->handleRequest(NULL, Object(Config\Cache), false)
#9 D:\D\xampp\htdocs\codeigniter\system\Boot.php(325): CodeIgniter\CodeIgniter->run()
#10 D:\D\xampp\htdocs\codeigniter\system\Boot.php(67): CodeIgniter\Boot::runCodeIgniter(Object(CodeIgniter\CodeIgniter))
#11 D:\D\xampp\htdocs\codeigniter\public\index.php(56): CodeIgniter\Boot::bootWeb(Object(Config\Paths))
#12 {main}
CRITICAL - 2024-07-13 16:05:43 --> CodeIgniter\Database\Exceptions\DatabaseException: Unable to connect to the database.
Main connection [MySQLi]: Access denied for user ''@'localhost' (using password: NO)
[Method: GET, Route: version]
in SYSTEMPATH\Database\BaseConnection.php on line 467.
 1 SYSTEMPATH\Database\BaseConnection.php(616): CodeIgniter\Database\BaseConnection->initialize()
 2 SYSTEMPATH\Database\BaseBuilder.php(1636): CodeIgniter\Database\BaseConnection->query('SELECT *
FROM `accounts`', [], false)
 3 SYSTEMPATH\Model.php(286): CodeIgniter\Database\BaseBuilder->get()
 4 SYSTEMPATH\BaseModel.php(676): CodeIgniter\Model->doFindAll(0, 0)
 5 APPPATH\Controllers\account_controller.php(10): CodeIgniter\BaseModel->findAll()
 6 SYSTEMPATH\CodeIgniter.php(933): App\Controllers\account_controller->index()
 7 SYSTEMPATH\CodeIgniter.php(509): CodeIgniter\CodeIgniter->runController(Object(App\Controllers\account_controller))
 8 SYSTEMPATH\CodeIgniter.php(355): CodeIgniter\CodeIgniter->handleRequest(null, Object(Config\Cache), false)
 9 SYSTEMPATH\Boot.php(325): CodeIgniter\CodeIgniter->run()
10 SYSTEMPATH\Boot.php(67): CodeIgniter\Boot::runCodeIgniter(Object(CodeIgniter\CodeIgniter))
11 FCPATH\index.php(56): CodeIgniter\Boot::bootWeb(Object(Config\Paths))
ERROR - 2024-07-13 16:05:43 --> Error connecting to the database: mysqli_sql_exception: Access denied for user ''@'localhost' (using password: NO) in D:\D\xampp\htdocs\codeigniter\system\Database\MySQLi\Connection.php:186
Stack trace:
#0 D:\D\xampp\htdocs\codeigniter\system\Database\MySQLi\Connection.php(186): mysqli->real_connect('localhost', '', Object(SensitiveParameterValue), '', 3306, '', 0)
#1 D:\D\xampp\htdocs\codeigniter\system\Database\BaseConnection.php(421): CodeIgniter\Database\MySQLi\Connection->connect(false)
#2 D:\D\xampp\htdocs\codeigniter\system\Database\BaseConnection.php(616): CodeIgniter\Database\BaseConnection->initialize()
#3 D:\D\xampp\htdocs\codeigniter\system\Database\BaseBuilder.php(1636): CodeIgniter\Database\BaseConnection->query('SELECT *\nFROM `...', Array, false)
#4 D:\D\xampp\htdocs\codeigniter\system\Model.php(286): CodeIgniter\Database\BaseBuilder->get()
#5 D:\D\xampp\htdocs\codeigniter\system\BaseModel.php(676): CodeIgniter\Model->doFindAll(0, 0)
#6 D:\D\xampp\htdocs\codeigniter\app\Controllers\account_controller.php(10): CodeIgniter\BaseModel->findAll()
#7 D:\D\xampp\htdocs\codeigniter\system\CodeIgniter.php(933): App\Controllers\account_controller->index()
#8 D:\D\xampp\htdocs\codeigniter\system\CodeIgniter.php(509): CodeIgniter\CodeIgniter->runController(Object(App\Controllers\account_controller))
#9 D:\D\xampp\htdocs\codeigniter\system\CodeIgniter.php(355): CodeIgniter\CodeIgniter->handleRequest(NULL, Object(Config\Cache), false)
#10 D:\D\xampp\htdocs\codeigniter\system\Boot.php(325): CodeIgniter\CodeIgniter->run()
#11 D:\D\xampp\htdocs\codeigniter\system\Boot.php(67): CodeIgniter\Boot::runCodeIgniter(Object(CodeIgniter\CodeIgniter))
#12 D:\D\xampp\htdocs\codeigniter\public\index.php(56): CodeIgniter\Boot::bootWeb(Object(Config\Paths))
#13 {main}

Next CodeIgniter\Database\Exceptions\DatabaseException: Access denied for user ''@'localhost' (using password: NO) in D:\D\xampp\htdocs\codeigniter\system\Database\MySQLi\Connection.php:231
Stack trace:
#0 D:\D\xampp\htdocs\codeigniter\system\Database\BaseConnection.php(421): CodeIgniter\Database\MySQLi\Connection->connect(false)
#1 D:\D\xampp\htdocs\codeigniter\system\Database\BaseConnection.php(616): CodeIgniter\Database\BaseConnection->initialize()
#2 D:\D\xampp\htdocs\codeigniter\system\Database\BaseBuilder.php(1636): CodeIgniter\Database\BaseConnection->query('SELECT *\nFROM `...', Array, false)
#3 D:\D\xampp\htdocs\codeigniter\system\Model.php(286): CodeIgniter\Database\BaseBuilder->get()
#4 D:\D\xampp\htdocs\codeigniter\system\BaseModel.php(676): CodeIgniter\Model->doFindAll(0, 0)
#5 D:\D\xampp\htdocs\codeigniter\app\Controllers\account_controller.php(10): CodeIgniter\BaseModel->findAll()
#6 D:\D\xampp\htdocs\codeigniter\system\CodeIgniter.php(933): App\Controllers\account_controller->index()
#7 D:\D\xampp\htdocs\codeigniter\system\CodeIgniter.php(509): CodeIgniter\CodeIgniter->runController(Object(App\Controllers\account_controller))
#8 D:\D\xampp\htdocs\codeigniter\system\CodeIgniter.php(355): CodeIgniter\CodeIgniter->handleRequest(NULL, Object(Config\Cache), false)
#9 D:\D\xampp\htdocs\codeigniter\system\Boot.php(325): CodeIgniter\CodeIgniter->run()
#10 D:\D\xampp\htdocs\codeigniter\system\Boot.php(67): CodeIgniter\Boot::runCodeIgniter(Object(CodeIgniter\CodeIgniter))
#11 D:\D\xampp\htdocs\codeigniter\public\index.php(56): CodeIgniter\Boot::bootWeb(Object(Config\Paths))
#12 {main}
CRITICAL - 2024-07-13 16:05:43 --> CodeIgniter\Database\Exceptions\DatabaseException: Unable to connect to the database.
Main connection [MySQLi]: Access denied for user ''@'localhost' (using password: NO)
[Method: GET, Route: version]
in SYSTEMPATH\Database\BaseConnection.php on line 467.
 1 SYSTEMPATH\Database\BaseConnection.php(616): CodeIgniter\Database\BaseConnection->initialize()
 2 SYSTEMPATH\Database\BaseBuilder.php(1636): CodeIgniter\Database\BaseConnection->query('SELECT *
FROM `accounts`', [], false)
 3 SYSTEMPATH\Model.php(286): CodeIgniter\Database\BaseBuilder->get()
 4 SYSTEMPATH\BaseModel.php(676): CodeIgniter\Model->doFindAll(0, 0)
 5 APPPATH\Controllers\account_controller.php(10): CodeIgniter\BaseModel->findAll()
 6 SYSTEMPATH\CodeIgniter.php(933): App\Controllers\account_controller->index()
 7 SYSTEMPATH\CodeIgniter.php(509): CodeIgniter\CodeIgniter->runController(Object(App\Controllers\account_controller))
 8 SYSTEMPATH\CodeIgniter.php(355): CodeIgniter\CodeIgniter->handleRequest(null, Object(Config\Cache), false)
 9 SYSTEMPATH\Boot.php(325): CodeIgniter\CodeIgniter->run()
10 SYSTEMPATH\Boot.php(67): CodeIgniter\Boot::runCodeIgniter(Object(CodeIgniter\CodeIgniter))
11 FCPATH\index.php(56): CodeIgniter\Boot::bootWeb(Object(Config\Paths))
ERROR - 2024-07-13 16:05:43 --> Error connecting to the database: mysqli_sql_exception: Access denied for user ''@'localhost' (using password: NO) in D:\D\xampp\htdocs\codeigniter\system\Database\MySQLi\Connection.php:186
Stack trace:
#0 D:\D\xampp\htdocs\codeigniter\system\Database\MySQLi\Connection.php(186): mysqli->real_connect('localhost', '', Object(SensitiveParameterValue), '', 3306, '', 0)
#1 D:\D\xampp\htdocs\codeigniter\system\Database\BaseConnection.php(421): CodeIgniter\Database\MySQLi\Connection->connect(false)
#2 D:\D\xampp\htdocs\codeigniter\system\Database\BaseConnection.php(616): CodeIgniter\Database\BaseConnection->initialize()
#3 D:\D\xampp\htdocs\codeigniter\system\Database\BaseBuilder.php(1636): CodeIgniter\Database\BaseConnection->query('SELECT *\nFROM `...', Array, false)
#4 D:\D\xampp\htdocs\codeigniter\system\Model.php(286): CodeIgniter\Database\BaseBuilder->get()
#5 D:\D\xampp\htdocs\codeigniter\system\BaseModel.php(676): CodeIgniter\Model->doFindAll(0, 0)
#6 D:\D\xampp\htdocs\codeigniter\app\Controllers\account_controller.php(10): CodeIgniter\BaseModel->findAll()
#7 D:\D\xampp\htdocs\codeigniter\system\CodeIgniter.php(933): App\Controllers\account_controller->index()
#8 D:\D\xampp\htdocs\codeigniter\system\CodeIgniter.php(509): CodeIgniter\CodeIgniter->runController(Object(App\Controllers\account_controller))
#9 D:\D\xampp\htdocs\codeigniter\system\CodeIgniter.php(355): CodeIgniter\CodeIgniter->handleRequest(NULL, Object(Config\Cache), false)
#10 D:\D\xampp\htdocs\codeigniter\system\Boot.php(325): CodeIgniter\CodeIgniter->run()
#11 D:\D\xampp\htdocs\codeigniter\system\Boot.php(67): CodeIgniter\Boot::runCodeIgniter(Object(CodeIgniter\CodeIgniter))
#12 D:\D\xampp\htdocs\codeigniter\public\index.php(56): CodeIgniter\Boot::bootWeb(Object(Config\Paths))
#13 {main}

Next CodeIgniter\Database\Exceptions\DatabaseException: Access denied for user ''@'localhost' (using password: NO) in D:\D\xampp\htdocs\codeigniter\system\Database\MySQLi\Connection.php:231
Stack trace:
#0 D:\D\xampp\htdocs\codeigniter\system\Database\BaseConnection.php(421): CodeIgniter\Database\MySQLi\Connection->connect(false)
#1 D:\D\xampp\htdocs\codeigniter\system\Database\BaseConnection.php(616): CodeIgniter\Database\BaseConnection->initialize()
#2 D:\D\xampp\htdocs\codeigniter\system\Database\BaseBuilder.php(1636): CodeIgniter\Database\BaseConnection->query('SELECT *\nFROM `...', Array, false)
#3 D:\D\xampp\htdocs\codeigniter\system\Model.php(286): CodeIgniter\Database\BaseBuilder->get()
#4 D:\D\xampp\htdocs\codeigniter\system\BaseModel.php(676): CodeIgniter\Model->doFindAll(0, 0)
#5 D:\D\xampp\htdocs\codeigniter\app\Controllers\account_controller.php(10): CodeIgniter\BaseModel->findAll()
#6 D:\D\xampp\htdocs\codeigniter\system\CodeIgniter.php(933): App\Controllers\account_controller->index()
#7 D:\D\xampp\htdocs\codeigniter\system\CodeIgniter.php(509): CodeIgniter\CodeIgniter->runController(Object(App\Controllers\account_controller))
#8 D:\D\xampp\htdocs\codeigniter\system\CodeIgniter.php(355): CodeIgniter\CodeIgniter->handleRequest(NULL, Object(Config\Cache), false)
#9 D:\D\xampp\htdocs\codeigniter\system\Boot.php(325): CodeIgniter\CodeIgniter->run()
#10 D:\D\xampp\htdocs\codeigniter\system\Boot.php(67): CodeIgniter\Boot::runCodeIgniter(Object(CodeIgniter\CodeIgniter))
#11 D:\D\xampp\htdocs\codeigniter\public\index.php(56): CodeIgniter\Boot::bootWeb(Object(Config\Paths))
#12 {main}
CRITICAL - 2024-07-13 16:05:43 --> CodeIgniter\Database\Exceptions\DatabaseException: Unable to connect to the database.
Main connection [MySQLi]: Access denied for user ''@'localhost' (using password: NO)
[Method: GET, Route: version]
in SYSTEMPATH\Database\BaseConnection.php on line 467.
 1 SYSTEMPATH\Database\BaseConnection.php(616): CodeIgniter\Database\BaseConnection->initialize()
 2 SYSTEMPATH\Database\BaseBuilder.php(1636): CodeIgniter\Database\BaseConnection->query('SELECT *
FROM `accounts`', [], false)
 3 SYSTEMPATH\Model.php(286): CodeIgniter\Database\BaseBuilder->get()
 4 SYSTEMPATH\BaseModel.php(676): CodeIgniter\Model->doFindAll(0, 0)
 5 APPPATH\Controllers\account_controller.php(10): CodeIgniter\BaseModel->findAll()
 6 SYSTEMPATH\CodeIgniter.php(933): App\Controllers\account_controller->index()
 7 SYSTEMPATH\CodeIgniter.php(509): CodeIgniter\CodeIgniter->runController(Object(App\Controllers\account_controller))
 8 SYSTEMPATH\CodeIgniter.php(355): CodeIgniter\CodeIgniter->handleRequest(null, Object(Config\Cache), false)
 9 SYSTEMPATH\Boot.php(325): CodeIgniter\CodeIgniter->run()
10 SYSTEMPATH\Boot.php(67): CodeIgniter\Boot::runCodeIgniter(Object(CodeIgniter\CodeIgniter))
11 FCPATH\index.php(56): CodeIgniter\Boot::bootWeb(Object(Config\Paths))
CRITICAL - 2024-07-13 16:06:46 --> ErrorException: Undefined variable $account
[Method: GET, Route: version]
in APPPATH\Views\kd_project\index.php on line 26.
 1 APPPATH\Views\kd_project\index.php(26): CodeIgniter\Debug\Exceptions->errorHandler(2, 'Undefined variable $account', 'D:\\D\\xampp\\htdocs\\codeigniter\\app\\Views\\kd_project\\index.php', 26)
 2 SYSTEMPATH\View\View.php(234): include('D:\\D\\xampp\\htdocs\\codeigniter\\app\\Views\\kd_project\\index.php')
 3 SYSTEMPATH\View\View.php(237): CodeIgniter\View\View->CodeIgniter\View\{closure}()
 4 SYSTEMPATH\Common.php(1171): CodeIgniter\View\View->render('kd_project\\index', [], true)
 5 APPPATH\Controllers\account_controller.php(11): view('kd_project\\index')
 6 SYSTEMPATH\CodeIgniter.php(933): App\Controllers\account_controller->index()
 7 SYSTEMPATH\CodeIgniter.php(509): CodeIgniter\CodeIgniter->runController(Object(App\Controllers\account_controller))
 8 SYSTEMPATH\CodeIgniter.php(355): CodeIgniter\CodeIgniter->handleRequest(null, Object(Config\Cache), false)
 9 SYSTEMPATH\Boot.php(325): CodeIgniter\CodeIgniter->run()
10 SYSTEMPATH\Boot.php(67): CodeIgniter\Boot::runCodeIgniter(Object(CodeIgniter\CodeIgniter))
11 FCPATH\index.php(56): CodeIgniter\Boot::bootWeb(Object(Config\Paths))
ERROR - 2024-07-13 16:09:19 --> Error connecting to the database: mysqli_sql_exception: Access denied for user ''@'localhost' (using password: NO) in D:\D\xampp\htdocs\codeigniter\system\Database\MySQLi\Connection.php:186
Stack trace:
#0 D:\D\xampp\htdocs\codeigniter\system\Database\MySQLi\Connection.php(186): mysqli->real_connect('localhost', '', Object(SensitiveParameterValue), '', 3306, '', 0)
#1 D:\D\xampp\htdocs\codeigniter\system\Database\BaseConnection.php(421): CodeIgniter\Database\MySQLi\Connection->connect(false)
#2 D:\D\xampp\htdocs\codeigniter\system\Database\BaseConnection.php(616): CodeIgniter\Database\BaseConnection->initialize()
#3 D:\D\xampp\htdocs\codeigniter\system\Database\BaseBuilder.php(1636): CodeIgniter\Database\BaseConnection->query('SELECT *\nFROM `...', Array, false)
#4 D:\D\xampp\htdocs\codeigniter\system\Model.php(286): CodeIgniter\Database\BaseBuilder->get()
#5 D:\D\xampp\htdocs\codeigniter\system\BaseModel.php(676): CodeIgniter\Model->doFindAll(0, 0)
#6 D:\D\xampp\htdocs\codeigniter\app\Controllers\account_controller.php(10): CodeIgniter\BaseModel->findAll()
#7 D:\D\xampp\htdocs\codeigniter\system\CodeIgniter.php(933): App\Controllers\account_controller->index()
#8 D:\D\xampp\htdocs\codeigniter\system\CodeIgniter.php(509): CodeIgniter\CodeIgniter->runController(Object(App\Controllers\account_controller))
#9 D:\D\xampp\htdocs\codeigniter\system\CodeIgniter.php(355): CodeIgniter\CodeIgniter->handleRequest(NULL, Object(Config\Cache), false)
#10 D:\D\xampp\htdocs\codeigniter\system\Boot.php(325): CodeIgniter\CodeIgniter->run()
#11 D:\D\xampp\htdocs\codeigniter\system\Boot.php(67): CodeIgniter\Boot::runCodeIgniter(Object(CodeIgniter\CodeIgniter))
#12 D:\D\xampp\htdocs\codeigniter\public\index.php(56): CodeIgniter\Boot::bootWeb(Object(Config\Paths))
#13 {main}

Next CodeIgniter\Database\Exceptions\DatabaseException: Access denied for user ''@'localhost' (using password: NO) in D:\D\xampp\htdocs\codeigniter\system\Database\MySQLi\Connection.php:231
Stack trace:
#0 D:\D\xampp\htdocs\codeigniter\system\Database\BaseConnection.php(421): CodeIgniter\Database\MySQLi\Connection->connect(false)
#1 D:\D\xampp\htdocs\codeigniter\system\Database\BaseConnection.php(616): CodeIgniter\Database\BaseConnection->initialize()
#2 D:\D\xampp\htdocs\codeigniter\system\Database\BaseBuilder.php(1636): CodeIgniter\Database\BaseConnection->query('SELECT *\nFROM `...', Array, false)
#3 D:\D\xampp\htdocs\codeigniter\system\Model.php(286): CodeIgniter\Database\BaseBuilder->get()
#4 D:\D\xampp\htdocs\codeigniter\system\BaseModel.php(676): CodeIgniter\Model->doFindAll(0, 0)
#5 D:\D\xampp\htdocs\codeigniter\app\Controllers\account_controller.php(10): CodeIgniter\BaseModel->findAll()
#6 D:\D\xampp\htdocs\codeigniter\system\CodeIgniter.php(933): App\Controllers\account_controller->index()
#7 D:\D\xampp\htdocs\codeigniter\system\CodeIgniter.php(509): CodeIgniter\CodeIgniter->runController(Object(App\Controllers\account_controller))
#8 D:\D\xampp\htdocs\codeigniter\system\CodeIgniter.php(355): CodeIgniter\CodeIgniter->handleRequest(NULL, Object(Config\Cache), false)
#9 D:\D\xampp\htdocs\codeigniter\system\Boot.php(325): CodeIgniter\CodeIgniter->run()
#10 D:\D\xampp\htdocs\codeigniter\system\Boot.php(67): CodeIgniter\Boot::runCodeIgniter(Object(CodeIgniter\CodeIgniter))
#11 D:\D\xampp\htdocs\codeigniter\public\index.php(56): CodeIgniter\Boot::bootWeb(Object(Config\Paths))
#12 {main}
CRITICAL - 2024-07-13 16:09:19 --> CodeIgniter\Database\Exceptions\DatabaseException: Unable to connect to the database.
Main connection [MySQLi]: Access denied for user ''@'localhost' (using password: NO)
[Method: GET, Route: version]
in SYSTEMPATH\Database\BaseConnection.php on line 467.
 1 SYSTEMPATH\Database\BaseConnection.php(616): CodeIgniter\Database\BaseConnection->initialize()
 2 SYSTEMPATH\Database\BaseBuilder.php(1636): CodeIgniter\Database\BaseConnection->query('SELECT *
FROM `accounts`', [], false)
 3 SYSTEMPATH\Model.php(286): CodeIgniter\Database\BaseBuilder->get()
 4 SYSTEMPATH\BaseModel.php(676): CodeIgniter\Model->doFindAll(0, 0)
 5 APPPATH\Controllers\account_controller.php(10): CodeIgniter\BaseModel->findAll()
 6 SYSTEMPATH\CodeIgniter.php(933): App\Controllers\account_controller->index()
 7 SYSTEMPATH\CodeIgniter.php(509): CodeIgniter\CodeIgniter->runController(Object(App\Controllers\account_controller))
 8 SYSTEMPATH\CodeIgniter.php(355): CodeIgniter\CodeIgniter->handleRequest(null, Object(Config\Cache), false)
 9 SYSTEMPATH\Boot.php(325): CodeIgniter\CodeIgniter->run()
10 SYSTEMPATH\Boot.php(67): CodeIgniter\Boot::runCodeIgniter(Object(CodeIgniter\CodeIgniter))
11 FCPATH\index.php(56): CodeIgniter\Boot::bootWeb(Object(Config\Paths))
ERROR - 2024-07-13 16:09:42 --> Error connecting to the database: mysqli_sql_exception: Access denied for user ''@'localhost' (using password: NO) in D:\D\xampp\htdocs\codeigniter\system\Database\MySQLi\Connection.php:186
Stack trace:
#0 D:\D\xampp\htdocs\codeigniter\system\Database\MySQLi\Connection.php(186): mysqli->real_connect('localhost', '', Object(SensitiveParameterValue), '', 3306, '', 0)
#1 D:\D\xampp\htdocs\codeigniter\system\Database\BaseConnection.php(421): CodeIgniter\Database\MySQLi\Connection->connect(false)
#2 D:\D\xampp\htdocs\codeigniter\system\Database\BaseConnection.php(616): CodeIgniter\Database\BaseConnection->initialize()
#3 D:\D\xampp\htdocs\codeigniter\system\Database\BaseBuilder.php(1636): CodeIgniter\Database\BaseConnection->query('SELECT *\nFROM `...', Array, false)
#4 D:\D\xampp\htdocs\codeigniter\system\Model.php(286): CodeIgniter\Database\BaseBuilder->get()
#5 D:\D\xampp\htdocs\codeigniter\system\BaseModel.php(676): CodeIgniter\Model->doFindAll(0, 0)
#6 D:\D\xampp\htdocs\codeigniter\app\Controllers\account_controller.php(10): CodeIgniter\BaseModel->findAll()
#7 D:\D\xampp\htdocs\codeigniter\system\CodeIgniter.php(933): App\Controllers\account_controller->index()
#8 D:\D\xampp\htdocs\codeigniter\system\CodeIgniter.php(509): CodeIgniter\CodeIgniter->runController(Object(App\Controllers\account_controller))
#9 D:\D\xampp\htdocs\codeigniter\system\CodeIgniter.php(355): CodeIgniter\CodeIgniter->handleRequest(NULL, Object(Config\Cache), false)
#10 D:\D\xampp\htdocs\codeigniter\system\Boot.php(325): CodeIgniter\CodeIgniter->run()
#11 D:\D\xampp\htdocs\codeigniter\system\Boot.php(67): CodeIgniter\Boot::runCodeIgniter(Object(CodeIgniter\CodeIgniter))
#12 D:\D\xampp\htdocs\codeigniter\public\index.php(56): CodeIgniter\Boot::bootWeb(Object(Config\Paths))
#13 {main}

Next CodeIgniter\Database\Exceptions\DatabaseException: Access denied for user ''@'localhost' (using password: NO) in D:\D\xampp\htdocs\codeigniter\system\Database\MySQLi\Connection.php:231
Stack trace:
#0 D:\D\xampp\htdocs\codeigniter\system\Database\BaseConnection.php(421): CodeIgniter\Database\MySQLi\Connection->connect(false)
#1 D:\D\xampp\htdocs\codeigniter\system\Database\BaseConnection.php(616): CodeIgniter\Database\BaseConnection->initialize()
#2 D:\D\xampp\htdocs\codeigniter\system\Database\BaseBuilder.php(1636): CodeIgniter\Database\BaseConnection->query('SELECT *\nFROM `...', Array, false)
#3 D:\D\xampp\htdocs\codeigniter\system\Model.php(286): CodeIgniter\Database\BaseBuilder->get()
#4 D:\D\xampp\htdocs\codeigniter\system\BaseModel.php(676): CodeIgniter\Model->doFindAll(0, 0)
#5 D:\D\xampp\htdocs\codeigniter\app\Controllers\account_controller.php(10): CodeIgniter\BaseModel->findAll()
#6 D:\D\xampp\htdocs\codeigniter\system\CodeIgniter.php(933): App\Controllers\account_controller->index()
#7 D:\D\xampp\htdocs\codeigniter\system\CodeIgniter.php(509): CodeIgniter\CodeIgniter->runController(Object(App\Controllers\account_controller))
#8 D:\D\xampp\htdocs\codeigniter\system\CodeIgniter.php(355): CodeIgniter\CodeIgniter->handleRequest(NULL, Object(Config\Cache), false)
#9 D:\D\xampp\htdocs\codeigniter\system\Boot.php(325): CodeIgniter\CodeIgniter->run()
#10 D:\D\xampp\htdocs\codeigniter\system\Boot.php(67): CodeIgniter\Boot::runCodeIgniter(Object(CodeIgniter\CodeIgniter))
#11 D:\D\xampp\htdocs\codeigniter\public\index.php(56): CodeIgniter\Boot::bootWeb(Object(Config\Paths))
#12 {main}
CRITICAL - 2024-07-13 16:09:42 --> CodeIgniter\Database\Exceptions\DatabaseException: Unable to connect to the database.
Main connection [MySQLi]: Access denied for user ''@'localhost' (using password: NO)
[Method: GET, Route: version]
in SYSTEMPATH\Database\BaseConnection.php on line 467.
 1 SYSTEMPATH\Database\BaseConnection.php(616): CodeIgniter\Database\BaseConnection->initialize()
 2 SYSTEMPATH\Database\BaseBuilder.php(1636): CodeIgniter\Database\BaseConnection->query('SELECT *
FROM `accounts`', [], false)
 3 SYSTEMPATH\Model.php(286): CodeIgniter\Database\BaseBuilder->get()
 4 SYSTEMPATH\BaseModel.php(676): CodeIgniter\Model->doFindAll(0, 0)
 5 APPPATH\Controllers\account_controller.php(10): CodeIgniter\BaseModel->findAll()
 6 SYSTEMPATH\CodeIgniter.php(933): App\Controllers\account_controller->index()
 7 SYSTEMPATH\CodeIgniter.php(509): CodeIgniter\CodeIgniter->runController(Object(App\Controllers\account_controller))
 8 SYSTEMPATH\CodeIgniter.php(355): CodeIgniter\CodeIgniter->handleRequest(null, Object(Config\Cache), false)
 9 SYSTEMPATH\Boot.php(325): CodeIgniter\CodeIgniter->run()
10 SYSTEMPATH\Boot.php(67): CodeIgniter\Boot::runCodeIgniter(Object(CodeIgniter\CodeIgniter))
11 FCPATH\index.php(56): CodeIgniter\Boot::bootWeb(Object(Config\Paths))
ERROR - 2024-07-13 16:11:37 --> Error connecting to the database: mysqli_sql_exception: Access denied for user ''@'localhost' (using password: NO) in D:\D\xampp\htdocs\codeigniter\system\Database\MySQLi\Connection.php:186
Stack trace:
#0 D:\D\xampp\htdocs\codeigniter\system\Database\MySQLi\Connection.php(186): mysqli->real_connect('localhost', '', Object(SensitiveParameterValue), '', 3306, '', 0)
#1 D:\D\xampp\htdocs\codeigniter\system\Database\BaseConnection.php(421): CodeIgniter\Database\MySQLi\Connection->connect(false)
#2 D:\D\xampp\htdocs\codeigniter\system\Database\BaseConnection.php(616): CodeIgniter\Database\BaseConnection->initialize()
#3 D:\D\xampp\htdocs\codeigniter\system\Database\BaseBuilder.php(1636): CodeIgniter\Database\BaseConnection->query('SELECT *\nFROM `...', Array, false)
#4 D:\D\xampp\htdocs\codeigniter\system\Model.php(286): CodeIgniter\Database\BaseBuilder->get()
#5 D:\D\xampp\htdocs\codeigniter\system\BaseModel.php(676): CodeIgniter\Model->doFindAll(0, 0)
#6 D:\D\xampp\htdocs\codeigniter\app\Controllers\account_controller.php(10): CodeIgniter\BaseModel->findAll()
#7 D:\D\xampp\htdocs\codeigniter\system\CodeIgniter.php(933): App\Controllers\account_controller->index()
#8 D:\D\xampp\htdocs\codeigniter\system\CodeIgniter.php(509): CodeIgniter\CodeIgniter->runController(Object(App\Controllers\account_controller))
#9 D:\D\xampp\htdocs\codeigniter\system\CodeIgniter.php(355): CodeIgniter\CodeIgniter->handleRequest(NULL, Object(Config\Cache), false)
#10 D:\D\xampp\htdocs\codeigniter\system\Boot.php(325): CodeIgniter\CodeIgniter->run()
#11 D:\D\xampp\htdocs\codeigniter\system\Boot.php(67): CodeIgniter\Boot::runCodeIgniter(Object(CodeIgniter\CodeIgniter))
#12 D:\D\xampp\htdocs\codeigniter\public\index.php(56): CodeIgniter\Boot::bootWeb(Object(Config\Paths))
#13 {main}

Next CodeIgniter\Database\Exceptions\DatabaseException: Access denied for user ''@'localhost' (using password: NO) in D:\D\xampp\htdocs\codeigniter\system\Database\MySQLi\Connection.php:231
Stack trace:
#0 D:\D\xampp\htdocs\codeigniter\system\Database\BaseConnection.php(421): CodeIgniter\Database\MySQLi\Connection->connect(false)
#1 D:\D\xampp\htdocs\codeigniter\system\Database\BaseConnection.php(616): CodeIgniter\Database\BaseConnection->initialize()
#2 D:\D\xampp\htdocs\codeigniter\system\Database\BaseBuilder.php(1636): CodeIgniter\Database\BaseConnection->query('SELECT *\nFROM `...', Array, false)
#3 D:\D\xampp\htdocs\codeigniter\system\Model.php(286): CodeIgniter\Database\BaseBuilder->get()
#4 D:\D\xampp\htdocs\codeigniter\system\BaseModel.php(676): CodeIgniter\Model->doFindAll(0, 0)
#5 D:\D\xampp\htdocs\codeigniter\app\Controllers\account_controller.php(10): CodeIgniter\BaseModel->findAll()
#6 D:\D\xampp\htdocs\codeigniter\system\CodeIgniter.php(933): App\Controllers\account_controller->index()
#7 D:\D\xampp\htdocs\codeigniter\system\CodeIgniter.php(509): CodeIgniter\CodeIgniter->runController(Object(App\Controllers\account_controller))
#8 D:\D\xampp\htdocs\codeigniter\system\CodeIgniter.php(355): CodeIgniter\CodeIgniter->handleRequest(NULL, Object(Config\Cache), false)
#9 D:\D\xampp\htdocs\codeigniter\system\Boot.php(325): CodeIgniter\CodeIgniter->run()
#10 D:\D\xampp\htdocs\codeigniter\system\Boot.php(67): CodeIgniter\Boot::runCodeIgniter(Object(CodeIgniter\CodeIgniter))
#11 D:\D\xampp\htdocs\codeigniter\public\index.php(56): CodeIgniter\Boot::bootWeb(Object(Config\Paths))
#12 {main}
CRITICAL - 2024-07-13 16:11:37 --> CodeIgniter\Database\Exceptions\DatabaseException: Unable to connect to the database.
Main connection [MySQLi]: Access denied for user ''@'localhost' (using password: NO)
[Method: GET, Route: version]
in SYSTEMPATH\Database\BaseConnection.php on line 467.
 1 SYSTEMPATH\Database\BaseConnection.php(616): CodeIgniter\Database\BaseConnection->initialize()
 2 SYSTEMPATH\Database\BaseBuilder.php(1636): CodeIgniter\Database\BaseConnection->query('SELECT *
FROM `accounts`', [], false)
 3 SYSTEMPATH\Model.php(286): CodeIgniter\Database\BaseBuilder->get()
 4 SYSTEMPATH\BaseModel.php(676): CodeIgniter\Model->doFindAll(0, 0)
 5 APPPATH\Controllers\account_controller.php(10): CodeIgniter\BaseModel->findAll()
 6 SYSTEMPATH\CodeIgniter.php(933): App\Controllers\account_controller->index()
 7 SYSTEMPATH\CodeIgniter.php(509): CodeIgniter\CodeIgniter->runController(Object(App\Controllers\account_controller))
 8 SYSTEMPATH\CodeIgniter.php(355): CodeIgniter\CodeIgniter->handleRequest(null, Object(Config\Cache), false)
 9 SYSTEMPATH\Boot.php(325): CodeIgniter\CodeIgniter->run()
10 SYSTEMPATH\Boot.php(67): CodeIgniter\Boot::runCodeIgniter(Object(CodeIgniter\CodeIgniter))
11 FCPATH\index.php(56): CodeIgniter\Boot::bootWeb(Object(Config\Paths))
CRITICAL - 2024-07-13 16:13:00 --> ParseError: syntax error, unexpected token "endforeach", expecting end of file
[Method: GET, Route: version]
in APPPATH\Views\kd_project\index.php on line 30.
 1 SYSTEMPATH\View\View.php(237): CodeIgniter\View\View->CodeIgniter\View\{closure}()
 2 SYSTEMPATH\Common.php(1171): CodeIgniter\View\View->render('kd_project\\index', [], true)
 3 APPPATH\Controllers\account_controller.php(11): view('kd_project\\index')
 4 SYSTEMPATH\CodeIgniter.php(933): App\Controllers\account_controller->index()
 5 SYSTEMPATH\CodeIgniter.php(509): CodeIgniter\CodeIgniter->runController(Object(App\Controllers\account_controller))
 6 SYSTEMPATH\CodeIgniter.php(355): CodeIgniter\CodeIgniter->handleRequest(null, Object(Config\Cache), false)
 7 SYSTEMPATH\Boot.php(325): CodeIgniter\CodeIgniter->run()
 8 SYSTEMPATH\Boot.php(67): CodeIgniter\Boot::runCodeIgniter(Object(CodeIgniter\CodeIgniter))
 9 FCPATH\index.php(56): CodeIgniter\Boot::bootWeb(Object(Config\Paths))
CRITICAL - 2024-07-13 16:13:01 --> ParseError: syntax error, unexpected token "endforeach", expecting end of file
[Method: GET, Route: version]
in APPPATH\Views\kd_project\index.php on line 30.
 1 SYSTEMPATH\View\View.php(237): CodeIgniter\View\View->CodeIgniter\View\{closure}()
 2 SYSTEMPATH\Common.php(1171): CodeIgniter\View\View->render('kd_project\\index', [], true)
 3 APPPATH\Controllers\account_controller.php(11): view('kd_project\\index')
 4 SYSTEMPATH\CodeIgniter.php(933): App\Controllers\account_controller->index()
 5 SYSTEMPATH\CodeIgniter.php(509): CodeIgniter\CodeIgniter->runController(Object(App\Controllers\account_controller))
 6 SYSTEMPATH\CodeIgniter.php(355): CodeIgniter\CodeIgniter->handleRequest(null, Object(Config\Cache), false)
 7 SYSTEMPATH\Boot.php(325): CodeIgniter\CodeIgniter->run()
 8 SYSTEMPATH\Boot.php(67): CodeIgniter\Boot::runCodeIgniter(Object(CodeIgniter\CodeIgniter))
 9 FCPATH\index.php(56): CodeIgniter\Boot::bootWeb(Object(Config\Paths))
CRITICAL - 2024-07-13 16:13:01 --> ParseError: syntax error, unexpected token "endforeach", expecting end of file
[Method: GET, Route: version]
in APPPATH\Views\kd_project\index.php on line 30.
 1 SYSTEMPATH\View\View.php(237): CodeIgniter\View\View->CodeIgniter\View\{closure}()
 2 SYSTEMPATH\Common.php(1171): CodeIgniter\View\View->render('kd_project\\index', [], true)
 3 APPPATH\Controllers\account_controller.php(11): view('kd_project\\index')
 4 SYSTEMPATH\CodeIgniter.php(933): App\Controllers\account_controller->index()
 5 SYSTEMPATH\CodeIgniter.php(509): CodeIgniter\CodeIgniter->runController(Object(App\Controllers\account_controller))
 6 SYSTEMPATH\CodeIgniter.php(355): CodeIgniter\CodeIgniter->handleRequest(null, Object(Config\Cache), false)
 7 SYSTEMPATH\Boot.php(325): CodeIgniter\CodeIgniter->run()
 8 SYSTEMPATH\Boot.php(67): CodeIgniter\Boot::runCodeIgniter(Object(CodeIgniter\CodeIgniter))
 9 FCPATH\index.php(56): CodeIgniter\Boot::bootWeb(Object(Config\Paths))
ERROR - 2024-07-13 16:20:00 --> Error connecting to the database: mysqli_sql_exception: Access denied for user ''@'localhost' (using password: NO) in D:\D\xampp\htdocs\codeigniter\system\Database\MySQLi\Connection.php:186
Stack trace:
#0 D:\D\xampp\htdocs\codeigniter\system\Database\MySQLi\Connection.php(186): mysqli->real_connect('localhost', '', Object(SensitiveParameterValue), '', 3306, '', 0)
#1 D:\D\xampp\htdocs\codeigniter\system\Database\BaseConnection.php(421): CodeIgniter\Database\MySQLi\Connection->connect(false)
#2 D:\D\xampp\htdocs\codeigniter\system\Database\BaseConnection.php(616): CodeIgniter\Database\BaseConnection->initialize()
#3 D:\D\xampp\htdocs\codeigniter\system\Database\BaseBuilder.php(1636): CodeIgniter\Database\BaseConnection->query('SELECT *\nFROM `...', Array, false)
#4 D:\D\xampp\htdocs\codeigniter\system\Model.php(286): CodeIgniter\Database\BaseBuilder->get()
#5 D:\D\xampp\htdocs\codeigniter\system\BaseModel.php(676): CodeIgniter\Model->doFindAll(0, 0)
#6 D:\D\xampp\htdocs\codeigniter\app\Controllers\account_controller.php(10): CodeIgniter\BaseModel->findAll()
#7 D:\D\xampp\htdocs\codeigniter\system\CodeIgniter.php(933): App\Controllers\account_controller->index()
#8 D:\D\xampp\htdocs\codeigniter\system\CodeIgniter.php(509): CodeIgniter\CodeIgniter->runController(Object(App\Controllers\account_controller))
#9 D:\D\xampp\htdocs\codeigniter\system\CodeIgniter.php(355): CodeIgniter\CodeIgniter->handleRequest(NULL, Object(Config\Cache), false)
#10 D:\D\xampp\htdocs\codeigniter\system\Boot.php(325): CodeIgniter\CodeIgniter->run()
#11 D:\D\xampp\htdocs\codeigniter\system\Boot.php(67): CodeIgniter\Boot::runCodeIgniter(Object(CodeIgniter\CodeIgniter))
#12 D:\D\xampp\htdocs\codeigniter\public\index.php(56): CodeIgniter\Boot::bootWeb(Object(Config\Paths))
#13 {main}

Next CodeIgniter\Database\Exceptions\DatabaseException: Access denied for user ''@'localhost' (using password: NO) in D:\D\xampp\htdocs\codeigniter\system\Database\MySQLi\Connection.php:231
Stack trace:
#0 D:\D\xampp\htdocs\codeigniter\system\Database\BaseConnection.php(421): CodeIgniter\Database\MySQLi\Connection->connect(false)
#1 D:\D\xampp\htdocs\codeigniter\system\Database\BaseConnection.php(616): CodeIgniter\Database\BaseConnection->initialize()
#2 D:\D\xampp\htdocs\codeigniter\system\Database\BaseBuilder.php(1636): CodeIgniter\Database\BaseConnection->query('SELECT *\nFROM `...', Array, false)
#3 D:\D\xampp\htdocs\codeigniter\system\Model.php(286): CodeIgniter\Database\BaseBuilder->get()
#4 D:\D\xampp\htdocs\codeigniter\system\BaseModel.php(676): CodeIgniter\Model->doFindAll(0, 0)
#5 D:\D\xampp\htdocs\codeigniter\app\Controllers\account_controller.php(10): CodeIgniter\BaseModel->findAll()
#6 D:\D\xampp\htdocs\codeigniter\system\CodeIgniter.php(933): App\Controllers\account_controller->index()
#7 D:\D\xampp\htdocs\codeigniter\system\CodeIgniter.php(509): CodeIgniter\CodeIgniter->runController(Object(App\Controllers\account_controller))
#8 D:\D\xampp\htdocs\codeigniter\system\CodeIgniter.php(355): CodeIgniter\CodeIgniter->handleRequest(NULL, Object(Config\Cache), false)
#9 D:\D\xampp\htdocs\codeigniter\system\Boot.php(325): CodeIgniter\CodeIgniter->run()
#10 D:\D\xampp\htdocs\codeigniter\system\Boot.php(67): CodeIgniter\Boot::runCodeIgniter(Object(CodeIgniter\CodeIgniter))
#11 D:\D\xampp\htdocs\codeigniter\public\index.php(56): CodeIgniter\Boot::bootWeb(Object(Config\Paths))
#12 {main}
CRITICAL - 2024-07-13 16:20:00 --> CodeIgniter\Database\Exceptions\DatabaseException: Unable to connect to the database.
Main connection [MySQLi]: Access denied for user ''@'localhost' (using password: NO)
[Method: GET, Route: version]
in SYSTEMPATH\Database\BaseConnection.php on line 467.
 1 SYSTEMPATH\Database\BaseConnection.php(616): CodeIgniter\Database\BaseConnection->initialize()
 2 SYSTEMPATH\Database\BaseBuilder.php(1636): CodeIgniter\Database\BaseConnection->query('SELECT *
FROM `accounts`', [], false)
 3 SYSTEMPATH\Model.php(286): CodeIgniter\Database\BaseBuilder->get()
 4 SYSTEMPATH\BaseModel.php(676): CodeIgniter\Model->doFindAll(0, 0)
 5 APPPATH\Controllers\account_controller.php(10): CodeIgniter\BaseModel->findAll()
 6 SYSTEMPATH\CodeIgniter.php(933): App\Controllers\account_controller->index()
 7 SYSTEMPATH\CodeIgniter.php(509): CodeIgniter\CodeIgniter->runController(Object(App\Controllers\account_controller))
 8 SYSTEMPATH\CodeIgniter.php(355): CodeIgniter\CodeIgniter->handleRequest(null, Object(Config\Cache), false)
 9 SYSTEMPATH\Boot.php(325): CodeIgniter\CodeIgniter->run()
10 SYSTEMPATH\Boot.php(67): CodeIgniter\Boot::runCodeIgniter(Object(CodeIgniter\CodeIgniter))
11 FCPATH\index.php(56): CodeIgniter\Boot::bootWeb(Object(Config\Paths))
ERROR - 2024-07-13 16:20:31 --> Error connecting to the database: mysqli_sql_exception: Access denied for user ''@'localhost' (using password: NO) in D:\D\xampp\htdocs\codeigniter\system\Database\MySQLi\Connection.php:186
Stack trace:
#0 D:\D\xampp\htdocs\codeigniter\system\Database\MySQLi\Connection.php(186): mysqli->real_connect('localhost', '', Object(SensitiveParameterValue), '', 3306, '', 0)
#1 D:\D\xampp\htdocs\codeigniter\system\Database\BaseConnection.php(421): CodeIgniter\Database\MySQLi\Connection->connect(false)
#2 D:\D\xampp\htdocs\codeigniter\system\Database\BaseConnection.php(616): CodeIgniter\Database\BaseConnection->initialize()
#3 D:\D\xampp\htdocs\codeigniter\system\Database\BaseBuilder.php(1636): CodeIgniter\Database\BaseConnection->query('SELECT *\nFROM `...', Array, false)
#4 D:\D\xampp\htdocs\codeigniter\system\Model.php(286): CodeIgniter\Database\BaseBuilder->get()
#5 D:\D\xampp\htdocs\codeigniter\system\BaseModel.php(676): CodeIgniter\Model->doFindAll(0, 0)
#6 D:\D\xampp\htdocs\codeigniter\app\Controllers\account_controller.php(10): CodeIgniter\BaseModel->findAll()
#7 D:\D\xampp\htdocs\codeigniter\system\CodeIgniter.php(933): App\Controllers\account_controller->index()
#8 D:\D\xampp\htdocs\codeigniter\system\CodeIgniter.php(509): CodeIgniter\CodeIgniter->runController(Object(App\Controllers\account_controller))
#9 D:\D\xampp\htdocs\codeigniter\system\CodeIgniter.php(355): CodeIgniter\CodeIgniter->handleRequest(NULL, Object(Config\Cache), false)
#10 D:\D\xampp\htdocs\codeigniter\system\Boot.php(325): CodeIgniter\CodeIgniter->run()
#11 D:\D\xampp\htdocs\codeigniter\system\Boot.php(67): CodeIgniter\Boot::runCodeIgniter(Object(CodeIgniter\CodeIgniter))
#12 D:\D\xampp\htdocs\codeigniter\public\index.php(56): CodeIgniter\Boot::bootWeb(Object(Config\Paths))
#13 {main}

Next CodeIgniter\Database\Exceptions\DatabaseException: Access denied for user ''@'localhost' (using password: NO) in D:\D\xampp\htdocs\codeigniter\system\Database\MySQLi\Connection.php:231
Stack trace:
#0 D:\D\xampp\htdocs\codeigniter\system\Database\BaseConnection.php(421): CodeIgniter\Database\MySQLi\Connection->connect(false)
#1 D:\D\xampp\htdocs\codeigniter\system\Database\BaseConnection.php(616): CodeIgniter\Database\BaseConnection->initialize()
#2 D:\D\xampp\htdocs\codeigniter\system\Database\BaseBuilder.php(1636): CodeIgniter\Database\BaseConnection->query('SELECT *\nFROM `...', Array, false)
#3 D:\D\xampp\htdocs\codeigniter\system\Model.php(286): CodeIgniter\Database\BaseBuilder->get()
#4 D:\D\xampp\htdocs\codeigniter\system\BaseModel.php(676): CodeIgniter\Model->doFindAll(0, 0)
#5 D:\D\xampp\htdocs\codeigniter\app\Controllers\account_controller.php(10): CodeIgniter\BaseModel->findAll()
#6 D:\D\xampp\htdocs\codeigniter\system\CodeIgniter.php(933): App\Controllers\account_controller->index()
#7 D:\D\xampp\htdocs\codeigniter\system\CodeIgniter.php(509): CodeIgniter\CodeIgniter->runController(Object(App\Controllers\account_controller))
#8 D:\D\xampp\htdocs\codeigniter\system\CodeIgniter.php(355): CodeIgniter\CodeIgniter->handleRequest(NULL, Object(Config\Cache), false)
#9 D:\D\xampp\htdocs\codeigniter\system\Boot.php(325): CodeIgniter\CodeIgniter->run()
#10 D:\D\xampp\htdocs\codeigniter\system\Boot.php(67): CodeIgniter\Boot::runCodeIgniter(Object(CodeIgniter\CodeIgniter))
#11 D:\D\xampp\htdocs\codeigniter\public\index.php(56): CodeIgniter\Boot::bootWeb(Object(Config\Paths))
#12 {main}
CRITICAL - 2024-07-13 16:20:31 --> CodeIgniter\Database\Exceptions\DatabaseException: Unable to connect to the database.
Main connection [MySQLi]: Access denied for user ''@'localhost' (using password: NO)
[Method: GET, Route: version]
in SYSTEMPATH\Database\BaseConnection.php on line 467.
 1 SYSTEMPATH\Database\BaseConnection.php(616): CodeIgniter\Database\BaseConnection->initialize()
 2 SYSTEMPATH\Database\BaseBuilder.php(1636): CodeIgniter\Database\BaseConnection->query('SELECT *
FROM `accounts`', [], false)
 3 SYSTEMPATH\Model.php(286): CodeIgniter\Database\BaseBuilder->get()
 4 SYSTEMPATH\BaseModel.php(676): CodeIgniter\Model->doFindAll(0, 0)
 5 APPPATH\Controllers\account_controller.php(10): CodeIgniter\BaseModel->findAll()
 6 SYSTEMPATH\CodeIgniter.php(933): App\Controllers\account_controller->index()
 7 SYSTEMPATH\CodeIgniter.php(509): CodeIgniter\CodeIgniter->runController(Object(App\Controllers\account_controller))
 8 SYSTEMPATH\CodeIgniter.php(355): CodeIgniter\CodeIgniter->handleRequest(null, Object(Config\Cache), false)
 9 SYSTEMPATH\Boot.php(325): CodeIgniter\CodeIgniter->run()
10 SYSTEMPATH\Boot.php(67): CodeIgniter\Boot::runCodeIgniter(Object(CodeIgniter\CodeIgniter))
11 FCPATH\index.php(56): CodeIgniter\Boot::bootWeb(Object(Config\Paths))
ERROR - 2024-07-13 16:21:11 --> Error connecting to the database: mysqli_sql_exception: Access denied for user ''@'localhost' (using password: NO) in D:\D\xampp\htdocs\codeigniter\system\Database\MySQLi\Connection.php:186
Stack trace:
#0 D:\D\xampp\htdocs\codeigniter\system\Database\MySQLi\Connection.php(186): mysqli->real_connect('localhost', '', Object(SensitiveParameterValue), '', 3306, '', 0)
#1 D:\D\xampp\htdocs\codeigniter\system\Database\BaseConnection.php(421): CodeIgniter\Database\MySQLi\Connection->connect(false)
#2 D:\D\xampp\htdocs\codeigniter\system\Database\BaseConnection.php(616): CodeIgniter\Database\BaseConnection->initialize()
#3 D:\D\xampp\htdocs\codeigniter\system\Database\BaseBuilder.php(1636): CodeIgniter\Database\BaseConnection->query('SELECT *\nFROM `...', Array, false)
#4 D:\D\xampp\htdocs\codeigniter\system\Model.php(286): CodeIgniter\Database\BaseBuilder->get()
#5 D:\D\xampp\htdocs\codeigniter\system\BaseModel.php(676): CodeIgniter\Model->doFindAll(0, 0)
#6 D:\D\xampp\htdocs\codeigniter\app\Controllers\account_controller.php(10): CodeIgniter\BaseModel->findAll()
#7 D:\D\xampp\htdocs\codeigniter\system\CodeIgniter.php(933): App\Controllers\account_controller->index()
#8 D:\D\xampp\htdocs\codeigniter\system\CodeIgniter.php(509): CodeIgniter\CodeIgniter->runController(Object(App\Controllers\account_controller))
#9 D:\D\xampp\htdocs\codeigniter\system\CodeIgniter.php(355): CodeIgniter\CodeIgniter->handleRequest(NULL, Object(Config\Cache), false)
#10 D:\D\xampp\htdocs\codeigniter\system\Boot.php(325): CodeIgniter\CodeIgniter->run()
#11 D:\D\xampp\htdocs\codeigniter\system\Boot.php(67): CodeIgniter\Boot::runCodeIgniter(Object(CodeIgniter\CodeIgniter))
#12 D:\D\xampp\htdocs\codeigniter\public\index.php(56): CodeIgniter\Boot::bootWeb(Object(Config\Paths))
#13 {main}

Next CodeIgniter\Database\Exceptions\DatabaseException: Access denied for user ''@'localhost' (using password: NO) in D:\D\xampp\htdocs\codeigniter\system\Database\MySQLi\Connection.php:231
Stack trace:
#0 D:\D\xampp\htdocs\codeigniter\system\Database\BaseConnection.php(421): CodeIgniter\Database\MySQLi\Connection->connect(false)
#1 D:\D\xampp\htdocs\codeigniter\system\Database\BaseConnection.php(616): CodeIgniter\Database\BaseConnection->initialize()
#2 D:\D\xampp\htdocs\codeigniter\system\Database\BaseBuilder.php(1636): CodeIgniter\Database\BaseConnection->query('SELECT *\nFROM `...', Array, false)
#3 D:\D\xampp\htdocs\codeigniter\system\Model.php(286): CodeIgniter\Database\BaseBuilder->get()
#4 D:\D\xampp\htdocs\codeigniter\system\BaseModel.php(676): CodeIgniter\Model->doFindAll(0, 0)
#5 D:\D\xampp\htdocs\codeigniter\app\Controllers\account_controller.php(10): CodeIgniter\BaseModel->findAll()
#6 D:\D\xampp\htdocs\codeigniter\system\CodeIgniter.php(933): App\Controllers\account_controller->index()
#7 D:\D\xampp\htdocs\codeigniter\system\CodeIgniter.php(509): CodeIgniter\CodeIgniter->runController(Object(App\Controllers\account_controller))
#8 D:\D\xampp\htdocs\codeigniter\system\CodeIgniter.php(355): CodeIgniter\CodeIgniter->handleRequest(NULL, Object(Config\Cache), false)
#9 D:\D\xampp\htdocs\codeigniter\system\Boot.php(325): CodeIgniter\CodeIgniter->run()
#10 D:\D\xampp\htdocs\codeigniter\system\Boot.php(67): CodeIgniter\Boot::runCodeIgniter(Object(CodeIgniter\CodeIgniter))
#11 D:\D\xampp\htdocs\codeigniter\public\index.php(56): CodeIgniter\Boot::bootWeb(Object(Config\Paths))
#12 {main}
CRITICAL - 2024-07-13 16:21:11 --> CodeIgniter\Database\Exceptions\DatabaseException: Unable to connect to the database.
Main connection [MySQLi]: Access denied for user ''@'localhost' (using password: NO)
[Method: GET, Route: version]
in SYSTEMPATH\Database\BaseConnection.php on line 467.
 1 SYSTEMPATH\Database\BaseConnection.php(616): CodeIgniter\Database\BaseConnection->initialize()
 2 SYSTEMPATH\Database\BaseBuilder.php(1636): CodeIgniter\Database\BaseConnection->query('SELECT *
FROM `accounts`', [], false)
 3 SYSTEMPATH\Model.php(286): CodeIgniter\Database\BaseBuilder->get()
 4 SYSTEMPATH\BaseModel.php(676): CodeIgniter\Model->doFindAll(0, 0)
 5 APPPATH\Controllers\account_controller.php(10): CodeIgniter\BaseModel->findAll()
 6 SYSTEMPATH\CodeIgniter.php(933): App\Controllers\account_controller->index()
 7 SYSTEMPATH\CodeIgniter.php(509): CodeIgniter\CodeIgniter->runController(Object(App\Controllers\account_controller))
 8 SYSTEMPATH\CodeIgniter.php(355): CodeIgniter\CodeIgniter->handleRequest(null, Object(Config\Cache), false)
 9 SYSTEMPATH\Boot.php(325): CodeIgniter\CodeIgniter->run()
10 SYSTEMPATH\Boot.php(67): CodeIgniter\Boot::runCodeIgniter(Object(CodeIgniter\CodeIgniter))
11 FCPATH\index.php(56): CodeIgniter\Boot::bootWeb(Object(Config\Paths))
CRITICAL - 2024-07-13 16:24:14 --> Error: Class "App\Controllers\AccountModel" not found
[Method: GET, Route: version]
in APPPATH\Controllers\account_controller.php on line 10.
 1 SYSTEMPATH\CodeIgniter.php(903): App\Controllers\account_controller->__construct()
 2 SYSTEMPATH\CodeIgniter.php(500): CodeIgniter\CodeIgniter->createController()
 3 SYSTEMPATH\CodeIgniter.php(355): CodeIgniter\CodeIgniter->handleRequest(null, Object(Config\Cache), false)
 4 SYSTEMPATH\Boot.php(325): CodeIgniter\CodeIgniter->run()
 5 SYSTEMPATH\Boot.php(67): CodeIgniter\Boot::runCodeIgniter(Object(CodeIgniter\CodeIgniter))
 6 FCPATH\index.php(56): CodeIgniter\Boot::bootWeb(Object(Config\Paths))
CRITICAL - 2024-07-13 16:24:15 --> Error: Class "App\Controllers\AccountModel" not found
[Method: GET, Route: version]
in APPPATH\Controllers\account_controller.php on line 10.
 1 SYSTEMPATH\CodeIgniter.php(903): App\Controllers\account_controller->__construct()
 2 SYSTEMPATH\CodeIgniter.php(500): CodeIgniter\CodeIgniter->createController()
 3 SYSTEMPATH\CodeIgniter.php(355): CodeIgniter\CodeIgniter->handleRequest(null, Object(Config\Cache), false)
 4 SYSTEMPATH\Boot.php(325): CodeIgniter\CodeIgniter->run()
 5 SYSTEMPATH\Boot.php(67): CodeIgniter\Boot::runCodeIgniter(Object(CodeIgniter\CodeIgniter))
 6 FCPATH\index.php(56): CodeIgniter\Boot::bootWeb(Object(Config\Paths))
CRITICAL - 2024-07-13 16:24:15 --> Error: Class "App\Controllers\AccountModel" not found
[Method: GET, Route: version]
in APPPATH\Controllers\account_controller.php on line 10.
 1 SYSTEMPATH\CodeIgniter.php(903): App\Controllers\account_controller->__construct()
 2 SYSTEMPATH\CodeIgniter.php(500): CodeIgniter\CodeIgniter->createController()
 3 SYSTEMPATH\CodeIgniter.php(355): CodeIgniter\CodeIgniter->handleRequest(null, Object(Config\Cache), false)
 4 SYSTEMPATH\Boot.php(325): CodeIgniter\CodeIgniter->run()
 5 SYSTEMPATH\Boot.php(67): CodeIgniter\Boot::runCodeIgniter(Object(CodeIgniter\CodeIgniter))
 6 FCPATH\index.php(56): CodeIgniter\Boot::bootWeb(Object(Config\Paths))
CRITICAL - 2024-07-13 16:24:15 --> Error: Class "App\Controllers\AccountModel" not found
[Method: GET, Route: version]
in APPPATH\Controllers\account_controller.php on line 10.
 1 SYSTEMPATH\CodeIgniter.php(903): App\Controllers\account_controller->__construct()
 2 SYSTEMPATH\CodeIgniter.php(500): CodeIgniter\CodeIgniter->createController()
 3 SYSTEMPATH\CodeIgniter.php(355): CodeIgniter\CodeIgniter->handleRequest(null, Object(Config\Cache), false)
 4 SYSTEMPATH\Boot.php(325): CodeIgniter\CodeIgniter->run()
 5 SYSTEMPATH\Boot.php(67): CodeIgniter\Boot::runCodeIgniter(Object(CodeIgniter\CodeIgniter))
 6 FCPATH\index.php(56): CodeIgniter\Boot::bootWeb(Object(Config\Paths))
CRITICAL - 2024-07-13 16:24:15 --> Error: Class "App\Controllers\AccountModel" not found
[Method: GET, Route: version]
in APPPATH\Controllers\account_controller.php on line 10.
 1 SYSTEMPATH\CodeIgniter.php(903): App\Controllers\account_controller->__construct()
 2 SYSTEMPATH\CodeIgniter.php(500): CodeIgniter\CodeIgniter->createController()
 3 SYSTEMPATH\CodeIgniter.php(355): CodeIgniter\CodeIgniter->handleRequest(null, Object(Config\Cache), false)
 4 SYSTEMPATH\Boot.php(325): CodeIgniter\CodeIgniter->run()
 5 SYSTEMPATH\Boot.php(67): CodeIgniter\Boot::runCodeIgniter(Object(CodeIgniter\CodeIgniter))
 6 FCPATH\index.php(56): CodeIgniter\Boot::bootWeb(Object(Config\Paths))
CRITICAL - 2024-07-13 16:24:16 --> Error: Class "App\Controllers\AccountModel" not found
[Method: GET, Route: version]
in APPPATH\Controllers\account_controller.php on line 10.
 1 SYSTEMPATH\CodeIgniter.php(903): App\Controllers\account_controller->__construct()
 2 SYSTEMPATH\CodeIgniter.php(500): CodeIgniter\CodeIgniter->createController()
 3 SYSTEMPATH\CodeIgniter.php(355): CodeIgniter\CodeIgniter->handleRequest(null, Object(Config\Cache), false)
 4 SYSTEMPATH\Boot.php(325): CodeIgniter\CodeIgniter->run()
 5 SYSTEMPATH\Boot.php(67): CodeIgniter\Boot::runCodeIgniter(Object(CodeIgniter\CodeIgniter))
 6 FCPATH\index.php(56): CodeIgniter\Boot::bootWeb(Object(Config\Paths))
CRITICAL - 2024-07-13 16:24:51 --> Error: Class "App\Controllers\AccountModel" not found
[Method: GET, Route: version]
in APPPATH\Controllers\account_controller.php on line 10.
 1 SYSTEMPATH\CodeIgniter.php(903): App\Controllers\account_controller->__construct()
 2 SYSTEMPATH\CodeIgniter.php(500): CodeIgniter\CodeIgniter->createController()
 3 SYSTEMPATH\CodeIgniter.php(355): CodeIgniter\CodeIgniter->handleRequest(null, Object(Config\Cache), false)
 4 SYSTEMPATH\Boot.php(325): CodeIgniter\CodeIgniter->run()
 5 SYSTEMPATH\Boot.php(67): CodeIgniter\Boot::runCodeIgniter(Object(CodeIgniter\CodeIgniter))
 6 FCPATH\index.php(56): CodeIgniter\Boot::bootWeb(Object(Config\Paths))
CRITICAL - 2024-07-13 16:24:52 --> Error: Class "App\Controllers\AccountModel" not found
[Method: GET, Route: version]
in APPPATH\Controllers\account_controller.php on line 10.
 1 SYSTEMPATH\CodeIgniter.php(903): App\Controllers\account_controller->__construct()
 2 SYSTEMPATH\CodeIgniter.php(500): CodeIgniter\CodeIgniter->createController()
 3 SYSTEMPATH\CodeIgniter.php(355): CodeIgniter\CodeIgniter->handleRequest(null, Object(Config\Cache), false)
 4 SYSTEMPATH\Boot.php(325): CodeIgniter\CodeIgniter->run()
 5 SYSTEMPATH\Boot.php(67): CodeIgniter\Boot::runCodeIgniter(Object(CodeIgniter\CodeIgniter))
 6 FCPATH\index.php(56): CodeIgniter\Boot::bootWeb(Object(Config\Paths))
CRITICAL - 2024-07-13 16:24:52 --> Error: Class "App\Controllers\AccountModel" not found
[Method: GET, Route: version]
in APPPATH\Controllers\account_controller.php on line 10.
 1 SYSTEMPATH\CodeIgniter.php(903): App\Controllers\account_controller->__construct()
 2 SYSTEMPATH\CodeIgniter.php(500): CodeIgniter\CodeIgniter->createController()
 3 SYSTEMPATH\CodeIgniter.php(355): CodeIgniter\CodeIgniter->handleRequest(null, Object(Config\Cache), false)
 4 SYSTEMPATH\Boot.php(325): CodeIgniter\CodeIgniter->run()
 5 SYSTEMPATH\Boot.php(67): CodeIgniter\Boot::runCodeIgniter(Object(CodeIgniter\CodeIgniter))
 6 FCPATH\index.php(56): CodeIgniter\Boot::bootWeb(Object(Config\Paths))
CRITICAL - 2024-07-13 16:28:32 --> Error: Class "App\Controllers\AccountModel" not found
[Method: GET, Route: version]
in APPPATH\Controllers\account_controller.php on line 10.
 1 SYSTEMPATH\CodeIgniter.php(903): App\Controllers\account_controller->__construct()
 2 SYSTEMPATH\CodeIgniter.php(500): CodeIgniter\CodeIgniter->createController()
 3 SYSTEMPATH\CodeIgniter.php(355): CodeIgniter\CodeIgniter->handleRequest(null, Object(Config\Cache), false)
 4 SYSTEMPATH\Boot.php(325): CodeIgniter\CodeIgniter->run()
 5 SYSTEMPATH\Boot.php(67): CodeIgniter\Boot::runCodeIgniter(Object(CodeIgniter\CodeIgniter))
 6 FCPATH\index.php(56): CodeIgniter\Boot::bootWeb(Object(Config\Paths))
CRITICAL - 2024-07-13 16:28:33 --> Error: Class "App\Controllers\AccountModel" not found
[Method: GET, Route: version]
in APPPATH\Controllers\account_controller.php on line 10.
 1 SYSTEMPATH\CodeIgniter.php(903): App\Controllers\account_controller->__construct()
 2 SYSTEMPATH\CodeIgniter.php(500): CodeIgniter\CodeIgniter->createController()
 3 SYSTEMPATH\CodeIgniter.php(355): CodeIgniter\CodeIgniter->handleRequest(null, Object(Config\Cache), false)
 4 SYSTEMPATH\Boot.php(325): CodeIgniter\CodeIgniter->run()
 5 SYSTEMPATH\Boot.php(67): CodeIgniter\Boot::runCodeIgniter(Object(CodeIgniter\CodeIgniter))
 6 FCPATH\index.php(56): CodeIgniter\Boot::bootWeb(Object(Config\Paths))
CRITICAL - 2024-07-13 16:28:33 --> Error: Class "App\Controllers\AccountModel" not found
[Method: GET, Route: version]
in APPPATH\Controllers\account_controller.php on line 10.
 1 SYSTEMPATH\CodeIgniter.php(903): App\Controllers\account_controller->__construct()
 2 SYSTEMPATH\CodeIgniter.php(500): CodeIgniter\CodeIgniter->createController()
 3 SYSTEMPATH\CodeIgniter.php(355): CodeIgniter\CodeIgniter->handleRequest(null, Object(Config\Cache), false)
 4 SYSTEMPATH\Boot.php(325): CodeIgniter\CodeIgniter->run()
 5 SYSTEMPATH\Boot.php(67): CodeIgniter\Boot::runCodeIgniter(Object(CodeIgniter\CodeIgniter))
 6 FCPATH\index.php(56): CodeIgniter\Boot::bootWeb(Object(Config\Paths))
CRITICAL - 2024-07-13 16:28:34 --> Error: Class "App\Controllers\AccountModel" not found
[Method: GET, Route: version]
in APPPATH\Controllers\account_controller.php on line 10.
 1 SYSTEMPATH\CodeIgniter.php(903): App\Controllers\account_controller->__construct()
 2 SYSTEMPATH\CodeIgniter.php(500): CodeIgniter\CodeIgniter->createController()
 3 SYSTEMPATH\CodeIgniter.php(355): CodeIgniter\CodeIgniter->handleRequest(null, Object(Config\Cache), false)
 4 SYSTEMPATH\Boot.php(325): CodeIgniter\CodeIgniter->run()
 5 SYSTEMPATH\Boot.php(67): CodeIgniter\Boot::runCodeIgniter(Object(CodeIgniter\CodeIgniter))
 6 FCPATH\index.php(56): CodeIgniter\Boot::bootWeb(Object(Config\Paths))
