INFO - 2024-09-21 06:00:23 --> Session: Class initialized using 'CodeIgniter\Session\Handlers\FileHandler' driver.
WARNING - 2024-09-21 06:00:45 --> [DEPRECATED] number_format(): Passing null to parameter #1 ($num) of type float is deprecated in APPPATH/Views/kd_project/dashboard_view.php on line 170.
 1 APPPATH/Views/kd_project/dashboard_view.php(170): number_format(null, 2)
 2 SYSTEMPATH/View/View.php(234): include('/home/u877349608/domains/muraridubey.com/public_html/codeigniter/app/Views/kd_project/dashboard_view.php')
 3 SYSTEMPATH/View/View.php(237): CodeIgniter\View\View->CodeIgniter\View\{closure}()
 4 SYSTEMPATH/Common.php(1171): CodeIgniter\View\View->render('kd_project/dashboard_view', [], true)
 5 APPPATH/Controllers/Dashboard_controller.php(31): view('kd_project/dashboard_view', [...])
 6 SYSTEMPATH/CodeIgniter.php(933): App\Controllers\Dashboard_controller->index()
 7 SYSTEMPATH/CodeIgniter.php(509): CodeIgniter\CodeIgniter->runController(Object(App\Controllers\Dashboard_controller))
 8 SYSTEMPATH/CodeIgniter.php(355): CodeIgniter\CodeIgniter->handleRequest(null, Object(Config\Cache), false)
 9 SYSTEMPATH/Boot.php(325): CodeIgniter\CodeIgniter->run()
10 SYSTEMPATH/Boot.php(67): CodeIgniter\Boot::runCodeIgniter(Object(CodeIgniter\CodeIgniter))
11 FCPATH/index.php(56): CodeIgniter\Boot::bootWeb(Object(Config\Paths))
WARNING - 2024-09-21 06:00:45 --> [DEPRECATED] number_format(): Passing null to parameter #1 ($num) of type float is deprecated in APPPATH/Views/kd_project/dashboard_view.php on line 178.
 1 APPPATH/Views/kd_project/dashboard_view.php(178): number_format(null, 2)
 2 SYSTEMPATH/View/View.php(234): include('/home/u877349608/domains/muraridubey.com/public_html/codeigniter/app/Views/kd_project/dashboard_view.php')
 3 SYSTEMPATH/View/View.php(237): CodeIgniter\View\View->CodeIgniter\View\{closure}()
 4 SYSTEMPATH/Common.php(1171): CodeIgniter\View\View->render('kd_project/dashboard_view', [], true)
 5 APPPATH/Controllers/Dashboard_controller.php(31): view('kd_project/dashboard_view', [...])
 6 SYSTEMPATH/CodeIgniter.php(933): App\Controllers\Dashboard_controller->index()
 7 SYSTEMPATH/CodeIgniter.php(509): CodeIgniter\CodeIgniter->runController(Object(App\Controllers\Dashboard_controller))
 8 SYSTEMPATH/CodeIgniter.php(355): CodeIgniter\CodeIgniter->handleRequest(null, Object(Config\Cache), false)
 9 SYSTEMPATH/Boot.php(325): CodeIgniter\CodeIgniter->run()
10 SYSTEMPATH/Boot.php(67): CodeIgniter\Boot::runCodeIgniter(Object(CodeIgniter\CodeIgniter))
11 FCPATH/index.php(56): CodeIgniter\Boot::bootWeb(Object(Config\Paths))
WARNING - 2024-09-21 06:00:45 --> [DEPRECATED] number_format(): Passing null to parameter #1 ($num) of type float is deprecated in APPPATH/Views/kd_project/dashboard_view.php on line 178.
 1 APPPATH/Views/kd_project/dashboard_view.php(178): number_format(null, 2)
 2 SYSTEMPATH/View/View.php(234): include('/home/u877349608/domains/muraridubey.com/public_html/codeigniter/app/Views/kd_project/dashboard_view.php')
 3 SYSTEMPATH/View/View.php(237): CodeIgniter\View\View->CodeIgniter\View\{closure}()
 4 SYSTEMPATH/Common.php(1171): CodeIgniter\View\View->render('kd_project/dashboard_view', [], true)
 5 APPPATH/Controllers/Dashboard_controller.php(31): view('kd_project/dashboard_view', [...])
 6 SYSTEMPATH/CodeIgniter.php(933): App\Controllers\Dashboard_controller->index()
 7 SYSTEMPATH/CodeIgniter.php(509): CodeIgniter\CodeIgniter->runController(Object(App\Controllers\Dashboard_controller))
 8 SYSTEMPATH/CodeIgniter.php(355): CodeIgniter\CodeIgniter->handleRequest(null, Object(Config\Cache), false)
 9 SYSTEMPATH/Boot.php(325): CodeIgniter\CodeIgniter->run()
10 SYSTEMPATH/Boot.php(67): CodeIgniter\Boot::runCodeIgniter(Object(CodeIgniter\CodeIgniter))
11 FCPATH/index.php(56): CodeIgniter\Boot::bootWeb(Object(Config\Paths))
WARNING - 2024-09-21 06:00:45 --> [DEPRECATED] number_format(): Passing null to parameter #1 ($num) of type float is deprecated in APPPATH/Views/kd_project/dashboard_view.php on line 174.
 1 APPPATH/Views/kd_project/dashboard_view.php(174): number_format(null, 2)
 2 SYSTEMPATH/View/View.php(234): include('/home/u877349608/domains/muraridubey.com/public_html/codeigniter/app/Views/kd_project/dashboard_view.php')
 3 SYSTEMPATH/View/View.php(237): CodeIgniter\View\View->CodeIgniter\View\{closure}()
 4 SYSTEMPATH/Common.php(1171): CodeIgniter\View\View->render('kd_project/dashboard_view', [], true)
 5 APPPATH/Controllers/Dashboard_controller.php(31): view('kd_project/dashboard_view', [...])
 6 SYSTEMPATH/CodeIgniter.php(933): App\Controllers\Dashboard_controller->index()
 7 SYSTEMPATH/CodeIgniter.php(509): CodeIgniter\CodeIgniter->runController(Object(App\Controllers\Dashboard_controller))
 8 SYSTEMPATH/CodeIgniter.php(355): CodeIgniter\CodeIgniter->handleRequest(null, Object(Config\Cache), false)
 9 SYSTEMPATH/Boot.php(325): CodeIgniter\CodeIgniter->run()
10 SYSTEMPATH/Boot.php(67): CodeIgniter\Boot::runCodeIgniter(Object(CodeIgniter\CodeIgniter))
11 FCPATH/index.php(56): CodeIgniter\Boot::bootWeb(Object(Config\Paths))
WARNING - 2024-09-21 06:00:45 --> [DEPRECATED] number_format(): Passing null to parameter #1 ($num) of type float is deprecated in APPPATH/Views/kd_project/dashboard_view.php on line 178.
 1 APPPATH/Views/kd_project/dashboard_view.php(178): number_format(null, 2)
 2 SYSTEMPATH/View/View.php(234): include('/home/u877349608/domains/muraridubey.com/public_html/codeigniter/app/Views/kd_project/dashboard_view.php')
 3 SYSTEMPATH/View/View.php(237): CodeIgniter\View\View->CodeIgniter\View\{closure}()
 4 SYSTEMPATH/Common.php(1171): CodeIgniter\View\View->render('kd_project/dashboard_view', [], true)
 5 APPPATH/Controllers/Dashboard_controller.php(31): view('kd_project/dashboard_view', [...])
 6 SYSTEMPATH/CodeIgniter.php(933): App\Controllers\Dashboard_controller->index()
 7 SYSTEMPATH/CodeIgniter.php(509): CodeIgniter\CodeIgniter->runController(Object(App\Controllers\Dashboard_controller))
 8 SYSTEMPATH/CodeIgniter.php(355): CodeIgniter\CodeIgniter->handleRequest(null, Object(Config\Cache), false)
 9 SYSTEMPATH/Boot.php(325): CodeIgniter\CodeIgniter->run()
10 SYSTEMPATH/Boot.php(67): CodeIgniter\Boot::runCodeIgniter(Object(CodeIgniter\CodeIgniter))
11 FCPATH/index.php(56): CodeIgniter\Boot::bootWeb(Object(Config\Paths))
WARNING - 2024-09-21 06:00:45 --> [DEPRECATED] number_format(): Passing null to parameter #1 ($num) of type float is deprecated in APPPATH/Views/kd_project/dashboard_view.php on line 171.
 1 APPPATH/Views/kd_project/dashboard_view.php(171): number_format(null, 2)
 2 SYSTEMPATH/View/View.php(234): include('/home/u877349608/domains/muraridubey.com/public_html/codeigniter/app/Views/kd_project/dashboard_view.php')
 3 SYSTEMPATH/View/View.php(237): CodeIgniter\View\View->CodeIgniter\View\{closure}()
 4 SYSTEMPATH/Common.php(1171): CodeIgniter\View\View->render('kd_project/dashboard_view', [], true)
 5 APPPATH/Controllers/Dashboard_controller.php(31): view('kd_project/dashboard_view', [...])
 6 SYSTEMPATH/CodeIgniter.php(933): App\Controllers\Dashboard_controller->index()
 7 SYSTEMPATH/CodeIgniter.php(509): CodeIgniter\CodeIgniter->runController(Object(App\Controllers\Dashboard_controller))
 8 SYSTEMPATH/CodeIgniter.php(355): CodeIgniter\CodeIgniter->handleRequest(null, Object(Config\Cache), false)
 9 SYSTEMPATH/Boot.php(325): CodeIgniter\CodeIgniter->run()
10 SYSTEMPATH/Boot.php(67): CodeIgniter\Boot::runCodeIgniter(Object(CodeIgniter\CodeIgniter))
11 FCPATH/index.php(56): CodeIgniter\Boot::bootWeb(Object(Config\Paths))
WARNING - 2024-09-21 06:00:45 --> [DEPRECATED] number_format(): Passing null to parameter #1 ($num) of type float is deprecated in APPPATH/Views/kd_project/dashboard_view.php on line 178.
 1 APPPATH/Views/kd_project/dashboard_view.php(178): number_format(null, 2)
 2 SYSTEMPATH/View/View.php(234): include('/home/u877349608/domains/muraridubey.com/public_html/codeigniter/app/Views/kd_project/dashboard_view.php')
 3 SYSTEMPATH/View/View.php(237): CodeIgniter\View\View->CodeIgniter\View\{closure}()
 4 SYSTEMPATH/Common.php(1171): CodeIgniter\View\View->render('kd_project/dashboard_view', [], true)
 5 APPPATH/Controllers/Dashboard_controller.php(31): view('kd_project/dashboard_view', [...])
 6 SYSTEMPATH/CodeIgniter.php(933): App\Controllers\Dashboard_controller->index()
 7 SYSTEMPATH/CodeIgniter.php(509): CodeIgniter\CodeIgniter->runController(Object(App\Controllers\Dashboard_controller))
 8 SYSTEMPATH/CodeIgniter.php(355): CodeIgniter\CodeIgniter->handleRequest(null, Object(Config\Cache), false)
 9 SYSTEMPATH/Boot.php(325): CodeIgniter\CodeIgniter->run()
10 SYSTEMPATH/Boot.php(67): CodeIgniter\Boot::runCodeIgniter(Object(CodeIgniter\CodeIgniter))
11 FCPATH/index.php(56): CodeIgniter\Boot::bootWeb(Object(Config\Paths))
WARNING - 2024-09-21 06:00:45 --> [DEPRECATED] number_format(): Passing null to parameter #1 ($num) of type float is deprecated in APPPATH/Views/kd_project/dashboard_view.php on line 171.
 1 APPPATH/Views/kd_project/dashboard_view.php(171): number_format(null, 2)
 2 SYSTEMPATH/View/View.php(234): include('/home/u877349608/domains/muraridubey.com/public_html/codeigniter/app/Views/kd_project/dashboard_view.php')
 3 SYSTEMPATH/View/View.php(237): CodeIgniter\View\View->CodeIgniter\View\{closure}()
 4 SYSTEMPATH/Common.php(1171): CodeIgniter\View\View->render('kd_project/dashboard_view', [], true)
 5 APPPATH/Controllers/Dashboard_controller.php(31): view('kd_project/dashboard_view', [...])
 6 SYSTEMPATH/CodeIgniter.php(933): App\Controllers\Dashboard_controller->index()
 7 SYSTEMPATH/CodeIgniter.php(509): CodeIgniter\CodeIgniter->runController(Object(App\Controllers\Dashboard_controller))
 8 SYSTEMPATH/CodeIgniter.php(355): CodeIgniter\CodeIgniter->handleRequest(null, Object(Config\Cache), false)
 9 SYSTEMPATH/Boot.php(325): CodeIgniter\CodeIgniter->run()
10 SYSTEMPATH/Boot.php(67): CodeIgniter\Boot::runCodeIgniter(Object(CodeIgniter\CodeIgniter))
11 FCPATH/index.php(56): CodeIgniter\Boot::bootWeb(Object(Config\Paths))
WARNING - 2024-09-21 06:00:45 --> [DEPRECATED] number_format(): Passing null to parameter #1 ($num) of type float is deprecated in APPPATH/Views/kd_project/dashboard_view.php on line 178.
 1 APPPATH/Views/kd_project/dashboard_view.php(178): number_format(null, 2)
 2 SYSTEMPATH/View/View.php(234): include('/home/u877349608/domains/muraridubey.com/public_html/codeigniter/app/Views/kd_project/dashboard_view.php')
 3 SYSTEMPATH/View/View.php(237): CodeIgniter\View\View->CodeIgniter\View\{closure}()
 4 SYSTEMPATH/Common.php(1171): CodeIgniter\View\View->render('kd_project/dashboard_view', [], true)
 5 APPPATH/Controllers/Dashboard_controller.php(31): view('kd_project/dashboard_view', [...])
 6 SYSTEMPATH/CodeIgniter.php(933): App\Controllers\Dashboard_controller->index()
 7 SYSTEMPATH/CodeIgniter.php(509): CodeIgniter\CodeIgniter->runController(Object(App\Controllers\Dashboard_controller))
 8 SYSTEMPATH/CodeIgniter.php(355): CodeIgniter\CodeIgniter->handleRequest(null, Object(Config\Cache), false)
 9 SYSTEMPATH/Boot.php(325): CodeIgniter\CodeIgniter->run()
10 SYSTEMPATH/Boot.php(67): CodeIgniter\Boot::runCodeIgniter(Object(CodeIgniter\CodeIgniter))
11 FCPATH/index.php(56): CodeIgniter\Boot::bootWeb(Object(Config\Paths))
WARNING - 2024-09-21 06:30:07 --> [DEPRECATED] number_format(): Passing null to parameter #1 ($num) of type float is deprecated in APPPATH/Views/kd_project/dashboard_view.php on line 170.
 1 APPPATH/Views/kd_project/dashboard_view.php(170): number_format(null, 2)
 2 SYSTEMPATH/View/View.php(234): include('/home/u877349608/domains/muraridubey.com/public_html/codeigniter/app/Views/kd_project/dashboard_view.php')
 3 SYSTEMPATH/View/View.php(237): CodeIgniter\View\View->CodeIgniter\View\{closure}()
 4 SYSTEMPATH/Common.php(1171): CodeIgniter\View\View->render('kd_project/dashboard_view', [], true)
 5 APPPATH/Controllers/Dashboard_controller.php(31): view('kd_project/dashboard_view', [...])
 6 SYSTEMPATH/CodeIgniter.php(933): App\Controllers\Dashboard_controller->index()
 7 SYSTEMPATH/CodeIgniter.php(509): CodeIgniter\CodeIgniter->runController(Object(App\Controllers\Dashboard_controller))
 8 SYSTEMPATH/CodeIgniter.php(355): CodeIgniter\CodeIgniter->handleRequest(null, Object(Config\Cache), false)
 9 SYSTEMPATH/Boot.php(325): CodeIgniter\CodeIgniter->run()
10 SYSTEMPATH/Boot.php(67): CodeIgniter\Boot::runCodeIgniter(Object(CodeIgniter\CodeIgniter))
11 FCPATH/index.php(56): CodeIgniter\Boot::bootWeb(Object(Config\Paths))
WARNING - 2024-09-21 06:30:07 --> [DEPRECATED] number_format(): Passing null to parameter #1 ($num) of type float is deprecated in APPPATH/Views/kd_project/dashboard_view.php on line 178.
 1 APPPATH/Views/kd_project/dashboard_view.php(178): number_format(null, 2)
 2 SYSTEMPATH/View/View.php(234): include('/home/u877349608/domains/muraridubey.com/public_html/codeigniter/app/Views/kd_project/dashboard_view.php')
 3 SYSTEMPATH/View/View.php(237): CodeIgniter\View\View->CodeIgniter\View\{closure}()
 4 SYSTEMPATH/Common.php(1171): CodeIgniter\View\View->render('kd_project/dashboard_view', [], true)
 5 APPPATH/Controllers/Dashboard_controller.php(31): view('kd_project/dashboard_view', [...])
 6 SYSTEMPATH/CodeIgniter.php(933): App\Controllers\Dashboard_controller->index()
 7 SYSTEMPATH/CodeIgniter.php(509): CodeIgniter\CodeIgniter->runController(Object(App\Controllers\Dashboard_controller))
 8 SYSTEMPATH/CodeIgniter.php(355): CodeIgniter\CodeIgniter->handleRequest(null, Object(Config\Cache), false)
 9 SYSTEMPATH/Boot.php(325): CodeIgniter\CodeIgniter->run()
10 SYSTEMPATH/Boot.php(67): CodeIgniter\Boot::runCodeIgniter(Object(CodeIgniter\CodeIgniter))
11 FCPATH/index.php(56): CodeIgniter\Boot::bootWeb(Object(Config\Paths))
WARNING - 2024-09-21 06:30:07 --> [DEPRECATED] number_format(): Passing null to parameter #1 ($num) of type float is deprecated in APPPATH/Views/kd_project/dashboard_view.php on line 178.
 1 APPPATH/Views/kd_project/dashboard_view.php(178): number_format(null, 2)
 2 SYSTEMPATH/View/View.php(234): include('/home/u877349608/domains/muraridubey.com/public_html/codeigniter/app/Views/kd_project/dashboard_view.php')
 3 SYSTEMPATH/View/View.php(237): CodeIgniter\View\View->CodeIgniter\View\{closure}()
 4 SYSTEMPATH/Common.php(1171): CodeIgniter\View\View->render('kd_project/dashboard_view', [], true)
 5 APPPATH/Controllers/Dashboard_controller.php(31): view('kd_project/dashboard_view', [...])
 6 SYSTEMPATH/CodeIgniter.php(933): App\Controllers\Dashboard_controller->index()
 7 SYSTEMPATH/CodeIgniter.php(509): CodeIgniter\CodeIgniter->runController(Object(App\Controllers\Dashboard_controller))
 8 SYSTEMPATH/CodeIgniter.php(355): CodeIgniter\CodeIgniter->handleRequest(null, Object(Config\Cache), false)
 9 SYSTEMPATH/Boot.php(325): CodeIgniter\CodeIgniter->run()
10 SYSTEMPATH/Boot.php(67): CodeIgniter\Boot::runCodeIgniter(Object(CodeIgniter\CodeIgniter))
11 FCPATH/index.php(56): CodeIgniter\Boot::bootWeb(Object(Config\Paths))
WARNING - 2024-09-21 06:30:07 --> [DEPRECATED] number_format(): Passing null to parameter #1 ($num) of type float is deprecated in APPPATH/Views/kd_project/dashboard_view.php on line 174.
 1 APPPATH/Views/kd_project/dashboard_view.php(174): number_format(null, 2)
 2 SYSTEMPATH/View/View.php(234): include('/home/u877349608/domains/muraridubey.com/public_html/codeigniter/app/Views/kd_project/dashboard_view.php')
 3 SYSTEMPATH/View/View.php(237): CodeIgniter\View\View->CodeIgniter\View\{closure}()
 4 SYSTEMPATH/Common.php(1171): CodeIgniter\View\View->render('kd_project/dashboard_view', [], true)
 5 APPPATH/Controllers/Dashboard_controller.php(31): view('kd_project/dashboard_view', [...])
 6 SYSTEMPATH/CodeIgniter.php(933): App\Controllers\Dashboard_controller->index()
 7 SYSTEMPATH/CodeIgniter.php(509): CodeIgniter\CodeIgniter->runController(Object(App\Controllers\Dashboard_controller))
 8 SYSTEMPATH/CodeIgniter.php(355): CodeIgniter\CodeIgniter->handleRequest(null, Object(Config\Cache), false)
 9 SYSTEMPATH/Boot.php(325): CodeIgniter\CodeIgniter->run()
10 SYSTEMPATH/Boot.php(67): CodeIgniter\Boot::runCodeIgniter(Object(CodeIgniter\CodeIgniter))
11 FCPATH/index.php(56): CodeIgniter\Boot::bootWeb(Object(Config\Paths))
WARNING - 2024-09-21 06:30:07 --> [DEPRECATED] number_format(): Passing null to parameter #1 ($num) of type float is deprecated in APPPATH/Views/kd_project/dashboard_view.php on line 178.
 1 APPPATH/Views/kd_project/dashboard_view.php(178): number_format(null, 2)
 2 SYSTEMPATH/View/View.php(234): include('/home/u877349608/domains/muraridubey.com/public_html/codeigniter/app/Views/kd_project/dashboard_view.php')
 3 SYSTEMPATH/View/View.php(237): CodeIgniter\View\View->CodeIgniter\View\{closure}()
 4 SYSTEMPATH/Common.php(1171): CodeIgniter\View\View->render('kd_project/dashboard_view', [], true)
 5 APPPATH/Controllers/Dashboard_controller.php(31): view('kd_project/dashboard_view', [...])
 6 SYSTEMPATH/CodeIgniter.php(933): App\Controllers\Dashboard_controller->index()
 7 SYSTEMPATH/CodeIgniter.php(509): CodeIgniter\CodeIgniter->runController(Object(App\Controllers\Dashboard_controller))
 8 SYSTEMPATH/CodeIgniter.php(355): CodeIgniter\CodeIgniter->handleRequest(null, Object(Config\Cache), false)
 9 SYSTEMPATH/Boot.php(325): CodeIgniter\CodeIgniter->run()
10 SYSTEMPATH/Boot.php(67): CodeIgniter\Boot::runCodeIgniter(Object(CodeIgniter\CodeIgniter))
11 FCPATH/index.php(56): CodeIgniter\Boot::bootWeb(Object(Config\Paths))
WARNING - 2024-09-21 06:30:07 --> [DEPRECATED] number_format(): Passing null to parameter #1 ($num) of type float is deprecated in APPPATH/Views/kd_project/dashboard_view.php on line 171.
 1 APPPATH/Views/kd_project/dashboard_view.php(171): number_format(null, 2)
 2 SYSTEMPATH/View/View.php(234): include('/home/u877349608/domains/muraridubey.com/public_html/codeigniter/app/Views/kd_project/dashboard_view.php')
 3 SYSTEMPATH/View/View.php(237): CodeIgniter\View\View->CodeIgniter\View\{closure}()
 4 SYSTEMPATH/Common.php(1171): CodeIgniter\View\View->render('kd_project/dashboard_view', [], true)
 5 APPPATH/Controllers/Dashboard_controller.php(31): view('kd_project/dashboard_view', [...])
 6 SYSTEMPATH/CodeIgniter.php(933): App\Controllers\Dashboard_controller->index()
 7 SYSTEMPATH/CodeIgniter.php(509): CodeIgniter\CodeIgniter->runController(Object(App\Controllers\Dashboard_controller))
 8 SYSTEMPATH/CodeIgniter.php(355): CodeIgniter\CodeIgniter->handleRequest(null, Object(Config\Cache), false)
 9 SYSTEMPATH/Boot.php(325): CodeIgniter\CodeIgniter->run()
10 SYSTEMPATH/Boot.php(67): CodeIgniter\Boot::runCodeIgniter(Object(CodeIgniter\CodeIgniter))
11 FCPATH/index.php(56): CodeIgniter\Boot::bootWeb(Object(Config\Paths))
WARNING - 2024-09-21 06:30:07 --> [DEPRECATED] number_format(): Passing null to parameter #1 ($num) of type float is deprecated in APPPATH/Views/kd_project/dashboard_view.php on line 178.
 1 APPPATH/Views/kd_project/dashboard_view.php(178): number_format(null, 2)
 2 SYSTEMPATH/View/View.php(234): include('/home/u877349608/domains/muraridubey.com/public_html/codeigniter/app/Views/kd_project/dashboard_view.php')
 3 SYSTEMPATH/View/View.php(237): CodeIgniter\View\View->CodeIgniter\View\{closure}()
 4 SYSTEMPATH/Common.php(1171): CodeIgniter\View\View->render('kd_project/dashboard_view', [], true)
 5 APPPATH/Controllers/Dashboard_controller.php(31): view('kd_project/dashboard_view', [...])
 6 SYSTEMPATH/CodeIgniter.php(933): App\Controllers\Dashboard_controller->index()
 7 SYSTEMPATH/CodeIgniter.php(509): CodeIgniter\CodeIgniter->runController(Object(App\Controllers\Dashboard_controller))
 8 SYSTEMPATH/CodeIgniter.php(355): CodeIgniter\CodeIgniter->handleRequest(null, Object(Config\Cache), false)
 9 SYSTEMPATH/Boot.php(325): CodeIgniter\CodeIgniter->run()
10 SYSTEMPATH/Boot.php(67): CodeIgniter\Boot::runCodeIgniter(Object(CodeIgniter\CodeIgniter))
11 FCPATH/index.php(56): CodeIgniter\Boot::bootWeb(Object(Config\Paths))
WARNING - 2024-09-21 06:30:07 --> [DEPRECATED] number_format(): Passing null to parameter #1 ($num) of type float is deprecated in APPPATH/Views/kd_project/dashboard_view.php on line 171.
 1 APPPATH/Views/kd_project/dashboard_view.php(171): number_format(null, 2)
 2 SYSTEMPATH/View/View.php(234): include('/home/u877349608/domains/muraridubey.com/public_html/codeigniter/app/Views/kd_project/dashboard_view.php')
 3 SYSTEMPATH/View/View.php(237): CodeIgniter\View\View->CodeIgniter\View\{closure}()
 4 SYSTEMPATH/Common.php(1171): CodeIgniter\View\View->render('kd_project/dashboard_view', [], true)
 5 APPPATH/Controllers/Dashboard_controller.php(31): view('kd_project/dashboard_view', [...])
 6 SYSTEMPATH/CodeIgniter.php(933): App\Controllers\Dashboard_controller->index()
 7 SYSTEMPATH/CodeIgniter.php(509): CodeIgniter\CodeIgniter->runController(Object(App\Controllers\Dashboard_controller))
 8 SYSTEMPATH/CodeIgniter.php(355): CodeIgniter\CodeIgniter->handleRequest(null, Object(Config\Cache), false)
 9 SYSTEMPATH/Boot.php(325): CodeIgniter\CodeIgniter->run()
10 SYSTEMPATH/Boot.php(67): CodeIgniter\Boot::runCodeIgniter(Object(CodeIgniter\CodeIgniter))
11 FCPATH/index.php(56): CodeIgniter\Boot::bootWeb(Object(Config\Paths))
WARNING - 2024-09-21 06:30:07 --> [DEPRECATED] number_format(): Passing null to parameter #1 ($num) of type float is deprecated in APPPATH/Views/kd_project/dashboard_view.php on line 178.
 1 APPPATH/Views/kd_project/dashboard_view.php(178): number_format(null, 2)
 2 SYSTEMPATH/View/View.php(234): include('/home/u877349608/domains/muraridubey.com/public_html/codeigniter/app/Views/kd_project/dashboard_view.php')
 3 SYSTEMPATH/View/View.php(237): CodeIgniter\View\View->CodeIgniter\View\{closure}()
 4 SYSTEMPATH/Common.php(1171): CodeIgniter\View\View->render('kd_project/dashboard_view', [], true)
 5 APPPATH/Controllers/Dashboard_controller.php(31): view('kd_project/dashboard_view', [...])
 6 SYSTEMPATH/CodeIgniter.php(933): App\Controllers\Dashboard_controller->index()
 7 SYSTEMPATH/CodeIgniter.php(509): CodeIgniter\CodeIgniter->runController(Object(App\Controllers\Dashboard_controller))
 8 SYSTEMPATH/CodeIgniter.php(355): CodeIgniter\CodeIgniter->handleRequest(null, Object(Config\Cache), false)
 9 SYSTEMPATH/Boot.php(325): CodeIgniter\CodeIgniter->run()
10 SYSTEMPATH/Boot.php(67): CodeIgniter\Boot::runCodeIgniter(Object(CodeIgniter\CodeIgniter))
11 FCPATH/index.php(56): CodeIgniter\Boot::bootWeb(Object(Config\Paths))
WARNING - 2024-09-21 06:30:08 --> [DEPRECATED] number_format(): Passing null to parameter #1 ($num) of type float is deprecated in APPPATH/Views/kd_project/dashboard_view.php on line 170.
 1 APPPATH/Views/kd_project/dashboard_view.php(170): number_format(null, 2)
 2 SYSTEMPATH/View/View.php(234): include('/home/u877349608/domains/muraridubey.com/public_html/codeigniter/app/Views/kd_project/dashboard_view.php')
 3 SYSTEMPATH/View/View.php(237): CodeIgniter\View\View->CodeIgniter\View\{closure}()
 4 SYSTEMPATH/Common.php(1171): CodeIgniter\View\View->render('kd_project/dashboard_view', [], true)
 5 APPPATH/Controllers/Dashboard_controller.php(31): view('kd_project/dashboard_view', [...])
 6 SYSTEMPATH/CodeIgniter.php(933): App\Controllers\Dashboard_controller->index()
 7 SYSTEMPATH/CodeIgniter.php(509): CodeIgniter\CodeIgniter->runController(Object(App\Controllers\Dashboard_controller))
 8 SYSTEMPATH/CodeIgniter.php(355): CodeIgniter\CodeIgniter->handleRequest(null, Object(Config\Cache), false)
 9 SYSTEMPATH/Boot.php(325): CodeIgniter\CodeIgniter->run()
10 SYSTEMPATH/Boot.php(67): CodeIgniter\Boot::runCodeIgniter(Object(CodeIgniter\CodeIgniter))
11 FCPATH/index.php(56): CodeIgniter\Boot::bootWeb(Object(Config\Paths))
WARNING - 2024-09-21 06:30:08 --> [DEPRECATED] number_format(): Passing null to parameter #1 ($num) of type float is deprecated in APPPATH/Views/kd_project/dashboard_view.php on line 178.
 1 APPPATH/Views/kd_project/dashboard_view.php(178): number_format(null, 2)
 2 SYSTEMPATH/View/View.php(234): include('/home/u877349608/domains/muraridubey.com/public_html/codeigniter/app/Views/kd_project/dashboard_view.php')
 3 SYSTEMPATH/View/View.php(237): CodeIgniter\View\View->CodeIgniter\View\{closure}()
 4 SYSTEMPATH/Common.php(1171): CodeIgniter\View\View->render('kd_project/dashboard_view', [], true)
 5 APPPATH/Controllers/Dashboard_controller.php(31): view('kd_project/dashboard_view', [...])
 6 SYSTEMPATH/CodeIgniter.php(933): App\Controllers\Dashboard_controller->index()
 7 SYSTEMPATH/CodeIgniter.php(509): CodeIgniter\CodeIgniter->runController(Object(App\Controllers\Dashboard_controller))
 8 SYSTEMPATH/CodeIgniter.php(355): CodeIgniter\CodeIgniter->handleRequest(null, Object(Config\Cache), false)
 9 SYSTEMPATH/Boot.php(325): CodeIgniter\CodeIgniter->run()
10 SYSTEMPATH/Boot.php(67): CodeIgniter\Boot::runCodeIgniter(Object(CodeIgniter\CodeIgniter))
11 FCPATH/index.php(56): CodeIgniter\Boot::bootWeb(Object(Config\Paths))
WARNING - 2024-09-21 06:30:08 --> [DEPRECATED] number_format(): Passing null to parameter #1 ($num) of type float is deprecated in APPPATH/Views/kd_project/dashboard_view.php on line 178.
 1 APPPATH/Views/kd_project/dashboard_view.php(178): number_format(null, 2)
 2 SYSTEMPATH/View/View.php(234): include('/home/u877349608/domains/muraridubey.com/public_html/codeigniter/app/Views/kd_project/dashboard_view.php')
 3 SYSTEMPATH/View/View.php(237): CodeIgniter\View\View->CodeIgniter\View\{closure}()
 4 SYSTEMPATH/Common.php(1171): CodeIgniter\View\View->render('kd_project/dashboard_view', [], true)
 5 APPPATH/Controllers/Dashboard_controller.php(31): view('kd_project/dashboard_view', [...])
 6 SYSTEMPATH/CodeIgniter.php(933): App\Controllers\Dashboard_controller->index()
 7 SYSTEMPATH/CodeIgniter.php(509): CodeIgniter\CodeIgniter->runController(Object(App\Controllers\Dashboard_controller))
 8 SYSTEMPATH/CodeIgniter.php(355): CodeIgniter\CodeIgniter->handleRequest(null, Object(Config\Cache), false)
 9 SYSTEMPATH/Boot.php(325): CodeIgniter\CodeIgniter->run()
10 SYSTEMPATH/Boot.php(67): CodeIgniter\Boot::runCodeIgniter(Object(CodeIgniter\CodeIgniter))
11 FCPATH/index.php(56): CodeIgniter\Boot::bootWeb(Object(Config\Paths))
WARNING - 2024-09-21 06:30:08 --> [DEPRECATED] number_format(): Passing null to parameter #1 ($num) of type float is deprecated in APPPATH/Views/kd_project/dashboard_view.php on line 174.
 1 APPPATH/Views/kd_project/dashboard_view.php(174): number_format(null, 2)
 2 SYSTEMPATH/View/View.php(234): include('/home/u877349608/domains/muraridubey.com/public_html/codeigniter/app/Views/kd_project/dashboard_view.php')
 3 SYSTEMPATH/View/View.php(237): CodeIgniter\View\View->CodeIgniter\View\{closure}()
 4 SYSTEMPATH/Common.php(1171): CodeIgniter\View\View->render('kd_project/dashboard_view', [], true)
 5 APPPATH/Controllers/Dashboard_controller.php(31): view('kd_project/dashboard_view', [...])
 6 SYSTEMPATH/CodeIgniter.php(933): App\Controllers\Dashboard_controller->index()
 7 SYSTEMPATH/CodeIgniter.php(509): CodeIgniter\CodeIgniter->runController(Object(App\Controllers\Dashboard_controller))
 8 SYSTEMPATH/CodeIgniter.php(355): CodeIgniter\CodeIgniter->handleRequest(null, Object(Config\Cache), false)
 9 SYSTEMPATH/Boot.php(325): CodeIgniter\CodeIgniter->run()
10 SYSTEMPATH/Boot.php(67): CodeIgniter\Boot::runCodeIgniter(Object(CodeIgniter\CodeIgniter))
11 FCPATH/index.php(56): CodeIgniter\Boot::bootWeb(Object(Config\Paths))
WARNING - 2024-09-21 06:30:08 --> [DEPRECATED] number_format(): Passing null to parameter #1 ($num) of type float is deprecated in APPPATH/Views/kd_project/dashboard_view.php on line 178.
 1 APPPATH/Views/kd_project/dashboard_view.php(178): number_format(null, 2)
 2 SYSTEMPATH/View/View.php(234): include('/home/u877349608/domains/muraridubey.com/public_html/codeigniter/app/Views/kd_project/dashboard_view.php')
 3 SYSTEMPATH/View/View.php(237): CodeIgniter\View\View->CodeIgniter\View\{closure}()
 4 SYSTEMPATH/Common.php(1171): CodeIgniter\View\View->render('kd_project/dashboard_view', [], true)
 5 APPPATH/Controllers/Dashboard_controller.php(31): view('kd_project/dashboard_view', [...])
 6 SYSTEMPATH/CodeIgniter.php(933): App\Controllers\Dashboard_controller->index()
 7 SYSTEMPATH/CodeIgniter.php(509): CodeIgniter\CodeIgniter->runController(Object(App\Controllers\Dashboard_controller))
 8 SYSTEMPATH/CodeIgniter.php(355): CodeIgniter\CodeIgniter->handleRequest(null, Object(Config\Cache), false)
 9 SYSTEMPATH/Boot.php(325): CodeIgniter\CodeIgniter->run()
10 SYSTEMPATH/Boot.php(67): CodeIgniter\Boot::runCodeIgniter(Object(CodeIgniter\CodeIgniter))
11 FCPATH/index.php(56): CodeIgniter\Boot::bootWeb(Object(Config\Paths))
WARNING - 2024-09-21 06:30:08 --> [DEPRECATED] number_format(): Passing null to parameter #1 ($num) of type float is deprecated in APPPATH/Views/kd_project/dashboard_view.php on line 171.
 1 APPPATH/Views/kd_project/dashboard_view.php(171): number_format(null, 2)
 2 SYSTEMPATH/View/View.php(234): include('/home/u877349608/domains/muraridubey.com/public_html/codeigniter/app/Views/kd_project/dashboard_view.php')
 3 SYSTEMPATH/View/View.php(237): CodeIgniter\View\View->CodeIgniter\View\{closure}()
 4 SYSTEMPATH/Common.php(1171): CodeIgniter\View\View->render('kd_project/dashboard_view', [], true)
 5 APPPATH/Controllers/Dashboard_controller.php(31): view('kd_project/dashboard_view', [...])
 6 SYSTEMPATH/CodeIgniter.php(933): App\Controllers\Dashboard_controller->index()
 7 SYSTEMPATH/CodeIgniter.php(509): CodeIgniter\CodeIgniter->runController(Object(App\Controllers\Dashboard_controller))
 8 SYSTEMPATH/CodeIgniter.php(355): CodeIgniter\CodeIgniter->handleRequest(null, Object(Config\Cache), false)
 9 SYSTEMPATH/Boot.php(325): CodeIgniter\CodeIgniter->run()
10 SYSTEMPATH/Boot.php(67): CodeIgniter\Boot::runCodeIgniter(Object(CodeIgniter\CodeIgniter))
11 FCPATH/index.php(56): CodeIgniter\Boot::bootWeb(Object(Config\Paths))
WARNING - 2024-09-21 06:30:08 --> [DEPRECATED] number_format(): Passing null to parameter #1 ($num) of type float is deprecated in APPPATH/Views/kd_project/dashboard_view.php on line 178.
 1 APPPATH/Views/kd_project/dashboard_view.php(178): number_format(null, 2)
 2 SYSTEMPATH/View/View.php(234): include('/home/u877349608/domains/muraridubey.com/public_html/codeigniter/app/Views/kd_project/dashboard_view.php')
 3 SYSTEMPATH/View/View.php(237): CodeIgniter\View\View->CodeIgniter\View\{closure}()
 4 SYSTEMPATH/Common.php(1171): CodeIgniter\View\View->render('kd_project/dashboard_view', [], true)
 5 APPPATH/Controllers/Dashboard_controller.php(31): view('kd_project/dashboard_view', [...])
 6 SYSTEMPATH/CodeIgniter.php(933): App\Controllers\Dashboard_controller->index()
 7 SYSTEMPATH/CodeIgniter.php(509): CodeIgniter\CodeIgniter->runController(Object(App\Controllers\Dashboard_controller))
 8 SYSTEMPATH/CodeIgniter.php(355): CodeIgniter\CodeIgniter->handleRequest(null, Object(Config\Cache), false)
 9 SYSTEMPATH/Boot.php(325): CodeIgniter\CodeIgniter->run()
10 SYSTEMPATH/Boot.php(67): CodeIgniter\Boot::runCodeIgniter(Object(CodeIgniter\CodeIgniter))
11 FCPATH/index.php(56): CodeIgniter\Boot::bootWeb(Object(Config\Paths))
WARNING - 2024-09-21 06:30:08 --> [DEPRECATED] number_format(): Passing null to parameter #1 ($num) of type float is deprecated in APPPATH/Views/kd_project/dashboard_view.php on line 171.
 1 APPPATH/Views/kd_project/dashboard_view.php(171): number_format(null, 2)
 2 SYSTEMPATH/View/View.php(234): include('/home/u877349608/domains/muraridubey.com/public_html/codeigniter/app/Views/kd_project/dashboard_view.php')
 3 SYSTEMPATH/View/View.php(237): CodeIgniter\View\View->CodeIgniter\View\{closure}()
 4 SYSTEMPATH/Common.php(1171): CodeIgniter\View\View->render('kd_project/dashboard_view', [], true)
 5 APPPATH/Controllers/Dashboard_controller.php(31): view('kd_project/dashboard_view', [...])
 6 SYSTEMPATH/CodeIgniter.php(933): App\Controllers\Dashboard_controller->index()
 7 SYSTEMPATH/CodeIgniter.php(509): CodeIgniter\CodeIgniter->runController(Object(App\Controllers\Dashboard_controller))
 8 SYSTEMPATH/CodeIgniter.php(355): CodeIgniter\CodeIgniter->handleRequest(null, Object(Config\Cache), false)
 9 SYSTEMPATH/Boot.php(325): CodeIgniter\CodeIgniter->run()
10 SYSTEMPATH/Boot.php(67): CodeIgniter\Boot::runCodeIgniter(Object(CodeIgniter\CodeIgniter))
11 FCPATH/index.php(56): CodeIgniter\Boot::bootWeb(Object(Config\Paths))
WARNING - 2024-09-21 06:30:08 --> [DEPRECATED] number_format(): Passing null to parameter #1 ($num) of type float is deprecated in APPPATH/Views/kd_project/dashboard_view.php on line 178.
 1 APPPATH/Views/kd_project/dashboard_view.php(178): number_format(null, 2)
 2 SYSTEMPATH/View/View.php(234): include('/home/u877349608/domains/muraridubey.com/public_html/codeigniter/app/Views/kd_project/dashboard_view.php')
 3 SYSTEMPATH/View/View.php(237): CodeIgniter\View\View->CodeIgniter\View\{closure}()
 4 SYSTEMPATH/Common.php(1171): CodeIgniter\View\View->render('kd_project/dashboard_view', [], true)
 5 APPPATH/Controllers/Dashboard_controller.php(31): view('kd_project/dashboard_view', [...])
 6 SYSTEMPATH/CodeIgniter.php(933): App\Controllers\Dashboard_controller->index()
 7 SYSTEMPATH/CodeIgniter.php(509): CodeIgniter\CodeIgniter->runController(Object(App\Controllers\Dashboard_controller))
 8 SYSTEMPATH/CodeIgniter.php(355): CodeIgniter\CodeIgniter->handleRequest(null, Object(Config\Cache), false)
 9 SYSTEMPATH/Boot.php(325): CodeIgniter\CodeIgniter->run()
10 SYSTEMPATH/Boot.php(67): CodeIgniter\Boot::runCodeIgniter(Object(CodeIgniter\CodeIgniter))
11 FCPATH/index.php(56): CodeIgniter\Boot::bootWeb(Object(Config\Paths))
WARNING - 2024-09-21 07:41:06 --> [DEPRECATED] number_format(): Passing null to parameter #1 ($num) of type float is deprecated in APPPATH/Views/kd_project/dashboard_view.php on line 170.
 1 APPPATH/Views/kd_project/dashboard_view.php(170): number_format(null, 2)
 2 SYSTEMPATH/View/View.php(234): include('/home/u877349608/domains/muraridubey.com/public_html/codeigniter/app/Views/kd_project/dashboard_view.php')
 3 SYSTEMPATH/View/View.php(237): CodeIgniter\View\View->CodeIgniter\View\{closure}()
 4 SYSTEMPATH/Common.php(1171): CodeIgniter\View\View->render('kd_project/dashboard_view', [], true)
 5 APPPATH/Controllers/Dashboard_controller.php(31): view('kd_project/dashboard_view', [...])
 6 SYSTEMPATH/CodeIgniter.php(933): App\Controllers\Dashboard_controller->index()
 7 SYSTEMPATH/CodeIgniter.php(509): CodeIgniter\CodeIgniter->runController(Object(App\Controllers\Dashboard_controller))
 8 SYSTEMPATH/CodeIgniter.php(355): CodeIgniter\CodeIgniter->handleRequest(null, Object(Config\Cache), false)
 9 SYSTEMPATH/Boot.php(325): CodeIgniter\CodeIgniter->run()
10 SYSTEMPATH/Boot.php(67): CodeIgniter\Boot::runCodeIgniter(Object(CodeIgniter\CodeIgniter))
11 FCPATH/index.php(56): CodeIgniter\Boot::bootWeb(Object(Config\Paths))
WARNING - 2024-09-21 07:41:06 --> [DEPRECATED] number_format(): Passing null to parameter #1 ($num) of type float is deprecated in APPPATH/Views/kd_project/dashboard_view.php on line 178.
 1 APPPATH/Views/kd_project/dashboard_view.php(178): number_format(null, 2)
 2 SYSTEMPATH/View/View.php(234): include('/home/u877349608/domains/muraridubey.com/public_html/codeigniter/app/Views/kd_project/dashboard_view.php')
 3 SYSTEMPATH/View/View.php(237): CodeIgniter\View\View->CodeIgniter\View\{closure}()
 4 SYSTEMPATH/Common.php(1171): CodeIgniter\View\View->render('kd_project/dashboard_view', [], true)
 5 APPPATH/Controllers/Dashboard_controller.php(31): view('kd_project/dashboard_view', [...])
 6 SYSTEMPATH/CodeIgniter.php(933): App\Controllers\Dashboard_controller->index()
 7 SYSTEMPATH/CodeIgniter.php(509): CodeIgniter\CodeIgniter->runController(Object(App\Controllers\Dashboard_controller))
 8 SYSTEMPATH/CodeIgniter.php(355): CodeIgniter\CodeIgniter->handleRequest(null, Object(Config\Cache), false)
 9 SYSTEMPATH/Boot.php(325): CodeIgniter\CodeIgniter->run()
10 SYSTEMPATH/Boot.php(67): CodeIgniter\Boot::runCodeIgniter(Object(CodeIgniter\CodeIgniter))
11 FCPATH/index.php(56): CodeIgniter\Boot::bootWeb(Object(Config\Paths))
WARNING - 2024-09-21 07:41:06 --> [DEPRECATED] number_format(): Passing null to parameter #1 ($num) of type float is deprecated in APPPATH/Views/kd_project/dashboard_view.php on line 178.
 1 APPPATH/Views/kd_project/dashboard_view.php(178): number_format(null, 2)
 2 SYSTEMPATH/View/View.php(234): include('/home/u877349608/domains/muraridubey.com/public_html/codeigniter/app/Views/kd_project/dashboard_view.php')
 3 SYSTEMPATH/View/View.php(237): CodeIgniter\View\View->CodeIgniter\View\{closure}()
 4 SYSTEMPATH/Common.php(1171): CodeIgniter\View\View->render('kd_project/dashboard_view', [], true)
 5 APPPATH/Controllers/Dashboard_controller.php(31): view('kd_project/dashboard_view', [...])
 6 SYSTEMPATH/CodeIgniter.php(933): App\Controllers\Dashboard_controller->index()
 7 SYSTEMPATH/CodeIgniter.php(509): CodeIgniter\CodeIgniter->runController(Object(App\Controllers\Dashboard_controller))
 8 SYSTEMPATH/CodeIgniter.php(355): CodeIgniter\CodeIgniter->handleRequest(null, Object(Config\Cache), false)
 9 SYSTEMPATH/Boot.php(325): CodeIgniter\CodeIgniter->run()
10 SYSTEMPATH/Boot.php(67): CodeIgniter\Boot::runCodeIgniter(Object(CodeIgniter\CodeIgniter))
11 FCPATH/index.php(56): CodeIgniter\Boot::bootWeb(Object(Config\Paths))
WARNING - 2024-09-21 07:41:06 --> [DEPRECATED] number_format(): Passing null to parameter #1 ($num) of type float is deprecated in APPPATH/Views/kd_project/dashboard_view.php on line 174.
 1 APPPATH/Views/kd_project/dashboard_view.php(174): number_format(null, 2)
 2 SYSTEMPATH/View/View.php(234): include('/home/u877349608/domains/muraridubey.com/public_html/codeigniter/app/Views/kd_project/dashboard_view.php')
 3 SYSTEMPATH/View/View.php(237): CodeIgniter\View\View->CodeIgniter\View\{closure}()
 4 SYSTEMPATH/Common.php(1171): CodeIgniter\View\View->render('kd_project/dashboard_view', [], true)
 5 APPPATH/Controllers/Dashboard_controller.php(31): view('kd_project/dashboard_view', [...])
 6 SYSTEMPATH/CodeIgniter.php(933): App\Controllers\Dashboard_controller->index()
 7 SYSTEMPATH/CodeIgniter.php(509): CodeIgniter\CodeIgniter->runController(Object(App\Controllers\Dashboard_controller))
 8 SYSTEMPATH/CodeIgniter.php(355): CodeIgniter\CodeIgniter->handleRequest(null, Object(Config\Cache), false)
 9 SYSTEMPATH/Boot.php(325): CodeIgniter\CodeIgniter->run()
10 SYSTEMPATH/Boot.php(67): CodeIgniter\Boot::runCodeIgniter(Object(CodeIgniter\CodeIgniter))
11 FCPATH/index.php(56): CodeIgniter\Boot::bootWeb(Object(Config\Paths))
WARNING - 2024-09-21 07:41:06 --> [DEPRECATED] number_format(): Passing null to parameter #1 ($num) of type float is deprecated in APPPATH/Views/kd_project/dashboard_view.php on line 178.
 1 APPPATH/Views/kd_project/dashboard_view.php(178): number_format(null, 2)
 2 SYSTEMPATH/View/View.php(234): include('/home/u877349608/domains/muraridubey.com/public_html/codeigniter/app/Views/kd_project/dashboard_view.php')
 3 SYSTEMPATH/View/View.php(237): CodeIgniter\View\View->CodeIgniter\View\{closure}()
 4 SYSTEMPATH/Common.php(1171): CodeIgniter\View\View->render('kd_project/dashboard_view', [], true)
 5 APPPATH/Controllers/Dashboard_controller.php(31): view('kd_project/dashboard_view', [...])
 6 SYSTEMPATH/CodeIgniter.php(933): App\Controllers\Dashboard_controller->index()
 7 SYSTEMPATH/CodeIgniter.php(509): CodeIgniter\CodeIgniter->runController(Object(App\Controllers\Dashboard_controller))
 8 SYSTEMPATH/CodeIgniter.php(355): CodeIgniter\CodeIgniter->handleRequest(null, Object(Config\Cache), false)
 9 SYSTEMPATH/Boot.php(325): CodeIgniter\CodeIgniter->run()
10 SYSTEMPATH/Boot.php(67): CodeIgniter\Boot::runCodeIgniter(Object(CodeIgniter\CodeIgniter))
11 FCPATH/index.php(56): CodeIgniter\Boot::bootWeb(Object(Config\Paths))
WARNING - 2024-09-21 07:41:06 --> [DEPRECATED] number_format(): Passing null to parameter #1 ($num) of type float is deprecated in APPPATH/Views/kd_project/dashboard_view.php on line 171.
 1 APPPATH/Views/kd_project/dashboard_view.php(171): number_format(null, 2)
 2 SYSTEMPATH/View/View.php(234): include('/home/u877349608/domains/muraridubey.com/public_html/codeigniter/app/Views/kd_project/dashboard_view.php')
 3 SYSTEMPATH/View/View.php(237): CodeIgniter\View\View->CodeIgniter\View\{closure}()
 4 SYSTEMPATH/Common.php(1171): CodeIgniter\View\View->render('kd_project/dashboard_view', [], true)
 5 APPPATH/Controllers/Dashboard_controller.php(31): view('kd_project/dashboard_view', [...])
 6 SYSTEMPATH/CodeIgniter.php(933): App\Controllers\Dashboard_controller->index()
 7 SYSTEMPATH/CodeIgniter.php(509): CodeIgniter\CodeIgniter->runController(Object(App\Controllers\Dashboard_controller))
 8 SYSTEMPATH/CodeIgniter.php(355): CodeIgniter\CodeIgniter->handleRequest(null, Object(Config\Cache), false)
 9 SYSTEMPATH/Boot.php(325): CodeIgniter\CodeIgniter->run()
10 SYSTEMPATH/Boot.php(67): CodeIgniter\Boot::runCodeIgniter(Object(CodeIgniter\CodeIgniter))
11 FCPATH/index.php(56): CodeIgniter\Boot::bootWeb(Object(Config\Paths))
WARNING - 2024-09-21 07:41:06 --> [DEPRECATED] number_format(): Passing null to parameter #1 ($num) of type float is deprecated in APPPATH/Views/kd_project/dashboard_view.php on line 178.
 1 APPPATH/Views/kd_project/dashboard_view.php(178): number_format(null, 2)
 2 SYSTEMPATH/View/View.php(234): include('/home/u877349608/domains/muraridubey.com/public_html/codeigniter/app/Views/kd_project/dashboard_view.php')
 3 SYSTEMPATH/View/View.php(237): CodeIgniter\View\View->CodeIgniter\View\{closure}()
 4 SYSTEMPATH/Common.php(1171): CodeIgniter\View\View->render('kd_project/dashboard_view', [], true)
 5 APPPATH/Controllers/Dashboard_controller.php(31): view('kd_project/dashboard_view', [...])
 6 SYSTEMPATH/CodeIgniter.php(933): App\Controllers\Dashboard_controller->index()
 7 SYSTEMPATH/CodeIgniter.php(509): CodeIgniter\CodeIgniter->runController(Object(App\Controllers\Dashboard_controller))
 8 SYSTEMPATH/CodeIgniter.php(355): CodeIgniter\CodeIgniter->handleRequest(null, Object(Config\Cache), false)
 9 SYSTEMPATH/Boot.php(325): CodeIgniter\CodeIgniter->run()
10 SYSTEMPATH/Boot.php(67): CodeIgniter\Boot::runCodeIgniter(Object(CodeIgniter\CodeIgniter))
11 FCPATH/index.php(56): CodeIgniter\Boot::bootWeb(Object(Config\Paths))
WARNING - 2024-09-21 07:41:06 --> [DEPRECATED] number_format(): Passing null to parameter #1 ($num) of type float is deprecated in APPPATH/Views/kd_project/dashboard_view.php on line 171.
 1 APPPATH/Views/kd_project/dashboard_view.php(171): number_format(null, 2)
 2 SYSTEMPATH/View/View.php(234): include('/home/u877349608/domains/muraridubey.com/public_html/codeigniter/app/Views/kd_project/dashboard_view.php')
 3 SYSTEMPATH/View/View.php(237): CodeIgniter\View\View->CodeIgniter\View\{closure}()
 4 SYSTEMPATH/Common.php(1171): CodeIgniter\View\View->render('kd_project/dashboard_view', [], true)
 5 APPPATH/Controllers/Dashboard_controller.php(31): view('kd_project/dashboard_view', [...])
 6 SYSTEMPATH/CodeIgniter.php(933): App\Controllers\Dashboard_controller->index()
 7 SYSTEMPATH/CodeIgniter.php(509): CodeIgniter\CodeIgniter->runController(Object(App\Controllers\Dashboard_controller))
 8 SYSTEMPATH/CodeIgniter.php(355): CodeIgniter\CodeIgniter->handleRequest(null, Object(Config\Cache), false)
 9 SYSTEMPATH/Boot.php(325): CodeIgniter\CodeIgniter->run()
10 SYSTEMPATH/Boot.php(67): CodeIgniter\Boot::runCodeIgniter(Object(CodeIgniter\CodeIgniter))
11 FCPATH/index.php(56): CodeIgniter\Boot::bootWeb(Object(Config\Paths))
WARNING - 2024-09-21 07:41:06 --> [DEPRECATED] number_format(): Passing null to parameter #1 ($num) of type float is deprecated in APPPATH/Views/kd_project/dashboard_view.php on line 178.
 1 APPPATH/Views/kd_project/dashboard_view.php(178): number_format(null, 2)
 2 SYSTEMPATH/View/View.php(234): include('/home/u877349608/domains/muraridubey.com/public_html/codeigniter/app/Views/kd_project/dashboard_view.php')
 3 SYSTEMPATH/View/View.php(237): CodeIgniter\View\View->CodeIgniter\View\{closure}()
 4 SYSTEMPATH/Common.php(1171): CodeIgniter\View\View->render('kd_project/dashboard_view', [], true)
 5 APPPATH/Controllers/Dashboard_controller.php(31): view('kd_project/dashboard_view', [...])
 6 SYSTEMPATH/CodeIgniter.php(933): App\Controllers\Dashboard_controller->index()
 7 SYSTEMPATH/CodeIgniter.php(509): CodeIgniter\CodeIgniter->runController(Object(App\Controllers\Dashboard_controller))
 8 SYSTEMPATH/CodeIgniter.php(355): CodeIgniter\CodeIgniter->handleRequest(null, Object(Config\Cache), false)
 9 SYSTEMPATH/Boot.php(325): CodeIgniter\CodeIgniter->run()
10 SYSTEMPATH/Boot.php(67): CodeIgniter\Boot::runCodeIgniter(Object(CodeIgniter\CodeIgniter))
11 FCPATH/index.php(56): CodeIgniter\Boot::bootWeb(Object(Config\Paths))
WARNING - 2024-09-21 08:34:38 --> [DEPRECATED] number_format(): Passing null to parameter #1 ($num) of type float is deprecated in APPPATH/Views/kd_project/dashboard_view.php on line 170.
 1 APPPATH/Views/kd_project/dashboard_view.php(170): number_format(null, 2)
 2 SYSTEMPATH/View/View.php(234): include('/home/u877349608/domains/muraridubey.com/public_html/codeigniter/app/Views/kd_project/dashboard_view.php')
 3 SYSTEMPATH/View/View.php(237): CodeIgniter\View\View->CodeIgniter\View\{closure}()
 4 SYSTEMPATH/Common.php(1171): CodeIgniter\View\View->render('kd_project/dashboard_view', [], true)
 5 APPPATH/Controllers/Dashboard_controller.php(31): view('kd_project/dashboard_view', [...])
 6 SYSTEMPATH/CodeIgniter.php(933): App\Controllers\Dashboard_controller->index()
 7 SYSTEMPATH/CodeIgniter.php(509): CodeIgniter\CodeIgniter->runController(Object(App\Controllers\Dashboard_controller))
 8 SYSTEMPATH/CodeIgniter.php(355): CodeIgniter\CodeIgniter->handleRequest(null, Object(Config\Cache), false)
 9 SYSTEMPATH/Boot.php(325): CodeIgniter\CodeIgniter->run()
10 SYSTEMPATH/Boot.php(67): CodeIgniter\Boot::runCodeIgniter(Object(CodeIgniter\CodeIgniter))
11 FCPATH/index.php(56): CodeIgniter\Boot::bootWeb(Object(Config\Paths))
WARNING - 2024-09-21 08:34:38 --> [DEPRECATED] number_format(): Passing null to parameter #1 ($num) of type float is deprecated in APPPATH/Views/kd_project/dashboard_view.php on line 178.
 1 APPPATH/Views/kd_project/dashboard_view.php(178): number_format(null, 2)
 2 SYSTEMPATH/View/View.php(234): include('/home/u877349608/domains/muraridubey.com/public_html/codeigniter/app/Views/kd_project/dashboard_view.php')
 3 SYSTEMPATH/View/View.php(237): CodeIgniter\View\View->CodeIgniter\View\{closure}()
 4 SYSTEMPATH/Common.php(1171): CodeIgniter\View\View->render('kd_project/dashboard_view', [], true)
 5 APPPATH/Controllers/Dashboard_controller.php(31): view('kd_project/dashboard_view', [...])
 6 SYSTEMPATH/CodeIgniter.php(933): App\Controllers\Dashboard_controller->index()
 7 SYSTEMPATH/CodeIgniter.php(509): CodeIgniter\CodeIgniter->runController(Object(App\Controllers\Dashboard_controller))
 8 SYSTEMPATH/CodeIgniter.php(355): CodeIgniter\CodeIgniter->handleRequest(null, Object(Config\Cache), false)
 9 SYSTEMPATH/Boot.php(325): CodeIgniter\CodeIgniter->run()
10 SYSTEMPATH/Boot.php(67): CodeIgniter\Boot::runCodeIgniter(Object(CodeIgniter\CodeIgniter))
11 FCPATH/index.php(56): CodeIgniter\Boot::bootWeb(Object(Config\Paths))
WARNING - 2024-09-21 08:34:38 --> [DEPRECATED] number_format(): Passing null to parameter #1 ($num) of type float is deprecated in APPPATH/Views/kd_project/dashboard_view.php on line 178.
 1 APPPATH/Views/kd_project/dashboard_view.php(178): number_format(null, 2)
 2 SYSTEMPATH/View/View.php(234): include('/home/u877349608/domains/muraridubey.com/public_html/codeigniter/app/Views/kd_project/dashboard_view.php')
 3 SYSTEMPATH/View/View.php(237): CodeIgniter\View\View->CodeIgniter\View\{closure}()
 4 SYSTEMPATH/Common.php(1171): CodeIgniter\View\View->render('kd_project/dashboard_view', [], true)
 5 APPPATH/Controllers/Dashboard_controller.php(31): view('kd_project/dashboard_view', [...])
 6 SYSTEMPATH/CodeIgniter.php(933): App\Controllers\Dashboard_controller->index()
 7 SYSTEMPATH/CodeIgniter.php(509): CodeIgniter\CodeIgniter->runController(Object(App\Controllers\Dashboard_controller))
 8 SYSTEMPATH/CodeIgniter.php(355): CodeIgniter\CodeIgniter->handleRequest(null, Object(Config\Cache), false)
 9 SYSTEMPATH/Boot.php(325): CodeIgniter\CodeIgniter->run()
10 SYSTEMPATH/Boot.php(67): CodeIgniter\Boot::runCodeIgniter(Object(CodeIgniter\CodeIgniter))
11 FCPATH/index.php(56): CodeIgniter\Boot::bootWeb(Object(Config\Paths))
WARNING - 2024-09-21 08:34:38 --> [DEPRECATED] number_format(): Passing null to parameter #1 ($num) of type float is deprecated in APPPATH/Views/kd_project/dashboard_view.php on line 174.
 1 APPPATH/Views/kd_project/dashboard_view.php(174): number_format(null, 2)
 2 SYSTEMPATH/View/View.php(234): include('/home/u877349608/domains/muraridubey.com/public_html/codeigniter/app/Views/kd_project/dashboard_view.php')
 3 SYSTEMPATH/View/View.php(237): CodeIgniter\View\View->CodeIgniter\View\{closure}()
 4 SYSTEMPATH/Common.php(1171): CodeIgniter\View\View->render('kd_project/dashboard_view', [], true)
 5 APPPATH/Controllers/Dashboard_controller.php(31): view('kd_project/dashboard_view', [...])
 6 SYSTEMPATH/CodeIgniter.php(933): App\Controllers\Dashboard_controller->index()
 7 SYSTEMPATH/CodeIgniter.php(509): CodeIgniter\CodeIgniter->runController(Object(App\Controllers\Dashboard_controller))
 8 SYSTEMPATH/CodeIgniter.php(355): CodeIgniter\CodeIgniter->handleRequest(null, Object(Config\Cache), false)
 9 SYSTEMPATH/Boot.php(325): CodeIgniter\CodeIgniter->run()
10 SYSTEMPATH/Boot.php(67): CodeIgniter\Boot::runCodeIgniter(Object(CodeIgniter\CodeIgniter))
11 FCPATH/index.php(56): CodeIgniter\Boot::bootWeb(Object(Config\Paths))
WARNING - 2024-09-21 08:34:38 --> [DEPRECATED] number_format(): Passing null to parameter #1 ($num) of type float is deprecated in APPPATH/Views/kd_project/dashboard_view.php on line 178.
 1 APPPATH/Views/kd_project/dashboard_view.php(178): number_format(null, 2)
 2 SYSTEMPATH/View/View.php(234): include('/home/u877349608/domains/muraridubey.com/public_html/codeigniter/app/Views/kd_project/dashboard_view.php')
 3 SYSTEMPATH/View/View.php(237): CodeIgniter\View\View->CodeIgniter\View\{closure}()
 4 SYSTEMPATH/Common.php(1171): CodeIgniter\View\View->render('kd_project/dashboard_view', [], true)
 5 APPPATH/Controllers/Dashboard_controller.php(31): view('kd_project/dashboard_view', [...])
 6 SYSTEMPATH/CodeIgniter.php(933): App\Controllers\Dashboard_controller->index()
 7 SYSTEMPATH/CodeIgniter.php(509): CodeIgniter\CodeIgniter->runController(Object(App\Controllers\Dashboard_controller))
 8 SYSTEMPATH/CodeIgniter.php(355): CodeIgniter\CodeIgniter->handleRequest(null, Object(Config\Cache), false)
 9 SYSTEMPATH/Boot.php(325): CodeIgniter\CodeIgniter->run()
10 SYSTEMPATH/Boot.php(67): CodeIgniter\Boot::runCodeIgniter(Object(CodeIgniter\CodeIgniter))
11 FCPATH/index.php(56): CodeIgniter\Boot::bootWeb(Object(Config\Paths))
WARNING - 2024-09-21 08:34:38 --> [DEPRECATED] number_format(): Passing null to parameter #1 ($num) of type float is deprecated in APPPATH/Views/kd_project/dashboard_view.php on line 171.
 1 APPPATH/Views/kd_project/dashboard_view.php(171): number_format(null, 2)
 2 SYSTEMPATH/View/View.php(234): include('/home/u877349608/domains/muraridubey.com/public_html/codeigniter/app/Views/kd_project/dashboard_view.php')
 3 SYSTEMPATH/View/View.php(237): CodeIgniter\View\View->CodeIgniter\View\{closure}()
 4 SYSTEMPATH/Common.php(1171): CodeIgniter\View\View->render('kd_project/dashboard_view', [], true)
 5 APPPATH/Controllers/Dashboard_controller.php(31): view('kd_project/dashboard_view', [...])
 6 SYSTEMPATH/CodeIgniter.php(933): App\Controllers\Dashboard_controller->index()
 7 SYSTEMPATH/CodeIgniter.php(509): CodeIgniter\CodeIgniter->runController(Object(App\Controllers\Dashboard_controller))
 8 SYSTEMPATH/CodeIgniter.php(355): CodeIgniter\CodeIgniter->handleRequest(null, Object(Config\Cache), false)
 9 SYSTEMPATH/Boot.php(325): CodeIgniter\CodeIgniter->run()
10 SYSTEMPATH/Boot.php(67): CodeIgniter\Boot::runCodeIgniter(Object(CodeIgniter\CodeIgniter))
11 FCPATH/index.php(56): CodeIgniter\Boot::bootWeb(Object(Config\Paths))
WARNING - 2024-09-21 08:34:38 --> [DEPRECATED] number_format(): Passing null to parameter #1 ($num) of type float is deprecated in APPPATH/Views/kd_project/dashboard_view.php on line 178.
 1 APPPATH/Views/kd_project/dashboard_view.php(178): number_format(null, 2)
 2 SYSTEMPATH/View/View.php(234): include('/home/u877349608/domains/muraridubey.com/public_html/codeigniter/app/Views/kd_project/dashboard_view.php')
 3 SYSTEMPATH/View/View.php(237): CodeIgniter\View\View->CodeIgniter\View\{closure}()
 4 SYSTEMPATH/Common.php(1171): CodeIgniter\View\View->render('kd_project/dashboard_view', [], true)
 5 APPPATH/Controllers/Dashboard_controller.php(31): view('kd_project/dashboard_view', [...])
 6 SYSTEMPATH/CodeIgniter.php(933): App\Controllers\Dashboard_controller->index()
 7 SYSTEMPATH/CodeIgniter.php(509): CodeIgniter\CodeIgniter->runController(Object(App\Controllers\Dashboard_controller))
 8 SYSTEMPATH/CodeIgniter.php(355): CodeIgniter\CodeIgniter->handleRequest(null, Object(Config\Cache), false)
 9 SYSTEMPATH/Boot.php(325): CodeIgniter\CodeIgniter->run()
10 SYSTEMPATH/Boot.php(67): CodeIgniter\Boot::runCodeIgniter(Object(CodeIgniter\CodeIgniter))
11 FCPATH/index.php(56): CodeIgniter\Boot::bootWeb(Object(Config\Paths))
WARNING - 2024-09-21 08:34:38 --> [DEPRECATED] number_format(): Passing null to parameter #1 ($num) of type float is deprecated in APPPATH/Views/kd_project/dashboard_view.php on line 171.
 1 APPPATH/Views/kd_project/dashboard_view.php(171): number_format(null, 2)
 2 SYSTEMPATH/View/View.php(234): include('/home/u877349608/domains/muraridubey.com/public_html/codeigniter/app/Views/kd_project/dashboard_view.php')
 3 SYSTEMPATH/View/View.php(237): CodeIgniter\View\View->CodeIgniter\View\{closure}()
 4 SYSTEMPATH/Common.php(1171): CodeIgniter\View\View->render('kd_project/dashboard_view', [], true)
 5 APPPATH/Controllers/Dashboard_controller.php(31): view('kd_project/dashboard_view', [...])
 6 SYSTEMPATH/CodeIgniter.php(933): App\Controllers\Dashboard_controller->index()
 7 SYSTEMPATH/CodeIgniter.php(509): CodeIgniter\CodeIgniter->runController(Object(App\Controllers\Dashboard_controller))
 8 SYSTEMPATH/CodeIgniter.php(355): CodeIgniter\CodeIgniter->handleRequest(null, Object(Config\Cache), false)
 9 SYSTEMPATH/Boot.php(325): CodeIgniter\CodeIgniter->run()
10 SYSTEMPATH/Boot.php(67): CodeIgniter\Boot::runCodeIgniter(Object(CodeIgniter\CodeIgniter))
11 FCPATH/index.php(56): CodeIgniter\Boot::bootWeb(Object(Config\Paths))
WARNING - 2024-09-21 08:34:38 --> [DEPRECATED] number_format(): Passing null to parameter #1 ($num) of type float is deprecated in APPPATH/Views/kd_project/dashboard_view.php on line 178.
 1 APPPATH/Views/kd_project/dashboard_view.php(178): number_format(null, 2)
 2 SYSTEMPATH/View/View.php(234): include('/home/u877349608/domains/muraridubey.com/public_html/codeigniter/app/Views/kd_project/dashboard_view.php')
 3 SYSTEMPATH/View/View.php(237): CodeIgniter\View\View->CodeIgniter\View\{closure}()
 4 SYSTEMPATH/Common.php(1171): CodeIgniter\View\View->render('kd_project/dashboard_view', [], true)
 5 APPPATH/Controllers/Dashboard_controller.php(31): view('kd_project/dashboard_view', [...])
 6 SYSTEMPATH/CodeIgniter.php(933): App\Controllers\Dashboard_controller->index()
 7 SYSTEMPATH/CodeIgniter.php(509): CodeIgniter\CodeIgniter->runController(Object(App\Controllers\Dashboard_controller))
 8 SYSTEMPATH/CodeIgniter.php(355): CodeIgniter\CodeIgniter->handleRequest(null, Object(Config\Cache), false)
 9 SYSTEMPATH/Boot.php(325): CodeIgniter\CodeIgniter->run()
10 SYSTEMPATH/Boot.php(67): CodeIgniter\Boot::runCodeIgniter(Object(CodeIgniter\CodeIgniter))
11 FCPATH/index.php(56): CodeIgniter\Boot::bootWeb(Object(Config\Paths))
WARNING - 2024-09-21 08:36:07 --> [DEPRECATED] number_format(): Passing null to parameter #1 ($num) of type float is deprecated in APPPATH/Views/kd_project/dashboard_view.php on line 170.
 1 APPPATH/Views/kd_project/dashboard_view.php(170): number_format(null, 2)
 2 SYSTEMPATH/View/View.php(234): include('/home/u877349608/domains/muraridubey.com/public_html/codeigniter/app/Views/kd_project/dashboard_view.php')
 3 SYSTEMPATH/View/View.php(237): CodeIgniter\View\View->CodeIgniter\View\{closure}()
 4 SYSTEMPATH/Common.php(1171): CodeIgniter\View\View->render('kd_project/dashboard_view', [], true)
 5 APPPATH/Controllers/Dashboard_controller.php(31): view('kd_project/dashboard_view', [...])
 6 SYSTEMPATH/CodeIgniter.php(933): App\Controllers\Dashboard_controller->index()
 7 SYSTEMPATH/CodeIgniter.php(509): CodeIgniter\CodeIgniter->runController(Object(App\Controllers\Dashboard_controller))
 8 SYSTEMPATH/CodeIgniter.php(355): CodeIgniter\CodeIgniter->handleRequest(null, Object(Config\Cache), false)
 9 SYSTEMPATH/Boot.php(325): CodeIgniter\CodeIgniter->run()
10 SYSTEMPATH/Boot.php(67): CodeIgniter\Boot::runCodeIgniter(Object(CodeIgniter\CodeIgniter))
11 FCPATH/index.php(56): CodeIgniter\Boot::bootWeb(Object(Config\Paths))
WARNING - 2024-09-21 08:36:07 --> [DEPRECATED] number_format(): Passing null to parameter #1 ($num) of type float is deprecated in APPPATH/Views/kd_project/dashboard_view.php on line 178.
 1 APPPATH/Views/kd_project/dashboard_view.php(178): number_format(null, 2)
 2 SYSTEMPATH/View/View.php(234): include('/home/u877349608/domains/muraridubey.com/public_html/codeigniter/app/Views/kd_project/dashboard_view.php')
 3 SYSTEMPATH/View/View.php(237): CodeIgniter\View\View->CodeIgniter\View\{closure}()
 4 SYSTEMPATH/Common.php(1171): CodeIgniter\View\View->render('kd_project/dashboard_view', [], true)
 5 APPPATH/Controllers/Dashboard_controller.php(31): view('kd_project/dashboard_view', [...])
 6 SYSTEMPATH/CodeIgniter.php(933): App\Controllers\Dashboard_controller->index()
 7 SYSTEMPATH/CodeIgniter.php(509): CodeIgniter\CodeIgniter->runController(Object(App\Controllers\Dashboard_controller))
 8 SYSTEMPATH/CodeIgniter.php(355): CodeIgniter\CodeIgniter->handleRequest(null, Object(Config\Cache), false)
 9 SYSTEMPATH/Boot.php(325): CodeIgniter\CodeIgniter->run()
10 SYSTEMPATH/Boot.php(67): CodeIgniter\Boot::runCodeIgniter(Object(CodeIgniter\CodeIgniter))
11 FCPATH/index.php(56): CodeIgniter\Boot::bootWeb(Object(Config\Paths))
WARNING - 2024-09-21 08:36:07 --> [DEPRECATED] number_format(): Passing null to parameter #1 ($num) of type float is deprecated in APPPATH/Views/kd_project/dashboard_view.php on line 178.
 1 APPPATH/Views/kd_project/dashboard_view.php(178): number_format(null, 2)
 2 SYSTEMPATH/View/View.php(234): include('/home/u877349608/domains/muraridubey.com/public_html/codeigniter/app/Views/kd_project/dashboard_view.php')
 3 SYSTEMPATH/View/View.php(237): CodeIgniter\View\View->CodeIgniter\View\{closure}()
 4 SYSTEMPATH/Common.php(1171): CodeIgniter\View\View->render('kd_project/dashboard_view', [], true)
 5 APPPATH/Controllers/Dashboard_controller.php(31): view('kd_project/dashboard_view', [...])
 6 SYSTEMPATH/CodeIgniter.php(933): App\Controllers\Dashboard_controller->index()
 7 SYSTEMPATH/CodeIgniter.php(509): CodeIgniter\CodeIgniter->runController(Object(App\Controllers\Dashboard_controller))
 8 SYSTEMPATH/CodeIgniter.php(355): CodeIgniter\CodeIgniter->handleRequest(null, Object(Config\Cache), false)
 9 SYSTEMPATH/Boot.php(325): CodeIgniter\CodeIgniter->run()
10 SYSTEMPATH/Boot.php(67): CodeIgniter\Boot::runCodeIgniter(Object(CodeIgniter\CodeIgniter))
11 FCPATH/index.php(56): CodeIgniter\Boot::bootWeb(Object(Config\Paths))
WARNING - 2024-09-21 08:36:07 --> [DEPRECATED] number_format(): Passing null to parameter #1 ($num) of type float is deprecated in APPPATH/Views/kd_project/dashboard_view.php on line 174.
 1 APPPATH/Views/kd_project/dashboard_view.php(174): number_format(null, 2)
 2 SYSTEMPATH/View/View.php(234): include('/home/u877349608/domains/muraridubey.com/public_html/codeigniter/app/Views/kd_project/dashboard_view.php')
 3 SYSTEMPATH/View/View.php(237): CodeIgniter\View\View->CodeIgniter\View\{closure}()
 4 SYSTEMPATH/Common.php(1171): CodeIgniter\View\View->render('kd_project/dashboard_view', [], true)
 5 APPPATH/Controllers/Dashboard_controller.php(31): view('kd_project/dashboard_view', [...])
 6 SYSTEMPATH/CodeIgniter.php(933): App\Controllers\Dashboard_controller->index()
 7 SYSTEMPATH/CodeIgniter.php(509): CodeIgniter\CodeIgniter->runController(Object(App\Controllers\Dashboard_controller))
 8 SYSTEMPATH/CodeIgniter.php(355): CodeIgniter\CodeIgniter->handleRequest(null, Object(Config\Cache), false)
 9 SYSTEMPATH/Boot.php(325): CodeIgniter\CodeIgniter->run()
10 SYSTEMPATH/Boot.php(67): CodeIgniter\Boot::runCodeIgniter(Object(CodeIgniter\CodeIgniter))
11 FCPATH/index.php(56): CodeIgniter\Boot::bootWeb(Object(Config\Paths))
WARNING - 2024-09-21 08:36:07 --> [DEPRECATED] number_format(): Passing null to parameter #1 ($num) of type float is deprecated in APPPATH/Views/kd_project/dashboard_view.php on line 178.
 1 APPPATH/Views/kd_project/dashboard_view.php(178): number_format(null, 2)
 2 SYSTEMPATH/View/View.php(234): include('/home/u877349608/domains/muraridubey.com/public_html/codeigniter/app/Views/kd_project/dashboard_view.php')
 3 SYSTEMPATH/View/View.php(237): CodeIgniter\View\View->CodeIgniter\View\{closure}()
 4 SYSTEMPATH/Common.php(1171): CodeIgniter\View\View->render('kd_project/dashboard_view', [], true)
 5 APPPATH/Controllers/Dashboard_controller.php(31): view('kd_project/dashboard_view', [...])
 6 SYSTEMPATH/CodeIgniter.php(933): App\Controllers\Dashboard_controller->index()
 7 SYSTEMPATH/CodeIgniter.php(509): CodeIgniter\CodeIgniter->runController(Object(App\Controllers\Dashboard_controller))
 8 SYSTEMPATH/CodeIgniter.php(355): CodeIgniter\CodeIgniter->handleRequest(null, Object(Config\Cache), false)
 9 SYSTEMPATH/Boot.php(325): CodeIgniter\CodeIgniter->run()
10 SYSTEMPATH/Boot.php(67): CodeIgniter\Boot::runCodeIgniter(Object(CodeIgniter\CodeIgniter))
11 FCPATH/index.php(56): CodeIgniter\Boot::bootWeb(Object(Config\Paths))
WARNING - 2024-09-21 08:36:07 --> [DEPRECATED] number_format(): Passing null to parameter #1 ($num) of type float is deprecated in APPPATH/Views/kd_project/dashboard_view.php on line 171.
 1 APPPATH/Views/kd_project/dashboard_view.php(171): number_format(null, 2)
 2 SYSTEMPATH/View/View.php(234): include('/home/u877349608/domains/muraridubey.com/public_html/codeigniter/app/Views/kd_project/dashboard_view.php')
 3 SYSTEMPATH/View/View.php(237): CodeIgniter\View\View->CodeIgniter\View\{closure}()
 4 SYSTEMPATH/Common.php(1171): CodeIgniter\View\View->render('kd_project/dashboard_view', [], true)
 5 APPPATH/Controllers/Dashboard_controller.php(31): view('kd_project/dashboard_view', [...])
 6 SYSTEMPATH/CodeIgniter.php(933): App\Controllers\Dashboard_controller->index()
 7 SYSTEMPATH/CodeIgniter.php(509): CodeIgniter\CodeIgniter->runController(Object(App\Controllers\Dashboard_controller))
 8 SYSTEMPATH/CodeIgniter.php(355): CodeIgniter\CodeIgniter->handleRequest(null, Object(Config\Cache), false)
 9 SYSTEMPATH/Boot.php(325): CodeIgniter\CodeIgniter->run()
10 SYSTEMPATH/Boot.php(67): CodeIgniter\Boot::runCodeIgniter(Object(CodeIgniter\CodeIgniter))
11 FCPATH/index.php(56): CodeIgniter\Boot::bootWeb(Object(Config\Paths))
WARNING - 2024-09-21 08:36:07 --> [DEPRECATED] number_format(): Passing null to parameter #1 ($num) of type float is deprecated in APPPATH/Views/kd_project/dashboard_view.php on line 178.
 1 APPPATH/Views/kd_project/dashboard_view.php(178): number_format(null, 2)
 2 SYSTEMPATH/View/View.php(234): include('/home/u877349608/domains/muraridubey.com/public_html/codeigniter/app/Views/kd_project/dashboard_view.php')
 3 SYSTEMPATH/View/View.php(237): CodeIgniter\View\View->CodeIgniter\View\{closure}()
 4 SYSTEMPATH/Common.php(1171): CodeIgniter\View\View->render('kd_project/dashboard_view', [], true)
 5 APPPATH/Controllers/Dashboard_controller.php(31): view('kd_project/dashboard_view', [...])
 6 SYSTEMPATH/CodeIgniter.php(933): App\Controllers\Dashboard_controller->index()
 7 SYSTEMPATH/CodeIgniter.php(509): CodeIgniter\CodeIgniter->runController(Object(App\Controllers\Dashboard_controller))
 8 SYSTEMPATH/CodeIgniter.php(355): CodeIgniter\CodeIgniter->handleRequest(null, Object(Config\Cache), false)
 9 SYSTEMPATH/Boot.php(325): CodeIgniter\CodeIgniter->run()
10 SYSTEMPATH/Boot.php(67): CodeIgniter\Boot::runCodeIgniter(Object(CodeIgniter\CodeIgniter))
11 FCPATH/index.php(56): CodeIgniter\Boot::bootWeb(Object(Config\Paths))
WARNING - 2024-09-21 08:36:07 --> [DEPRECATED] number_format(): Passing null to parameter #1 ($num) of type float is deprecated in APPPATH/Views/kd_project/dashboard_view.php on line 171.
 1 APPPATH/Views/kd_project/dashboard_view.php(171): number_format(null, 2)
 2 SYSTEMPATH/View/View.php(234): include('/home/u877349608/domains/muraridubey.com/public_html/codeigniter/app/Views/kd_project/dashboard_view.php')
 3 SYSTEMPATH/View/View.php(237): CodeIgniter\View\View->CodeIgniter\View\{closure}()
 4 SYSTEMPATH/Common.php(1171): CodeIgniter\View\View->render('kd_project/dashboard_view', [], true)
 5 APPPATH/Controllers/Dashboard_controller.php(31): view('kd_project/dashboard_view', [...])
 6 SYSTEMPATH/CodeIgniter.php(933): App\Controllers\Dashboard_controller->index()
 7 SYSTEMPATH/CodeIgniter.php(509): CodeIgniter\CodeIgniter->runController(Object(App\Controllers\Dashboard_controller))
 8 SYSTEMPATH/CodeIgniter.php(355): CodeIgniter\CodeIgniter->handleRequest(null, Object(Config\Cache), false)
 9 SYSTEMPATH/Boot.php(325): CodeIgniter\CodeIgniter->run()
10 SYSTEMPATH/Boot.php(67): CodeIgniter\Boot::runCodeIgniter(Object(CodeIgniter\CodeIgniter))
11 FCPATH/index.php(56): CodeIgniter\Boot::bootWeb(Object(Config\Paths))
WARNING - 2024-09-21 08:36:07 --> [DEPRECATED] number_format(): Passing null to parameter #1 ($num) of type float is deprecated in APPPATH/Views/kd_project/dashboard_view.php on line 178.
 1 APPPATH/Views/kd_project/dashboard_view.php(178): number_format(null, 2)
 2 SYSTEMPATH/View/View.php(234): include('/home/u877349608/domains/muraridubey.com/public_html/codeigniter/app/Views/kd_project/dashboard_view.php')
 3 SYSTEMPATH/View/View.php(237): CodeIgniter\View\View->CodeIgniter\View\{closure}()
 4 SYSTEMPATH/Common.php(1171): CodeIgniter\View\View->render('kd_project/dashboard_view', [], true)
 5 APPPATH/Controllers/Dashboard_controller.php(31): view('kd_project/dashboard_view', [...])
 6 SYSTEMPATH/CodeIgniter.php(933): App\Controllers\Dashboard_controller->index()
 7 SYSTEMPATH/CodeIgniter.php(509): CodeIgniter\CodeIgniter->runController(Object(App\Controllers\Dashboard_controller))
 8 SYSTEMPATH/CodeIgniter.php(355): CodeIgniter\CodeIgniter->handleRequest(null, Object(Config\Cache), false)
 9 SYSTEMPATH/Boot.php(325): CodeIgniter\CodeIgniter->run()
10 SYSTEMPATH/Boot.php(67): CodeIgniter\Boot::runCodeIgniter(Object(CodeIgniter\CodeIgniter))
11 FCPATH/index.php(56): CodeIgniter\Boot::bootWeb(Object(Config\Paths))
WARNING - 2024-09-21 08:38:08 --> [DEPRECATED] number_format(): Passing null to parameter #1 ($num) of type float is deprecated in APPPATH/Views/kd_project/dashboard_view.php on line 170.
 1 APPPATH/Views/kd_project/dashboard_view.php(170): number_format(null, 2)
 2 SYSTEMPATH/View/View.php(234): include('/home/u877349608/domains/muraridubey.com/public_html/codeigniter/app/Views/kd_project/dashboard_view.php')
 3 SYSTEMPATH/View/View.php(237): CodeIgniter\View\View->CodeIgniter\View\{closure}()
 4 SYSTEMPATH/Common.php(1171): CodeIgniter\View\View->render('kd_project/dashboard_view', [], true)
 5 APPPATH/Controllers/Dashboard_controller.php(31): view('kd_project/dashboard_view', [...])
 6 SYSTEMPATH/CodeIgniter.php(933): App\Controllers\Dashboard_controller->index()
 7 SYSTEMPATH/CodeIgniter.php(509): CodeIgniter\CodeIgniter->runController(Object(App\Controllers\Dashboard_controller))
 8 SYSTEMPATH/CodeIgniter.php(355): CodeIgniter\CodeIgniter->handleRequest(null, Object(Config\Cache), false)
 9 SYSTEMPATH/Boot.php(325): CodeIgniter\CodeIgniter->run()
10 SYSTEMPATH/Boot.php(67): CodeIgniter\Boot::runCodeIgniter(Object(CodeIgniter\CodeIgniter))
11 FCPATH/index.php(56): CodeIgniter\Boot::bootWeb(Object(Config\Paths))
WARNING - 2024-09-21 08:38:08 --> [DEPRECATED] number_format(): Passing null to parameter #1 ($num) of type float is deprecated in APPPATH/Views/kd_project/dashboard_view.php on line 178.
 1 APPPATH/Views/kd_project/dashboard_view.php(178): number_format(null, 2)
 2 SYSTEMPATH/View/View.php(234): include('/home/u877349608/domains/muraridubey.com/public_html/codeigniter/app/Views/kd_project/dashboard_view.php')
 3 SYSTEMPATH/View/View.php(237): CodeIgniter\View\View->CodeIgniter\View\{closure}()
 4 SYSTEMPATH/Common.php(1171): CodeIgniter\View\View->render('kd_project/dashboard_view', [], true)
 5 APPPATH/Controllers/Dashboard_controller.php(31): view('kd_project/dashboard_view', [...])
 6 SYSTEMPATH/CodeIgniter.php(933): App\Controllers\Dashboard_controller->index()
 7 SYSTEMPATH/CodeIgniter.php(509): CodeIgniter\CodeIgniter->runController(Object(App\Controllers\Dashboard_controller))
 8 SYSTEMPATH/CodeIgniter.php(355): CodeIgniter\CodeIgniter->handleRequest(null, Object(Config\Cache), false)
 9 SYSTEMPATH/Boot.php(325): CodeIgniter\CodeIgniter->run()
10 SYSTEMPATH/Boot.php(67): CodeIgniter\Boot::runCodeIgniter(Object(CodeIgniter\CodeIgniter))
11 FCPATH/index.php(56): CodeIgniter\Boot::bootWeb(Object(Config\Paths))
WARNING - 2024-09-21 08:38:08 --> [DEPRECATED] number_format(): Passing null to parameter #1 ($num) of type float is deprecated in APPPATH/Views/kd_project/dashboard_view.php on line 178.
 1 APPPATH/Views/kd_project/dashboard_view.php(178): number_format(null, 2)
 2 SYSTEMPATH/View/View.php(234): include('/home/u877349608/domains/muraridubey.com/public_html/codeigniter/app/Views/kd_project/dashboard_view.php')
 3 SYSTEMPATH/View/View.php(237): CodeIgniter\View\View->CodeIgniter\View\{closure}()
 4 SYSTEMPATH/Common.php(1171): CodeIgniter\View\View->render('kd_project/dashboard_view', [], true)
 5 APPPATH/Controllers/Dashboard_controller.php(31): view('kd_project/dashboard_view', [...])
 6 SYSTEMPATH/CodeIgniter.php(933): App\Controllers\Dashboard_controller->index()
 7 SYSTEMPATH/CodeIgniter.php(509): CodeIgniter\CodeIgniter->runController(Object(App\Controllers\Dashboard_controller))
 8 SYSTEMPATH/CodeIgniter.php(355): CodeIgniter\CodeIgniter->handleRequest(null, Object(Config\Cache), false)
 9 SYSTEMPATH/Boot.php(325): CodeIgniter\CodeIgniter->run()
10 SYSTEMPATH/Boot.php(67): CodeIgniter\Boot::runCodeIgniter(Object(CodeIgniter\CodeIgniter))
11 FCPATH/index.php(56): CodeIgniter\Boot::bootWeb(Object(Config\Paths))
WARNING - 2024-09-21 08:38:08 --> [DEPRECATED] number_format(): Passing null to parameter #1 ($num) of type float is deprecated in APPPATH/Views/kd_project/dashboard_view.php on line 174.
 1 APPPATH/Views/kd_project/dashboard_view.php(174): number_format(null, 2)
 2 SYSTEMPATH/View/View.php(234): include('/home/u877349608/domains/muraridubey.com/public_html/codeigniter/app/Views/kd_project/dashboard_view.php')
 3 SYSTEMPATH/View/View.php(237): CodeIgniter\View\View->CodeIgniter\View\{closure}()
 4 SYSTEMPATH/Common.php(1171): CodeIgniter\View\View->render('kd_project/dashboard_view', [], true)
 5 APPPATH/Controllers/Dashboard_controller.php(31): view('kd_project/dashboard_view', [...])
 6 SYSTEMPATH/CodeIgniter.php(933): App\Controllers\Dashboard_controller->index()
 7 SYSTEMPATH/CodeIgniter.php(509): CodeIgniter\CodeIgniter->runController(Object(App\Controllers\Dashboard_controller))
 8 SYSTEMPATH/CodeIgniter.php(355): CodeIgniter\CodeIgniter->handleRequest(null, Object(Config\Cache), false)
 9 SYSTEMPATH/Boot.php(325): CodeIgniter\CodeIgniter->run()
10 SYSTEMPATH/Boot.php(67): CodeIgniter\Boot::runCodeIgniter(Object(CodeIgniter\CodeIgniter))
11 FCPATH/index.php(56): CodeIgniter\Boot::bootWeb(Object(Config\Paths))
WARNING - 2024-09-21 08:38:08 --> [DEPRECATED] number_format(): Passing null to parameter #1 ($num) of type float is deprecated in APPPATH/Views/kd_project/dashboard_view.php on line 178.
 1 APPPATH/Views/kd_project/dashboard_view.php(178): number_format(null, 2)
 2 SYSTEMPATH/View/View.php(234): include('/home/u877349608/domains/muraridubey.com/public_html/codeigniter/app/Views/kd_project/dashboard_view.php')
 3 SYSTEMPATH/View/View.php(237): CodeIgniter\View\View->CodeIgniter\View\{closure}()
 4 SYSTEMPATH/Common.php(1171): CodeIgniter\View\View->render('kd_project/dashboard_view', [], true)
 5 APPPATH/Controllers/Dashboard_controller.php(31): view('kd_project/dashboard_view', [...])
 6 SYSTEMPATH/CodeIgniter.php(933): App\Controllers\Dashboard_controller->index()
 7 SYSTEMPATH/CodeIgniter.php(509): CodeIgniter\CodeIgniter->runController(Object(App\Controllers\Dashboard_controller))
 8 SYSTEMPATH/CodeIgniter.php(355): CodeIgniter\CodeIgniter->handleRequest(null, Object(Config\Cache), false)
 9 SYSTEMPATH/Boot.php(325): CodeIgniter\CodeIgniter->run()
10 SYSTEMPATH/Boot.php(67): CodeIgniter\Boot::runCodeIgniter(Object(CodeIgniter\CodeIgniter))
11 FCPATH/index.php(56): CodeIgniter\Boot::bootWeb(Object(Config\Paths))
WARNING - 2024-09-21 08:38:08 --> [DEPRECATED] number_format(): Passing null to parameter #1 ($num) of type float is deprecated in APPPATH/Views/kd_project/dashboard_view.php on line 171.
 1 APPPATH/Views/kd_project/dashboard_view.php(171): number_format(null, 2)
 2 SYSTEMPATH/View/View.php(234): include('/home/u877349608/domains/muraridubey.com/public_html/codeigniter/app/Views/kd_project/dashboard_view.php')
 3 SYSTEMPATH/View/View.php(237): CodeIgniter\View\View->CodeIgniter\View\{closure}()
 4 SYSTEMPATH/Common.php(1171): CodeIgniter\View\View->render('kd_project/dashboard_view', [], true)
 5 APPPATH/Controllers/Dashboard_controller.php(31): view('kd_project/dashboard_view', [...])
 6 SYSTEMPATH/CodeIgniter.php(933): App\Controllers\Dashboard_controller->index()
 7 SYSTEMPATH/CodeIgniter.php(509): CodeIgniter\CodeIgniter->runController(Object(App\Controllers\Dashboard_controller))
 8 SYSTEMPATH/CodeIgniter.php(355): CodeIgniter\CodeIgniter->handleRequest(null, Object(Config\Cache), false)
 9 SYSTEMPATH/Boot.php(325): CodeIgniter\CodeIgniter->run()
10 SYSTEMPATH/Boot.php(67): CodeIgniter\Boot::runCodeIgniter(Object(CodeIgniter\CodeIgniter))
11 FCPATH/index.php(56): CodeIgniter\Boot::bootWeb(Object(Config\Paths))
WARNING - 2024-09-21 08:38:08 --> [DEPRECATED] number_format(): Passing null to parameter #1 ($num) of type float is deprecated in APPPATH/Views/kd_project/dashboard_view.php on line 178.
 1 APPPATH/Views/kd_project/dashboard_view.php(178): number_format(null, 2)
 2 SYSTEMPATH/View/View.php(234): include('/home/u877349608/domains/muraridubey.com/public_html/codeigniter/app/Views/kd_project/dashboard_view.php')
 3 SYSTEMPATH/View/View.php(237): CodeIgniter\View\View->CodeIgniter\View\{closure}()
 4 SYSTEMPATH/Common.php(1171): CodeIgniter\View\View->render('kd_project/dashboard_view', [], true)
 5 APPPATH/Controllers/Dashboard_controller.php(31): view('kd_project/dashboard_view', [...])
 6 SYSTEMPATH/CodeIgniter.php(933): App\Controllers\Dashboard_controller->index()
 7 SYSTEMPATH/CodeIgniter.php(509): CodeIgniter\CodeIgniter->runController(Object(App\Controllers\Dashboard_controller))
 8 SYSTEMPATH/CodeIgniter.php(355): CodeIgniter\CodeIgniter->handleRequest(null, Object(Config\Cache), false)
 9 SYSTEMPATH/Boot.php(325): CodeIgniter\CodeIgniter->run()
10 SYSTEMPATH/Boot.php(67): CodeIgniter\Boot::runCodeIgniter(Object(CodeIgniter\CodeIgniter))
11 FCPATH/index.php(56): CodeIgniter\Boot::bootWeb(Object(Config\Paths))
WARNING - 2024-09-21 08:38:08 --> [DEPRECATED] number_format(): Passing null to parameter #1 ($num) of type float is deprecated in APPPATH/Views/kd_project/dashboard_view.php on line 171.
 1 APPPATH/Views/kd_project/dashboard_view.php(171): number_format(null, 2)
 2 SYSTEMPATH/View/View.php(234): include('/home/u877349608/domains/muraridubey.com/public_html/codeigniter/app/Views/kd_project/dashboard_view.php')
 3 SYSTEMPATH/View/View.php(237): CodeIgniter\View\View->CodeIgniter\View\{closure}()
 4 SYSTEMPATH/Common.php(1171): CodeIgniter\View\View->render('kd_project/dashboard_view', [], true)
 5 APPPATH/Controllers/Dashboard_controller.php(31): view('kd_project/dashboard_view', [...])
 6 SYSTEMPATH/CodeIgniter.php(933): App\Controllers\Dashboard_controller->index()
 7 SYSTEMPATH/CodeIgniter.php(509): CodeIgniter\CodeIgniter->runController(Object(App\Controllers\Dashboard_controller))
 8 SYSTEMPATH/CodeIgniter.php(355): CodeIgniter\CodeIgniter->handleRequest(null, Object(Config\Cache), false)
 9 SYSTEMPATH/Boot.php(325): CodeIgniter\CodeIgniter->run()
10 SYSTEMPATH/Boot.php(67): CodeIgniter\Boot::runCodeIgniter(Object(CodeIgniter\CodeIgniter))
11 FCPATH/index.php(56): CodeIgniter\Boot::bootWeb(Object(Config\Paths))
WARNING - 2024-09-21 08:38:08 --> [DEPRECATED] number_format(): Passing null to parameter #1 ($num) of type float is deprecated in APPPATH/Views/kd_project/dashboard_view.php on line 178.
 1 APPPATH/Views/kd_project/dashboard_view.php(178): number_format(null, 2)
 2 SYSTEMPATH/View/View.php(234): include('/home/u877349608/domains/muraridubey.com/public_html/codeigniter/app/Views/kd_project/dashboard_view.php')
 3 SYSTEMPATH/View/View.php(237): CodeIgniter\View\View->CodeIgniter\View\{closure}()
 4 SYSTEMPATH/Common.php(1171): CodeIgniter\View\View->render('kd_project/dashboard_view', [], true)
 5 APPPATH/Controllers/Dashboard_controller.php(31): view('kd_project/dashboard_view', [...])
 6 SYSTEMPATH/CodeIgniter.php(933): App\Controllers\Dashboard_controller->index()
 7 SYSTEMPATH/CodeIgniter.php(509): CodeIgniter\CodeIgniter->runController(Object(App\Controllers\Dashboard_controller))
 8 SYSTEMPATH/CodeIgniter.php(355): CodeIgniter\CodeIgniter->handleRequest(null, Object(Config\Cache), false)
 9 SYSTEMPATH/Boot.php(325): CodeIgniter\CodeIgniter->run()
10 SYSTEMPATH/Boot.php(67): CodeIgniter\Boot::runCodeIgniter(Object(CodeIgniter\CodeIgniter))
11 FCPATH/index.php(56): CodeIgniter\Boot::bootWeb(Object(Config\Paths))
WARNING - 2024-09-21 08:38:54 --> [DEPRECATED] number_format(): Passing null to parameter #1 ($num) of type float is deprecated in APPPATH/Views/kd_project/dashboard_view.php on line 170.
 1 APPPATH/Views/kd_project/dashboard_view.php(170): number_format(null, 2)
 2 SYSTEMPATH/View/View.php(234): include('/home/u877349608/domains/muraridubey.com/public_html/codeigniter/app/Views/kd_project/dashboard_view.php')
 3 SYSTEMPATH/View/View.php(237): CodeIgniter\View\View->CodeIgniter\View\{closure}()
 4 SYSTEMPATH/Common.php(1171): CodeIgniter\View\View->render('kd_project/dashboard_view', [], true)
 5 APPPATH/Controllers/Dashboard_controller.php(31): view('kd_project/dashboard_view', [...])
 6 SYSTEMPATH/CodeIgniter.php(933): App\Controllers\Dashboard_controller->index()
 7 SYSTEMPATH/CodeIgniter.php(509): CodeIgniter\CodeIgniter->runController(Object(App\Controllers\Dashboard_controller))
 8 SYSTEMPATH/CodeIgniter.php(355): CodeIgniter\CodeIgniter->handleRequest(null, Object(Config\Cache), false)
 9 SYSTEMPATH/Boot.php(325): CodeIgniter\CodeIgniter->run()
10 SYSTEMPATH/Boot.php(67): CodeIgniter\Boot::runCodeIgniter(Object(CodeIgniter\CodeIgniter))
11 FCPATH/index.php(56): CodeIgniter\Boot::bootWeb(Object(Config\Paths))
WARNING - 2024-09-21 08:38:54 --> [DEPRECATED] number_format(): Passing null to parameter #1 ($num) of type float is deprecated in APPPATH/Views/kd_project/dashboard_view.php on line 178.
 1 APPPATH/Views/kd_project/dashboard_view.php(178): number_format(null, 2)
 2 SYSTEMPATH/View/View.php(234): include('/home/u877349608/domains/muraridubey.com/public_html/codeigniter/app/Views/kd_project/dashboard_view.php')
 3 SYSTEMPATH/View/View.php(237): CodeIgniter\View\View->CodeIgniter\View\{closure}()
 4 SYSTEMPATH/Common.php(1171): CodeIgniter\View\View->render('kd_project/dashboard_view', [], true)
 5 APPPATH/Controllers/Dashboard_controller.php(31): view('kd_project/dashboard_view', [...])
 6 SYSTEMPATH/CodeIgniter.php(933): App\Controllers\Dashboard_controller->index()
 7 SYSTEMPATH/CodeIgniter.php(509): CodeIgniter\CodeIgniter->runController(Object(App\Controllers\Dashboard_controller))
 8 SYSTEMPATH/CodeIgniter.php(355): CodeIgniter\CodeIgniter->handleRequest(null, Object(Config\Cache), false)
 9 SYSTEMPATH/Boot.php(325): CodeIgniter\CodeIgniter->run()
10 SYSTEMPATH/Boot.php(67): CodeIgniter\Boot::runCodeIgniter(Object(CodeIgniter\CodeIgniter))
11 FCPATH/index.php(56): CodeIgniter\Boot::bootWeb(Object(Config\Paths))
WARNING - 2024-09-21 08:38:54 --> [DEPRECATED] number_format(): Passing null to parameter #1 ($num) of type float is deprecated in APPPATH/Views/kd_project/dashboard_view.php on line 178.
 1 APPPATH/Views/kd_project/dashboard_view.php(178): number_format(null, 2)
 2 SYSTEMPATH/View/View.php(234): include('/home/u877349608/domains/muraridubey.com/public_html/codeigniter/app/Views/kd_project/dashboard_view.php')
 3 SYSTEMPATH/View/View.php(237): CodeIgniter\View\View->CodeIgniter\View\{closure}()
 4 SYSTEMPATH/Common.php(1171): CodeIgniter\View\View->render('kd_project/dashboard_view', [], true)
 5 APPPATH/Controllers/Dashboard_controller.php(31): view('kd_project/dashboard_view', [...])
 6 SYSTEMPATH/CodeIgniter.php(933): App\Controllers\Dashboard_controller->index()
 7 SYSTEMPATH/CodeIgniter.php(509): CodeIgniter\CodeIgniter->runController(Object(App\Controllers\Dashboard_controller))
 8 SYSTEMPATH/CodeIgniter.php(355): CodeIgniter\CodeIgniter->handleRequest(null, Object(Config\Cache), false)
 9 SYSTEMPATH/Boot.php(325): CodeIgniter\CodeIgniter->run()
10 SYSTEMPATH/Boot.php(67): CodeIgniter\Boot::runCodeIgniter(Object(CodeIgniter\CodeIgniter))
11 FCPATH/index.php(56): CodeIgniter\Boot::bootWeb(Object(Config\Paths))
WARNING - 2024-09-21 08:38:54 --> [DEPRECATED] number_format(): Passing null to parameter #1 ($num) of type float is deprecated in APPPATH/Views/kd_project/dashboard_view.php on line 174.
 1 APPPATH/Views/kd_project/dashboard_view.php(174): number_format(null, 2)
 2 SYSTEMPATH/View/View.php(234): include('/home/u877349608/domains/muraridubey.com/public_html/codeigniter/app/Views/kd_project/dashboard_view.php')
 3 SYSTEMPATH/View/View.php(237): CodeIgniter\View\View->CodeIgniter\View\{closure}()
 4 SYSTEMPATH/Common.php(1171): CodeIgniter\View\View->render('kd_project/dashboard_view', [], true)
 5 APPPATH/Controllers/Dashboard_controller.php(31): view('kd_project/dashboard_view', [...])
 6 SYSTEMPATH/CodeIgniter.php(933): App\Controllers\Dashboard_controller->index()
 7 SYSTEMPATH/CodeIgniter.php(509): CodeIgniter\CodeIgniter->runController(Object(App\Controllers\Dashboard_controller))
 8 SYSTEMPATH/CodeIgniter.php(355): CodeIgniter\CodeIgniter->handleRequest(null, Object(Config\Cache), false)
 9 SYSTEMPATH/Boot.php(325): CodeIgniter\CodeIgniter->run()
10 SYSTEMPATH/Boot.php(67): CodeIgniter\Boot::runCodeIgniter(Object(CodeIgniter\CodeIgniter))
11 FCPATH/index.php(56): CodeIgniter\Boot::bootWeb(Object(Config\Paths))
WARNING - 2024-09-21 08:38:54 --> [DEPRECATED] number_format(): Passing null to parameter #1 ($num) of type float is deprecated in APPPATH/Views/kd_project/dashboard_view.php on line 178.
 1 APPPATH/Views/kd_project/dashboard_view.php(178): number_format(null, 2)
 2 SYSTEMPATH/View/View.php(234): include('/home/u877349608/domains/muraridubey.com/public_html/codeigniter/app/Views/kd_project/dashboard_view.php')
 3 SYSTEMPATH/View/View.php(237): CodeIgniter\View\View->CodeIgniter\View\{closure}()
 4 SYSTEMPATH/Common.php(1171): CodeIgniter\View\View->render('kd_project/dashboard_view', [], true)
 5 APPPATH/Controllers/Dashboard_controller.php(31): view('kd_project/dashboard_view', [...])
 6 SYSTEMPATH/CodeIgniter.php(933): App\Controllers\Dashboard_controller->index()
 7 SYSTEMPATH/CodeIgniter.php(509): CodeIgniter\CodeIgniter->runController(Object(App\Controllers\Dashboard_controller))
 8 SYSTEMPATH/CodeIgniter.php(355): CodeIgniter\CodeIgniter->handleRequest(null, Object(Config\Cache), false)
 9 SYSTEMPATH/Boot.php(325): CodeIgniter\CodeIgniter->run()
10 SYSTEMPATH/Boot.php(67): CodeIgniter\Boot::runCodeIgniter(Object(CodeIgniter\CodeIgniter))
11 FCPATH/index.php(56): CodeIgniter\Boot::bootWeb(Object(Config\Paths))
WARNING - 2024-09-21 08:38:54 --> [DEPRECATED] number_format(): Passing null to parameter #1 ($num) of type float is deprecated in APPPATH/Views/kd_project/dashboard_view.php on line 171.
 1 APPPATH/Views/kd_project/dashboard_view.php(171): number_format(null, 2)
 2 SYSTEMPATH/View/View.php(234): include('/home/u877349608/domains/muraridubey.com/public_html/codeigniter/app/Views/kd_project/dashboard_view.php')
 3 SYSTEMPATH/View/View.php(237): CodeIgniter\View\View->CodeIgniter\View\{closure}()
 4 SYSTEMPATH/Common.php(1171): CodeIgniter\View\View->render('kd_project/dashboard_view', [], true)
 5 APPPATH/Controllers/Dashboard_controller.php(31): view('kd_project/dashboard_view', [...])
 6 SYSTEMPATH/CodeIgniter.php(933): App\Controllers\Dashboard_controller->index()
 7 SYSTEMPATH/CodeIgniter.php(509): CodeIgniter\CodeIgniter->runController(Object(App\Controllers\Dashboard_controller))
 8 SYSTEMPATH/CodeIgniter.php(355): CodeIgniter\CodeIgniter->handleRequest(null, Object(Config\Cache), false)
 9 SYSTEMPATH/Boot.php(325): CodeIgniter\CodeIgniter->run()
10 SYSTEMPATH/Boot.php(67): CodeIgniter\Boot::runCodeIgniter(Object(CodeIgniter\CodeIgniter))
11 FCPATH/index.php(56): CodeIgniter\Boot::bootWeb(Object(Config\Paths))
WARNING - 2024-09-21 08:38:54 --> [DEPRECATED] number_format(): Passing null to parameter #1 ($num) of type float is deprecated in APPPATH/Views/kd_project/dashboard_view.php on line 178.
 1 APPPATH/Views/kd_project/dashboard_view.php(178): number_format(null, 2)
 2 SYSTEMPATH/View/View.php(234): include('/home/u877349608/domains/muraridubey.com/public_html/codeigniter/app/Views/kd_project/dashboard_view.php')
 3 SYSTEMPATH/View/View.php(237): CodeIgniter\View\View->CodeIgniter\View\{closure}()
 4 SYSTEMPATH/Common.php(1171): CodeIgniter\View\View->render('kd_project/dashboard_view', [], true)
 5 APPPATH/Controllers/Dashboard_controller.php(31): view('kd_project/dashboard_view', [...])
 6 SYSTEMPATH/CodeIgniter.php(933): App\Controllers\Dashboard_controller->index()
 7 SYSTEMPATH/CodeIgniter.php(509): CodeIgniter\CodeIgniter->runController(Object(App\Controllers\Dashboard_controller))
 8 SYSTEMPATH/CodeIgniter.php(355): CodeIgniter\CodeIgniter->handleRequest(null, Object(Config\Cache), false)
 9 SYSTEMPATH/Boot.php(325): CodeIgniter\CodeIgniter->run()
10 SYSTEMPATH/Boot.php(67): CodeIgniter\Boot::runCodeIgniter(Object(CodeIgniter\CodeIgniter))
11 FCPATH/index.php(56): CodeIgniter\Boot::bootWeb(Object(Config\Paths))
WARNING - 2024-09-21 08:38:54 --> [DEPRECATED] number_format(): Passing null to parameter #1 ($num) of type float is deprecated in APPPATH/Views/kd_project/dashboard_view.php on line 171.
 1 APPPATH/Views/kd_project/dashboard_view.php(171): number_format(null, 2)
 2 SYSTEMPATH/View/View.php(234): include('/home/u877349608/domains/muraridubey.com/public_html/codeigniter/app/Views/kd_project/dashboard_view.php')
 3 SYSTEMPATH/View/View.php(237): CodeIgniter\View\View->CodeIgniter\View\{closure}()
 4 SYSTEMPATH/Common.php(1171): CodeIgniter\View\View->render('kd_project/dashboard_view', [], true)
 5 APPPATH/Controllers/Dashboard_controller.php(31): view('kd_project/dashboard_view', [...])
 6 SYSTEMPATH/CodeIgniter.php(933): App\Controllers\Dashboard_controller->index()
 7 SYSTEMPATH/CodeIgniter.php(509): CodeIgniter\CodeIgniter->runController(Object(App\Controllers\Dashboard_controller))
 8 SYSTEMPATH/CodeIgniter.php(355): CodeIgniter\CodeIgniter->handleRequest(null, Object(Config\Cache), false)
 9 SYSTEMPATH/Boot.php(325): CodeIgniter\CodeIgniter->run()
10 SYSTEMPATH/Boot.php(67): CodeIgniter\Boot::runCodeIgniter(Object(CodeIgniter\CodeIgniter))
11 FCPATH/index.php(56): CodeIgniter\Boot::bootWeb(Object(Config\Paths))
WARNING - 2024-09-21 08:38:54 --> [DEPRECATED] number_format(): Passing null to parameter #1 ($num) of type float is deprecated in APPPATH/Views/kd_project/dashboard_view.php on line 178.
 1 APPPATH/Views/kd_project/dashboard_view.php(178): number_format(null, 2)
 2 SYSTEMPATH/View/View.php(234): include('/home/u877349608/domains/muraridubey.com/public_html/codeigniter/app/Views/kd_project/dashboard_view.php')
 3 SYSTEMPATH/View/View.php(237): CodeIgniter\View\View->CodeIgniter\View\{closure}()
 4 SYSTEMPATH/Common.php(1171): CodeIgniter\View\View->render('kd_project/dashboard_view', [], true)
 5 APPPATH/Controllers/Dashboard_controller.php(31): view('kd_project/dashboard_view', [...])
 6 SYSTEMPATH/CodeIgniter.php(933): App\Controllers\Dashboard_controller->index()
 7 SYSTEMPATH/CodeIgniter.php(509): CodeIgniter\CodeIgniter->runController(Object(App\Controllers\Dashboard_controller))
 8 SYSTEMPATH/CodeIgniter.php(355): CodeIgniter\CodeIgniter->handleRequest(null, Object(Config\Cache), false)
 9 SYSTEMPATH/Boot.php(325): CodeIgniter\CodeIgniter->run()
10 SYSTEMPATH/Boot.php(67): CodeIgniter\Boot::runCodeIgniter(Object(CodeIgniter\CodeIgniter))
11 FCPATH/index.php(56): CodeIgniter\Boot::bootWeb(Object(Config\Paths))
WARNING - 2024-09-21 08:39:10 --> [DEPRECATED] number_format(): Passing null to parameter #1 ($num) of type float is deprecated in APPPATH/Views/kd_project/dashboard_view.php on line 170.
 1 APPPATH/Views/kd_project/dashboard_view.php(170): number_format(null, 2)
 2 SYSTEMPATH/View/View.php(234): include('/home/u877349608/domains/muraridubey.com/public_html/codeigniter/app/Views/kd_project/dashboard_view.php')
 3 SYSTEMPATH/View/View.php(237): CodeIgniter\View\View->CodeIgniter\View\{closure}()
 4 SYSTEMPATH/Common.php(1171): CodeIgniter\View\View->render('kd_project/dashboard_view', [], true)
 5 APPPATH/Controllers/Dashboard_controller.php(31): view('kd_project/dashboard_view', [...])
 6 SYSTEMPATH/CodeIgniter.php(933): App\Controllers\Dashboard_controller->index()
 7 SYSTEMPATH/CodeIgniter.php(509): CodeIgniter\CodeIgniter->runController(Object(App\Controllers\Dashboard_controller))
 8 SYSTEMPATH/CodeIgniter.php(355): CodeIgniter\CodeIgniter->handleRequest(null, Object(Config\Cache), false)
 9 SYSTEMPATH/Boot.php(325): CodeIgniter\CodeIgniter->run()
10 SYSTEMPATH/Boot.php(67): CodeIgniter\Boot::runCodeIgniter(Object(CodeIgniter\CodeIgniter))
11 FCPATH/index.php(56): CodeIgniter\Boot::bootWeb(Object(Config\Paths))
WARNING - 2024-09-21 08:39:10 --> [DEPRECATED] number_format(): Passing null to parameter #1 ($num) of type float is deprecated in APPPATH/Views/kd_project/dashboard_view.php on line 178.
 1 APPPATH/Views/kd_project/dashboard_view.php(178): number_format(null, 2)
 2 SYSTEMPATH/View/View.php(234): include('/home/u877349608/domains/muraridubey.com/public_html/codeigniter/app/Views/kd_project/dashboard_view.php')
 3 SYSTEMPATH/View/View.php(237): CodeIgniter\View\View->CodeIgniter\View\{closure}()
 4 SYSTEMPATH/Common.php(1171): CodeIgniter\View\View->render('kd_project/dashboard_view', [], true)
 5 APPPATH/Controllers/Dashboard_controller.php(31): view('kd_project/dashboard_view', [...])
 6 SYSTEMPATH/CodeIgniter.php(933): App\Controllers\Dashboard_controller->index()
 7 SYSTEMPATH/CodeIgniter.php(509): CodeIgniter\CodeIgniter->runController(Object(App\Controllers\Dashboard_controller))
 8 SYSTEMPATH/CodeIgniter.php(355): CodeIgniter\CodeIgniter->handleRequest(null, Object(Config\Cache), false)
 9 SYSTEMPATH/Boot.php(325): CodeIgniter\CodeIgniter->run()
10 SYSTEMPATH/Boot.php(67): CodeIgniter\Boot::runCodeIgniter(Object(CodeIgniter\CodeIgniter))
11 FCPATH/index.php(56): CodeIgniter\Boot::bootWeb(Object(Config\Paths))
WARNING - 2024-09-21 08:39:10 --> [DEPRECATED] number_format(): Passing null to parameter #1 ($num) of type float is deprecated in APPPATH/Views/kd_project/dashboard_view.php on line 178.
 1 APPPATH/Views/kd_project/dashboard_view.php(178): number_format(null, 2)
 2 SYSTEMPATH/View/View.php(234): include('/home/u877349608/domains/muraridubey.com/public_html/codeigniter/app/Views/kd_project/dashboard_view.php')
 3 SYSTEMPATH/View/View.php(237): CodeIgniter\View\View->CodeIgniter\View\{closure}()
 4 SYSTEMPATH/Common.php(1171): CodeIgniter\View\View->render('kd_project/dashboard_view', [], true)
 5 APPPATH/Controllers/Dashboard_controller.php(31): view('kd_project/dashboard_view', [...])
 6 SYSTEMPATH/CodeIgniter.php(933): App\Controllers\Dashboard_controller->index()
 7 SYSTEMPATH/CodeIgniter.php(509): CodeIgniter\CodeIgniter->runController(Object(App\Controllers\Dashboard_controller))
 8 SYSTEMPATH/CodeIgniter.php(355): CodeIgniter\CodeIgniter->handleRequest(null, Object(Config\Cache), false)
 9 SYSTEMPATH/Boot.php(325): CodeIgniter\CodeIgniter->run()
10 SYSTEMPATH/Boot.php(67): CodeIgniter\Boot::runCodeIgniter(Object(CodeIgniter\CodeIgniter))
11 FCPATH/index.php(56): CodeIgniter\Boot::bootWeb(Object(Config\Paths))
WARNING - 2024-09-21 08:39:10 --> [DEPRECATED] number_format(): Passing null to parameter #1 ($num) of type float is deprecated in APPPATH/Views/kd_project/dashboard_view.php on line 174.
 1 APPPATH/Views/kd_project/dashboard_view.php(174): number_format(null, 2)
 2 SYSTEMPATH/View/View.php(234): include('/home/u877349608/domains/muraridubey.com/public_html/codeigniter/app/Views/kd_project/dashboard_view.php')
 3 SYSTEMPATH/View/View.php(237): CodeIgniter\View\View->CodeIgniter\View\{closure}()
 4 SYSTEMPATH/Common.php(1171): CodeIgniter\View\View->render('kd_project/dashboard_view', [], true)
 5 APPPATH/Controllers/Dashboard_controller.php(31): view('kd_project/dashboard_view', [...])
 6 SYSTEMPATH/CodeIgniter.php(933): App\Controllers\Dashboard_controller->index()
 7 SYSTEMPATH/CodeIgniter.php(509): CodeIgniter\CodeIgniter->runController(Object(App\Controllers\Dashboard_controller))
 8 SYSTEMPATH/CodeIgniter.php(355): CodeIgniter\CodeIgniter->handleRequest(null, Object(Config\Cache), false)
 9 SYSTEMPATH/Boot.php(325): CodeIgniter\CodeIgniter->run()
10 SYSTEMPATH/Boot.php(67): CodeIgniter\Boot::runCodeIgniter(Object(CodeIgniter\CodeIgniter))
11 FCPATH/index.php(56): CodeIgniter\Boot::bootWeb(Object(Config\Paths))
WARNING - 2024-09-21 08:39:10 --> [DEPRECATED] number_format(): Passing null to parameter #1 ($num) of type float is deprecated in APPPATH/Views/kd_project/dashboard_view.php on line 178.
 1 APPPATH/Views/kd_project/dashboard_view.php(178): number_format(null, 2)
 2 SYSTEMPATH/View/View.php(234): include('/home/u877349608/domains/muraridubey.com/public_html/codeigniter/app/Views/kd_project/dashboard_view.php')
 3 SYSTEMPATH/View/View.php(237): CodeIgniter\View\View->CodeIgniter\View\{closure}()
 4 SYSTEMPATH/Common.php(1171): CodeIgniter\View\View->render('kd_project/dashboard_view', [], true)
 5 APPPATH/Controllers/Dashboard_controller.php(31): view('kd_project/dashboard_view', [...])
 6 SYSTEMPATH/CodeIgniter.php(933): App\Controllers\Dashboard_controller->index()
 7 SYSTEMPATH/CodeIgniter.php(509): CodeIgniter\CodeIgniter->runController(Object(App\Controllers\Dashboard_controller))
 8 SYSTEMPATH/CodeIgniter.php(355): CodeIgniter\CodeIgniter->handleRequest(null, Object(Config\Cache), false)
 9 SYSTEMPATH/Boot.php(325): CodeIgniter\CodeIgniter->run()
10 SYSTEMPATH/Boot.php(67): CodeIgniter\Boot::runCodeIgniter(Object(CodeIgniter\CodeIgniter))
11 FCPATH/index.php(56): CodeIgniter\Boot::bootWeb(Object(Config\Paths))
WARNING - 2024-09-21 08:39:10 --> [DEPRECATED] number_format(): Passing null to parameter #1 ($num) of type float is deprecated in APPPATH/Views/kd_project/dashboard_view.php on line 171.
 1 APPPATH/Views/kd_project/dashboard_view.php(171): number_format(null, 2)
 2 SYSTEMPATH/View/View.php(234): include('/home/u877349608/domains/muraridubey.com/public_html/codeigniter/app/Views/kd_project/dashboard_view.php')
 3 SYSTEMPATH/View/View.php(237): CodeIgniter\View\View->CodeIgniter\View\{closure}()
 4 SYSTEMPATH/Common.php(1171): CodeIgniter\View\View->render('kd_project/dashboard_view', [], true)
 5 APPPATH/Controllers/Dashboard_controller.php(31): view('kd_project/dashboard_view', [...])
 6 SYSTEMPATH/CodeIgniter.php(933): App\Controllers\Dashboard_controller->index()
 7 SYSTEMPATH/CodeIgniter.php(509): CodeIgniter\CodeIgniter->runController(Object(App\Controllers\Dashboard_controller))
 8 SYSTEMPATH/CodeIgniter.php(355): CodeIgniter\CodeIgniter->handleRequest(null, Object(Config\Cache), false)
 9 SYSTEMPATH/Boot.php(325): CodeIgniter\CodeIgniter->run()
10 SYSTEMPATH/Boot.php(67): CodeIgniter\Boot::runCodeIgniter(Object(CodeIgniter\CodeIgniter))
11 FCPATH/index.php(56): CodeIgniter\Boot::bootWeb(Object(Config\Paths))
WARNING - 2024-09-21 08:39:10 --> [DEPRECATED] number_format(): Passing null to parameter #1 ($num) of type float is deprecated in APPPATH/Views/kd_project/dashboard_view.php on line 178.
 1 APPPATH/Views/kd_project/dashboard_view.php(178): number_format(null, 2)
 2 SYSTEMPATH/View/View.php(234): include('/home/u877349608/domains/muraridubey.com/public_html/codeigniter/app/Views/kd_project/dashboard_view.php')
 3 SYSTEMPATH/View/View.php(237): CodeIgniter\View\View->CodeIgniter\View\{closure}()
 4 SYSTEMPATH/Common.php(1171): CodeIgniter\View\View->render('kd_project/dashboard_view', [], true)
 5 APPPATH/Controllers/Dashboard_controller.php(31): view('kd_project/dashboard_view', [...])
 6 SYSTEMPATH/CodeIgniter.php(933): App\Controllers\Dashboard_controller->index()
 7 SYSTEMPATH/CodeIgniter.php(509): CodeIgniter\CodeIgniter->runController(Object(App\Controllers\Dashboard_controller))
 8 SYSTEMPATH/CodeIgniter.php(355): CodeIgniter\CodeIgniter->handleRequest(null, Object(Config\Cache), false)
 9 SYSTEMPATH/Boot.php(325): CodeIgniter\CodeIgniter->run()
10 SYSTEMPATH/Boot.php(67): CodeIgniter\Boot::runCodeIgniter(Object(CodeIgniter\CodeIgniter))
11 FCPATH/index.php(56): CodeIgniter\Boot::bootWeb(Object(Config\Paths))
WARNING - 2024-09-21 08:39:10 --> [DEPRECATED] number_format(): Passing null to parameter #1 ($num) of type float is deprecated in APPPATH/Views/kd_project/dashboard_view.php on line 171.
 1 APPPATH/Views/kd_project/dashboard_view.php(171): number_format(null, 2)
 2 SYSTEMPATH/View/View.php(234): include('/home/u877349608/domains/muraridubey.com/public_html/codeigniter/app/Views/kd_project/dashboard_view.php')
 3 SYSTEMPATH/View/View.php(237): CodeIgniter\View\View->CodeIgniter\View\{closure}()
 4 SYSTEMPATH/Common.php(1171): CodeIgniter\View\View->render('kd_project/dashboard_view', [], true)
 5 APPPATH/Controllers/Dashboard_controller.php(31): view('kd_project/dashboard_view', [...])
 6 SYSTEMPATH/CodeIgniter.php(933): App\Controllers\Dashboard_controller->index()
 7 SYSTEMPATH/CodeIgniter.php(509): CodeIgniter\CodeIgniter->runController(Object(App\Controllers\Dashboard_controller))
 8 SYSTEMPATH/CodeIgniter.php(355): CodeIgniter\CodeIgniter->handleRequest(null, Object(Config\Cache), false)
 9 SYSTEMPATH/Boot.php(325): CodeIgniter\CodeIgniter->run()
10 SYSTEMPATH/Boot.php(67): CodeIgniter\Boot::runCodeIgniter(Object(CodeIgniter\CodeIgniter))
11 FCPATH/index.php(56): CodeIgniter\Boot::bootWeb(Object(Config\Paths))
WARNING - 2024-09-21 08:39:10 --> [DEPRECATED] number_format(): Passing null to parameter #1 ($num) of type float is deprecated in APPPATH/Views/kd_project/dashboard_view.php on line 178.
 1 APPPATH/Views/kd_project/dashboard_view.php(178): number_format(null, 2)
 2 SYSTEMPATH/View/View.php(234): include('/home/u877349608/domains/muraridubey.com/public_html/codeigniter/app/Views/kd_project/dashboard_view.php')
 3 SYSTEMPATH/View/View.php(237): CodeIgniter\View\View->CodeIgniter\View\{closure}()
 4 SYSTEMPATH/Common.php(1171): CodeIgniter\View\View->render('kd_project/dashboard_view', [], true)
 5 APPPATH/Controllers/Dashboard_controller.php(31): view('kd_project/dashboard_view', [...])
 6 SYSTEMPATH/CodeIgniter.php(933): App\Controllers\Dashboard_controller->index()
 7 SYSTEMPATH/CodeIgniter.php(509): CodeIgniter\CodeIgniter->runController(Object(App\Controllers\Dashboard_controller))
 8 SYSTEMPATH/CodeIgniter.php(355): CodeIgniter\CodeIgniter->handleRequest(null, Object(Config\Cache), false)
 9 SYSTEMPATH/Boot.php(325): CodeIgniter\CodeIgniter->run()
10 SYSTEMPATH/Boot.php(67): CodeIgniter\Boot::runCodeIgniter(Object(CodeIgniter\CodeIgniter))
11 FCPATH/index.php(56): CodeIgniter\Boot::bootWeb(Object(Config\Paths))
WARNING - 2024-09-21 08:43:21 --> [DEPRECATED] number_format(): Passing null to parameter #1 ($num) of type float is deprecated in APPPATH/Views/kd_project/dashboard_view.php on line 170.
 1 APPPATH/Views/kd_project/dashboard_view.php(170): number_format(null, 2)
 2 SYSTEMPATH/View/View.php(234): include('/home/u877349608/domains/muraridubey.com/public_html/codeigniter/app/Views/kd_project/dashboard_view.php')
 3 SYSTEMPATH/View/View.php(237): CodeIgniter\View\View->CodeIgniter\View\{closure}()
 4 SYSTEMPATH/Common.php(1171): CodeIgniter\View\View->render('kd_project/dashboard_view', [], true)
 5 APPPATH/Controllers/Dashboard_controller.php(31): view('kd_project/dashboard_view', [...])
 6 SYSTEMPATH/CodeIgniter.php(933): App\Controllers\Dashboard_controller->index()
 7 SYSTEMPATH/CodeIgniter.php(509): CodeIgniter\CodeIgniter->runController(Object(App\Controllers\Dashboard_controller))
 8 SYSTEMPATH/CodeIgniter.php(355): CodeIgniter\CodeIgniter->handleRequest(null, Object(Config\Cache), false)
 9 SYSTEMPATH/Boot.php(325): CodeIgniter\CodeIgniter->run()
10 SYSTEMPATH/Boot.php(67): CodeIgniter\Boot::runCodeIgniter(Object(CodeIgniter\CodeIgniter))
11 FCPATH/index.php(56): CodeIgniter\Boot::bootWeb(Object(Config\Paths))
WARNING - 2024-09-21 08:43:21 --> [DEPRECATED] number_format(): Passing null to parameter #1 ($num) of type float is deprecated in APPPATH/Views/kd_project/dashboard_view.php on line 178.
 1 APPPATH/Views/kd_project/dashboard_view.php(178): number_format(null, 2)
 2 SYSTEMPATH/View/View.php(234): include('/home/u877349608/domains/muraridubey.com/public_html/codeigniter/app/Views/kd_project/dashboard_view.php')
 3 SYSTEMPATH/View/View.php(237): CodeIgniter\View\View->CodeIgniter\View\{closure}()
 4 SYSTEMPATH/Common.php(1171): CodeIgniter\View\View->render('kd_project/dashboard_view', [], true)
 5 APPPATH/Controllers/Dashboard_controller.php(31): view('kd_project/dashboard_view', [...])
 6 SYSTEMPATH/CodeIgniter.php(933): App\Controllers\Dashboard_controller->index()
 7 SYSTEMPATH/CodeIgniter.php(509): CodeIgniter\CodeIgniter->runController(Object(App\Controllers\Dashboard_controller))
 8 SYSTEMPATH/CodeIgniter.php(355): CodeIgniter\CodeIgniter->handleRequest(null, Object(Config\Cache), false)
 9 SYSTEMPATH/Boot.php(325): CodeIgniter\CodeIgniter->run()
10 SYSTEMPATH/Boot.php(67): CodeIgniter\Boot::runCodeIgniter(Object(CodeIgniter\CodeIgniter))
11 FCPATH/index.php(56): CodeIgniter\Boot::bootWeb(Object(Config\Paths))
WARNING - 2024-09-21 08:43:21 --> [DEPRECATED] number_format(): Passing null to parameter #1 ($num) of type float is deprecated in APPPATH/Views/kd_project/dashboard_view.php on line 170.
 1 APPPATH/Views/kd_project/dashboard_view.php(170): number_format(null, 2)
 2 SYSTEMPATH/View/View.php(234): include('/home/u877349608/domains/muraridubey.com/public_html/codeigniter/app/Views/kd_project/dashboard_view.php')
 3 SYSTEMPATH/View/View.php(237): CodeIgniter\View\View->CodeIgniter\View\{closure}()
 4 SYSTEMPATH/Common.php(1171): CodeIgniter\View\View->render('kd_project/dashboard_view', [], true)
 5 APPPATH/Controllers/Dashboard_controller.php(31): view('kd_project/dashboard_view', [...])
 6 SYSTEMPATH/CodeIgniter.php(933): App\Controllers\Dashboard_controller->index()
 7 SYSTEMPATH/CodeIgniter.php(509): CodeIgniter\CodeIgniter->runController(Object(App\Controllers\Dashboard_controller))
 8 SYSTEMPATH/CodeIgniter.php(355): CodeIgniter\CodeIgniter->handleRequest(null, Object(Config\Cache), false)
 9 SYSTEMPATH/Boot.php(325): CodeIgniter\CodeIgniter->run()
10 SYSTEMPATH/Boot.php(67): CodeIgniter\Boot::runCodeIgniter(Object(CodeIgniter\CodeIgniter))
11 FCPATH/index.php(56): CodeIgniter\Boot::bootWeb(Object(Config\Paths))
WARNING - 2024-09-21 08:43:21 --> [DEPRECATED] number_format(): Passing null to parameter #1 ($num) of type float is deprecated in APPPATH/Views/kd_project/dashboard_view.php on line 178.
 1 APPPATH/Views/kd_project/dashboard_view.php(178): number_format(null, 2)
 2 SYSTEMPATH/View/View.php(234): include('/home/u877349608/domains/muraridubey.com/public_html/codeigniter/app/Views/kd_project/dashboard_view.php')
 3 SYSTEMPATH/View/View.php(237): CodeIgniter\View\View->CodeIgniter\View\{closure}()
 4 SYSTEMPATH/Common.php(1171): CodeIgniter\View\View->render('kd_project/dashboard_view', [], true)
 5 APPPATH/Controllers/Dashboard_controller.php(31): view('kd_project/dashboard_view', [...])
 6 SYSTEMPATH/CodeIgniter.php(933): App\Controllers\Dashboard_controller->index()
 7 SYSTEMPATH/CodeIgniter.php(509): CodeIgniter\CodeIgniter->runController(Object(App\Controllers\Dashboard_controller))
 8 SYSTEMPATH/CodeIgniter.php(355): CodeIgniter\CodeIgniter->handleRequest(null, Object(Config\Cache), false)
 9 SYSTEMPATH/Boot.php(325): CodeIgniter\CodeIgniter->run()
10 SYSTEMPATH/Boot.php(67): CodeIgniter\Boot::runCodeIgniter(Object(CodeIgniter\CodeIgniter))
11 FCPATH/index.php(56): CodeIgniter\Boot::bootWeb(Object(Config\Paths))
WARNING - 2024-09-21 08:43:21 --> [DEPRECATED] number_format(): Passing null to parameter #1 ($num) of type float is deprecated in APPPATH/Views/kd_project/dashboard_view.php on line 178.
 1 APPPATH/Views/kd_project/dashboard_view.php(178): number_format(null, 2)
 2 SYSTEMPATH/View/View.php(234): include('/home/u877349608/domains/muraridubey.com/public_html/codeigniter/app/Views/kd_project/dashboard_view.php')
 3 SYSTEMPATH/View/View.php(237): CodeIgniter\View\View->CodeIgniter\View\{closure}()
 4 SYSTEMPATH/Common.php(1171): CodeIgniter\View\View->render('kd_project/dashboard_view', [], true)
 5 APPPATH/Controllers/Dashboard_controller.php(31): view('kd_project/dashboard_view', [...])
 6 SYSTEMPATH/CodeIgniter.php(933): App\Controllers\Dashboard_controller->index()
 7 SYSTEMPATH/CodeIgniter.php(509): CodeIgniter\CodeIgniter->runController(Object(App\Controllers\Dashboard_controller))
 8 SYSTEMPATH/CodeIgniter.php(355): CodeIgniter\CodeIgniter->handleRequest(null, Object(Config\Cache), false)
 9 SYSTEMPATH/Boot.php(325): CodeIgniter\CodeIgniter->run()
10 SYSTEMPATH/Boot.php(67): CodeIgniter\Boot::runCodeIgniter(Object(CodeIgniter\CodeIgniter))
11 FCPATH/index.php(56): CodeIgniter\Boot::bootWeb(Object(Config\Paths))
WARNING - 2024-09-21 08:43:21 --> [DEPRECATED] number_format(): Passing null to parameter #1 ($num) of type float is deprecated in APPPATH/Views/kd_project/dashboard_view.php on line 174.
 1 APPPATH/Views/kd_project/dashboard_view.php(174): number_format(null, 2)
 2 SYSTEMPATH/View/View.php(234): include('/home/u877349608/domains/muraridubey.com/public_html/codeigniter/app/Views/kd_project/dashboard_view.php')
 3 SYSTEMPATH/View/View.php(237): CodeIgniter\View\View->CodeIgniter\View\{closure}()
 4 SYSTEMPATH/Common.php(1171): CodeIgniter\View\View->render('kd_project/dashboard_view', [], true)
 5 APPPATH/Controllers/Dashboard_controller.php(31): view('kd_project/dashboard_view', [...])
 6 SYSTEMPATH/CodeIgniter.php(933): App\Controllers\Dashboard_controller->index()
 7 SYSTEMPATH/CodeIgniter.php(509): CodeIgniter\CodeIgniter->runController(Object(App\Controllers\Dashboard_controller))
 8 SYSTEMPATH/CodeIgniter.php(355): CodeIgniter\CodeIgniter->handleRequest(null, Object(Config\Cache), false)
 9 SYSTEMPATH/Boot.php(325): CodeIgniter\CodeIgniter->run()
10 SYSTEMPATH/Boot.php(67): CodeIgniter\Boot::runCodeIgniter(Object(CodeIgniter\CodeIgniter))
11 FCPATH/index.php(56): CodeIgniter\Boot::bootWeb(Object(Config\Paths))
WARNING - 2024-09-21 08:43:21 --> [DEPRECATED] number_format(): Passing null to parameter #1 ($num) of type float is deprecated in APPPATH/Views/kd_project/dashboard_view.php on line 178.
 1 APPPATH/Views/kd_project/dashboard_view.php(178): number_format(null, 2)
 2 SYSTEMPATH/View/View.php(234): include('/home/u877349608/domains/muraridubey.com/public_html/codeigniter/app/Views/kd_project/dashboard_view.php')
 3 SYSTEMPATH/View/View.php(237): CodeIgniter\View\View->CodeIgniter\View\{closure}()
 4 SYSTEMPATH/Common.php(1171): CodeIgniter\View\View->render('kd_project/dashboard_view', [], true)
 5 APPPATH/Controllers/Dashboard_controller.php(31): view('kd_project/dashboard_view', [...])
 6 SYSTEMPATH/CodeIgniter.php(933): App\Controllers\Dashboard_controller->index()
 7 SYSTEMPATH/CodeIgniter.php(509): CodeIgniter\CodeIgniter->runController(Object(App\Controllers\Dashboard_controller))
 8 SYSTEMPATH/CodeIgniter.php(355): CodeIgniter\CodeIgniter->handleRequest(null, Object(Config\Cache), false)
 9 SYSTEMPATH/Boot.php(325): CodeIgniter\CodeIgniter->run()
10 SYSTEMPATH/Boot.php(67): CodeIgniter\Boot::runCodeIgniter(Object(CodeIgniter\CodeIgniter))
11 FCPATH/index.php(56): CodeIgniter\Boot::bootWeb(Object(Config\Paths))
WARNING - 2024-09-21 08:43:21 --> [DEPRECATED] number_format(): Passing null to parameter #1 ($num) of type float is deprecated in APPPATH/Views/kd_project/dashboard_view.php on line 171.
 1 APPPATH/Views/kd_project/dashboard_view.php(171): number_format(null, 2)
 2 SYSTEMPATH/View/View.php(234): include('/home/u877349608/domains/muraridubey.com/public_html/codeigniter/app/Views/kd_project/dashboard_view.php')
 3 SYSTEMPATH/View/View.php(237): CodeIgniter\View\View->CodeIgniter\View\{closure}()
 4 SYSTEMPATH/Common.php(1171): CodeIgniter\View\View->render('kd_project/dashboard_view', [], true)
 5 APPPATH/Controllers/Dashboard_controller.php(31): view('kd_project/dashboard_view', [...])
 6 SYSTEMPATH/CodeIgniter.php(933): App\Controllers\Dashboard_controller->index()
 7 SYSTEMPATH/CodeIgniter.php(509): CodeIgniter\CodeIgniter->runController(Object(App\Controllers\Dashboard_controller))
 8 SYSTEMPATH/CodeIgniter.php(355): CodeIgniter\CodeIgniter->handleRequest(null, Object(Config\Cache), false)
 9 SYSTEMPATH/Boot.php(325): CodeIgniter\CodeIgniter->run()
10 SYSTEMPATH/Boot.php(67): CodeIgniter\Boot::runCodeIgniter(Object(CodeIgniter\CodeIgniter))
11 FCPATH/index.php(56): CodeIgniter\Boot::bootWeb(Object(Config\Paths))
WARNING - 2024-09-21 08:43:21 --> [DEPRECATED] number_format(): Passing null to parameter #1 ($num) of type float is deprecated in APPPATH/Views/kd_project/dashboard_view.php on line 178.
 1 APPPATH/Views/kd_project/dashboard_view.php(178): number_format(null, 2)
 2 SYSTEMPATH/View/View.php(234): include('/home/u877349608/domains/muraridubey.com/public_html/codeigniter/app/Views/kd_project/dashboard_view.php')
 3 SYSTEMPATH/View/View.php(237): CodeIgniter\View\View->CodeIgniter\View\{closure}()
 4 SYSTEMPATH/Common.php(1171): CodeIgniter\View\View->render('kd_project/dashboard_view', [], true)
 5 APPPATH/Controllers/Dashboard_controller.php(31): view('kd_project/dashboard_view', [...])
 6 SYSTEMPATH/CodeIgniter.php(933): App\Controllers\Dashboard_controller->index()
 7 SYSTEMPATH/CodeIgniter.php(509): CodeIgniter\CodeIgniter->runController(Object(App\Controllers\Dashboard_controller))
 8 SYSTEMPATH/CodeIgniter.php(355): CodeIgniter\CodeIgniter->handleRequest(null, Object(Config\Cache), false)
 9 SYSTEMPATH/Boot.php(325): CodeIgniter\CodeIgniter->run()
10 SYSTEMPATH/Boot.php(67): CodeIgniter\Boot::runCodeIgniter(Object(CodeIgniter\CodeIgniter))
11 FCPATH/index.php(56): CodeIgniter\Boot::bootWeb(Object(Config\Paths))
WARNING - 2024-09-21 08:43:21 --> [DEPRECATED] number_format(): Passing null to parameter #1 ($num) of type float is deprecated in APPPATH/Views/kd_project/dashboard_view.php on line 171.
 1 APPPATH/Views/kd_project/dashboard_view.php(171): number_format(null, 2)
 2 SYSTEMPATH/View/View.php(234): include('/home/u877349608/domains/muraridubey.com/public_html/codeigniter/app/Views/kd_project/dashboard_view.php')
 3 SYSTEMPATH/View/View.php(237): CodeIgniter\View\View->CodeIgniter\View\{closure}()
 4 SYSTEMPATH/Common.php(1171): CodeIgniter\View\View->render('kd_project/dashboard_view', [], true)
 5 APPPATH/Controllers/Dashboard_controller.php(31): view('kd_project/dashboard_view', [...])
 6 SYSTEMPATH/CodeIgniter.php(933): App\Controllers\Dashboard_controller->index()
 7 SYSTEMPATH/CodeIgniter.php(509): CodeIgniter\CodeIgniter->runController(Object(App\Controllers\Dashboard_controller))
 8 SYSTEMPATH/CodeIgniter.php(355): CodeIgniter\CodeIgniter->handleRequest(null, Object(Config\Cache), false)
 9 SYSTEMPATH/Boot.php(325): CodeIgniter\CodeIgniter->run()
10 SYSTEMPATH/Boot.php(67): CodeIgniter\Boot::runCodeIgniter(Object(CodeIgniter\CodeIgniter))
11 FCPATH/index.php(56): CodeIgniter\Boot::bootWeb(Object(Config\Paths))
WARNING - 2024-09-21 08:43:21 --> [DEPRECATED] number_format(): Passing null to parameter #1 ($num) of type float is deprecated in APPPATH/Views/kd_project/dashboard_view.php on line 178.
 1 APPPATH/Views/kd_project/dashboard_view.php(178): number_format(null, 2)
 2 SYSTEMPATH/View/View.php(234): include('/home/u877349608/domains/muraridubey.com/public_html/codeigniter/app/Views/kd_project/dashboard_view.php')
 3 SYSTEMPATH/View/View.php(237): CodeIgniter\View\View->CodeIgniter\View\{closure}()
 4 SYSTEMPATH/Common.php(1171): CodeIgniter\View\View->render('kd_project/dashboard_view', [], true)
 5 APPPATH/Controllers/Dashboard_controller.php(31): view('kd_project/dashboard_view', [...])
 6 SYSTEMPATH/CodeIgniter.php(933): App\Controllers\Dashboard_controller->index()
 7 SYSTEMPATH/CodeIgniter.php(509): CodeIgniter\CodeIgniter->runController(Object(App\Controllers\Dashboard_controller))
 8 SYSTEMPATH/CodeIgniter.php(355): CodeIgniter\CodeIgniter->handleRequest(null, Object(Config\Cache), false)
 9 SYSTEMPATH/Boot.php(325): CodeIgniter\CodeIgniter->run()
10 SYSTEMPATH/Boot.php(67): CodeIgniter\Boot::runCodeIgniter(Object(CodeIgniter\CodeIgniter))
11 FCPATH/index.php(56): CodeIgniter\Boot::bootWeb(Object(Config\Paths))
INFO - 2024-09-21 16:59:04 --> Session: Class initialized using 'CodeIgniter\Session\Handlers\FileHandler' driver.
INFO - 2024-09-21 16:59:04 --> Session: Class initialized using 'CodeIgniter\Session\Handlers\FileHandler' driver.
CRITICAL - 2024-09-21 16:59:04 --> CodeIgniter\View\Exceptions\ViewException: Invalid file: "kd_project\login_view.php"
[Method: GET, Route: login]
in SYSTEMPATH/Exceptions/FrameworkException.php on line 41.
 1 SYSTEMPATH/View/View.php(222): CodeIgniter\Exceptions\FrameworkException::forInvalidFile()
 2 SYSTEMPATH/Common.php(1171): CodeIgniter\View\View->render()
 3 APPPATH/Controllers/Login_controller.php(19): view()
 4 SYSTEMPATH/CodeIgniter.php(933): App\Controllers\Login_controller->login()
 5 SYSTEMPATH/CodeIgniter.php(509): CodeIgniter\CodeIgniter->runController()
 6 SYSTEMPATH/CodeIgniter.php(355): CodeIgniter\CodeIgniter->handleRequest()
 7 SYSTEMPATH/Boot.php(325): CodeIgniter\CodeIgniter->run()
 8 SYSTEMPATH/Boot.php(67): CodeIgniter\Boot::runCodeIgniter()
 9 FCPATH/index.php(56): CodeIgniter\Boot::bootWeb()
INFO - 2024-09-21 16:59:47 --> Session: Class initialized using 'CodeIgniter\Session\Handlers\FileHandler' driver.
CRITICAL - 2024-09-21 16:59:47 --> CodeIgniter\View\Exceptions\ViewException: Invalid file: "kd_project\login_view.php"
[Method: GET, Route: login]
in SYSTEMPATH/Exceptions/FrameworkException.php on line 41.
 1 SYSTEMPATH/View/View.php(222): CodeIgniter\Exceptions\FrameworkException::forInvalidFile()
 2 SYSTEMPATH/Common.php(1171): CodeIgniter\View\View->render()
 3 APPPATH/Controllers/Login_controller.php(19): view()
 4 SYSTEMPATH/CodeIgniter.php(933): App\Controllers\Login_controller->login()
 5 SYSTEMPATH/CodeIgniter.php(509): CodeIgniter\CodeIgniter->runController()
 6 SYSTEMPATH/CodeIgniter.php(355): CodeIgniter\CodeIgniter->handleRequest()
 7 SYSTEMPATH/Boot.php(325): CodeIgniter\CodeIgniter->run()
 8 SYSTEMPATH/Boot.php(67): CodeIgniter\Boot::runCodeIgniter()
 9 FCPATH/index.php(56): CodeIgniter\Boot::bootWeb()
INFO - 2024-09-21 17:00:11 --> Session: Class initialized using 'CodeIgniter\Session\Handlers\FileHandler' driver.
INFO - 2024-09-21 17:00:16 --> Session: Class initialized using 'CodeIgniter\Session\Handlers\FileHandler' driver.
INFO - 2024-09-21 17:02:03 --> Session: Class initialized using 'CodeIgniter\Session\Handlers\FileHandler' driver.
INFO - 2024-09-21 17:04:15 --> Session: Class initialized using 'CodeIgniter\Session\Handlers\FileHandler' driver.
INFO - 2024-09-21 17:04:16 --> Session: Class initialized using 'CodeIgniter\Session\Handlers\FileHandler' driver.
CRITICAL - 2024-09-21 17:04:16 --> CodeIgniter\View\Exceptions\ViewException: Invalid file: "kd_project\header_view.php"
[Method: GET, Route: accounts]
in SYSTEMPATH/Exceptions/FrameworkException.php on line 41.
 1 SYSTEMPATH/View/View.php(222): CodeIgniter\Exceptions\FrameworkException::forInvalidFile()
 2 SYSTEMPATH/Common.php(1171): CodeIgniter\View\View->render()
 3 APPPATH/Controllers/Account_controller.php(36): view()
 4 SYSTEMPATH/CodeIgniter.php(933): App\Controllers\Account_controller->index()
 5 SYSTEMPATH/CodeIgniter.php(509): CodeIgniter\CodeIgniter->runController()
 6 SYSTEMPATH/CodeIgniter.php(355): CodeIgniter\CodeIgniter->handleRequest()
 7 SYSTEMPATH/Boot.php(325): CodeIgniter\CodeIgniter->run()
 8 SYSTEMPATH/Boot.php(67): CodeIgniter\Boot::runCodeIgniter()
 9 FCPATH/index.php(56): CodeIgniter\Boot::bootWeb()
INFO - 2024-09-21 17:05:13 --> Session: Class initialized using 'CodeIgniter\Session\Handlers\FileHandler' driver.
INFO - 2024-09-21 17:05:45 --> Session: Class initialized using 'CodeIgniter\Session\Handlers\FileHandler' driver.
INFO - 2024-09-21 17:05:46 --> Session: Class initialized using 'CodeIgniter\Session\Handlers\FileHandler' driver.
CRITICAL - 2024-09-21 17:05:46 --> CodeIgniter\View\Exceptions\ViewException: Invalid file: "kd_project\header_view.php"
[Method: GET, Route: accounts]
in SYSTEMPATH/Exceptions/FrameworkException.php on line 41.
 1 SYSTEMPATH/View/View.php(222): CodeIgniter\Exceptions\FrameworkException::forInvalidFile()
 2 SYSTEMPATH/Common.php(1171): CodeIgniter\View\View->render()
 3 APPPATH/Controllers/Account_controller.php(36): view()
 4 SYSTEMPATH/CodeIgniter.php(933): App\Controllers\Account_controller->index()
 5 SYSTEMPATH/CodeIgniter.php(509): CodeIgniter\CodeIgniter->runController()
 6 SYSTEMPATH/CodeIgniter.php(355): CodeIgniter\CodeIgniter->handleRequest()
 7 SYSTEMPATH/Boot.php(325): CodeIgniter\CodeIgniter->run()
 8 SYSTEMPATH/Boot.php(67): CodeIgniter\Boot::runCodeIgniter()
 9 FCPATH/index.php(56): CodeIgniter\Boot::bootWeb()
INFO - 2024-09-21 17:06:15 --> Session: Class initialized using 'CodeIgniter\Session\Handlers\FileHandler' driver.
INFO - 2024-09-21 17:08:04 --> Session: Class initialized using 'CodeIgniter\Session\Handlers\FileHandler' driver.
INFO - 2024-09-21 17:10:56 --> Session: Class initialized using 'CodeIgniter\Session\Handlers\FileHandler' driver.
INFO - 2024-09-21 17:11:02 --> Session: Class initialized using 'CodeIgniter\Session\Handlers\FileHandler' driver.
INFO - 2024-09-21 17:11:50 --> Session: Class initialized using 'CodeIgniter\Session\Handlers\FileHandler' driver.
INFO - 2024-09-21 17:11:50 --> Session: Class initialized using 'CodeIgniter\Session\Handlers\FileHandler' driver.
INFO - 2024-09-21 17:12:22 --> Session: Class initialized using 'CodeIgniter\Session\Handlers\FileHandler' driver.
INFO - 2024-09-21 17:12:22 --> Session: Class initialized using 'CodeIgniter\Session\Handlers\FileHandler' driver.
INFO - 2024-09-21 17:12:32 --> Session: Class initialized using 'CodeIgniter\Session\Handlers\FileHandler' driver.
INFO - 2024-09-21 17:12:32 --> Session: Class initialized using 'CodeIgniter\Session\Handlers\FileHandler' driver.
INFO - 2024-09-21 17:12:44 --> Session: Class initialized using 'CodeIgniter\Session\Handlers\FileHandler' driver.
INFO - 2024-09-21 17:12:44 --> Session: Class initialized using 'CodeIgniter\Session\Handlers\FileHandler' driver.
INFO - 2024-09-21 17:12:53 --> Session: Class initialized using 'CodeIgniter\Session\Handlers\FileHandler' driver.
INFO - 2024-09-21 17:12:54 --> Session: Class initialized using 'CodeIgniter\Session\Handlers\FileHandler' driver.
INFO - 2024-09-21 17:13:00 --> Session: Class initialized using 'CodeIgniter\Session\Handlers\FileHandler' driver.
INFO - 2024-09-21 17:13:00 --> Session: Class initialized using 'CodeIgniter\Session\Handlers\FileHandler' driver.
INFO - 2024-09-21 17:13:17 --> Session: Class initialized using 'CodeIgniter\Session\Handlers\FileHandler' driver.
INFO - 2024-09-21 17:13:39 --> Session: Class initialized using 'CodeIgniter\Session\Handlers\FileHandler' driver.
INFO - 2024-09-21 17:14:49 --> Session: Class initialized using 'CodeIgniter\Session\Handlers\FileHandler' driver.
INFO - 2024-09-21 17:14:49 --> Session: Class initialized using 'CodeIgniter\Session\Handlers\FileHandler' driver.
WARNING - 2024-09-21 17:16:41 --> [DEPRECATED] number_format(): Passing null to parameter #1 ($num) of type float is deprecated in APPPATH/Views/kd_project/dashboard_view.php on line 170.
 1 APPPATH/Views/kd_project/dashboard_view.php(170): number_format(null, 2)
 2 SYSTEMPATH/View/View.php(234): include('/home/u877349608/domains/muraridubey.com/public_html/codeigniter/app/Views/kd_project/dashboard_view.php')
 3 SYSTEMPATH/View/View.php(237): CodeIgniter\View\View->CodeIgniter\View\{closure}()
 4 SYSTEMPATH/Common.php(1171): CodeIgniter\View\View->render('kd_project/dashboard_view', [], true)
 5 APPPATH/Controllers/Dashboard_controller.php(31): view('kd_project/dashboard_view', [...])
 6 SYSTEMPATH/CodeIgniter.php(933): App\Controllers\Dashboard_controller->index()
 7 SYSTEMPATH/CodeIgniter.php(509): CodeIgniter\CodeIgniter->runController(Object(App\Controllers\Dashboard_controller))
 8 SYSTEMPATH/CodeIgniter.php(355): CodeIgniter\CodeIgniter->handleRequest(null, Object(Config\Cache), false)
 9 SYSTEMPATH/Boot.php(325): CodeIgniter\CodeIgniter->run()
10 SYSTEMPATH/Boot.php(67): CodeIgniter\Boot::runCodeIgniter(Object(CodeIgniter\CodeIgniter))
11 FCPATH/index.php(56): CodeIgniter\Boot::bootWeb(Object(Config\Paths))
WARNING - 2024-09-21 17:16:41 --> [DEPRECATED] number_format(): Passing null to parameter #1 ($num) of type float is deprecated in APPPATH/Views/kd_project/dashboard_view.php on line 178.
 1 APPPATH/Views/kd_project/dashboard_view.php(178): number_format(null, 2)
 2 SYSTEMPATH/View/View.php(234): include('/home/u877349608/domains/muraridubey.com/public_html/codeigniter/app/Views/kd_project/dashboard_view.php')
 3 SYSTEMPATH/View/View.php(237): CodeIgniter\View\View->CodeIgniter\View\{closure}()
 4 SYSTEMPATH/Common.php(1171): CodeIgniter\View\View->render('kd_project/dashboard_view', [], true)
 5 APPPATH/Controllers/Dashboard_controller.php(31): view('kd_project/dashboard_view', [...])
 6 SYSTEMPATH/CodeIgniter.php(933): App\Controllers\Dashboard_controller->index()
 7 SYSTEMPATH/CodeIgniter.php(509): CodeIgniter\CodeIgniter->runController(Object(App\Controllers\Dashboard_controller))
 8 SYSTEMPATH/CodeIgniter.php(355): CodeIgniter\CodeIgniter->handleRequest(null, Object(Config\Cache), false)
 9 SYSTEMPATH/Boot.php(325): CodeIgniter\CodeIgniter->run()
10 SYSTEMPATH/Boot.php(67): CodeIgniter\Boot::runCodeIgniter(Object(CodeIgniter\CodeIgniter))
11 FCPATH/index.php(56): CodeIgniter\Boot::bootWeb(Object(Config\Paths))
WARNING - 2024-09-21 17:16:41 --> [DEPRECATED] number_format(): Passing null to parameter #1 ($num) of type float is deprecated in APPPATH/Views/kd_project/dashboard_view.php on line 170.
 1 APPPATH/Views/kd_project/dashboard_view.php(170): number_format(null, 2)
 2 SYSTEMPATH/View/View.php(234): include('/home/u877349608/domains/muraridubey.com/public_html/codeigniter/app/Views/kd_project/dashboard_view.php')
 3 SYSTEMPATH/View/View.php(237): CodeIgniter\View\View->CodeIgniter\View\{closure}()
 4 SYSTEMPATH/Common.php(1171): CodeIgniter\View\View->render('kd_project/dashboard_view', [], true)
 5 APPPATH/Controllers/Dashboard_controller.php(31): view('kd_project/dashboard_view', [...])
 6 SYSTEMPATH/CodeIgniter.php(933): App\Controllers\Dashboard_controller->index()
 7 SYSTEMPATH/CodeIgniter.php(509): CodeIgniter\CodeIgniter->runController(Object(App\Controllers\Dashboard_controller))
 8 SYSTEMPATH/CodeIgniter.php(355): CodeIgniter\CodeIgniter->handleRequest(null, Object(Config\Cache), false)
 9 SYSTEMPATH/Boot.php(325): CodeIgniter\CodeIgniter->run()
10 SYSTEMPATH/Boot.php(67): CodeIgniter\Boot::runCodeIgniter(Object(CodeIgniter\CodeIgniter))
11 FCPATH/index.php(56): CodeIgniter\Boot::bootWeb(Object(Config\Paths))
WARNING - 2024-09-21 17:16:41 --> [DEPRECATED] number_format(): Passing null to parameter #1 ($num) of type float is deprecated in APPPATH/Views/kd_project/dashboard_view.php on line 178.
 1 APPPATH/Views/kd_project/dashboard_view.php(178): number_format(null, 2)
 2 SYSTEMPATH/View/View.php(234): include('/home/u877349608/domains/muraridubey.com/public_html/codeigniter/app/Views/kd_project/dashboard_view.php')
 3 SYSTEMPATH/View/View.php(237): CodeIgniter\View\View->CodeIgniter\View\{closure}()
 4 SYSTEMPATH/Common.php(1171): CodeIgniter\View\View->render('kd_project/dashboard_view', [], true)
 5 APPPATH/Controllers/Dashboard_controller.php(31): view('kd_project/dashboard_view', [...])
 6 SYSTEMPATH/CodeIgniter.php(933): App\Controllers\Dashboard_controller->index()
 7 SYSTEMPATH/CodeIgniter.php(509): CodeIgniter\CodeIgniter->runController(Object(App\Controllers\Dashboard_controller))
 8 SYSTEMPATH/CodeIgniter.php(355): CodeIgniter\CodeIgniter->handleRequest(null, Object(Config\Cache), false)
 9 SYSTEMPATH/Boot.php(325): CodeIgniter\CodeIgniter->run()
10 SYSTEMPATH/Boot.php(67): CodeIgniter\Boot::runCodeIgniter(Object(CodeIgniter\CodeIgniter))
11 FCPATH/index.php(56): CodeIgniter\Boot::bootWeb(Object(Config\Paths))
WARNING - 2024-09-21 17:16:41 --> [DEPRECATED] number_format(): Passing null to parameter #1 ($num) of type float is deprecated in APPPATH/Views/kd_project/dashboard_view.php on line 178.
 1 APPPATH/Views/kd_project/dashboard_view.php(178): number_format(null, 2)
 2 SYSTEMPATH/View/View.php(234): include('/home/u877349608/domains/muraridubey.com/public_html/codeigniter/app/Views/kd_project/dashboard_view.php')
 3 SYSTEMPATH/View/View.php(237): CodeIgniter\View\View->CodeIgniter\View\{closure}()
 4 SYSTEMPATH/Common.php(1171): CodeIgniter\View\View->render('kd_project/dashboard_view', [], true)
 5 APPPATH/Controllers/Dashboard_controller.php(31): view('kd_project/dashboard_view', [...])
 6 SYSTEMPATH/CodeIgniter.php(933): App\Controllers\Dashboard_controller->index()
 7 SYSTEMPATH/CodeIgniter.php(509): CodeIgniter\CodeIgniter->runController(Object(App\Controllers\Dashboard_controller))
 8 SYSTEMPATH/CodeIgniter.php(355): CodeIgniter\CodeIgniter->handleRequest(null, Object(Config\Cache), false)
 9 SYSTEMPATH/Boot.php(325): CodeIgniter\CodeIgniter->run()
10 SYSTEMPATH/Boot.php(67): CodeIgniter\Boot::runCodeIgniter(Object(CodeIgniter\CodeIgniter))
11 FCPATH/index.php(56): CodeIgniter\Boot::bootWeb(Object(Config\Paths))
WARNING - 2024-09-21 17:16:41 --> [DEPRECATED] number_format(): Passing null to parameter #1 ($num) of type float is deprecated in APPPATH/Views/kd_project/dashboard_view.php on line 174.
 1 APPPATH/Views/kd_project/dashboard_view.php(174): number_format(null, 2)
 2 SYSTEMPATH/View/View.php(234): include('/home/u877349608/domains/muraridubey.com/public_html/codeigniter/app/Views/kd_project/dashboard_view.php')
 3 SYSTEMPATH/View/View.php(237): CodeIgniter\View\View->CodeIgniter\View\{closure}()
 4 SYSTEMPATH/Common.php(1171): CodeIgniter\View\View->render('kd_project/dashboard_view', [], true)
 5 APPPATH/Controllers/Dashboard_controller.php(31): view('kd_project/dashboard_view', [...])
 6 SYSTEMPATH/CodeIgniter.php(933): App\Controllers\Dashboard_controller->index()
 7 SYSTEMPATH/CodeIgniter.php(509): CodeIgniter\CodeIgniter->runController(Object(App\Controllers\Dashboard_controller))
 8 SYSTEMPATH/CodeIgniter.php(355): CodeIgniter\CodeIgniter->handleRequest(null, Object(Config\Cache), false)
 9 SYSTEMPATH/Boot.php(325): CodeIgniter\CodeIgniter->run()
10 SYSTEMPATH/Boot.php(67): CodeIgniter\Boot::runCodeIgniter(Object(CodeIgniter\CodeIgniter))
11 FCPATH/index.php(56): CodeIgniter\Boot::bootWeb(Object(Config\Paths))
WARNING - 2024-09-21 17:16:41 --> [DEPRECATED] number_format(): Passing null to parameter #1 ($num) of type float is deprecated in APPPATH/Views/kd_project/dashboard_view.php on line 178.
 1 APPPATH/Views/kd_project/dashboard_view.php(178): number_format(null, 2)
 2 SYSTEMPATH/View/View.php(234): include('/home/u877349608/domains/muraridubey.com/public_html/codeigniter/app/Views/kd_project/dashboard_view.php')
 3 SYSTEMPATH/View/View.php(237): CodeIgniter\View\View->CodeIgniter\View\{closure}()
 4 SYSTEMPATH/Common.php(1171): CodeIgniter\View\View->render('kd_project/dashboard_view', [], true)
 5 APPPATH/Controllers/Dashboard_controller.php(31): view('kd_project/dashboard_view', [...])
 6 SYSTEMPATH/CodeIgniter.php(933): App\Controllers\Dashboard_controller->index()
 7 SYSTEMPATH/CodeIgniter.php(509): CodeIgniter\CodeIgniter->runController(Object(App\Controllers\Dashboard_controller))
 8 SYSTEMPATH/CodeIgniter.php(355): CodeIgniter\CodeIgniter->handleRequest(null, Object(Config\Cache), false)
 9 SYSTEMPATH/Boot.php(325): CodeIgniter\CodeIgniter->run()
10 SYSTEMPATH/Boot.php(67): CodeIgniter\Boot::runCodeIgniter(Object(CodeIgniter\CodeIgniter))
11 FCPATH/index.php(56): CodeIgniter\Boot::bootWeb(Object(Config\Paths))
WARNING - 2024-09-21 17:16:41 --> [DEPRECATED] number_format(): Passing null to parameter #1 ($num) of type float is deprecated in APPPATH/Views/kd_project/dashboard_view.php on line 171.
 1 APPPATH/Views/kd_project/dashboard_view.php(171): number_format(null, 2)
 2 SYSTEMPATH/View/View.php(234): include('/home/u877349608/domains/muraridubey.com/public_html/codeigniter/app/Views/kd_project/dashboard_view.php')
 3 SYSTEMPATH/View/View.php(237): CodeIgniter\View\View->CodeIgniter\View\{closure}()
 4 SYSTEMPATH/Common.php(1171): CodeIgniter\View\View->render('kd_project/dashboard_view', [], true)
 5 APPPATH/Controllers/Dashboard_controller.php(31): view('kd_project/dashboard_view', [...])
 6 SYSTEMPATH/CodeIgniter.php(933): App\Controllers\Dashboard_controller->index()
 7 SYSTEMPATH/CodeIgniter.php(509): CodeIgniter\CodeIgniter->runController(Object(App\Controllers\Dashboard_controller))
 8 SYSTEMPATH/CodeIgniter.php(355): CodeIgniter\CodeIgniter->handleRequest(null, Object(Config\Cache), false)
 9 SYSTEMPATH/Boot.php(325): CodeIgniter\CodeIgniter->run()
10 SYSTEMPATH/Boot.php(67): CodeIgniter\Boot::runCodeIgniter(Object(CodeIgniter\CodeIgniter))
11 FCPATH/index.php(56): CodeIgniter\Boot::bootWeb(Object(Config\Paths))
WARNING - 2024-09-21 17:16:41 --> [DEPRECATED] number_format(): Passing null to parameter #1 ($num) of type float is deprecated in APPPATH/Views/kd_project/dashboard_view.php on line 178.
 1 APPPATH/Views/kd_project/dashboard_view.php(178): number_format(null, 2)
 2 SYSTEMPATH/View/View.php(234): include('/home/u877349608/domains/muraridubey.com/public_html/codeigniter/app/Views/kd_project/dashboard_view.php')
 3 SYSTEMPATH/View/View.php(237): CodeIgniter\View\View->CodeIgniter\View\{closure}()
 4 SYSTEMPATH/Common.php(1171): CodeIgniter\View\View->render('kd_project/dashboard_view', [], true)
 5 APPPATH/Controllers/Dashboard_controller.php(31): view('kd_project/dashboard_view', [...])
 6 SYSTEMPATH/CodeIgniter.php(933): App\Controllers\Dashboard_controller->index()
 7 SYSTEMPATH/CodeIgniter.php(509): CodeIgniter\CodeIgniter->runController(Object(App\Controllers\Dashboard_controller))
 8 SYSTEMPATH/CodeIgniter.php(355): CodeIgniter\CodeIgniter->handleRequest(null, Object(Config\Cache), false)
 9 SYSTEMPATH/Boot.php(325): CodeIgniter\CodeIgniter->run()
10 SYSTEMPATH/Boot.php(67): CodeIgniter\Boot::runCodeIgniter(Object(CodeIgniter\CodeIgniter))
11 FCPATH/index.php(56): CodeIgniter\Boot::bootWeb(Object(Config\Paths))
WARNING - 2024-09-21 17:16:41 --> [DEPRECATED] number_format(): Passing null to parameter #1 ($num) of type float is deprecated in APPPATH/Views/kd_project/dashboard_view.php on line 171.
 1 APPPATH/Views/kd_project/dashboard_view.php(171): number_format(null, 2)
 2 SYSTEMPATH/View/View.php(234): include('/home/u877349608/domains/muraridubey.com/public_html/codeigniter/app/Views/kd_project/dashboard_view.php')
 3 SYSTEMPATH/View/View.php(237): CodeIgniter\View\View->CodeIgniter\View\{closure}()
 4 SYSTEMPATH/Common.php(1171): CodeIgniter\View\View->render('kd_project/dashboard_view', [], true)
 5 APPPATH/Controllers/Dashboard_controller.php(31): view('kd_project/dashboard_view', [...])
 6 SYSTEMPATH/CodeIgniter.php(933): App\Controllers\Dashboard_controller->index()
 7 SYSTEMPATH/CodeIgniter.php(509): CodeIgniter\CodeIgniter->runController(Object(App\Controllers\Dashboard_controller))
 8 SYSTEMPATH/CodeIgniter.php(355): CodeIgniter\CodeIgniter->handleRequest(null, Object(Config\Cache), false)
 9 SYSTEMPATH/Boot.php(325): CodeIgniter\CodeIgniter->run()
10 SYSTEMPATH/Boot.php(67): CodeIgniter\Boot::runCodeIgniter(Object(CodeIgniter\CodeIgniter))
11 FCPATH/index.php(56): CodeIgniter\Boot::bootWeb(Object(Config\Paths))
WARNING - 2024-09-21 17:16:41 --> [DEPRECATED] number_format(): Passing null to parameter #1 ($num) of type float is deprecated in APPPATH/Views/kd_project/dashboard_view.php on line 178.
 1 APPPATH/Views/kd_project/dashboard_view.php(178): number_format(null, 2)
 2 SYSTEMPATH/View/View.php(234): include('/home/u877349608/domains/muraridubey.com/public_html/codeigniter/app/Views/kd_project/dashboard_view.php')
 3 SYSTEMPATH/View/View.php(237): CodeIgniter\View\View->CodeIgniter\View\{closure}()
 4 SYSTEMPATH/Common.php(1171): CodeIgniter\View\View->render('kd_project/dashboard_view', [], true)
 5 APPPATH/Controllers/Dashboard_controller.php(31): view('kd_project/dashboard_view', [...])
 6 SYSTEMPATH/CodeIgniter.php(933): App\Controllers\Dashboard_controller->index()
 7 SYSTEMPATH/CodeIgniter.php(509): CodeIgniter\CodeIgniter->runController(Object(App\Controllers\Dashboard_controller))
 8 SYSTEMPATH/CodeIgniter.php(355): CodeIgniter\CodeIgniter->handleRequest(null, Object(Config\Cache), false)
 9 SYSTEMPATH/Boot.php(325): CodeIgniter\CodeIgniter->run()
10 SYSTEMPATH/Boot.php(67): CodeIgniter\Boot::runCodeIgniter(Object(CodeIgniter\CodeIgniter))
11 FCPATH/index.php(56): CodeIgniter\Boot::bootWeb(Object(Config\Paths))
INFO - 2024-09-21 17:20:41 --> Session: Class initialized using 'CodeIgniter\Session\Handlers\FileHandler' driver.
WARNING - 2024-09-21 17:20:44 --> [DEPRECATED] number_format(): Passing null to parameter #1 ($num) of type float is deprecated in APPPATH/Views/kd_project/dashboard_view.php on line 170.
 1 APPPATH/Views/kd_project/dashboard_view.php(170): number_format(null, 2)
 2 SYSTEMPATH/View/View.php(234): include('/home/u877349608/domains/muraridubey.com/public_html/codeigniter/app/Views/kd_project/dashboard_view.php')
 3 SYSTEMPATH/View/View.php(237): CodeIgniter\View\View->CodeIgniter\View\{closure}()
 4 SYSTEMPATH/Common.php(1171): CodeIgniter\View\View->render('kd_project/dashboard_view', [], true)
 5 APPPATH/Controllers/Dashboard_controller.php(31): view('kd_project/dashboard_view', [...])
 6 SYSTEMPATH/CodeIgniter.php(933): App\Controllers\Dashboard_controller->index()
 7 SYSTEMPATH/CodeIgniter.php(509): CodeIgniter\CodeIgniter->runController(Object(App\Controllers\Dashboard_controller))
 8 SYSTEMPATH/CodeIgniter.php(355): CodeIgniter\CodeIgniter->handleRequest(null, Object(Config\Cache), false)
 9 SYSTEMPATH/Boot.php(325): CodeIgniter\CodeIgniter->run()
10 SYSTEMPATH/Boot.php(67): CodeIgniter\Boot::runCodeIgniter(Object(CodeIgniter\CodeIgniter))
11 FCPATH/index.php(56): CodeIgniter\Boot::bootWeb(Object(Config\Paths))
WARNING - 2024-09-21 17:20:44 --> [DEPRECATED] number_format(): Passing null to parameter #1 ($num) of type float is deprecated in APPPATH/Views/kd_project/dashboard_view.php on line 178.
 1 APPPATH/Views/kd_project/dashboard_view.php(178): number_format(null, 2)
 2 SYSTEMPATH/View/View.php(234): include('/home/u877349608/domains/muraridubey.com/public_html/codeigniter/app/Views/kd_project/dashboard_view.php')
 3 SYSTEMPATH/View/View.php(237): CodeIgniter\View\View->CodeIgniter\View\{closure}()
 4 SYSTEMPATH/Common.php(1171): CodeIgniter\View\View->render('kd_project/dashboard_view', [], true)
 5 APPPATH/Controllers/Dashboard_controller.php(31): view('kd_project/dashboard_view', [...])
 6 SYSTEMPATH/CodeIgniter.php(933): App\Controllers\Dashboard_controller->index()
 7 SYSTEMPATH/CodeIgniter.php(509): CodeIgniter\CodeIgniter->runController(Object(App\Controllers\Dashboard_controller))
 8 SYSTEMPATH/CodeIgniter.php(355): CodeIgniter\CodeIgniter->handleRequest(null, Object(Config\Cache), false)
 9 SYSTEMPATH/Boot.php(325): CodeIgniter\CodeIgniter->run()
10 SYSTEMPATH/Boot.php(67): CodeIgniter\Boot::runCodeIgniter(Object(CodeIgniter\CodeIgniter))
11 FCPATH/index.php(56): CodeIgniter\Boot::bootWeb(Object(Config\Paths))
WARNING - 2024-09-21 17:20:44 --> [DEPRECATED] number_format(): Passing null to parameter #1 ($num) of type float is deprecated in APPPATH/Views/kd_project/dashboard_view.php on line 170.
 1 APPPATH/Views/kd_project/dashboard_view.php(170): number_format(null, 2)
 2 SYSTEMPATH/View/View.php(234): include('/home/u877349608/domains/muraridubey.com/public_html/codeigniter/app/Views/kd_project/dashboard_view.php')
 3 SYSTEMPATH/View/View.php(237): CodeIgniter\View\View->CodeIgniter\View\{closure}()
 4 SYSTEMPATH/Common.php(1171): CodeIgniter\View\View->render('kd_project/dashboard_view', [], true)
 5 APPPATH/Controllers/Dashboard_controller.php(31): view('kd_project/dashboard_view', [...])
 6 SYSTEMPATH/CodeIgniter.php(933): App\Controllers\Dashboard_controller->index()
 7 SYSTEMPATH/CodeIgniter.php(509): CodeIgniter\CodeIgniter->runController(Object(App\Controllers\Dashboard_controller))
 8 SYSTEMPATH/CodeIgniter.php(355): CodeIgniter\CodeIgniter->handleRequest(null, Object(Config\Cache), false)
 9 SYSTEMPATH/Boot.php(325): CodeIgniter\CodeIgniter->run()
10 SYSTEMPATH/Boot.php(67): CodeIgniter\Boot::runCodeIgniter(Object(CodeIgniter\CodeIgniter))
11 FCPATH/index.php(56): CodeIgniter\Boot::bootWeb(Object(Config\Paths))
WARNING - 2024-09-21 17:20:44 --> [DEPRECATED] number_format(): Passing null to parameter #1 ($num) of type float is deprecated in APPPATH/Views/kd_project/dashboard_view.php on line 178.
 1 APPPATH/Views/kd_project/dashboard_view.php(178): number_format(null, 2)
 2 SYSTEMPATH/View/View.php(234): include('/home/u877349608/domains/muraridubey.com/public_html/codeigniter/app/Views/kd_project/dashboard_view.php')
 3 SYSTEMPATH/View/View.php(237): CodeIgniter\View\View->CodeIgniter\View\{closure}()
 4 SYSTEMPATH/Common.php(1171): CodeIgniter\View\View->render('kd_project/dashboard_view', [], true)
 5 APPPATH/Controllers/Dashboard_controller.php(31): view('kd_project/dashboard_view', [...])
 6 SYSTEMPATH/CodeIgniter.php(933): App\Controllers\Dashboard_controller->index()
 7 SYSTEMPATH/CodeIgniter.php(509): CodeIgniter\CodeIgniter->runController(Object(App\Controllers\Dashboard_controller))
 8 SYSTEMPATH/CodeIgniter.php(355): CodeIgniter\CodeIgniter->handleRequest(null, Object(Config\Cache), false)
 9 SYSTEMPATH/Boot.php(325): CodeIgniter\CodeIgniter->run()
10 SYSTEMPATH/Boot.php(67): CodeIgniter\Boot::runCodeIgniter(Object(CodeIgniter\CodeIgniter))
11 FCPATH/index.php(56): CodeIgniter\Boot::bootWeb(Object(Config\Paths))
WARNING - 2024-09-21 17:20:44 --> [DEPRECATED] number_format(): Passing null to parameter #1 ($num) of type float is deprecated in APPPATH/Views/kd_project/dashboard_view.php on line 178.
 1 APPPATH/Views/kd_project/dashboard_view.php(178): number_format(null, 2)
 2 SYSTEMPATH/View/View.php(234): include('/home/u877349608/domains/muraridubey.com/public_html/codeigniter/app/Views/kd_project/dashboard_view.php')
 3 SYSTEMPATH/View/View.php(237): CodeIgniter\View\View->CodeIgniter\View\{closure}()
 4 SYSTEMPATH/Common.php(1171): CodeIgniter\View\View->render('kd_project/dashboard_view', [], true)
 5 APPPATH/Controllers/Dashboard_controller.php(31): view('kd_project/dashboard_view', [...])
 6 SYSTEMPATH/CodeIgniter.php(933): App\Controllers\Dashboard_controller->index()
 7 SYSTEMPATH/CodeIgniter.php(509): CodeIgniter\CodeIgniter->runController(Object(App\Controllers\Dashboard_controller))
 8 SYSTEMPATH/CodeIgniter.php(355): CodeIgniter\CodeIgniter->handleRequest(null, Object(Config\Cache), false)
 9 SYSTEMPATH/Boot.php(325): CodeIgniter\CodeIgniter->run()
10 SYSTEMPATH/Boot.php(67): CodeIgniter\Boot::runCodeIgniter(Object(CodeIgniter\CodeIgniter))
11 FCPATH/index.php(56): CodeIgniter\Boot::bootWeb(Object(Config\Paths))
WARNING - 2024-09-21 17:20:44 --> [DEPRECATED] number_format(): Passing null to parameter #1 ($num) of type float is deprecated in APPPATH/Views/kd_project/dashboard_view.php on line 174.
 1 APPPATH/Views/kd_project/dashboard_view.php(174): number_format(null, 2)
 2 SYSTEMPATH/View/View.php(234): include('/home/u877349608/domains/muraridubey.com/public_html/codeigniter/app/Views/kd_project/dashboard_view.php')
 3 SYSTEMPATH/View/View.php(237): CodeIgniter\View\View->CodeIgniter\View\{closure}()
 4 SYSTEMPATH/Common.php(1171): CodeIgniter\View\View->render('kd_project/dashboard_view', [], true)
 5 APPPATH/Controllers/Dashboard_controller.php(31): view('kd_project/dashboard_view', [...])
 6 SYSTEMPATH/CodeIgniter.php(933): App\Controllers\Dashboard_controller->index()
 7 SYSTEMPATH/CodeIgniter.php(509): CodeIgniter\CodeIgniter->runController(Object(App\Controllers\Dashboard_controller))
 8 SYSTEMPATH/CodeIgniter.php(355): CodeIgniter\CodeIgniter->handleRequest(null, Object(Config\Cache), false)
 9 SYSTEMPATH/Boot.php(325): CodeIgniter\CodeIgniter->run()
10 SYSTEMPATH/Boot.php(67): CodeIgniter\Boot::runCodeIgniter(Object(CodeIgniter\CodeIgniter))
11 FCPATH/index.php(56): CodeIgniter\Boot::bootWeb(Object(Config\Paths))
WARNING - 2024-09-21 17:20:44 --> [DEPRECATED] number_format(): Passing null to parameter #1 ($num) of type float is deprecated in APPPATH/Views/kd_project/dashboard_view.php on line 178.
 1 APPPATH/Views/kd_project/dashboard_view.php(178): number_format(null, 2)
 2 SYSTEMPATH/View/View.php(234): include('/home/u877349608/domains/muraridubey.com/public_html/codeigniter/app/Views/kd_project/dashboard_view.php')
 3 SYSTEMPATH/View/View.php(237): CodeIgniter\View\View->CodeIgniter\View\{closure}()
 4 SYSTEMPATH/Common.php(1171): CodeIgniter\View\View->render('kd_project/dashboard_view', [], true)
 5 APPPATH/Controllers/Dashboard_controller.php(31): view('kd_project/dashboard_view', [...])
 6 SYSTEMPATH/CodeIgniter.php(933): App\Controllers\Dashboard_controller->index()
 7 SYSTEMPATH/CodeIgniter.php(509): CodeIgniter\CodeIgniter->runController(Object(App\Controllers\Dashboard_controller))
 8 SYSTEMPATH/CodeIgniter.php(355): CodeIgniter\CodeIgniter->handleRequest(null, Object(Config\Cache), false)
 9 SYSTEMPATH/Boot.php(325): CodeIgniter\CodeIgniter->run()
10 SYSTEMPATH/Boot.php(67): CodeIgniter\Boot::runCodeIgniter(Object(CodeIgniter\CodeIgniter))
11 FCPATH/index.php(56): CodeIgniter\Boot::bootWeb(Object(Config\Paths))
WARNING - 2024-09-21 17:20:44 --> [DEPRECATED] number_format(): Passing null to parameter #1 ($num) of type float is deprecated in APPPATH/Views/kd_project/dashboard_view.php on line 171.
 1 APPPATH/Views/kd_project/dashboard_view.php(171): number_format(null, 2)
 2 SYSTEMPATH/View/View.php(234): include('/home/u877349608/domains/muraridubey.com/public_html/codeigniter/app/Views/kd_project/dashboard_view.php')
 3 SYSTEMPATH/View/View.php(237): CodeIgniter\View\View->CodeIgniter\View\{closure}()
 4 SYSTEMPATH/Common.php(1171): CodeIgniter\View\View->render('kd_project/dashboard_view', [], true)
 5 APPPATH/Controllers/Dashboard_controller.php(31): view('kd_project/dashboard_view', [...])
 6 SYSTEMPATH/CodeIgniter.php(933): App\Controllers\Dashboard_controller->index()
 7 SYSTEMPATH/CodeIgniter.php(509): CodeIgniter\CodeIgniter->runController(Object(App\Controllers\Dashboard_controller))
 8 SYSTEMPATH/CodeIgniter.php(355): CodeIgniter\CodeIgniter->handleRequest(null, Object(Config\Cache), false)
 9 SYSTEMPATH/Boot.php(325): CodeIgniter\CodeIgniter->run()
10 SYSTEMPATH/Boot.php(67): CodeIgniter\Boot::runCodeIgniter(Object(CodeIgniter\CodeIgniter))
11 FCPATH/index.php(56): CodeIgniter\Boot::bootWeb(Object(Config\Paths))
WARNING - 2024-09-21 17:20:44 --> [DEPRECATED] number_format(): Passing null to parameter #1 ($num) of type float is deprecated in APPPATH/Views/kd_project/dashboard_view.php on line 178.
 1 APPPATH/Views/kd_project/dashboard_view.php(178): number_format(null, 2)
 2 SYSTEMPATH/View/View.php(234): include('/home/u877349608/domains/muraridubey.com/public_html/codeigniter/app/Views/kd_project/dashboard_view.php')
 3 SYSTEMPATH/View/View.php(237): CodeIgniter\View\View->CodeIgniter\View\{closure}()
 4 SYSTEMPATH/Common.php(1171): CodeIgniter\View\View->render('kd_project/dashboard_view', [], true)
 5 APPPATH/Controllers/Dashboard_controller.php(31): view('kd_project/dashboard_view', [...])
 6 SYSTEMPATH/CodeIgniter.php(933): App\Controllers\Dashboard_controller->index()
 7 SYSTEMPATH/CodeIgniter.php(509): CodeIgniter\CodeIgniter->runController(Object(App\Controllers\Dashboard_controller))
 8 SYSTEMPATH/CodeIgniter.php(355): CodeIgniter\CodeIgniter->handleRequest(null, Object(Config\Cache), false)
 9 SYSTEMPATH/Boot.php(325): CodeIgniter\CodeIgniter->run()
10 SYSTEMPATH/Boot.php(67): CodeIgniter\Boot::runCodeIgniter(Object(CodeIgniter\CodeIgniter))
11 FCPATH/index.php(56): CodeIgniter\Boot::bootWeb(Object(Config\Paths))
WARNING - 2024-09-21 17:20:44 --> [DEPRECATED] number_format(): Passing null to parameter #1 ($num) of type float is deprecated in APPPATH/Views/kd_project/dashboard_view.php on line 171.
 1 APPPATH/Views/kd_project/dashboard_view.php(171): number_format(null, 2)
 2 SYSTEMPATH/View/View.php(234): include('/home/u877349608/domains/muraridubey.com/public_html/codeigniter/app/Views/kd_project/dashboard_view.php')
 3 SYSTEMPATH/View/View.php(237): CodeIgniter\View\View->CodeIgniter\View\{closure}()
 4 SYSTEMPATH/Common.php(1171): CodeIgniter\View\View->render('kd_project/dashboard_view', [], true)
 5 APPPATH/Controllers/Dashboard_controller.php(31): view('kd_project/dashboard_view', [...])
 6 SYSTEMPATH/CodeIgniter.php(933): App\Controllers\Dashboard_controller->index()
 7 SYSTEMPATH/CodeIgniter.php(509): CodeIgniter\CodeIgniter->runController(Object(App\Controllers\Dashboard_controller))
 8 SYSTEMPATH/CodeIgniter.php(355): CodeIgniter\CodeIgniter->handleRequest(null, Object(Config\Cache), false)
 9 SYSTEMPATH/Boot.php(325): CodeIgniter\CodeIgniter->run()
10 SYSTEMPATH/Boot.php(67): CodeIgniter\Boot::runCodeIgniter(Object(CodeIgniter\CodeIgniter))
11 FCPATH/index.php(56): CodeIgniter\Boot::bootWeb(Object(Config\Paths))
WARNING - 2024-09-21 17:20:44 --> [DEPRECATED] number_format(): Passing null to parameter #1 ($num) of type float is deprecated in APPPATH/Views/kd_project/dashboard_view.php on line 178.
 1 APPPATH/Views/kd_project/dashboard_view.php(178): number_format(null, 2)
 2 SYSTEMPATH/View/View.php(234): include('/home/u877349608/domains/muraridubey.com/public_html/codeigniter/app/Views/kd_project/dashboard_view.php')
 3 SYSTEMPATH/View/View.php(237): CodeIgniter\View\View->CodeIgniter\View\{closure}()
 4 SYSTEMPATH/Common.php(1171): CodeIgniter\View\View->render('kd_project/dashboard_view', [], true)
 5 APPPATH/Controllers/Dashboard_controller.php(31): view('kd_project/dashboard_view', [...])
 6 SYSTEMPATH/CodeIgniter.php(933): App\Controllers\Dashboard_controller->index()
 7 SYSTEMPATH/CodeIgniter.php(509): CodeIgniter\CodeIgniter->runController(Object(App\Controllers\Dashboard_controller))
 8 SYSTEMPATH/CodeIgniter.php(355): CodeIgniter\CodeIgniter->handleRequest(null, Object(Config\Cache), false)
 9 SYSTEMPATH/Boot.php(325): CodeIgniter\CodeIgniter->run()
10 SYSTEMPATH/Boot.php(67): CodeIgniter\Boot::runCodeIgniter(Object(CodeIgniter\CodeIgniter))
11 FCPATH/index.php(56): CodeIgniter\Boot::bootWeb(Object(Config\Paths))
INFO - 2024-09-21 17:20:47 --> Session: Class initialized using 'CodeIgniter\Session\Handlers\FileHandler' driver.
INFO - 2024-09-21 17:20:49 --> Session: Class initialized using 'CodeIgniter\Session\Handlers\FileHandler' driver.
INFO - 2024-09-21 17:20:49 --> Session: Class initialized using 'CodeIgniter\Session\Handlers\FileHandler' driver.
INFO - 2024-09-21 17:20:56 --> Session: Class initialized using 'CodeIgniter\Session\Handlers\FileHandler' driver.
INFO - 2024-09-21 17:21:05 --> Session: Class initialized using 'CodeIgniter\Session\Handlers\FileHandler' driver.
INFO - 2024-09-21 17:21:05 --> Session: Class initialized using 'CodeIgniter\Session\Handlers\FileHandler' driver.
INFO - 2024-09-21 17:21:16 --> Session: Class initialized using 'CodeIgniter\Session\Handlers\FileHandler' driver.
INFO - 2024-09-21 17:21:17 --> Session: Class initialized using 'CodeIgniter\Session\Handlers\FileHandler' driver.
INFO - 2024-09-21 17:21:27 --> Session: Class initialized using 'CodeIgniter\Session\Handlers\FileHandler' driver.
INFO - 2024-09-21 17:21:27 --> Session: Class initialized using 'CodeIgniter\Session\Handlers\FileHandler' driver.
INFO - 2024-09-21 17:23:24 --> Session: Class initialized using 'CodeIgniter\Session\Handlers\FileHandler' driver.
INFO - 2024-09-21 17:23:30 --> Session: Class initialized using 'CodeIgniter\Session\Handlers\FileHandler' driver.
INFO - 2024-09-21 17:23:30 --> Session: Class initialized using 'CodeIgniter\Session\Handlers\FileHandler' driver.
INFO - 2024-09-21 17:23:38 --> Session: Class initialized using 'CodeIgniter\Session\Handlers\FileHandler' driver.
INFO - 2024-09-21 17:23:39 --> Session: Class initialized using 'CodeIgniter\Session\Handlers\FileHandler' driver.
INFO - 2024-09-21 17:23:41 --> Session: Class initialized using 'CodeIgniter\Session\Handlers\FileHandler' driver.
INFO - 2024-09-21 17:23:41 --> Session: Class initialized using 'CodeIgniter\Session\Handlers\FileHandler' driver.
INFO - 2024-09-21 17:25:56 --> Session: Class initialized using 'CodeIgniter\Session\Handlers\FileHandler' driver.
INFO - 2024-09-21 17:25:56 --> Session: Class initialized using 'CodeIgniter\Session\Handlers\FileHandler' driver.
INFO - 2024-09-21 17:25:58 --> Session: Class initialized using 'CodeIgniter\Session\Handlers\FileHandler' driver.
INFO - 2024-09-21 17:25:58 --> Session: Class initialized using 'CodeIgniter\Session\Handlers\FileHandler' driver.
INFO - 2024-09-21 17:26:00 --> Session: Class initialized using 'CodeIgniter\Session\Handlers\FileHandler' driver.
INFO - 2024-09-21 17:26:00 --> Session: Class initialized using 'CodeIgniter\Session\Handlers\FileHandler' driver.
INFO - 2024-09-21 17:26:26 --> Session: Class initialized using 'CodeIgniter\Session\Handlers\FileHandler' driver.
WARNING - 2024-09-21 17:26:27 --> [DEPRECATED] number_format(): Passing null to parameter #1 ($num) of type float is deprecated in APPPATH/Views/kd_project/dashboard_view.php on line 170.
 1 APPPATH/Views/kd_project/dashboard_view.php(170): number_format(null, 2)
 2 SYSTEMPATH/View/View.php(234): include('/home/u877349608/domains/muraridubey.com/public_html/codeigniter/app/Views/kd_project/dashboard_view.php')
 3 SYSTEMPATH/View/View.php(237): CodeIgniter\View\View->CodeIgniter\View\{closure}()
 4 SYSTEMPATH/Common.php(1171): CodeIgniter\View\View->render('kd_project/dashboard_view', [], true)
 5 APPPATH/Controllers/Dashboard_controller.php(31): view('kd_project/dashboard_view', [...])
 6 SYSTEMPATH/CodeIgniter.php(933): App\Controllers\Dashboard_controller->index()
 7 SYSTEMPATH/CodeIgniter.php(509): CodeIgniter\CodeIgniter->runController(Object(App\Controllers\Dashboard_controller))
 8 SYSTEMPATH/CodeIgniter.php(355): CodeIgniter\CodeIgniter->handleRequest(null, Object(Config\Cache), false)
 9 SYSTEMPATH/Boot.php(325): CodeIgniter\CodeIgniter->run()
10 SYSTEMPATH/Boot.php(67): CodeIgniter\Boot::runCodeIgniter(Object(CodeIgniter\CodeIgniter))
11 FCPATH/index.php(56): CodeIgniter\Boot::bootWeb(Object(Config\Paths))
WARNING - 2024-09-21 17:26:27 --> [DEPRECATED] number_format(): Passing null to parameter #1 ($num) of type float is deprecated in APPPATH/Views/kd_project/dashboard_view.php on line 178.
 1 APPPATH/Views/kd_project/dashboard_view.php(178): number_format(null, 2)
 2 SYSTEMPATH/View/View.php(234): include('/home/u877349608/domains/muraridubey.com/public_html/codeigniter/app/Views/kd_project/dashboard_view.php')
 3 SYSTEMPATH/View/View.php(237): CodeIgniter\View\View->CodeIgniter\View\{closure}()
 4 SYSTEMPATH/Common.php(1171): CodeIgniter\View\View->render('kd_project/dashboard_view', [], true)
 5 APPPATH/Controllers/Dashboard_controller.php(31): view('kd_project/dashboard_view', [...])
 6 SYSTEMPATH/CodeIgniter.php(933): App\Controllers\Dashboard_controller->index()
 7 SYSTEMPATH/CodeIgniter.php(509): CodeIgniter\CodeIgniter->runController(Object(App\Controllers\Dashboard_controller))
 8 SYSTEMPATH/CodeIgniter.php(355): CodeIgniter\CodeIgniter->handleRequest(null, Object(Config\Cache), false)
 9 SYSTEMPATH/Boot.php(325): CodeIgniter\CodeIgniter->run()
10 SYSTEMPATH/Boot.php(67): CodeIgniter\Boot::runCodeIgniter(Object(CodeIgniter\CodeIgniter))
11 FCPATH/index.php(56): CodeIgniter\Boot::bootWeb(Object(Config\Paths))
WARNING - 2024-09-21 17:26:27 --> [DEPRECATED] number_format(): Passing null to parameter #1 ($num) of type float is deprecated in APPPATH/Views/kd_project/dashboard_view.php on line 170.
 1 APPPATH/Views/kd_project/dashboard_view.php(170): number_format(null, 2)
 2 SYSTEMPATH/View/View.php(234): include('/home/u877349608/domains/muraridubey.com/public_html/codeigniter/app/Views/kd_project/dashboard_view.php')
 3 SYSTEMPATH/View/View.php(237): CodeIgniter\View\View->CodeIgniter\View\{closure}()
 4 SYSTEMPATH/Common.php(1171): CodeIgniter\View\View->render('kd_project/dashboard_view', [], true)
 5 APPPATH/Controllers/Dashboard_controller.php(31): view('kd_project/dashboard_view', [...])
 6 SYSTEMPATH/CodeIgniter.php(933): App\Controllers\Dashboard_controller->index()
 7 SYSTEMPATH/CodeIgniter.php(509): CodeIgniter\CodeIgniter->runController(Object(App\Controllers\Dashboard_controller))
 8 SYSTEMPATH/CodeIgniter.php(355): CodeIgniter\CodeIgniter->handleRequest(null, Object(Config\Cache), false)
 9 SYSTEMPATH/Boot.php(325): CodeIgniter\CodeIgniter->run()
10 SYSTEMPATH/Boot.php(67): CodeIgniter\Boot::runCodeIgniter(Object(CodeIgniter\CodeIgniter))
11 FCPATH/index.php(56): CodeIgniter\Boot::bootWeb(Object(Config\Paths))
WARNING - 2024-09-21 17:26:27 --> [DEPRECATED] number_format(): Passing null to parameter #1 ($num) of type float is deprecated in APPPATH/Views/kd_project/dashboard_view.php on line 178.
 1 APPPATH/Views/kd_project/dashboard_view.php(178): number_format(null, 2)
 2 SYSTEMPATH/View/View.php(234): include('/home/u877349608/domains/muraridubey.com/public_html/codeigniter/app/Views/kd_project/dashboard_view.php')
 3 SYSTEMPATH/View/View.php(237): CodeIgniter\View\View->CodeIgniter\View\{closure}()
 4 SYSTEMPATH/Common.php(1171): CodeIgniter\View\View->render('kd_project/dashboard_view', [], true)
 5 APPPATH/Controllers/Dashboard_controller.php(31): view('kd_project/dashboard_view', [...])
 6 SYSTEMPATH/CodeIgniter.php(933): App\Controllers\Dashboard_controller->index()
 7 SYSTEMPATH/CodeIgniter.php(509): CodeIgniter\CodeIgniter->runController(Object(App\Controllers\Dashboard_controller))
 8 SYSTEMPATH/CodeIgniter.php(355): CodeIgniter\CodeIgniter->handleRequest(null, Object(Config\Cache), false)
 9 SYSTEMPATH/Boot.php(325): CodeIgniter\CodeIgniter->run()
10 SYSTEMPATH/Boot.php(67): CodeIgniter\Boot::runCodeIgniter(Object(CodeIgniter\CodeIgniter))
11 FCPATH/index.php(56): CodeIgniter\Boot::bootWeb(Object(Config\Paths))
WARNING - 2024-09-21 17:26:27 --> [DEPRECATED] number_format(): Passing null to parameter #1 ($num) of type float is deprecated in APPPATH/Views/kd_project/dashboard_view.php on line 178.
 1 APPPATH/Views/kd_project/dashboard_view.php(178): number_format(null, 2)
 2 SYSTEMPATH/View/View.php(234): include('/home/u877349608/domains/muraridubey.com/public_html/codeigniter/app/Views/kd_project/dashboard_view.php')
 3 SYSTEMPATH/View/View.php(237): CodeIgniter\View\View->CodeIgniter\View\{closure}()
 4 SYSTEMPATH/Common.php(1171): CodeIgniter\View\View->render('kd_project/dashboard_view', [], true)
 5 APPPATH/Controllers/Dashboard_controller.php(31): view('kd_project/dashboard_view', [...])
 6 SYSTEMPATH/CodeIgniter.php(933): App\Controllers\Dashboard_controller->index()
 7 SYSTEMPATH/CodeIgniter.php(509): CodeIgniter\CodeIgniter->runController(Object(App\Controllers\Dashboard_controller))
 8 SYSTEMPATH/CodeIgniter.php(355): CodeIgniter\CodeIgniter->handleRequest(null, Object(Config\Cache), false)
 9 SYSTEMPATH/Boot.php(325): CodeIgniter\CodeIgniter->run()
10 SYSTEMPATH/Boot.php(67): CodeIgniter\Boot::runCodeIgniter(Object(CodeIgniter\CodeIgniter))
11 FCPATH/index.php(56): CodeIgniter\Boot::bootWeb(Object(Config\Paths))
WARNING - 2024-09-21 17:26:27 --> [DEPRECATED] number_format(): Passing null to parameter #1 ($num) of type float is deprecated in APPPATH/Views/kd_project/dashboard_view.php on line 174.
 1 APPPATH/Views/kd_project/dashboard_view.php(174): number_format(null, 2)
 2 SYSTEMPATH/View/View.php(234): include('/home/u877349608/domains/muraridubey.com/public_html/codeigniter/app/Views/kd_project/dashboard_view.php')
 3 SYSTEMPATH/View/View.php(237): CodeIgniter\View\View->CodeIgniter\View\{closure}()
 4 SYSTEMPATH/Common.php(1171): CodeIgniter\View\View->render('kd_project/dashboard_view', [], true)
 5 APPPATH/Controllers/Dashboard_controller.php(31): view('kd_project/dashboard_view', [...])
 6 SYSTEMPATH/CodeIgniter.php(933): App\Controllers\Dashboard_controller->index()
 7 SYSTEMPATH/CodeIgniter.php(509): CodeIgniter\CodeIgniter->runController(Object(App\Controllers\Dashboard_controller))
 8 SYSTEMPATH/CodeIgniter.php(355): CodeIgniter\CodeIgniter->handleRequest(null, Object(Config\Cache), false)
 9 SYSTEMPATH/Boot.php(325): CodeIgniter\CodeIgniter->run()
10 SYSTEMPATH/Boot.php(67): CodeIgniter\Boot::runCodeIgniter(Object(CodeIgniter\CodeIgniter))
11 FCPATH/index.php(56): CodeIgniter\Boot::bootWeb(Object(Config\Paths))
WARNING - 2024-09-21 17:26:27 --> [DEPRECATED] number_format(): Passing null to parameter #1 ($num) of type float is deprecated in APPPATH/Views/kd_project/dashboard_view.php on line 178.
 1 APPPATH/Views/kd_project/dashboard_view.php(178): number_format(null, 2)
 2 SYSTEMPATH/View/View.php(234): include('/home/u877349608/domains/muraridubey.com/public_html/codeigniter/app/Views/kd_project/dashboard_view.php')
 3 SYSTEMPATH/View/View.php(237): CodeIgniter\View\View->CodeIgniter\View\{closure}()
 4 SYSTEMPATH/Common.php(1171): CodeIgniter\View\View->render('kd_project/dashboard_view', [], true)
 5 APPPATH/Controllers/Dashboard_controller.php(31): view('kd_project/dashboard_view', [...])
 6 SYSTEMPATH/CodeIgniter.php(933): App\Controllers\Dashboard_controller->index()
 7 SYSTEMPATH/CodeIgniter.php(509): CodeIgniter\CodeIgniter->runController(Object(App\Controllers\Dashboard_controller))
 8 SYSTEMPATH/CodeIgniter.php(355): CodeIgniter\CodeIgniter->handleRequest(null, Object(Config\Cache), false)
 9 SYSTEMPATH/Boot.php(325): CodeIgniter\CodeIgniter->run()
10 SYSTEMPATH/Boot.php(67): CodeIgniter\Boot::runCodeIgniter(Object(CodeIgniter\CodeIgniter))
11 FCPATH/index.php(56): CodeIgniter\Boot::bootWeb(Object(Config\Paths))
WARNING - 2024-09-21 17:26:27 --> [DEPRECATED] number_format(): Passing null to parameter #1 ($num) of type float is deprecated in APPPATH/Views/kd_project/dashboard_view.php on line 171.
 1 APPPATH/Views/kd_project/dashboard_view.php(171): number_format(null, 2)
 2 SYSTEMPATH/View/View.php(234): include('/home/u877349608/domains/muraridubey.com/public_html/codeigniter/app/Views/kd_project/dashboard_view.php')
 3 SYSTEMPATH/View/View.php(237): CodeIgniter\View\View->CodeIgniter\View\{closure}()
 4 SYSTEMPATH/Common.php(1171): CodeIgniter\View\View->render('kd_project/dashboard_view', [], true)
 5 APPPATH/Controllers/Dashboard_controller.php(31): view('kd_project/dashboard_view', [...])
 6 SYSTEMPATH/CodeIgniter.php(933): App\Controllers\Dashboard_controller->index()
 7 SYSTEMPATH/CodeIgniter.php(509): CodeIgniter\CodeIgniter->runController(Object(App\Controllers\Dashboard_controller))
 8 SYSTEMPATH/CodeIgniter.php(355): CodeIgniter\CodeIgniter->handleRequest(null, Object(Config\Cache), false)
 9 SYSTEMPATH/Boot.php(325): CodeIgniter\CodeIgniter->run()
10 SYSTEMPATH/Boot.php(67): CodeIgniter\Boot::runCodeIgniter(Object(CodeIgniter\CodeIgniter))
11 FCPATH/index.php(56): CodeIgniter\Boot::bootWeb(Object(Config\Paths))
WARNING - 2024-09-21 17:26:27 --> [DEPRECATED] number_format(): Passing null to parameter #1 ($num) of type float is deprecated in APPPATH/Views/kd_project/dashboard_view.php on line 178.
 1 APPPATH/Views/kd_project/dashboard_view.php(178): number_format(null, 2)
 2 SYSTEMPATH/View/View.php(234): include('/home/u877349608/domains/muraridubey.com/public_html/codeigniter/app/Views/kd_project/dashboard_view.php')
 3 SYSTEMPATH/View/View.php(237): CodeIgniter\View\View->CodeIgniter\View\{closure}()
 4 SYSTEMPATH/Common.php(1171): CodeIgniter\View\View->render('kd_project/dashboard_view', [], true)
 5 APPPATH/Controllers/Dashboard_controller.php(31): view('kd_project/dashboard_view', [...])
 6 SYSTEMPATH/CodeIgniter.php(933): App\Controllers\Dashboard_controller->index()
 7 SYSTEMPATH/CodeIgniter.php(509): CodeIgniter\CodeIgniter->runController(Object(App\Controllers\Dashboard_controller))
 8 SYSTEMPATH/CodeIgniter.php(355): CodeIgniter\CodeIgniter->handleRequest(null, Object(Config\Cache), false)
 9 SYSTEMPATH/Boot.php(325): CodeIgniter\CodeIgniter->run()
10 SYSTEMPATH/Boot.php(67): CodeIgniter\Boot::runCodeIgniter(Object(CodeIgniter\CodeIgniter))
11 FCPATH/index.php(56): CodeIgniter\Boot::bootWeb(Object(Config\Paths))
WARNING - 2024-09-21 17:26:27 --> [DEPRECATED] number_format(): Passing null to parameter #1 ($num) of type float is deprecated in APPPATH/Views/kd_project/dashboard_view.php on line 171.
 1 APPPATH/Views/kd_project/dashboard_view.php(171): number_format(null, 2)
 2 SYSTEMPATH/View/View.php(234): include('/home/u877349608/domains/muraridubey.com/public_html/codeigniter/app/Views/kd_project/dashboard_view.php')
 3 SYSTEMPATH/View/View.php(237): CodeIgniter\View\View->CodeIgniter\View\{closure}()
 4 SYSTEMPATH/Common.php(1171): CodeIgniter\View\View->render('kd_project/dashboard_view', [], true)
 5 APPPATH/Controllers/Dashboard_controller.php(31): view('kd_project/dashboard_view', [...])
 6 SYSTEMPATH/CodeIgniter.php(933): App\Controllers\Dashboard_controller->index()
 7 SYSTEMPATH/CodeIgniter.php(509): CodeIgniter\CodeIgniter->runController(Object(App\Controllers\Dashboard_controller))
 8 SYSTEMPATH/CodeIgniter.php(355): CodeIgniter\CodeIgniter->handleRequest(null, Object(Config\Cache), false)
 9 SYSTEMPATH/Boot.php(325): CodeIgniter\CodeIgniter->run()
10 SYSTEMPATH/Boot.php(67): CodeIgniter\Boot::runCodeIgniter(Object(CodeIgniter\CodeIgniter))
11 FCPATH/index.php(56): CodeIgniter\Boot::bootWeb(Object(Config\Paths))
WARNING - 2024-09-21 17:26:27 --> [DEPRECATED] number_format(): Passing null to parameter #1 ($num) of type float is deprecated in APPPATH/Views/kd_project/dashboard_view.php on line 178.
 1 APPPATH/Views/kd_project/dashboard_view.php(178): number_format(null, 2)
 2 SYSTEMPATH/View/View.php(234): include('/home/u877349608/domains/muraridubey.com/public_html/codeigniter/app/Views/kd_project/dashboard_view.php')
 3 SYSTEMPATH/View/View.php(237): CodeIgniter\View\View->CodeIgniter\View\{closure}()
 4 SYSTEMPATH/Common.php(1171): CodeIgniter\View\View->render('kd_project/dashboard_view', [], true)
 5 APPPATH/Controllers/Dashboard_controller.php(31): view('kd_project/dashboard_view', [...])
 6 SYSTEMPATH/CodeIgniter.php(933): App\Controllers\Dashboard_controller->index()
 7 SYSTEMPATH/CodeIgniter.php(509): CodeIgniter\CodeIgniter->runController(Object(App\Controllers\Dashboard_controller))
 8 SYSTEMPATH/CodeIgniter.php(355): CodeIgniter\CodeIgniter->handleRequest(null, Object(Config\Cache), false)
 9 SYSTEMPATH/Boot.php(325): CodeIgniter\CodeIgniter->run()
10 SYSTEMPATH/Boot.php(67): CodeIgniter\Boot::runCodeIgniter(Object(CodeIgniter\CodeIgniter))
11 FCPATH/index.php(56): CodeIgniter\Boot::bootWeb(Object(Config\Paths))
INFO - 2024-09-21 17:26:33 --> Session: Class initialized using 'CodeIgniter\Session\Handlers\FileHandler' driver.
INFO - 2024-09-21 17:26:34 --> Session: Class initialized using 'CodeIgniter\Session\Handlers\FileHandler' driver.
INFO - 2024-09-21 17:26:38 --> Session: Class initialized using 'CodeIgniter\Session\Handlers\FileHandler' driver.
INFO - 2024-09-21 17:26:38 --> Session: Class initialized using 'CodeIgniter\Session\Handlers\FileHandler' driver.
INFO - 2024-09-21 17:26:41 --> Session: Class initialized using 'CodeIgniter\Session\Handlers\FileHandler' driver.
INFO - 2024-09-21 17:26:43 --> Session: Class initialized using 'CodeIgniter\Session\Handlers\FileHandler' driver.
INFO - 2024-09-21 17:26:47 --> Session: Class initialized using 'CodeIgniter\Session\Handlers\FileHandler' driver.
INFO - 2024-09-21 17:26:47 --> Session: Class initialized using 'CodeIgniter\Session\Handlers\FileHandler' driver.
INFO - 2024-09-21 17:26:48 --> Session: Class initialized using 'CodeIgniter\Session\Handlers\FileHandler' driver.
INFO - 2024-09-21 17:26:50 --> Session: Class initialized using 'CodeIgniter\Session\Handlers\FileHandler' driver.
INFO - 2024-09-21 17:26:50 --> Session: Class initialized using 'CodeIgniter\Session\Handlers\FileHandler' driver.
INFO - 2024-09-21 17:26:58 --> Session: Class initialized using 'CodeIgniter\Session\Handlers\FileHandler' driver.
INFO - 2024-09-21 17:26:58 --> Session: Class initialized using 'CodeIgniter\Session\Handlers\FileHandler' driver.
INFO - 2024-09-21 17:27:03 --> Session: Class initialized using 'CodeIgniter\Session\Handlers\FileHandler' driver.
INFO - 2024-09-21 17:27:26 --> Session: Class initialized using 'CodeIgniter\Session\Handlers\FileHandler' driver.
INFO - 2024-09-21 17:27:26 --> Session: Class initialized using 'CodeIgniter\Session\Handlers\FileHandler' driver.
INFO - 2024-09-21 17:27:40 --> Session: Class initialized using 'CodeIgniter\Session\Handlers\FileHandler' driver.
INFO - 2024-09-21 17:27:40 --> Session: Class initialized using 'CodeIgniter\Session\Handlers\FileHandler' driver.
INFO - 2024-09-21 17:27:51 --> Session: Class initialized using 'CodeIgniter\Session\Handlers\FileHandler' driver.
INFO - 2024-09-21 17:27:53 --> Session: Class initialized using 'CodeIgniter\Session\Handlers\FileHandler' driver.
INFO - 2024-09-21 17:28:00 --> Session: Class initialized using 'CodeIgniter\Session\Handlers\FileHandler' driver.
INFO - 2024-09-21 17:28:08 --> Session: Class initialized using 'CodeIgniter\Session\Handlers\FileHandler' driver.
INFO - 2024-09-21 17:28:12 --> Session: Class initialized using 'CodeIgniter\Session\Handlers\FileHandler' driver.
INFO - 2024-09-21 17:28:12 --> Session: Class initialized using 'CodeIgniter\Session\Handlers\FileHandler' driver.
INFO - 2024-09-21 17:28:12 --> Session: Class initialized using 'CodeIgniter\Session\Handlers\FileHandler' driver.
INFO - 2024-09-21 17:28:26 --> Session: Class initialized using 'CodeIgniter\Session\Handlers\FileHandler' driver.
CRITICAL - 2024-09-21 17:28:26 --> CodeIgniter\View\Exceptions\ViewException: Invalid file: "kd_project\header_view.php"
[Method: GET, Route: accounts_data]
in SYSTEMPATH/Exceptions/FrameworkException.php on line 41.
 1 SYSTEMPATH/View/View.php(222): CodeIgniter\Exceptions\FrameworkException::forInvalidFile()
 2 SYSTEMPATH/Common.php(1171): CodeIgniter\View\View->render()
 3 APPPATH/Controllers/Accounts_data_controller.php(25): view()
 4 SYSTEMPATH/CodeIgniter.php(933): App\Controllers\Accounts_data_controller->index()
 5 SYSTEMPATH/CodeIgniter.php(509): CodeIgniter\CodeIgniter->runController()
 6 SYSTEMPATH/CodeIgniter.php(355): CodeIgniter\CodeIgniter->handleRequest()
 7 SYSTEMPATH/Boot.php(325): CodeIgniter\CodeIgniter->run()
 8 SYSTEMPATH/Boot.php(67): CodeIgniter\Boot::runCodeIgniter()
 9 FCPATH/index.php(56): CodeIgniter\Boot::bootWeb()
INFO - 2024-09-21 17:28:49 --> Session: Class initialized using 'CodeIgniter\Session\Handlers\FileHandler' driver.
CRITICAL - 2024-09-21 17:28:49 --> CodeIgniter\View\Exceptions\ViewException: Invalid file: "kd_project\header_view.php"
[Method: GET, Route: accounts_data]
in SYSTEMPATH/Exceptions/FrameworkException.php on line 41.
 1 SYSTEMPATH/View/View.php(222): CodeIgniter\Exceptions\FrameworkException::forInvalidFile()
 2 SYSTEMPATH/Common.php(1171): CodeIgniter\View\View->render()
 3 APPPATH/Controllers/Accounts_data_controller.php(25): view()
 4 SYSTEMPATH/CodeIgniter.php(933): App\Controllers\Accounts_data_controller->index()
 5 SYSTEMPATH/CodeIgniter.php(509): CodeIgniter\CodeIgniter->runController()
 6 SYSTEMPATH/CodeIgniter.php(355): CodeIgniter\CodeIgniter->handleRequest()
 7 SYSTEMPATH/Boot.php(325): CodeIgniter\CodeIgniter->run()
 8 SYSTEMPATH/Boot.php(67): CodeIgniter\Boot::runCodeIgniter()
 9 FCPATH/index.php(56): CodeIgniter\Boot::bootWeb()
INFO - 2024-09-21 17:29:07 --> Session: Class initialized using 'CodeIgniter\Session\Handlers\FileHandler' driver.
WARNING - 2024-09-21 17:29:16 --> [DEPRECATED] number_format(): Passing null to parameter #1 ($num) of type float is deprecated in APPPATH/Views/kd_project/dashboard_view.php on line 170.
 1 APPPATH/Views/kd_project/dashboard_view.php(170): number_format(null, 2)
 2 SYSTEMPATH/View/View.php(234): include('/home/u877349608/domains/muraridubey.com/public_html/codeigniter/app/Views/kd_project/dashboard_view.php')
 3 SYSTEMPATH/View/View.php(237): CodeIgniter\View\View->CodeIgniter\View\{closure}()
 4 SYSTEMPATH/Common.php(1171): CodeIgniter\View\View->render('kd_project/dashboard_view', [], true)
 5 APPPATH/Controllers/Dashboard_controller.php(31): view('kd_project/dashboard_view', [...])
 6 SYSTEMPATH/CodeIgniter.php(933): App\Controllers\Dashboard_controller->index()
 7 SYSTEMPATH/CodeIgniter.php(509): CodeIgniter\CodeIgniter->runController(Object(App\Controllers\Dashboard_controller))
 8 SYSTEMPATH/CodeIgniter.php(355): CodeIgniter\CodeIgniter->handleRequest(null, Object(Config\Cache), false)
 9 SYSTEMPATH/Boot.php(325): CodeIgniter\CodeIgniter->run()
10 SYSTEMPATH/Boot.php(67): CodeIgniter\Boot::runCodeIgniter(Object(CodeIgniter\CodeIgniter))
11 FCPATH/index.php(56): CodeIgniter\Boot::bootWeb(Object(Config\Paths))
WARNING - 2024-09-21 17:29:16 --> [DEPRECATED] number_format(): Passing null to parameter #1 ($num) of type float is deprecated in APPPATH/Views/kd_project/dashboard_view.php on line 178.
 1 APPPATH/Views/kd_project/dashboard_view.php(178): number_format(null, 2)
 2 SYSTEMPATH/View/View.php(234): include('/home/u877349608/domains/muraridubey.com/public_html/codeigniter/app/Views/kd_project/dashboard_view.php')
 3 SYSTEMPATH/View/View.php(237): CodeIgniter\View\View->CodeIgniter\View\{closure}()
 4 SYSTEMPATH/Common.php(1171): CodeIgniter\View\View->render('kd_project/dashboard_view', [], true)
 5 APPPATH/Controllers/Dashboard_controller.php(31): view('kd_project/dashboard_view', [...])
 6 SYSTEMPATH/CodeIgniter.php(933): App\Controllers\Dashboard_controller->index()
 7 SYSTEMPATH/CodeIgniter.php(509): CodeIgniter\CodeIgniter->runController(Object(App\Controllers\Dashboard_controller))
 8 SYSTEMPATH/CodeIgniter.php(355): CodeIgniter\CodeIgniter->handleRequest(null, Object(Config\Cache), false)
 9 SYSTEMPATH/Boot.php(325): CodeIgniter\CodeIgniter->run()
10 SYSTEMPATH/Boot.php(67): CodeIgniter\Boot::runCodeIgniter(Object(CodeIgniter\CodeIgniter))
11 FCPATH/index.php(56): CodeIgniter\Boot::bootWeb(Object(Config\Paths))
WARNING - 2024-09-21 17:29:16 --> [DEPRECATED] number_format(): Passing null to parameter #1 ($num) of type float is deprecated in APPPATH/Views/kd_project/dashboard_view.php on line 170.
 1 APPPATH/Views/kd_project/dashboard_view.php(170): number_format(null, 2)
 2 SYSTEMPATH/View/View.php(234): include('/home/u877349608/domains/muraridubey.com/public_html/codeigniter/app/Views/kd_project/dashboard_view.php')
 3 SYSTEMPATH/View/View.php(237): CodeIgniter\View\View->CodeIgniter\View\{closure}()
 4 SYSTEMPATH/Common.php(1171): CodeIgniter\View\View->render('kd_project/dashboard_view', [], true)
 5 APPPATH/Controllers/Dashboard_controller.php(31): view('kd_project/dashboard_view', [...])
 6 SYSTEMPATH/CodeIgniter.php(933): App\Controllers\Dashboard_controller->index()
 7 SYSTEMPATH/CodeIgniter.php(509): CodeIgniter\CodeIgniter->runController(Object(App\Controllers\Dashboard_controller))
 8 SYSTEMPATH/CodeIgniter.php(355): CodeIgniter\CodeIgniter->handleRequest(null, Object(Config\Cache), false)
 9 SYSTEMPATH/Boot.php(325): CodeIgniter\CodeIgniter->run()
10 SYSTEMPATH/Boot.php(67): CodeIgniter\Boot::runCodeIgniter(Object(CodeIgniter\CodeIgniter))
11 FCPATH/index.php(56): CodeIgniter\Boot::bootWeb(Object(Config\Paths))
WARNING - 2024-09-21 17:29:16 --> [DEPRECATED] number_format(): Passing null to parameter #1 ($num) of type float is deprecated in APPPATH/Views/kd_project/dashboard_view.php on line 178.
 1 APPPATH/Views/kd_project/dashboard_view.php(178): number_format(null, 2)
 2 SYSTEMPATH/View/View.php(234): include('/home/u877349608/domains/muraridubey.com/public_html/codeigniter/app/Views/kd_project/dashboard_view.php')
 3 SYSTEMPATH/View/View.php(237): CodeIgniter\View\View->CodeIgniter\View\{closure}()
 4 SYSTEMPATH/Common.php(1171): CodeIgniter\View\View->render('kd_project/dashboard_view', [], true)
 5 APPPATH/Controllers/Dashboard_controller.php(31): view('kd_project/dashboard_view', [...])
 6 SYSTEMPATH/CodeIgniter.php(933): App\Controllers\Dashboard_controller->index()
 7 SYSTEMPATH/CodeIgniter.php(509): CodeIgniter\CodeIgniter->runController(Object(App\Controllers\Dashboard_controller))
 8 SYSTEMPATH/CodeIgniter.php(355): CodeIgniter\CodeIgniter->handleRequest(null, Object(Config\Cache), false)
 9 SYSTEMPATH/Boot.php(325): CodeIgniter\CodeIgniter->run()
10 SYSTEMPATH/Boot.php(67): CodeIgniter\Boot::runCodeIgniter(Object(CodeIgniter\CodeIgniter))
11 FCPATH/index.php(56): CodeIgniter\Boot::bootWeb(Object(Config\Paths))
WARNING - 2024-09-21 17:29:16 --> [DEPRECATED] number_format(): Passing null to parameter #1 ($num) of type float is deprecated in APPPATH/Views/kd_project/dashboard_view.php on line 178.
 1 APPPATH/Views/kd_project/dashboard_view.php(178): number_format(null, 2)
 2 SYSTEMPATH/View/View.php(234): include('/home/u877349608/domains/muraridubey.com/public_html/codeigniter/app/Views/kd_project/dashboard_view.php')
 3 SYSTEMPATH/View/View.php(237): CodeIgniter\View\View->CodeIgniter\View\{closure}()
 4 SYSTEMPATH/Common.php(1171): CodeIgniter\View\View->render('kd_project/dashboard_view', [], true)
 5 APPPATH/Controllers/Dashboard_controller.php(31): view('kd_project/dashboard_view', [...])
 6 SYSTEMPATH/CodeIgniter.php(933): App\Controllers\Dashboard_controller->index()
 7 SYSTEMPATH/CodeIgniter.php(509): CodeIgniter\CodeIgniter->runController(Object(App\Controllers\Dashboard_controller))
 8 SYSTEMPATH/CodeIgniter.php(355): CodeIgniter\CodeIgniter->handleRequest(null, Object(Config\Cache), false)
 9 SYSTEMPATH/Boot.php(325): CodeIgniter\CodeIgniter->run()
10 SYSTEMPATH/Boot.php(67): CodeIgniter\Boot::runCodeIgniter(Object(CodeIgniter\CodeIgniter))
11 FCPATH/index.php(56): CodeIgniter\Boot::bootWeb(Object(Config\Paths))
WARNING - 2024-09-21 17:29:16 --> [DEPRECATED] number_format(): Passing null to parameter #1 ($num) of type float is deprecated in APPPATH/Views/kd_project/dashboard_view.php on line 174.
 1 APPPATH/Views/kd_project/dashboard_view.php(174): number_format(null, 2)
 2 SYSTEMPATH/View/View.php(234): include('/home/u877349608/domains/muraridubey.com/public_html/codeigniter/app/Views/kd_project/dashboard_view.php')
 3 SYSTEMPATH/View/View.php(237): CodeIgniter\View\View->CodeIgniter\View\{closure}()
 4 SYSTEMPATH/Common.php(1171): CodeIgniter\View\View->render('kd_project/dashboard_view', [], true)
 5 APPPATH/Controllers/Dashboard_controller.php(31): view('kd_project/dashboard_view', [...])
 6 SYSTEMPATH/CodeIgniter.php(933): App\Controllers\Dashboard_controller->index()
 7 SYSTEMPATH/CodeIgniter.php(509): CodeIgniter\CodeIgniter->runController(Object(App\Controllers\Dashboard_controller))
 8 SYSTEMPATH/CodeIgniter.php(355): CodeIgniter\CodeIgniter->handleRequest(null, Object(Config\Cache), false)
 9 SYSTEMPATH/Boot.php(325): CodeIgniter\CodeIgniter->run()
10 SYSTEMPATH/Boot.php(67): CodeIgniter\Boot::runCodeIgniter(Object(CodeIgniter\CodeIgniter))
11 FCPATH/index.php(56): CodeIgniter\Boot::bootWeb(Object(Config\Paths))
WARNING - 2024-09-21 17:29:16 --> [DEPRECATED] number_format(): Passing null to parameter #1 ($num) of type float is deprecated in APPPATH/Views/kd_project/dashboard_view.php on line 178.
 1 APPPATH/Views/kd_project/dashboard_view.php(178): number_format(null, 2)
 2 SYSTEMPATH/View/View.php(234): include('/home/u877349608/domains/muraridubey.com/public_html/codeigniter/app/Views/kd_project/dashboard_view.php')
 3 SYSTEMPATH/View/View.php(237): CodeIgniter\View\View->CodeIgniter\View\{closure}()
 4 SYSTEMPATH/Common.php(1171): CodeIgniter\View\View->render('kd_project/dashboard_view', [], true)
 5 APPPATH/Controllers/Dashboard_controller.php(31): view('kd_project/dashboard_view', [...])
 6 SYSTEMPATH/CodeIgniter.php(933): App\Controllers\Dashboard_controller->index()
 7 SYSTEMPATH/CodeIgniter.php(509): CodeIgniter\CodeIgniter->runController(Object(App\Controllers\Dashboard_controller))
 8 SYSTEMPATH/CodeIgniter.php(355): CodeIgniter\CodeIgniter->handleRequest(null, Object(Config\Cache), false)
 9 SYSTEMPATH/Boot.php(325): CodeIgniter\CodeIgniter->run()
10 SYSTEMPATH/Boot.php(67): CodeIgniter\Boot::runCodeIgniter(Object(CodeIgniter\CodeIgniter))
11 FCPATH/index.php(56): CodeIgniter\Boot::bootWeb(Object(Config\Paths))
WARNING - 2024-09-21 17:29:16 --> [DEPRECATED] number_format(): Passing null to parameter #1 ($num) of type float is deprecated in APPPATH/Views/kd_project/dashboard_view.php on line 171.
 1 APPPATH/Views/kd_project/dashboard_view.php(171): number_format(null, 2)
 2 SYSTEMPATH/View/View.php(234): include('/home/u877349608/domains/muraridubey.com/public_html/codeigniter/app/Views/kd_project/dashboard_view.php')
 3 SYSTEMPATH/View/View.php(237): CodeIgniter\View\View->CodeIgniter\View\{closure}()
 4 SYSTEMPATH/Common.php(1171): CodeIgniter\View\View->render('kd_project/dashboard_view', [], true)
 5 APPPATH/Controllers/Dashboard_controller.php(31): view('kd_project/dashboard_view', [...])
 6 SYSTEMPATH/CodeIgniter.php(933): App\Controllers\Dashboard_controller->index()
 7 SYSTEMPATH/CodeIgniter.php(509): CodeIgniter\CodeIgniter->runController(Object(App\Controllers\Dashboard_controller))
 8 SYSTEMPATH/CodeIgniter.php(355): CodeIgniter\CodeIgniter->handleRequest(null, Object(Config\Cache), false)
 9 SYSTEMPATH/Boot.php(325): CodeIgniter\CodeIgniter->run()
10 SYSTEMPATH/Boot.php(67): CodeIgniter\Boot::runCodeIgniter(Object(CodeIgniter\CodeIgniter))
11 FCPATH/index.php(56): CodeIgniter\Boot::bootWeb(Object(Config\Paths))
WARNING - 2024-09-21 17:29:16 --> [DEPRECATED] number_format(): Passing null to parameter #1 ($num) of type float is deprecated in APPPATH/Views/kd_project/dashboard_view.php on line 178.
 1 APPPATH/Views/kd_project/dashboard_view.php(178): number_format(null, 2)
 2 SYSTEMPATH/View/View.php(234): include('/home/u877349608/domains/muraridubey.com/public_html/codeigniter/app/Views/kd_project/dashboard_view.php')
 3 SYSTEMPATH/View/View.php(237): CodeIgniter\View\View->CodeIgniter\View\{closure}()
 4 SYSTEMPATH/Common.php(1171): CodeIgniter\View\View->render('kd_project/dashboard_view', [], true)
 5 APPPATH/Controllers/Dashboard_controller.php(31): view('kd_project/dashboard_view', [...])
 6 SYSTEMPATH/CodeIgniter.php(933): App\Controllers\Dashboard_controller->index()
 7 SYSTEMPATH/CodeIgniter.php(509): CodeIgniter\CodeIgniter->runController(Object(App\Controllers\Dashboard_controller))
 8 SYSTEMPATH/CodeIgniter.php(355): CodeIgniter\CodeIgniter->handleRequest(null, Object(Config\Cache), false)
 9 SYSTEMPATH/Boot.php(325): CodeIgniter\CodeIgniter->run()
10 SYSTEMPATH/Boot.php(67): CodeIgniter\Boot::runCodeIgniter(Object(CodeIgniter\CodeIgniter))
11 FCPATH/index.php(56): CodeIgniter\Boot::bootWeb(Object(Config\Paths))
WARNING - 2024-09-21 17:29:16 --> [DEPRECATED] number_format(): Passing null to parameter #1 ($num) of type float is deprecated in APPPATH/Views/kd_project/dashboard_view.php on line 171.
 1 APPPATH/Views/kd_project/dashboard_view.php(171): number_format(null, 2)
 2 SYSTEMPATH/View/View.php(234): include('/home/u877349608/domains/muraridubey.com/public_html/codeigniter/app/Views/kd_project/dashboard_view.php')
 3 SYSTEMPATH/View/View.php(237): CodeIgniter\View\View->CodeIgniter\View\{closure}()
 4 SYSTEMPATH/Common.php(1171): CodeIgniter\View\View->render('kd_project/dashboard_view', [], true)
 5 APPPATH/Controllers/Dashboard_controller.php(31): view('kd_project/dashboard_view', [...])
 6 SYSTEMPATH/CodeIgniter.php(933): App\Controllers\Dashboard_controller->index()
 7 SYSTEMPATH/CodeIgniter.php(509): CodeIgniter\CodeIgniter->runController(Object(App\Controllers\Dashboard_controller))
 8 SYSTEMPATH/CodeIgniter.php(355): CodeIgniter\CodeIgniter->handleRequest(null, Object(Config\Cache), false)
 9 SYSTEMPATH/Boot.php(325): CodeIgniter\CodeIgniter->run()
10 SYSTEMPATH/Boot.php(67): CodeIgniter\Boot::runCodeIgniter(Object(CodeIgniter\CodeIgniter))
11 FCPATH/index.php(56): CodeIgniter\Boot::bootWeb(Object(Config\Paths))
WARNING - 2024-09-21 17:29:16 --> [DEPRECATED] number_format(): Passing null to parameter #1 ($num) of type float is deprecated in APPPATH/Views/kd_project/dashboard_view.php on line 178.
 1 APPPATH/Views/kd_project/dashboard_view.php(178): number_format(null, 2)
 2 SYSTEMPATH/View/View.php(234): include('/home/u877349608/domains/muraridubey.com/public_html/codeigniter/app/Views/kd_project/dashboard_view.php')
 3 SYSTEMPATH/View/View.php(237): CodeIgniter\View\View->CodeIgniter\View\{closure}()
 4 SYSTEMPATH/Common.php(1171): CodeIgniter\View\View->render('kd_project/dashboard_view', [], true)
 5 APPPATH/Controllers/Dashboard_controller.php(31): view('kd_project/dashboard_view', [...])
 6 SYSTEMPATH/CodeIgniter.php(933): App\Controllers\Dashboard_controller->index()
 7 SYSTEMPATH/CodeIgniter.php(509): CodeIgniter\CodeIgniter->runController(Object(App\Controllers\Dashboard_controller))
 8 SYSTEMPATH/CodeIgniter.php(355): CodeIgniter\CodeIgniter->handleRequest(null, Object(Config\Cache), false)
 9 SYSTEMPATH/Boot.php(325): CodeIgniter\CodeIgniter->run()
10 SYSTEMPATH/Boot.php(67): CodeIgniter\Boot::runCodeIgniter(Object(CodeIgniter\CodeIgniter))
11 FCPATH/index.php(56): CodeIgniter\Boot::bootWeb(Object(Config\Paths))
INFO - 2024-09-21 17:29:18 --> Session: Class initialized using 'CodeIgniter\Session\Handlers\FileHandler' driver.
INFO - 2024-09-21 17:29:20 --> Session: Class initialized using 'CodeIgniter\Session\Handlers\FileHandler' driver.
INFO - 2024-09-21 17:29:20 --> Session: Class initialized using 'CodeIgniter\Session\Handlers\FileHandler' driver.
INFO - 2024-09-21 17:29:28 --> Session: Class initialized using 'CodeIgniter\Session\Handlers\FileHandler' driver.
INFO - 2024-09-21 17:29:28 --> Session: Class initialized using 'CodeIgniter\Session\Handlers\FileHandler' driver.
INFO - 2024-09-21 17:30:15 --> Session: Class initialized using 'CodeIgniter\Session\Handlers\FileHandler' driver.
INFO - 2024-09-21 17:31:46 --> Session: Class initialized using 'CodeIgniter\Session\Handlers\FileHandler' driver.
CRITICAL - 2024-09-21 17:31:46 --> TypeError: App\Controllers\Dashboard_controller::index(): Return value must be of type string, CodeIgniter\HTTP\RedirectResponse returned
[Method: GET, Route: dashboard]
in APPPATH/Controllers/Dashboard_controller.php on line 20.
 1 SYSTEMPATH/CodeIgniter.php(933): App\Controllers\Dashboard_controller->index()
 2 SYSTEMPATH/CodeIgniter.php(509): CodeIgniter\CodeIgniter->runController()
 3 SYSTEMPATH/CodeIgniter.php(355): CodeIgniter\CodeIgniter->handleRequest()
 4 SYSTEMPATH/Boot.php(325): CodeIgniter\CodeIgniter->run()
 5 SYSTEMPATH/Boot.php(67): CodeIgniter\Boot::runCodeIgniter()
 6 FCPATH/index.php(56): CodeIgniter\Boot::bootWeb()
INFO - 2024-09-21 17:32:44 --> Session: Class initialized using 'CodeIgniter\Session\Handlers\FileHandler' driver.
CRITICAL - 2024-09-21 17:32:44 --> TypeError: App\Controllers\Dashboard_controller::index(): Return value must be of type string, CodeIgniter\HTTP\RedirectResponse returned
[Method: GET, Route: dashboard]
in APPPATH/Controllers/Dashboard_controller.php on line 20.
 1 SYSTEMPATH/CodeIgniter.php(933): App\Controllers\Dashboard_controller->index()
 2 SYSTEMPATH/CodeIgniter.php(509): CodeIgniter\CodeIgniter->runController()
 3 SYSTEMPATH/CodeIgniter.php(355): CodeIgniter\CodeIgniter->handleRequest()
 4 SYSTEMPATH/Boot.php(325): CodeIgniter\CodeIgniter->run()
 5 SYSTEMPATH/Boot.php(67): CodeIgniter\Boot::runCodeIgniter()
 6 FCPATH/index.php(56): CodeIgniter\Boot::bootWeb()
INFO - 2024-09-21 17:33:31 --> Session: Class initialized using 'CodeIgniter\Session\Handlers\FileHandler' driver.
CRITICAL - 2024-09-21 17:33:31 --> TypeError: App\Controllers\Dashboard_controller::index(): Return value must be of type string, CodeIgniter\HTTP\RedirectResponse returned
[Method: GET, Route: dashboard]
in APPPATH/Controllers/Dashboard_controller.php on line 24.
 1 SYSTEMPATH/CodeIgniter.php(933): App\Controllers\Dashboard_controller->index()
 2 SYSTEMPATH/CodeIgniter.php(509): CodeIgniter\CodeIgniter->runController()
 3 SYSTEMPATH/CodeIgniter.php(355): CodeIgniter\CodeIgniter->handleRequest()
 4 SYSTEMPATH/Boot.php(325): CodeIgniter\CodeIgniter->run()
 5 SYSTEMPATH/Boot.php(67): CodeIgniter\Boot::runCodeIgniter()
 6 FCPATH/index.php(56): CodeIgniter\Boot::bootWeb()
INFO - 2024-09-21 17:33:54 --> Session: Class initialized using 'CodeIgniter\Session\Handlers\FileHandler' driver.
INFO - 2024-09-21 17:33:55 --> Session: Class initialized using 'CodeIgniter\Session\Handlers\FileHandler' driver.
INFO - 2024-09-21 17:34:03 --> Session: Class initialized using 'CodeIgniter\Session\Handlers\FileHandler' driver.
CRITICAL - 2024-09-21 17:34:03 --> TypeError: App\Controllers\Dashboard_controller::index(): Return value must be of type string, CodeIgniter\HTTP\RedirectResponse returned
[Method: GET, Route: dashboard]
in APPPATH/Controllers/Dashboard_controller.php on line 24.
 1 SYSTEMPATH/CodeIgniter.php(933): App\Controllers\Dashboard_controller->index()
 2 SYSTEMPATH/CodeIgniter.php(509): CodeIgniter\CodeIgniter->runController()
 3 SYSTEMPATH/CodeIgniter.php(355): CodeIgniter\CodeIgniter->handleRequest()
 4 SYSTEMPATH/Boot.php(325): CodeIgniter\CodeIgniter->run()
 5 SYSTEMPATH/Boot.php(67): CodeIgniter\Boot::runCodeIgniter()
 6 FCPATH/index.php(56): CodeIgniter\Boot::bootWeb()
CRITICAL - 2024-09-21 17:34:43 --> ParseError: syntax error, unexpected token "{"
[Method: GET, Route: dashboard]
in APPPATH/Controllers/Dashboard_controller.php on line 19.
 1 SYSTEMPATH/Autoloader/Autoloader.php(296): CodeIgniter\Autoloader\Autoloader->includeFile()
 2 SYSTEMPATH/Autoloader/Autoloader.php(272): CodeIgniter\Autoloader\Autoloader->loadInNamespace()
 3 [internal function]: CodeIgniter\Autoloader\Autoloader->loadClass()
 4 SYSTEMPATH/CodeIgniter.php(887): class_exists()
 5 SYSTEMPATH/CodeIgniter.php(496): CodeIgniter\CodeIgniter->startController()
 6 SYSTEMPATH/CodeIgniter.php(355): CodeIgniter\CodeIgniter->handleRequest()
 7 SYSTEMPATH/Boot.php(325): CodeIgniter\CodeIgniter->run()
 8 SYSTEMPATH/Boot.php(67): CodeIgniter\Boot::runCodeIgniter()
 9 FCPATH/index.php(56): CodeIgniter\Boot::bootWeb()
INFO - 2024-09-21 17:35:11 --> Session: Class initialized using 'CodeIgniter\Session\Handlers\FileHandler' driver.
INFO - 2024-09-21 17:35:11 --> Session: Class initialized using 'CodeIgniter\Session\Handlers\FileHandler' driver.
INFO - 2024-09-21 17:35:22 --> Session: Class initialized using 'CodeIgniter\Session\Handlers\FileHandler' driver.
INFO - 2024-09-21 17:35:22 --> Session: Class initialized using 'CodeIgniter\Session\Handlers\FileHandler' driver.
